tile,conf,x1,y1,x2,y2
ch2_ohr_ncp_20211228T2209123959_d_img_d18_x00000_y28800.png,0.3099,0.0,535.93,70.4,590.54
ch2_ohr_ncp_20211228T2209123959_d_img_d18_x00000_y30080.png,0.2002,521.04,262.05,634.91,349.28
ch2_ohr_ncp_20211228T2209123959_d_img_d18_x00000_y31360.png,0.2899,387.03,266.63,497.22,337.66
ch2_ohr_ncp_20211228T2209123959_d_img_d18_x00000_y31360.png,0.2782,487.21,262.32,594.81,326.51
ch2_ohr_ncp_20211228T2209123959_d_img_d18_x00000_y31360.png,0.2317,481.93,257.99,601.71,342.22
ch2_ohr_ncp_20211228T2209123959_d_img_d18_x00000_y33280.png,0.23,60.12,39.67,172.48,151.16
ch2_ohr_ncp_20211228T2209123959_d_img_d18_x00000_y33920.png,0.2827,0.0,303.85,75.04,386.98
ch2_ohr_ncp_20211228T2209123959_d_img_d18_x00000_y35200.png,0.2367,119.83,547.61,236.77,633.04
ch2_ohr_ncp_20211228T2209123959_d_img_d18_x00000_y36480.png,0.2084,42.79,0.0,155.64,52.88
ch2_ohr_ncp_20211228T2209123959_d_img_d18_x00000_y37760.png,0.2861,413.08,259.58,545.29,344.34
ch2_ohr_ncp_20211228T2209123959_d_img_d18_x00000_y37760.png,0.2201,0.0,78.76,128.58,186.12
ch2_ohr_ncp_20211228T2209123959_d_img_d18_x00000_y38400.png,0.2248,511.84,455.21,640.0,556.89
ch2_ohr_ncp_20211228T2209123959_d_img_d18_x00000_y38400.png,0.2105,410.52,0.0,534.32,50.18
ch2_ohr_ncp_20211228T2209123959_d_img_d18_x00000_y40320.png,0.2094,324.36,253.13,453.97,314.98
ch2_ohr_ncp_20211228T2209123959_d_img_d18_x00000_y68480.png,0.2543,38.36,386.25,151.4,452.33
ch2_ohr_ncp_20211228T2209123959_d_img_d18_x00000_y70400.png,0.2138,3.71,245.34,123.75,329.31
ch2_ohr_ncp_20211228T2209123959_d_img_d18_x00000_y71680.png,0.2175,446.05,362.53,573.74,470.8
ch2_ohr_ncp_20211228T2209123959_d_img_d18_x00640_y30720.png,0.2807,518.2,410.78,625.99,491.16
ch2_ohr_ncp_20211228T2209123959_d_img_d18_x00640_y30720.png,0.2766,512.5,416.34,634.02,506.33
ch2_ohr_ncp_20211228T2209123959_d_img_d18_x00640_y32000.png,0.3435,34.88,298.07,178.09,392.9
ch2_ohr_ncp_20211228T2209123959_d_img_d18_x00640_y32640.png,0.2186,488.24,292.18,596.16,375.46
ch2_ohr_ncp_20211228T2209123959_d_img_d18_x00640_y33920.png,0.3733,61.97,319.11,144.66,409.13
ch2_ohr_ncp_20211228T2209123959_d_img_d18_x00640_y34560.png,0.3382,0.0,61.91,90.99,130.08
ch2_ohr_ncp_20211228T2209123959_d_img_d18_x00640_y34560.png,0.2239,488.86,338.26,581.57,424.03
ch2_ohr_ncp_20211228T2209123959_d_img_d18_x00640_y35200.png,0.2029,0.0,561.66,83.57,638.84
ch2_ohr_ncp_20211228T2209123959_d_img_d18_x00640_y35840.png,0.2117,312.65,526.45,397.35,598.96
ch2_ohr_ncp_20211228T2209123959_d_img_d18_x00640_y36480.png,0.2931,253.84,547.38,379.72,629.01
ch2_ohr_ncp_20211228T2209123959_d_img_d18_x00640_y36480.png,0.2396,138.1,81.66,263.96,170.55
ch2_ohr_ncp_20211228T2209123959_d_img_d18_x00640_y37760.png,0.2002,0.0,273.57,127.68,362.19
ch2_ohr_ncp_20211228T2209123959_d_img_d18_x00640_y40960.png,0.3117,406.24,283.42,504.11,367.34
ch2_ohr_ncp_20211228T2209123959_d_img_d18_x00640_y70400.png,0.2084,0.0,352.94,56.54,441.81
ch2_ohr_ncp_20211228T2209123959_d_img_d18_x00640_y73600.png,0.2284,322.87,146.3,420.23,217.68
ch2_ohr_ncp_20211228T2209123959_d_img_d18_x01280_y31360.png,0.417,540.4,262.46,636.61,334.98
ch2_ohr_ncp_20211228T2209123959_d_img_d18_x01280_y31360.png,0.3203,522.69,256.31,640.0,343.42
ch2_ohr_ncp_20211228T2209123959_d_img_d18_x01280_y31360.png,0.2605,319.71,568.58,452.58,640.0
ch2_ohr_ncp_20211228T2209123959_d_img_d18_x01280_y32640.png,0.2186,189.73,73.95,291.5,167.83
ch2_ohr_ncp_20211228T2209123959_d_img_d18_x01280_y32640.png,0.2146,336.21,500.6,429.66,580.52
ch2_ohr_ncp_20211228T2209123959_d_img_d18_x01280_y33920.png,0.2372,124.4,243.58,228.55,325.67
ch2_ohr_ncp_20211228T2209123959_d_img_d18_x01280_y33920.png,0.2103,0.0,46.24,82.92,116.37
ch2_ohr_ncp_20211228T2209123959_d_img_d18_x01280_y34560.png,0.327,0.0,559.71,81.16,640.0
ch2_ohr_ncp_20211228T2209123959_d_img_d18_x01280_y35200.png,0.2681,78.34,425.94,188.48,514.64
ch2_ohr_ncp_20211228T2209123959_d_img_d18_x01280_y35200.png,0.2536,20.78,286.51,159.38,372.46
ch2_ohr_ncp_20211228T2209123959_d_img_d18_x01280_y35200.png,0.2422,0.0,588.13,39.49,640.0
ch2_ohr_ncp_20211228T2209123959_d_img_d18_x01280_y37120.png,0.2595,203.45,555.26,306.18,640.0
ch2_ohr_ncp_20211228T2209123959_d_img_d18_x01280_y37120.png,0.2277,177.25,548.17,312.7,640.0
ch2_ohr_ncp_20211228T2209123959_d_img_d18_x01280_y37120.png,0.2215,13.84,228.49,117.21,332.78
ch2_ohr_ncp_20211228T2209123959_d_img_d18_x01280_y38400.png,0.3457,55.84,584.65,166.01,640.0
ch2_ohr_ncp_20211228T2209123959_d_img_d18_x01280_y38400.png,0.202,43.23,569.44,180.28,640.0
ch2_ohr_ncp_20211228T2209123959_d_img_d18_x01280_y39040.png,0.3028,0.0,366.66,77.69,461.07
ch2_ohr_ncp_20211228T2209123959_d_img_d18_x01280_y39040.png,0.2257,378.35,48.91,515.21,159.82
ch2_ohr_ncp_20211228T2209123959_d_img_d18_x01280_y69120.png,0.2402,185.85,580.61,293.74,640.0
ch2_ohr_ncp_20211228T2209123959_d_img_d18_x01280_y72320.png,0.2672,0.0,529.71,47.07,615.12
ch2_ohr_ncp_20211228T2209123959_d_img_d18_x01280_y72960.png,0.2585,459.22,21.88,562.83,104.84
ch2_ohr_ncp_20211228T2209123959_d_img_d18_x01280_y75520.png,0.2476,470.01,523.33,577.54,598.21
ch2_ohr_ncp_20211228T2209123959_d_img_d18_x01920_y29440.png,0.2007,251.92,356.39,377.17,413.29
ch2_ohr_ncp_20211228T2209123959_d_img_d18_x01920_y32000.png,0.2198,467.56,528.26,580.76,621.31
ch2_ohr_ncp_20211228T2209123959_d_img_d18_x01920_y35200.png,0.3556,195.25,354.1,307.14,470.13
ch2_ohr_ncp_20211228T2209123959_d_img_d18_x01920_y35200.png,0.3171,79.35,423.06,177.12,503.7
ch2_ohr_ncp_20211228T2209123959_d_img_d18_x01920_y71680.png,0.2254,480.15,193.93,600.85,285.98
ch2_ohr_ncp_20211228T2209123959_d_img_d18_x01920_y72320.png,0.2572,326.84,385.93,440.83,492.43
ch2_ohr_ncp_20211228T2209123959_d_img_d18_x01920_y72320.png,0.2511,0.0,431.88,66.94,516.91
ch2_ohr_ncp_20211228T2209123959_d_img_d18_x01920_y72320.png,0.2328,509.35,392.44,614.95,462.94
ch2_ohr_ncp_20211228T2209123959_d_img_d18_x01920_y72320.png,0.2046,500.24,388.09,620.56,483.99
ch2_ohr_ncp_20211228T2209123959_d_img_d18_x01920_y73600.png,0.2111,0.0,398.3,84.46,518.3
ch2_ohr_ncp_20211228T2209123959_d_img_d18_x01920_y74240.png,0.2256,18.34,596.83,110.96,640.0
ch2_ohr_ncp_20211228T2209123959_d_img_d18_x01920_y77440.png,0.2393,463.23,154.09,580.9,215.95
ch2_ohr_ncp_20211228T2209123959_d_img_d18_x01920_y77440.png,0.2384,437.48,154.56,588.51,230.27
ch2_ohr_ncp_20211228T2209123959_d_img_d18_x02560_y31360.png,0.2036,158.56,64.02,271.28,136.6
ch2_ohr_ncp_20211228T2209123959_d_img_d18_x02560_y32640.png,0.2864,345.73,559.67,451.37,640.0
ch2_ohr_ncp_20211228T2209123959_d_img_d18_x02560_y32640.png,0.2208,314.76,561.24,463.52,640.0
ch2_ohr_ncp_20211228T2209123959_d_img_d18_x02560_y34560.png,0.239,207.29,410.12,298.5,470.07
ch2_ohr_ncp_20211228T2209123959_d_img_d18_x02560_y34560.png,0.2018,203.96,408.37,318.51,486.8
ch2_ohr_ncp_20211228T2209123959_d_img_d18_x02560_y39040.png,0.2301,93.24,0.0,205.19,58.77
ch2_ohr_ncp_20211228T2209123959_d_img_d18_x02560_y72960.png,0.2033,67.35,577.44,153.74,640.0
ch2_ohr_ncp_20211228T2209123959_d_img_d18_x03200_y33280.png,0.2003,0.0,246.01,35.92,329.47
ch2_ohr_ncp_20211228T2209123959_d_img_d18_x03200_y33920.png,0.2855,535.32,0.0,640.0,66.29
ch2_ohr_ncp_20211228T2209123959_d_img_d18_x03200_y33920.png,0.2782,547.07,0.0,640.0,55.06
ch2_ohr_ncp_20211228T2209123959_d_img_d18_x03200_y39040.png,0.3283,291.43,0.0,400.5,44.81
ch2_ohr_ncp_20211228T2209123959_d_img_d18_x03200_y40960.png,0.2724,440.31,47.16,447.79,53.47
ch2_ohr_ncp_20211228T2209123959_d_img_d18_x03200_y69760.png,0.2491,61.09,482.87,178.96,577.55
ch2_ohr_ncp_20211228T2209123959_d_img_d18_x03200_y70400.png,0.3154,572.85,578.12,640.0,640.0
ch2_ohr_ncp_20211228T2209123959_d_img_d18_x03200_y71680.png,0.3149,10.26,579.22,113.53,640.0
ch2_ohr_ncp_20211228T2209123959_d_img_d18_x03200_y71680.png,0.2143,194.78,357.79,321.17,451.48
ch2_ohr_ncp_20211228T2209123959_d_img_d18_x03200_y71680.png,0.2001,0.0,552.48,42.05,627.48
ch2_ohr_ncp_20211228T2209123959_d_img_d18_x03200_y72320.png,0.2576,414.89,500.96,518.81,562.34
ch2_ohr_ncp_20211228T2209123959_d_img_d18_x03200_y72320.png,0.2478,388.03,475.4,526.74,566.37
ch2_ohr_ncp_20211228T2209123959_d_img_d18_x03200_y74240.png,0.3097,353.69,576.19,473.51,640.0
ch2_ohr_ncp_20211228T2209123959_d_img_d18_x03200_y74240.png,0.2309,357.72,562.79,450.69,640.0
ch2_ohr_ncp_20211228T2209123959_d_img_d18_x03200_y76160.png,0.2105,370.9,169.27,483.51,251.96
ch2_ohr_ncp_20211228T2209123959_d_img_d18_x03840_y32640.png,0.2293,389.89,416.62,516.63,497.81
ch2_ohr_ncp_20211228T2209123959_d_img_d18_x03840_y33280.png,0.2545,244.17,199.37,356.16,278.21
ch2_ohr_ncp_20211228T2209123959_d_img_d18_x03840_y33280.png,0.2285,311.78,191.43,423.89,266.38
ch2_ohr_ncp_20211228T2209123959_d_img_d18_x03840_y33280.png,0.2017,236.67,203.07,365.02,297.79
ch2_ohr_ncp_20211228T2209123959_d_img_d18_x03840_y35200.png,0.2789,546.62,74.58,640.0,157.13
ch2_ohr_ncp_20211228T2209123959_d_img_d18_x03840_y35200.png,0.2454,560.98,91.84,640.0,159.34
ch2_ohr_ncp_20211228T2209123959_d_img_d18_x03840_y35200.png,0.2417,103.51,296.9,218.64,387.2
ch2_ohr_ncp_20211228T2209123959_d_img_d18_x03840_y35200.png,0.203,579.27,101.98,640.0,159.58
ch2_ohr_ncp_20211228T2209123959_d_img_d18_x03840_y38400.png,0.2616,83.08,570.88,203.91,640.0
ch2_ohr_ncp_20211228T2209123959_d_img_d18_x03840_y69120.png,0.2167,553.92,317.35,639.68,363.26
ch2_ohr_ncp_20211228T2209123959_d_img_d18_x03840_y69760.png,0.2011,300.76,127.55,393.86,197.92
ch2_ohr_ncp_20211228T2209123959_d_img_d18_x03840_y71040.png,0.2053,359.37,594.9,456.55,640.0
ch2_ohr_ncp_20211228T2209123959_d_img_d18_x03840_y71040.png,0.2028,408.33,287.05,528.23,359.4
ch2_ohr_ncp_20211228T2209123959_d_img_d18_x03840_y72960.png,0.2829,541.78,359.8,640.0,440.44
ch2_ohr_ncp_20211228T2209123959_d_img_d18_x03840_y74880.png,0.3586,163.2,175.63,250.02,243.59
ch2_ohr_ncp_20211228T2209123959_d_img_d18_x03840_y76800.png,0.2135,0.0,338.27,87.76,438.56
ch2_ohr_ncp_20211228T2209123959_d_img_d18_x04480_y33920.png,0.2367,35.6,573.27,152.71,640.0
ch2_ohr_ncp_20211228T2209123959_d_img_d18_x04480_y68480.png,0.279,196.66,398.07,303.14,508.21
ch2_ohr_ncp_20211228T2209123959_d_img_d18_x04480_y68480.png,0.2451,182.13,387.84,293.21,494.11
ch2_ohr_ncp_20211228T2209123959_d_img_d18_x04480_y69760.png,0.21,0.0,353.63,71.92,441.27
ch2_ohr_ncp_20211228T2209123959_d_img_d18_x04480_y77440.png,0.2722,0.0,334.38,59.04,404.16
ch2_ohr_ncp_20211228T2209123959_d_img_d18_x05120_y38400.png,0.2169,0.0,305.17,45.15,402.96
ch2_ohr_ncp_20211228T2209123959_d_img_d18_x05120_y40320.png,0.239,240.81,269.23,250.61,276.56
ch2_ohr_ncp_20211228T2209123959_d_img_d18_x05120_y72960.png,0.2877,272.24,561.08,372.89,640.0
ch2_ohr_ncp_20211228T2209123959_d_img_d18_x05120_y74240.png,0.2402,7.84,165.36,149.56,256.92
ch2_ohr_ncp_20211228T2209123959_d_img_d18_x05120_y74880.png,0.274,254.08,599.99,339.53,640.0
ch2_ohr_ncp_20211228T2209123959_d_img_d18_x05120_y77440.png,0.269,49.09,470.74,142.06,532.84
ch2_ohr_ncp_20211228T2209123959_d_img_d18_x05760_y35200.png,0.2765,93.06,167.8,252.5,279.32
ch2_ohr_ncp_20211228T2209123959_d_img_d18_x05760_y35200.png,0.2216,188.87,253.43,294.62,335.47
ch2_ohr_ncp_20211228T2209123959_d_img_d18_x05760_y40320.png,0.2638,27.34,162.92,39.54,171.45
ch2_ohr_ncp_20211228T2209123959_d_img_d18_x05760_y78080.png,0.2255,372.23,0.0,498.0,41.91
ch2_ohr_ncp_20211228T2209123959_d_img_d18_x06400_y74880.png,0.2583,0.0,0.0,114.06,107.27
ch2_ohr_ncp_20211228T2209123959_d_img_d18_x07040_y37760.png,0.2843,0.0,507.8,57.35,556.83
ch2_ohr_ncp_20211228T2209123959_d_img_d18_x07040_y37760.png,0.2635,0.0,509.38,91.43,569.82
ch2_ohr_ncp_20211228T2209123959_d_img_d18_x07040_y37760.png,0.2376,0.0,505.48,105.26,579.1
ch2_ohr_ncp_20211228T2209123959_d_img_d18_x07040_y74880.png,0.2309,526.02,457.24,640.0,536.19
ch2_ohr_ncp_20211228T2209123959_d_img_d18_x07680_y37760.png,0.3268,236.37,335.61,340.8,400.74
ch2_ohr_ncp_20211228T2209123959_d_img_d18_x07680_y37760.png,0.2621,108.12,614.29,150.35,640.0
ch2_ohr_ncp_20211228T2209123959_d_img_d18_x07680_y39040.png,0.3042,290.64,171.19,397.92,255.92
ch2_ohr_ncp_20211228T2209123959_d_img_d18_x07680_y39040.png,0.2827,272.32,167.5,403.17,270.17
ch2_ohr_ncp_20211228T2209123959_d_img_d18_x07680_y73600.png,0.2016,0.0,186.69,90.43,278.57
ch2_ohr_ncp_20211228T2209123959_d_img_d18_x08320_y74880.png,0.2472,407.21,283.55,491.52,360.49
ch2_ohr_ncp_20211228T2209123959_d_img_d18_x08320_y76800.png,0.2112,0.0,236.56,122.22,308.83
ch2_ohr_ncp_20211228T2209123959_d_img_d18_x08320_y79360.png,0.2529,331.23,85.51,479.41,175.17
ch2_ohr_ncp_20211228T2209123959_d_img_d18_x08320_y79360.png,0.204,356.15,102.64,476.28,178.73
ch2_ohr_ncp_20211228T2209123959_d_img_d18_x08960_y77440.png,0.2958,0.0,539.06,89.5,640.0
ch2_ohr_ncp_20211228T2209123959_d_img_d18_x11520_y73600.png,0.244,404.71,0.0,487.47,48.12
ch2_ohr_ncp_20211228T2209123959_d_img_d18_x11520_y76800.png,0.2093,387.49,139.69,498.29,234.0
ch2_ohr_ncp_20240406T0647198831_d_img_d18_x00000_y16000.png,0.2225,4.09,606.97,22.73,637.45
ch2_ohr_ncp_20240406T0647198831_d_img_d18_x00640_y100480.png,0.2479,37.65,388.66,50.43,414.74
ch2_ohr_ncp_20240406T0647198831_d_img_d18_x00640_y100480.png,0.2106,35.35,392.36,49.96,416.81
ch2_ohr_ncp_20240406T0647198831_d_img_d18_x00640_y25600.png,0.2983,0.0,11.37,21.57,73.62
ch2_ohr_ncp_20240406T0647198831_d_img_d18_x00640_y60800.png,0.2271,615.2,508.02,640.0,572.6
ch2_ohr_ncp_20240406T0647198831_d_img_d18_x00640_y85760.png,0.3133,5.78,0.6,20.46,28.98
ch2_ohr_ncp_20240406T0647198831_d_img_d18_x01280_y100480.png,0.2442,214.8,540.87,224.61,551.11
ch2_ohr_ncp_20240406T0647198831_d_img_d18_x01280_y21120.png,0.2166,0.0,593.08,52.45,640.0
ch2_ohr_ncp_20240406T0647198831_d_img_d18_x01280_y73600.png,0.2137,531.1,122.36,560.3,189.45
ch2_ohr_ncp_20240406T0647198831_d_img_d18_x01920_y100480.png,0.2928,77.53,551.8,90.57,574.47
ch2_ohr_ncp_20240406T0647198831_d_img_d18_x01920_y100480.png,0.271,44.26,140.38,53.57,152.09
ch2_ohr_ncp_20240406T0647198831_d_img_d18_x01920_y88960.png,0.2001,430.86,592.12,505.23,640.0
ch2_ohr_ncp_20240406T0647198831_d_img_d18_x02560_y100480.png,0.222,234.85,577.68,241.35,584.05
ch2_ohr_ncp_20240406T0647198831_d_img_d18_x02560_y70400.png,0.3004,587.77,600.89,599.96,632.39
ch2_ohr_ncp_20240406T0647198831_d_img_d18_x02560_y92160.png,0.2495,526.42,393.05,536.99,417.01
ch2_ohr_ncp_20240406T0647198831_d_img_d18_x02560_y95360.png,0.2488,0.0,414.52,42.12,480.88
ch2_ohr_ncp_20240406T0647198831_d_img_d18_x03200_y100480.png,0.4145,591.97,146.46,620.72,193.52
ch2_ohr_ncp_20240406T0647198831_d_img_d18_x03200_y100480.png,0.3047,252.27,470.05,267.35,496.14
ch2_ohr_ncp_20240406T0647198831_d_img_d18_x03200_y100480.png,0.2618,190.79,253.18,199.54,263.51
ch2_ohr_ncp_20240406T0647198831_d_img_d18_x03200_y100480.png,0.2282,590.76,138.18,617.6,190.7
ch2_ohr_ncp_20240406T0647198831_d_img_d18_x03200_y100480.png,0.2004,230.36,565.77,236.59,572.15
ch2_ohr_ncp_20240406T0647198831_d_img_d18_x03840_y100480.png,0.2963,364.33,47.74,384.45,72.64
ch2_ohr_ncp_20240406T0647198831_d_img_d18_x03840_y99200.png,0.2121,355.22,49.15,438.16,129.55
ch2_ohr_ncp_20240406T0647198831_d_img_d18_x04480_y100480.png,0.2336,142.56,534.71,155.49,552.14
ch2_ohr_ncp_20240406T0647198831_d_img_d18_x04480_y100480.png,0.2052,494.2,400.28,515.18,438.9
ch2_ohr_ncp_20240406T0647198831_d_img_d18_x04480_y65280.png,0.272,0.0,587.59,21.88,636.87
ch2_ohr_ncp_20240406T0647198831_d_img_d18_x04480_y88320.png,0.2443,0.0,583.23,26.02,640.0
ch2_ohr_ncp_20240406T0647198831_d_img_d18_x05120_y100480.png,0.3801,134.29,447.99,141.14,455.08
ch2_ohr_ncp_20240406T0647198831_d_img_d18_x05120_y100480.png,0.2116,84.73,425.37,89.92,432.33
ch2_ohr_ncp_20240406T0647198831_d_img_d18_x05120_y93440.png,0.2087,90.9,450.94,105.09,485.42
ch2_ohr_ncp_20240406T0647198831_d_img_d18_x05760_y100480.png,0.3093,101.37,284.38,110.33,295.87
ch2_ohr_ncp_20240406T0647198831_d_img_d18_x07680_y91520.png,0.2193,313.95,574.3,359.09,637.91
ch2_ohr_ncp_20240406T0647198831_d_img_d18_x09600_y92800.png,0.242,42.54,32.91,85.95,106.31
ch2_ohr_ncp_20241111T0516278303_d_img_d18_x00000_y24960.png,0.3109,568.85,43.24,638.79,108.05
ch2_ohr_ncp_20241111T0516278303_d_img_d18_x00640_y25600.png,0.2129,557.03,305.88,640.0,403.76
ch2_ohr_ncp_20241111T0516278303_d_img_d18_x01280_y25600.png,0.3054,347.59,0.0,479.0,54.28
ch2_ohr_ncp_20241111T0516278303_d_img_d18_x01280_y25600.png,0.272,367.3,0.0,466.25,46.19
ch2_ohr_ncp_20241111T0516278303_d_img_d18_x01920_y81920.png,0.2744,422.0,21.27,511.08,94.71
ch2_ohr_ncp_20241111T0516278303_d_img_d18_x02560_y23680.png,0.2446,0.0,382.54,36.3,473.8
ch2_ohr_ncp_20241111T0516278303_d_img_d18_x02560_y23680.png,0.2031,0.0,609.41,56.78,640.0
ch2_ohr_ncp_20241111T0516278303_d_img_d18_x02560_y24960.png,0.3418,0.0,0.0,55.39,45.42
ch2_ohr_ncp_20241111T0516278303_d_img_d18_x02560_y25600.png,0.2033,585.25,183.53,640.0,243.49
ch2_ohr_ncp_20241111T0516278303_d_img_d18_x02560_y78720.png,0.2087,49.48,0.0,124.53,68.71
ch2_ohr_ncp_20241111T0516278303_d_img_d18_x02560_y82560.png,0.3025,629.46,564.88,639.68,580.83
ch2_ohr_ncp_20241111T0516278303_d_img_d18_x02560_y82560.png,0.2402,544.56,351.47,550.78,357.13
ch2_ohr_ncp_20241111T0516278303_d_img_d18_x02560_y82560.png,0.236,310.85,626.77,317.86,634.48
ch2_ohr_ncp_20241111T0516278303_d_img_d18_x02560_y82560.png,0.2187,509.48,285.94,517.26,293.67
ch2_ohr_ncp_20241111T0516278303_d_img_d18_x02560_y85760.png,0.3511,0.0,232.22,58.57,310.98
ch2_ohr_ncp_20241111T0516278303_d_img_d18_x03200_y23680.png,0.2383,316.46,386.58,448.12,465.94
ch2_ohr_ncp_20241111T0516278303_d_img_d18_x03200_y23680.png,0.2383,333.92,389.74,436.49,455.96
ch2_ohr_ncp_20241111T0516278303_d_img_d18_x03200_y24320.png,0.3223,48.34,455.03,127.84,536.14
ch2_ohr_ncp_20241111T0516278303_d_img_d18_x03200_y82560.png,0.2269,405.24,565.67,412.25,572.19
ch2_ohr_ncp_20241111T0516278303_d_img_d18_x03200_y85120.png,0.2616,164.73,196.11,277.3,293.53
ch2_ohr_ncp_20241111T0516278303_d_img_d18_x03200_y87040.png,0.2408,127.94,199.05,215.88,243.41
ch2_ohr_ncp_20241111T0516278303_d_img_d18_x03200_y87040.png,0.2367,113.15,195.31,226.14,252.81
ch2_ohr_ncp_20241111T0516278303_d_img_d18_x03840_y19200.png,0.2414,530.51,0.0,627.18,38.81
ch2_ohr_ncp_20241111T0516278303_d_img_d18_x03840_y35200.png,0.274,0.0,146.81,44.45,235.32
ch2_ohr_ncp_20241111T0516278303_d_img_d18_x03840_y35200.png,0.2291,0.0,552.73,40.01,605.6
ch2_ohr_ncp_20241111T0516278303_d_img_d18_x03840_y37120.png,0.2141,309.31,70.71,429.47,145.65
ch2_ohr_ncp_20241111T0516278303_d_img_d18_x03840_y72960.png,0.2171,478.08,410.69,572.86,489.25
ch2_ohr_ncp_20241111T0516278303_d_img_d18_x03840_y87040.png,0.2023,343.43,254.93,454.45,324.65
ch2_ohr_ncp_20241111T0516278303_d_img_d18_x04480_y22400.png,0.2669,267.05,576.83,349.49,639.4
ch2_ohr_ncp_20241111T0516278303_d_img_d18_x04480_y23040.png,0.27,0.0,0.0,90.5,55.55
ch2_ohr_ncp_20241111T0516278303_d_img_d18_x04480_y23680.png,0.2354,567.79,64.09,640.0,141.32
ch2_ohr_ncp_20241111T0516278303_d_img_d18_x04480_y34560.png,0.2509,548.07,0.0,637.14,37.87
ch2_ohr_ncp_20241111T0516278303_d_img_d18_x05120_y20480.png,0.2155,52.39,579.7,151.79,640.0
ch2_ohr_ncp_20241111T0516278303_d_img_d18_x05120_y23040.png,0.2532,0.0,33.64,79.48,114.51
ch2_ohr_ncp_20241111T0516278303_d_img_d18_x05120_y35200.png,0.2566,137.86,484.14,250.44,562.29
ch2_ohr_ncp_20241111T0516278303_d_img_d18_x05120_y71040.png,0.2817,206.45,500.6,214.45,508.66
ch2_ohr_ncp_20241111T0516278303_d_img_d18_x05120_y81920.png,0.2463,237.37,103.67,340.09,186.14
ch2_ohr_ncp_20241111T0516278303_d_img_d18_x05120_y85120.png,0.4063,15.18,556.33,22.47,563.86
ch2_ohr_ncp_20241111T0516278303_d_img_d18_x05120_y85120.png,0.2092,567.99,79.16,576.3,86.66
ch2_ohr_ncp_20241111T0516278303_d_img_d18_x05120_y86400.png,0.2265,55.99,219.94,62.54,226.26
ch2_ohr_ncp_20241111T0516278303_d_img_d18_x05120_y87680.png,0.2639,65.16,404.92,74.24,412.87
ch2_ohr_ncp_20241111T0516278303_d_img_d18_x05120_y87680.png,0.2363,141.88,451.85,148.9,458.73
ch2_ohr_ncp_20241111T0516278303_d_img_d18_x05120_y87680.png,0.2194,47.81,465.02,54.18,470.75
ch2_ohr_ncp_20241111T0516278303_d_img_d18_x05760_y17280.png,0.2485,553.53,543.24,640.0,625.61
ch2_ohr_ncp_20241111T0516278303_d_img_d18_x05760_y17280.png,0.2087,0.0,394.35,35.62,450.3
ch2_ohr_ncp_20241111T0516278303_d_img_d18_x05760_y17280.png,0.2051,0.0,528.95,94.03,609.74
ch2_ohr_ncp_20241111T0516278303_d_img_d18_x05760_y21120.png,0.2669,442.0,46.8,450.02,54.58
ch2_ohr_ncp_20241111T0516278303_d_img_d18_x05760_y21120.png,0.2431,461.54,341.28,472.48,348.76
ch2_ohr_ncp_20241111T0516278303_d_img_d18_x05760_y21760.png,0.2466,3.71,242.69,120.5,321.7
ch2_ohr_ncp_20241111T0516278303_d_img_d18_x05760_y25600.png,0.2241,109.01,524.61,213.91,595.52
ch2_ohr_ncp_20241111T0516278303_d_img_d18_x05760_y66560.png,0.3248,102.65,389.21,168.82,470.94
ch2_ohr_ncp_20241111T0516278303_d_img_d18_x05760_y66560.png,0.2928,94.4,384.37,176.06,482.95
ch2_ohr_ncp_20241111T0516278303_d_img_d18_x05760_y66560.png,0.2697,109.66,391.73,165.42,458.67
ch2_ohr_ncp_20241111T0516278303_d_img_d18_x05760_y67200.png,0.2194,630.68,231.39,638.35,245.37
ch2_ohr_ncp_20241111T0516278303_d_img_d18_x05760_y68480.png,0.2462,350.33,100.11,357.72,107.72
ch2_ohr_ncp_20241111T0516278303_d_img_d18_x05760_y81920.png,0.2273,51.82,133.95,57.84,139.13
ch2_ohr_ncp_20241111T0516278303_d_img_d18_x05760_y81920.png,0.2232,54.71,209.47,62.68,220.58
ch2_ohr_ncp_20241111T0516278303_d_img_d18_x05760_y82560.png,0.2968,79.5,100.74,85.56,106.26
ch2_ohr_ncp_20241111T0516278303_d_img_d18_x05760_y83840.png,0.28,136.01,304.04,141.56,309.21
ch2_ohr_ncp_20241111T0516278303_d_img_d18_x05760_y83840.png,0.2304,72.39,12.55,77.57,18.74
ch2_ohr_ncp_20241111T0516278303_d_img_d18_x05760_y83840.png,0.2019,39.79,78.65,47.32,86.09
ch2_ohr_ncp_20241111T0516278303_d_img_d18_x06400_y17920.png,0.2994,282.85,426.1,425.7,523.77
ch2_ohr_ncp_20241111T0516278303_d_img_d18_x06400_y17920.png,0.2789,300.55,432.17,420.52,511.16
ch2_ohr_ncp_20241111T0516278303_d_img_d18_x06400_y23040.png,0.2311,203.07,549.49,210.56,555.74
ch2_ohr_ncp_20241111T0516278303_d_img_d18_x06400_y79360.png,0.2591,116.09,72.03,122.26,77.5
ch2_ohr_ncp_20241111T0516278303_d_img_d18_x07040_y19840.png,0.2528,397.4,472.74,482.6,560.61
ch2_ohr_ncp_20241111T0516278303_d_img_d18_x07040_y23040.png,0.2187,225.08,283.14,329.55,359.15
ch2_ohr_ncp_20241111T0516278303_d_img_d18_x07040_y27520.png,0.2007,559.28,584.56,634.65,639.82
ch2_ohr_ncp_20241111T0516278303_d_img_d18_x07040_y64640.png,0.2412,230.21,110.44,331.52,194.19
ch2_ohr_ncp_20241111T0516278303_d_img_d18_x07040_y64640.png,0.221,521.56,333.29,529.51,340.94
ch2_ohr_ncp_20241111T0516278303_d_img_d18_x07040_y65280.png,0.229,0.0,0.0,41.7,60.35
ch2_ohr_ncp_20241111T0516278303_d_img_d18_x07040_y65920.png,0.3598,454.96,440.47,465.71,450.54
ch2_ohr_ncp_20241111T0516278303_d_img_d18_x07040_y65920.png,0.2831,382.95,540.17,390.98,547.55
ch2_ohr_ncp_20241111T0516278303_d_img_d18_x07040_y65920.png,0.2194,41.68,505.93,49.29,512.31
ch2_ohr_ncp_20241111T0516278303_d_img_d18_x07040_y76800.png,0.2046,26.1,227.62,30.89,233.15
ch2_ohr_ncp_20241111T0516278303_d_img_d18_x07680_y18560.png,0.2484,271.28,88.12,292.85,104.11
ch2_ohr_ncp_20241111T0516278303_d_img_d18_x07680_y23040.png,0.208,0.0,229.02,92.25,292.19
ch2_ohr_ncp_20241111T0516278303_d_img_d18_x07680_y23040.png,0.2052,410.59,162.65,502.92,228.34
ch2_ohr_ncp_20241111T0516278303_d_img_d18_x07680_y25600.png,0.2023,596.56,520.86,640.0,625.29
ch2_ohr_ncp_20241111T0516278303_d_img_d18_x07680_y73600.png,0.2075,124.72,632.05,135.35,639.64
ch2_ohr_ncp_20241111T0516278303_d_img_d18_x08320_y18560.png,0.2461,630.51,441.14,640.0,462.65
ch2_ohr_ncp_20241111T0516278303_d_img_d18_x09600_y19840.png,0.2139,92.68,540.32,114.22,564.4
ch2_ohr_ncp_20241111T0516278303_d_img_d18_x10240_y24320.png,0.2435,607.13,45.2,640.0,121.53
ch2_ohr_ncp_20241111T0516278303_d_img_d18_x10240_y60160.png,0.204,0.0,173.24,80.33,232.86
ch2_ohr_ncp_20241111T0516278303_d_img_d18_x10240_y62720.png,0.2823,267.98,297.37,372.33,399.44
ch2_ohr_ncp_20241111T0516278303_d_img_d18_x10240_y62720.png,0.2489,242.21,290.81,378.08,407.06
ch2_ohr_ncp_20241111T0516278303_d_img_d18_x10880_y24320.png,0.2049,362.83,491.09,432.22,545.9
ch2_ohr_ncp_20241111T0516278303_d_img_d18_x10880_y58880.png,0.2776,0.0,298.06,46.08,405.94
ch2_ohr_ncp_20241111T0516278303_d_img_d18_x11520_y20480.png,0.2066,434.48,168.02,443.45,175.85
ch2_ohr_ncp_20241111T0516278303_d_img_d18_x11520_y22400.png,0.224,64.47,486.93,70.57,493.61
ch2_ohr_ncp_20241111T0516278303_d_img_d18_x11520_y22400.png,0.206,142.78,509.35,149.73,517.69
ch2_ohr_ncp_20241111T0516278303_d_img_d18_x11520_y29440.png,0.2982,0.0,492.99,26.71,571.48
ch2_ohr_ncp_20241111T0516278303_d_img_d18_x11520_y60160.png,0.3639,147.06,101.18,154.01,107.03
ch2_ohr_ncp_20241111T0516278303_d_img_d18_x11520_y61440.png,0.4495,158.63,522.62,166.54,530.67
ch2_ohr_ncp_20241111T0516278303_d_img_d18_x11520_y61440.png,0.25,146.52,544.82,155.68,552.46
ch2_ohr_ncp_20241111T0516278303_d_img_d18_x11520_y64000.png,0.2676,456.2,100.86,462.89,107.2
ch2_ohr_ncp_20241111T0516278303_d_img_d18_x11520_y64000.png,0.2338,184.87,258.49,193.13,266.37
ch2_ohr_ncp_20241111T0516278303_d_img_d18_x11520_y64000.png,0.2055,236.75,598.24,244.59,606.14
ch2_ohr_ncp_20241111T0516278303_d_img_d18_x11520_y65920.png,0.3237,0.17,189.87,6.61,197.4
ch2_ohr_ncp_20241115T1326321339_d_img_d18_x00000_y64000.png,0.2043,526.85,569.1,640.0,640.0
ch2_ohr_ncp_20241115T1326321339_d_img_d18_x00000_y68480.png,0.2299,98.12,88.45,201.16,169.57
ch2_ohr_ncp_20241115T1326321339_d_img_d18_x00000_y69760.png,0.2709,626.57,91.43,633.92,98.59
ch2_ohr_ncp_20241115T1326321339_d_img_d18_x00640_y62720.png,0.2871,545.82,521.26,640.0,607.13
ch2_ohr_ncp_20241115T1326321339_d_img_d18_x00640_y62720.png,0.2642,572.04,527.45,639.76,594.76
ch2_ohr_ncp_20241115T1326321339_d_img_d18_x00640_y72320.png,0.2869,93.62,469.72,162.64,546.32
ch2_ohr_ncp_20241115T1326321339_d_img_d18_x00640_y74880.png,0.2045,241.71,541.13,363.16,615.23
ch2_ohr_ncp_20241115T1326321339_d_img_d18_x01280_y65280.png,0.2013,429.94,0.0,511.83,40.6
ch2_ohr_ncp_20241115T1326321339_d_img_d18_x01280_y67840.png,0.3792,198.81,0.0,295.17,38.42
ch2_ohr_ncp_20241115T1326321339_d_img_d18_x01280_y67840.png,0.296,186.99,0.0,297.98,45.89
ch2_ohr_ncp_20241115T1326321339_d_img_d18_x01280_y70400.png,0.2481,495.19,185.98,579.71,278.54
ch2_ohr_ncp_20241115T1326321339_d_img_d18_x01280_y89600.png,0.3387,0.0,281.41,81.86,355.06
ch2_ohr_ncp_20241115T1326321339_d_img_d18_x01920_y64000.png,0.2184,321.34,407.68,379.67,459.98
ch2_ohr_ncp_20241115T1326321339_d_img_d18_x01920_y65280.png,0.2052,0.0,495.88,47.9,591.6
ch2_ohr_ncp_20241115T1326321339_d_img_d18_x01920_y65280.png,0.2037,0.0,501.53,40.36,585.71
ch2_ohr_ncp_20241115T1326321339_d_img_d18_x01920_y66560.png,0.327,0.0,153.91,39.7,223.71
ch2_ohr_ncp_20241115T1326321339_d_img_d18_x01920_y69760.png,0.3396,444.06,605.33,486.52,640.0
ch2_ohr_ncp_20241115T1326321339_d_img_d18_x01920_y69760.png,0.2408,561.69,0.0,637.63,33.05
ch2_ohr_ncp_20241115T1326321339_d_img_d18_x01920_y69760.png,0.2202,432.63,605.49,492.53,640.0
ch2_ohr_ncp_20241115T1326321339_d_img_d18_x01920_y70400.png,0.2819,313.75,398.93,424.33,492.86
ch2_ohr_ncp_20241115T1326321339_d_img_d18_x01920_y74240.png,0.2397,228.94,424.12,299.78,478.72
ch2_ohr_ncp_20241115T1326321339_d_img_d18_x01920_y74880.png,0.2323,493.7,0.0,580.83,36.44
ch2_ohr_ncp_20241115T1326321339_d_img_d18_x02560_y62080.png,0.2475,77.56,254.27,160.27,328.13
ch2_ohr_ncp_20241115T1326321339_d_img_d18_x02560_y62720.png,0.2063,580.63,0.0,637.45,32.89
ch2_ohr_ncp_20241115T1326321339_d_img_d18_x02560_y64000.png,0.2385,549.13,419.29,640.0,503.36
ch2_ohr_ncp_20241115T1326321339_d_img_d18_x02560_y64000.png,0.2146,0.85,23.59,37.86,80.39
ch2_ohr_ncp_20241115T1326321339_d_img_d18_x02560_y64000.png,0.2077,0.0,18.51,44.62,86.33
ch2_ohr_ncp_20241115T1326321339_d_img_d18_x02560_y64640.png,0.2731,0.0,0.0,62.47,37.69
ch2_ohr_ncp_20241115T1326321339_d_img_d18_x02560_y66560.png,0.3328,552.14,0.49,640.0,80.16
ch2_ohr_ncp_20241115T1326321339_d_img_d18_x02560_y68480.png,0.2303,538.99,575.19,640.0,640.0
ch2_ohr_ncp_20241115T1326321339_d_img_d18_x02560_y68480.png,0.2209,15.07,284.9,124.72,355.78
ch2_ohr_ncp_20241115T1326321339_d_img_d18_x02560_y69120.png,0.3211,295.26,0.0,384.1,33.19
ch2_ohr_ncp_20241115T1326321339_d_img_d18_x02560_y69120.png,0.2578,282.76,0.0,389.37,41.09
ch2_ohr_ncp_20241115T1326321339_d_img_d18_x02560_y71680.png,0.2651,6.75,388.9,124.75,491.69
ch2_ohr_ncp_20241115T1326321339_d_img_d18_x03200_y61440.png,0.2252,0.0,301.51,34.81,334.54
ch2_ohr_ncp_20241115T1326321339_d_img_d18_x03200_y62080.png,0.3873,247.02,560.09,325.42,634.37
ch2_ohr_ncp_20241115T1326321339_d_img_d18_x03200_y62080.png,0.2843,288.93,168.6,415.26,249.88
ch2_ohr_ncp_20241115T1326321339_d_img_d18_x03200_y62720.png,0.2401,547.28,579.5,630.94,640.0
ch2_ohr_ncp_20241115T1326321339_d_img_d18_x03200_y67840.png,0.2215,547.46,455.25,640.0,526.23
ch2_ohr_ncp_20241115T1326321339_d_img_d18_x03200_y70400.png,0.2429,439.81,64.13,561.53,134.41
ch2_ohr_ncp_20241115T1326321339_d_img_d18_x03200_y71680.png,0.236,42.85,6.17,153.25,81.36
ch2_ohr_ncp_20241115T1326321339_d_img_d18_x03200_y71680.png,0.2084,460.47,340.48,547.02,422.03
ch2_ohr_ncp_20241115T1326321339_d_img_d18_x03840_y58240.png,0.3584,578.87,0.0,634.55,46.14
ch2_ohr_ncp_20241115T1326321339_d_img_d18_x03840_y69760.png,0.2643,379.87,0.0,481.92,49.44
ch2_ohr_ncp_20241115T1326321339_d_img_d18_x03840_y71680.png,0.2607,542.58,345.24,640.0,429.87
ch2_ohr_ncp_20241115T1326321339_d_img_d18_x03840_y71680.png,0.2488,514.36,336.01,640.0,435.57
ch2_ohr_ncp_20241115T1326321339_d_img_d18_x03840_y72320.png,0.211,276.24,489.4,368.06,561.35
ch2_ohr_ncp_20241115T1326321339_d_img_d18_x04480_y58240.png,0.2566,309.63,0.0,407.89,38.78
ch2_ohr_ncp_20241115T1326321339_d_img_d18_x04480_y58880.png,0.2115,229.56,0.0,292.12,41.94
ch2_ohr_ncp_20241115T1326321339_d_img_d18_x04480_y60160.png,0.253,466.56,499.72,547.07,581.34
ch2_ohr_ncp_20241115T1326321339_d_img_d18_x04480_y60800.png,0.2748,191.17,374.34,229.46,459.17
ch2_ohr_ncp_20241115T1326321339_d_img_d18_x04480_y60800.png,0.2335,187.26,376.45,237.3,468.31
ch2_ohr_ncp_20241115T1326321339_d_img_d18_x04480_y63360.png,0.206,529.49,393.18,640.0,479.68
ch2_ohr_ncp_20241115T1326321339_d_img_d18_x04480_y90880.png,0.3303,242.3,572.24,324.92,638.82
ch2_ohr_ncp_20241115T1326321339_d_img_d18_x05120_y54400.png,0.2211,310.3,0.0,391.38,39.06
ch2_ohr_ncp_20241115T1326321339_d_img_d18_x05120_y58240.png,0.2668,405.07,0.0,485.5,48.07
ch2_ohr_ncp_20241115T1326321339_d_img_d18_x05120_y60160.png,0.2834,285.43,0.0,390.75,74.12
ch2_ohr_ncp_20241115T1326321339_d_img_d18_x05120_y60800.png,0.2421,100.01,72.02,193.97,139.32
ch2_ohr_ncp_20241115T1326321339_d_img_d18_x05120_y71680.png,0.2367,101.43,0.0,162.66,45.96
ch2_ohr_ncp_20241115T1326321339_d_img_d18_x05120_y72960.png,0.2234,494.0,221.08,616.14,297.93
ch2_ohr_ncp_20241115T1326321339_d_img_d18_x05120_y73600.png,0.2053,104.42,330.83,188.24,394.36
ch2_ohr_ncp_20241115T1326321339_d_img_d18_x05120_y90240.png,0.218,0.0,325.11,73.01,409.02
ch2_ohr_ncp_20241115T1326321339_d_img_d18_x05120_y92160.png,0.2001,594.89,2.96,637.26,44.14
ch2_ohr_ncp_20241115T1326321339_d_img_d18_x05760_y54400.png,0.3188,16.9,0.0,112.64,54.32
ch2_ohr_ncp_20241115T1326321339_d_img_d18_x05760_y54400.png,0.2481,0.0,245.03,77.94,313.68
ch2_ohr_ncp_20241115T1326321339_d_img_d18_x05760_y58880.png,0.2802,338.88,461.4,417.02,529.32
ch2_ohr_ncp_20241115T1326321339_d_img_d18_x05760_y58880.png,0.264,327.5,456.14,426.17,541.16
ch2_ohr_ncp_20241115T1326321339_d_img_d18_x05760_y59520.png,0.2208,137.45,472.09,205.6,528.35
ch2_ohr_ncp_20241115T1326321339_d_img_d18_x05760_y59520.png,0.2098,130.75,466.45,222.69,532.91
ch2_ohr_ncp_20241115T1326321339_d_img_d18_x05760_y61440.png,0.2102,342.85,162.58,420.91,238.91
ch2_ohr_ncp_20241115T1326321339_d_img_d18_x05760_y66560.png,0.314,367.02,78.28,461.92,153.33
ch2_ohr_ncp_20241115T1326321339_d_img_d18_x05760_y66560.png,0.2631,348.71,76.94,468.41,165.07
ch2_ohr_ncp_20241115T1326321339_d_img_d18_x05760_y69120.png,0.2032,122.69,28.57,242.0,110.57
ch2_ohr_ncp_20241115T1326321339_d_img_d18_x05760_y70400.png,0.2096,291.77,545.2,414.95,615.09
ch2_ohr_ncp_20241115T1326321339_d_img_d18_x05760_y71040.png,0.329,148.73,0.0,244.79,40.93
ch2_ohr_ncp_20241115T1326321339_d_img_d18_x05760_y72960.png,0.2918,408.82,233.59,512.58,297.41
ch2_ohr_ncp_20241115T1326321339_d_img_d18_x05760_y72960.png,0.2319,0.0,0.0,39.3,34.42
ch2_ohr_ncp_20241115T1326321339_d_img_d18_x05760_y74880.png,0.2155,336.47,0.0,414.36,33.22
ch2_ohr_ncp_20241115T1326321339_d_img_d18_x05760_y88320.png,0.2124,171.42,591.72,232.41,638.54
ch2_ohr_ncp_20241115T1326321339_d_img_d18_x05760_y88960.png,0.2503,466.07,0.0,535.59,36.01
ch2_ohr_ncp_20241115T1326321339_d_img_d18_x06400_y56960.png,0.2236,513.02,452.87,626.0,523.97
ch2_ohr_ncp_20241115T1326321339_d_img_d18_x06400_y57600.png,0.2066,139.23,591.04,224.76,640.0
ch2_ohr_ncp_20241115T1326321339_d_img_d18_x06400_y61440.png,0.294,0.0,0.0,60.49,31.64
ch2_ohr_ncp_20241115T1326321339_d_img_d18_x06400_y65920.png,0.3524,2.25,196.74,97.69,257.18
ch2_ohr_ncp_20241115T1326321339_d_img_d18_x06400_y68480.png,0.2699,459.15,184.79,594.22,269.57
ch2_ohr_ncp_20241115T1326321339_d_img_d18_x06400_y68480.png,0.2284,458.3,176.17,605.31,293.13
ch2_ohr_ncp_20241115T1326321339_d_img_d18_x06400_y71040.png,0.2981,610.65,458.74,640.0,533.06
ch2_ohr_ncp_20241115T1326321339_d_img_d18_x06400_y71040.png,0.2274,523.43,470.33,613.61,527.62
ch2_ohr_ncp_20241115T1326321339_d_img_d18_x06400_y72320.png,0.2451,488.5,401.18,609.85,481.1
ch2_ohr_ncp_20241115T1326321339_d_img_d18_x06400_y72320.png,0.2018,486.5,393.34,631.85,494.91
ch2_ohr_ncp_20241115T1326321339_d_img_d18_x06400_y72960.png,0.2104,168.92,524.39,254.29,594.39
ch2_ohr_ncp_20241115T1326321339_d_img_d18_x06400_y72960.png,0.2094,318.44,0.0,416.49,45.48
ch2_ohr_ncp_20241115T1326321339_d_img_d18_x06400_y92800.png,0.2553,342.13,259.48,437.07,356.71
ch2_ohr_ncp_20241115T1326321339_d_img_d18_x06400_y93440.png,0.2361,0.0,0.0,70.51,42.2
ch2_ohr_ncp_20241115T1326321339_d_img_d18_x07040_y55040.png,0.2271,554.19,77.03,640.0,155.58
ch2_ohr_ncp_20241115T1326321339_d_img_d18_x07040_y67840.png,0.2547,415.96,219.29,499.59,299.28
ch2_ohr_ncp_20241115T1326321339_d_img_d18_x07040_y92160.png,0.3392,0.0,134.3,51.09,190.55
ch2_ohr_ncp_20241115T1326321339_d_img_d18_x07680_y51200.png,0.232,0.0,519.66,41.52,565.01
ch2_ohr_ncp_20241115T1326321339_d_img_d18_x07680_y55680.png,0.2198,439.64,30.17,451.16,40.84
ch2_ohr_ncp_20241115T1326321339_d_img_d18_x07680_y56320.png,0.2148,231.33,33.59,357.3,111.47
ch2_ohr_ncp_20241115T1326321339_d_img_d18_x07680_y60160.png,0.2123,22.04,0.0,122.17,51.56
ch2_ohr_ncp_20241115T1326321339_d_img_d18_x07680_y86400.png,0.2338,0.0,149.33,67.87,222.02
ch2_ohr_ncp_20241115T1326321339_d_img_d18_x07680_y91520.png,0.2032,0.0,482.47,51.1,557.03
ch2_ohr_ncp_20241115T1326321339_d_img_d18_x08320_y51200.png,0.2628,455.07,149.64,572.35,245.17
ch2_ohr_ncp_20241115T1326321339_d_img_d18_x08320_y51840.png,0.218,151.02,0.0,230.17,29.73
ch2_ohr_ncp_20241115T1326321339_d_img_d18_x08320_y53120.png,0.2281,230.7,355.41,356.16,433.73
ch2_ohr_ncp_20241115T1326321339_d_img_d18_x08320_y53120.png,0.2052,406.28,495.27,514.55,560.31
ch2_ohr_ncp_20241115T1326321339_d_img_d18_x08320_y54400.png,0.2082,0.0,515.11,107.16,596.48
ch2_ohr_ncp_20241115T1326321339_d_img_d18_x08320_y55680.png,0.2616,179.72,320.08,252.15,383.48
ch2_ohr_ncp_20241115T1326321339_d_img_d18_x08320_y68480.png,0.2868,227.52,595.76,318.29,640.0
ch2_ohr_ncp_20241115T1326321339_d_img_d18_x08320_y71680.png,0.2925,545.1,333.87,635.43,395.7
ch2_ohr_ncp_20241115T1326321339_d_img_d18_x08320_y72320.png,0.2636,257.47,109.77,361.04,183.68
ch2_ohr_ncp_20241115T1326321339_d_img_d18_x08320_y73600.png,0.2149,0.0,182.13,78.09,256.4
ch2_ohr_ncp_20241115T1326321339_d_img_d18_x08320_y85120.png,0.2087,524.2,0.66,572.28,36.13
ch2_ohr_ncp_20241115T1326321339_d_img_d18_x08960_y46080.png,0.3018,0.0,0.0,37.43,40.75
ch2_ohr_ncp_20241115T1326321339_d_img_d18_x08960_y46080.png,0.2432,0.0,0.0,42.17,52.11
ch2_ohr_ncp_20241115T1326321339_d_img_d18_x08960_y48640.png,0.2175,360.33,25.69,467.18,104.06
ch2_ohr_ncp_20241115T1326321339_d_img_d18_x08960_y51200.png,0.2186,116.36,263.69,214.68,349.91
ch2_ohr_ncp_20241115T1326321339_d_img_d18_x08960_y55680.png,0.2067,0.0,205.62,40.46,256.42
ch2_ohr_ncp_20241115T1326321339_d_img_d18_x08960_y65920.png,0.2018,0.0,255.08,53.81,343.71
ch2_ohr_ncp_20241115T1326321339_d_img_d18_x08960_y92800.png,0.2619,0.0,0.0,53.98,32.9
ch2_ohr_ncp_20241115T1326321339_d_img_d18_x09600_y45440.png,0.2544,580.01,96.26,640.0,168.64
ch2_ohr_ncp_20241115T1326321339_d_img_d18_x09600_y46080.png,0.3134,3.78,191.67,77.67,278.18
ch2_ohr_ncp_20241115T1326321339_d_img_d18_x09600_y48000.png,0.3368,0.0,195.65,79.66,272.76
ch2_ohr_ncp_20241115T1326321339_d_img_d18_x09600_y52480.png,0.2285,343.4,37.3,428.31,111.96
ch2_ohr_ncp_20241115T1326321339_d_img_d18_x09600_y65280.png,0.2184,113.15,193.6,224.72,271.32
ch2_ohr_ncp_20241115T1326321339_d_img_d18_x09600_y68480.png,0.334,0.0,13.1,52.08,104.58
ch2_ohr_ncp_20241115T1326321339_d_img_d18_x09600_y68480.png,0.2772,0.0,3.82,45.47,91.84
ch2_ohr_ncp_20241115T1326321339_d_img_d18_x09600_y69120.png,0.2858,403.06,0.0,507.53,47.38
ch2_ohr_ncp_20241115T1326321339_d_img_d18_x09600_y70400.png,0.3064,40.62,0.0,127.45,34.17
ch2_ohr_ncp_20241115T1326321339_d_img_d18_x09600_y70400.png,0.2274,30.89,0.0,130.24,41.93
ch2_ohr_ncp_20241115T1326321339_d_img_d18_x09600_y72320.png,0.2407,0.0,0.81,46.79,38.28
ch2_ohr_ncp_20241115T1326321339_d_img_d18_x09600_y95360.png,0.3649,384.78,0.71,433.2,48.19
ch2_ohr_ncp_20241115T1326321339_d_img_d18_x10240_y42880.png,0.22,502.35,0.0,588.44,34.15
ch2_ohr_ncp_20241115T1326321339_d_img_d18_x10240_y47360.png,0.2091,0.0,544.23,78.42,630.95
ch2_ohr_ncp_20241115T1326321339_d_img_d18_x10240_y48640.png,0.2922,328.11,366.36,420.98,436.62
ch2_ohr_ncp_20241115T1326321339_d_img_d18_x10240_y52480.png,0.4196,525.14,0.0,610.06,53.86
ch2_ohr_ncp_20241115T1326321339_d_img_d18_x10240_y55680.png,0.3294,318.86,420.49,404.55,492.13
ch2_ohr_ncp_20241115T1326321339_d_img_d18_x10240_y56320.png,0.2727,0.0,0.0,52.93,37.63
ch2_ohr_ncp_20241115T1326321339_d_img_d18_x10240_y56320.png,0.2292,0.0,0.0,56.96,47.99
ch2_ohr_ncp_20241115T1326321339_d_img_d18_x10240_y58880.png,0.2084,65.28,182.31,163.35,253.51
ch2_ohr_ncp_20241115T1326321339_d_img_d18_x10240_y90880.png,0.2057,61.91,131.82,158.84,195.03
ch2_ohr_ncp_20241115T1326321339_d_img_d18_x10880_y40320.png,0.2441,190.1,255.0,289.05,319.77
ch2_ohr_ncp_20241115T1326321339_d_img_d18_x10880_y51840.png,0.2054,0.0,73.35,63.81,142.55
ch2_ohr_ncp_20241115T1326321339_d_img_d18_x10880_y60160.png,0.2666,0.0,468.23,48.85,548.5
ch2_ohr_ncp_20241115T1326321339_d_img_d18_x10880_y88960.png,0.2309,0.0,591.35,30.83,637.3
ch2_ohr_ncp_20241115T1326321339_d_img_d18_x10880_y90880.png,0.2748,0.0,515.15,62.9,595.63
ch2_ohr_ncp_20241115T1326321339_d_img_d18_x11520_y46720.png,0.2058,60.28,324.29,164.43,410.07
ch2_ohr_ncp_20241115T1326321339_d_img_d18_x11520_y51840.png,0.3143,210.87,489.37,219.2,497.03
ch2_ohr_ncp_20241115T1326321339_d_img_d18_x11520_y51840.png,0.2879,38.56,99.83,44.16,105.53
ch2_ohr_ncp_20241115T1326321339_d_img_d18_x11520_y51840.png,0.2757,442.08,306.96,450.69,315.42
ch2_ohr_ncp_20241115T1326321339_d_img_d18_x11520_y51840.png,0.2543,349.45,83.65,359.87,95.02
ch2_ohr_ncp_20241115T1326321339_d_img_d18_x11520_y51840.png,0.22,249.36,120.94,259.25,130.96
ch2_ohr_ncp_20241115T1326321339_d_img_d18_x11520_y52480.png,0.334,323.06,121.2,328.45,127.93
ch2_ohr_ncp_20241115T1326321339_d_img_d18_x11520_y52480.png,0.229,278.49,67.77,284.47,74.48
ch2_ohr_ncp_20241115T1326321339_d_img_d18_x11520_y52480.png,0.2225,403.23,564.28,408.43,570.34
ch2_ohr_ncp_20241115T1326321339_d_img_d18_x11520_y52480.png,0.2014,383.87,209.71,390.07,216.43
ch2_ohr_ncp_20241115T1326321339_d_img_d18_x11520_y55040.png,0.3639,371.99,200.96,381.38,210.69
ch2_ohr_ncp_20241115T1326321339_d_img_d18_x11520_y55040.png,0.2924,439.98,242.6,453.44,256.63
ch2_ohr_ncp_20241115T1326321339_d_img_d18_x11520_y55040.png,0.2658,271.45,559.68,278.25,566.99
ch2_ohr_ncp_20241115T1326321339_d_img_d18_x11520_y55040.png,0.2494,47.04,214.96,54.85,222.45
ch2_ohr_ncp_20241115T1326321339_d_img_d18_x11520_y55040.png,0.2471,132.97,383.49,139.04,389.26
ch2_ohr_ncp_20241115T1326321339_d_img_d18_x11520_y55040.png,0.235,325.33,521.73,333.66,530.49
ch2_ohr_ncp_20241115T1326321339_d_img_d18_x11520_y55040.png,0.2315,357.77,567.71,366.6,577.17
ch2_ohr_ncp_20241115T1326321339_d_img_d18_x11520_y55040.png,0.2193,178.05,464.1,185.34,472.54
ch2_ohr_ncp_20241115T1326321339_d_img_d18_x11520_y55040.png,0.2019,201.61,27.56,217.21,44.54
ch2_ohr_ncp_20241115T1326321339_d_img_d18_x11520_y55680.png,0.2013,320.7,406.33,328.73,414.9
ch2_ohr_ncp_20241115T1326321339_d_img_d18_x11520_y56960.png,0.2588,326.71,372.83,332.78,378.45
ch2_ohr_ncp_20241115T1326321339_d_img_d18_x11520_y56960.png,0.2545,330.23,537.58,340.03,547.95
ch2_ohr_ncp_20241115T1326321339_d_img_d18_x11520_y56960.png,0.2334,142.22,129.36,148.63,135.72
ch2_ohr_ncp_20241115T1326321339_d_img_d18_x11520_y56960.png,0.2315,236.06,188.96,243.45,196.5
ch2_ohr_ncp_20241115T1326321339_d_img_d18_x11520_y56960.png,0.2159,399.62,604.83,405.88,611.22
ch2_ohr_ncp_20241115T1326321339_d_img_d18_x11520_y58880.png,0.2179,329.69,525.49,337.06,533.22
ch2_ohr_ncp_20241115T1326321339_d_img_d18_x11520_y58880.png,0.2028,147.35,144.59,154.21,151.8
ch2_ohr_ncp_20241115T1326321339_d_img_d18_x11520_y58880.png,0.2003,318.87,601.67,327.16,609.71
ch2_ohr_ncp_20241115T1326321339_d_img_d18_x11520_y59520.png,0.255,75.64,93.8,89.04,111.69
ch2_ohr_ncp_20241115T1326321339_d_img_d18_x11520_y60160.png,0.4835,252.92,118.97,265.04,129.64
ch2_ohr_ncp_20241115T1326321339_d_img_d18_x11520_y60160.png,0.3802,45.15,489.49,54.3,499.63
ch2_ohr_ncp_20241115T1326321339_d_img_d18_x11520_y60160.png,0.3279,355.2,2.92,379.56,24.56
ch2_ohr_ncp_20241115T1326321339_d_img_d18_x11520_y60160.png,0.3102,450.41,108.74,458.81,116.51
ch2_ohr_ncp_20241115T1326321339_d_img_d18_x11520_y60160.png,0.295,39.6,70.71,47.84,78.35
ch2_ohr_ncp_20241115T1326321339_d_img_d18_x11520_y60160.png,0.2638,48.06,103.41,54.02,109.26
ch2_ohr_ncp_20241115T1326321339_d_img_d18_x11520_y60160.png,0.2614,52.55,133.29,62.69,141.83
ch2_ohr_ncp_20241115T1326321339_d_img_d18_x11520_y60160.png,0.2518,365.83,352.06,372.52,358.26
ch2_ohr_ncp_20241115T1326321339_d_img_d18_x11520_y60160.png,0.2411,273.67,29.32,284.55,39.54
ch2_ohr_ncp_20241115T1326321339_d_img_d18_x11520_y60160.png,0.2223,157.7,174.76,164.23,180.79
ch2_ohr_ncp_20241115T1326321339_d_img_d18_x11520_y60160.png,0.2074,398.88,215.56,408.58,225.83
ch2_ohr_ncp_20241115T1326321339_d_img_d18_x11520_y60160.png,0.2059,350.37,588.88,358.48,596.45
ch2_ohr_ncp_20241115T1326321339_d_img_d18_x11520_y60160.png,0.2057,143.83,155.67,150.91,162.45
ch2_ohr_ncp_20241115T1326321339_d_img_d18_x11520_y60160.png,0.2029,292.31,32.8,298.99,39.5
ch2_ohr_ncp_20241115T1326321339_d_img_d18_x11520_y61440.png,0.2322,79.07,567.74,85.33,573.06
ch2_ohr_ncp_20241115T1326321339_d_img_d18_x11520_y62080.png,0.2759,339.72,629.72,345.92,636.22
ch2_ohr_ncp_20241115T1326321339_d_img_d18_x11520_y62720.png,0.3342,393.95,102.96,400.4,109.0
ch2_ohr_ncp_20241115T1326321339_d_img_d18_x11520_y63360.png,0.2165,145.34,354.64,238.59,429.57
ch2_ohr_ncp_20241115T1326321339_d_img_d18_x11520_y65920.png,0.2244,0.0,168.17,59.66,230.6
ch2_ohr_ncp_20241115T1326321339_d_img_d18_x11520_y66560.png,0.2031,0.0,410.2,64.74,526.55
ch2_ohr_ncp_20241115T1326321339_d_img_d18_x11520_y67200.png,0.2294,375.81,0.0,496.26,39.91
ch2_ohr_ncp_20241115T1326321339_d_img_d18_x11520_y88960.png,0.209,0.0,225.1,42.78,295.84
ch2_ohr_ncp_20241115T1326321339_d_img_d18_x11520_y97920.png,0.2195,0.0,8.7,42.94,82.82
ch2_ohr_ncp_20241115T1525004388_d_img_d18_x00000_y62720.png,0.3521,300.29,499.19,405.11,576.05
ch2_ohr_ncp_20241115T1525004388_d_img_d18_x00000_y65280.png,0.2769,564.68,0.0,625.94,36.46
ch2_ohr_ncp_20241115T1525004388_d_img_d18_x00000_y66560.png,0.2314,14.03,311.5,110.79,391.84
ch2_ohr_ncp_20241115T1525004388_d_img_d18_x00000_y66560.png,0.2283,242.36,469.95,335.06,532.26
ch2_ohr_ncp_20241115T1525004388_d_img_d18_x00000_y69760.png,0.2917,0.0,576.11,59.16,633.79
ch2_ohr_ncp_20241115T1525004388_d_img_d18_x00640_y60160.png,0.2827,0.0,58.85,33.65,128.36
ch2_ohr_ncp_20241115T1525004388_d_img_d18_x00640_y60160.png,0.2164,324.14,405.57,438.96,494.03
ch2_ohr_ncp_20241115T1525004388_d_img_d18_x00640_y65280.png,0.2302,531.13,177.13,614.54,239.52
ch2_ohr_ncp_20241115T1525004388_d_img_d18_x00640_y65280.png,0.2192,514.99,179.73,617.12,251.24
ch2_ohr_ncp_20241115T1525004388_d_img_d18_x00640_y66560.png,0.2524,172.37,465.24,258.54,548.75
ch2_ohr_ncp_20241115T1525004388_d_img_d18_x00640_y67200.png,0.2207,39.49,98.75,125.73,167.74
ch2_ohr_ncp_20241115T1525004388_d_img_d18_x01280_y64000.png,0.2259,0.0,560.11,53.42,640.0
ch2_ohr_ncp_20241115T1525004388_d_img_d18_x01280_y68480.png,0.3152,132.2,0.0,204.46,45.13
ch2_ohr_ncp_20241115T1525004388_d_img_d18_x01280_y68480.png,0.2366,127.45,0.0,209.49,60.64
ch2_ohr_ncp_20241115T1525004388_d_img_d18_x01920_y65920.png,0.209,369.85,0.0,442.76,43.62
ch2_ohr_ncp_20241115T1525004388_d_img_d18_x01920_y69120.png,0.2672,599.6,566.51,640.0,640.0
ch2_ohr_ncp_20241115T1525004388_d_img_d18_x01920_y71040.png,0.2041,195.63,0.0,316.52,37.15
ch2_ohr_ncp_20241115T1525004388_d_img_d18_x02560_y60160.png,0.3625,0.0,567.34,71.9,637.51
ch2_ohr_ncp_20241115T1525004388_d_img_d18_x02560_y65920.png,0.2826,474.68,499.43,559.41,565.23
ch2_ohr_ncp_20241115T1525004388_d_img_d18_x02560_y67840.png,0.2105,476.75,562.26,553.87,640.0
ch2_ohr_ncp_20241115T1525004388_d_img_d18_x03200_y56320.png,0.2977,0.0,240.78,40.24,304.65
ch2_ohr_ncp_20241115T1525004388_d_img_d18_x03200_y56320.png,0.2452,0.0,147.54,53.2,233.76
ch2_ohr_ncp_20241115T1525004388_d_img_d18_x03200_y56320.png,0.2296,0.0,141.5,63.49,244.37
ch2_ohr_ncp_20241115T1525004388_d_img_d18_x03200_y59520.png,0.2509,0.0,373.7,78.17,480.12
ch2_ohr_ncp_20241115T1525004388_d_img_d18_x03200_y60800.png,0.2158,518.4,0.0,592.33,36.73
ch2_ohr_ncp_20241115T1525004388_d_img_d18_x03200_y68480.png,0.2134,72.09,339.66,178.93,406.54
ch2_ohr_ncp_20241115T1525004388_d_img_d18_x03200_y69120.png,0.2353,477.2,173.39,575.63,251.0
ch2_ohr_ncp_20241115T1525004388_d_img_d18_x03200_y69760.png,0.2051,41.92,0.0,113.66,33.35
ch2_ohr_ncp_20241115T1525004388_d_img_d18_x03200_y70400.png,0.2069,5.62,467.37,122.3,556.86
ch2_ohr_ncp_20241115T1525004388_d_img_d18_x03840_y55040.png,0.2787,526.82,348.5,605.96,430.06
ch2_ohr_ncp_20241115T1525004388_d_img_d18_x03840_y55680.png,0.2325,588.33,121.4,634.77,164.87
ch2_ohr_ncp_20241115T1525004388_d_img_d18_x03840_y59520.png,0.2431,0.0,457.07,61.74,519.64
ch2_ohr_ncp_20241115T1525004388_d_img_d18_x03840_y60800.png,0.2709,294.39,0.0,413.98,36.52
ch2_ohr_ncp_20241115T1525004388_d_img_d18_x03840_y69760.png,0.2263,163.68,513.06,258.78,589.38
ch2_ohr_ncp_20241115T1525004388_d_img_d18_x03840_y74240.png,0.2216,0.0,166.34,56.87,242.99
ch2_ohr_ncp_20241115T1525004388_d_img_d18_x03840_y86400.png,0.208,167.05,86.5,279.99,163.95
ch2_ohr_ncp_20241115T1525004388_d_img_d18_x03840_y88320.png,0.3036,382.51,0.0,489.41,47.23
ch2_ohr_ncp_20241115T1525004388_d_img_d18_x03840_y89600.png,0.2275,549.96,0.0,639.97,36.6
ch2_ohr_ncp_20241115T1525004388_d_img_d18_x04480_y55680.png,0.2787,59.54,533.59,134.7,616.07
ch2_ohr_ncp_20241115T1525004388_d_img_d18_x04480_y55680.png,0.2268,93.98,245.15,152.89,320.0
ch2_ohr_ncp_20241115T1525004388_d_img_d18_x04480_y60800.png,0.2782,495.59,475.78,576.8,549.69
ch2_ohr_ncp_20241115T1525004388_d_img_d18_x04480_y62720.png,0.2916,70.31,455.1,186.13,528.22
ch2_ohr_ncp_20241115T1525004388_d_img_d18_x04480_y66560.png,0.2348,0.0,102.71,47.34,160.54
ch2_ohr_ncp_20241115T1525004388_d_img_d18_x04480_y68480.png,0.255,93.27,88.96,206.28,174.65
ch2_ohr_ncp_20241115T1525004388_d_img_d18_x04480_y68480.png,0.2188,441.53,0.0,527.95,38.3
ch2_ohr_ncp_20241115T1525004388_d_img_d18_x04480_y70400.png,0.2053,442.53,530.27,510.77,610.3
ch2_ohr_ncp_20241115T1525004388_d_img_d18_x04480_y86400.png,0.2194,0.0,0.0,79.01,45.48
ch2_ohr_ncp_20241115T1525004388_d_img_d18_x04480_y88320.png,0.219,181.86,586.78,265.95,640.0
ch2_ohr_ncp_20241115T1525004388_d_img_d18_x04480_y89600.png,0.225,337.59,0.0,430.69,44.5
ch2_ohr_ncp_20241115T1525004388_d_img_d18_x04480_y90880.png,0.207,212.07,270.47,296.93,332.32
ch2_ohr_ncp_20241115T1525004388_d_img_d18_x05120_y58880.png,0.2054,108.28,582.68,160.82,640.0
ch2_ohr_ncp_20241115T1525004388_d_img_d18_x05120_y70400.png,0.2639,502.1,0.0,590.43,80.04
ch2_ohr_ncp_20241115T1525004388_d_img_d18_x05760_y50560.png,0.2019,461.03,509.21,547.77,592.22
ch2_ohr_ncp_20241115T1525004388_d_img_d18_x05760_y55040.png,0.2828,444.2,189.12,558.07,268.91
ch2_ohr_ncp_20241115T1525004388_d_img_d18_x05760_y56320.png,0.2078,315.49,398.82,423.12,489.04
ch2_ohr_ncp_20241115T1525004388_d_img_d18_x05760_y72960.png,0.3617,558.0,528.06,640.0,602.64
ch2_ohr_ncp_20241115T1525004388_d_img_d18_x05760_y72960.png,0.2743,530.13,529.54,640.0,608.48
ch2_ohr_ncp_20241115T1525004388_d_img_d18_x05760_y87680.png,0.2617,418.74,308.97,511.69,385.52
ch2_ohr_ncp_20241115T1525004388_d_img_d18_x05760_y90240.png,0.2424,472.02,187.67,573.99,271.2
ch2_ohr_ncp_20241115T1525004388_d_img_d18_x06400_y50560.png,0.3014,270.58,0.0,369.02,41.83
ch2_ohr_ncp_20241115T1525004388_d_img_d18_x06400_y54400.png,0.3244,395.32,0.0,475.42,47.64
ch2_ohr_ncp_20241115T1525004388_d_img_d18_x06400_y54400.png,0.2332,344.68,125.13,433.18,202.83
ch2_ohr_ncp_20241115T1525004388_d_img_d18_x06400_y54400.png,0.2117,385.96,0.0,479.71,56.36
ch2_ohr_ncp_20241115T1525004388_d_img_d18_x06400_y55680.png,0.2927,0.0,392.35,109.86,478.93
ch2_ohr_ncp_20241115T1525004388_d_img_d18_x06400_y67200.png,0.2741,123.81,487.09,238.61,574.38
ch2_ohr_ncp_20241115T1525004388_d_img_d18_x06400_y71680.png,0.2147,63.16,247.3,160.04,326.13
ch2_ohr_ncp_20241115T1525004388_d_img_d18_x06400_y84480.png,0.2009,298.05,0.0,389.52,38.76
ch2_ohr_ncp_20241115T1525004388_d_img_d18_x06400_y87040.png,0.2022,43.71,0.0,153.71,42.55
ch2_ohr_ncp_20241115T1525004388_d_img_d18_x06400_y88320.png,0.2272,49.26,580.25,137.88,640.0
ch2_ohr_ncp_20241115T1525004388_d_img_d18_x07040_y54400.png,0.2252,217.18,496.07,303.64,569.61
ch2_ohr_ncp_20241115T1525004388_d_img_d18_x07040_y56960.png,0.2234,0.0,0.0,64.75,36.43
ch2_ohr_ncp_20241115T1525004388_d_img_d18_x07040_y65920.png,0.2721,219.47,0.0,306.3,38.63
ch2_ohr_ncp_20241115T1525004388_d_img_d18_x07040_y65920.png,0.2287,248.53,0.0,302.91,24.33
ch2_ohr_ncp_20241115T1525004388_d_img_d18_x07040_y66560.png,0.2574,356.15,245.99,452.77,322.74
ch2_ohr_ncp_20241115T1525004388_d_img_d18_x07040_y67840.png,0.2413,119.69,0.0,199.02,30.55
ch2_ohr_ncp_20241115T1525004388_d_img_d18_x07040_y69120.png,0.2065,0.0,433.04,98.17,515.74
ch2_ohr_ncp_20241115T1525004388_d_img_d18_x07040_y72960.png,0.3599,133.78,0.0,223.71,50.12
ch2_ohr_ncp_20241115T1525004388_d_img_d18_x07040_y72960.png,0.3117,142.25,0.0,216.44,43.48
ch2_ohr_ncp_20241115T1525004388_d_img_d18_x07040_y84480.png,0.3241,215.41,562.87,298.97,629.19
ch2_ohr_ncp_20241115T1525004388_d_img_d18_x07040_y84480.png,0.2127,274.67,534.47,371.76,600.8
ch2_ohr_ncp_20241115T1525004388_d_img_d18_x07040_y85120.png,0.2566,416.56,0.0,523.09,44.74
ch2_ohr_ncp_20241115T1525004388_d_img_d18_x07040_y87040.png,0.2263,0.0,0.0,32.65,37.27
ch2_ohr_ncp_20241115T1525004388_d_img_d18_x07680_y69120.png,0.2028,360.42,307.26,472.73,400.54
ch2_ohr_ncp_20241115T1525004388_d_img_d18_x07680_y71680.png,0.2155,162.54,593.26,257.41,640.0
ch2_ohr_ncp_20241115T1525004388_d_img_d18_x07680_y72960.png,0.2567,319.4,0.0,410.39,55.02
ch2_ohr_ncp_20241115T1525004388_d_img_d18_x07680_y83840.png,0.2471,313.88,278.56,401.43,352.0
ch2_ohr_ncp_20241115T1525004388_d_img_d18_x07680_y94720.png,0.2068,0.0,439.44,43.69,480.89
ch2_ohr_ncp_20241115T1525004388_d_img_d18_x08320_y66560.png,0.2607,223.25,561.95,343.22,640.0
ch2_ohr_ncp_20241115T1525004388_d_img_d18_x08320_y66560.png,0.2126,201.67,554.67,351.86,640.0
ch2_ohr_ncp_20241115T1525004388_d_img_d18_x08320_y69120.png,0.22,171.16,563.65,272.21,632.77
ch2_ohr_ncp_20241115T1525004388_d_img_d18_x08320_y94720.png,0.2446,302.54,163.19,404.59,252.39
ch2_ohr_ncp_20241115T1525004388_d_img_d18_x08960_y49280.png,0.3701,0.0,130.83,69.45,219.5
ch2_ohr_ncp_20241115T1525004388_d_img_d18_x08960_y50560.png,0.2226,0.65,455.7,106.24,551.88
ch2_ohr_ncp_20241115T1525004388_d_img_d18_x08960_y55040.png,0.33,1.22,0.0,96.36,38.49
ch2_ohr_ncp_20241115T1525004388_d_img_d18_x08960_y55040.png,0.266,0.0,0.0,101.85,45.46
ch2_ohr_ncp_20241115T1525004388_d_img_d18_x08960_y71680.png,0.2968,461.36,0.0,542.78,41.81
ch2_ohr_ncp_20241115T1525004388_d_img_d18_x08960_y71680.png,0.2347,3.04,79.63,98.64,168.23
ch2_ohr_ncp_20241115T1525004388_d_img_d18_x08960_y71680.png,0.2303,472.26,0.0,548.14,47.43
ch2_ohr_ncp_20241115T1525004388_d_img_d18_x08960_y71680.png,0.2265,13.71,79.4,95.32,151.59
ch2_ohr_ncp_20241115T1525004388_d_img_d18_x08960_y72320.png,0.2438,539.35,325.29,640.0,429.21
ch2_ohr_ncp_20241115T1525004388_d_img_d18_x08960_y90880.png,0.2329,4.54,0.0,97.87,46.21
ch2_ohr_ncp_20241115T1525004388_d_img_d18_x08960_y94720.png,0.2038,148.87,464.7,265.18,526.24
ch2_ohr_ncp_20241115T1525004388_d_img_d18_x08960_y97280.png,0.2287,525.02,502.68,602.01,567.19
ch2_ohr_ncp_20241115T1525004388_d_img_d18_x09600_y46080.png,0.2534,52.27,131.41,144.59,209.7
ch2_ohr_ncp_20241115T1525004388_d_img_d18_x09600_y49280.png,0.3376,7.34,0.0,93.1,42.31
ch2_ohr_ncp_20241115T1525004388_d_img_d18_x09600_y49280.png,0.2626,0.0,452.87,40.63,537.65
ch2_ohr_ncp_20241115T1525004388_d_img_d18_x09600_y49280.png,0.2012,561.25,386.3,639.13,473.31
ch2_ohr_ncp_20241115T1525004388_d_img_d18_x09600_y50560.png,0.2728,313.27,475.09,422.04,535.47
ch2_ohr_ncp_20241115T1525004388_d_img_d18_x09600_y51840.png,0.2751,218.08,320.17,302.02,409.19
ch2_ohr_ncp_20241115T1525004388_d_img_d18_x09600_y52480.png,0.2282,548.94,579.59,640.0,640.0
ch2_ohr_ncp_20241115T1525004388_d_img_d18_x09600_y67200.png,0.2375,470.12,127.61,548.4,221.71
ch2_ohr_ncp_20241115T1525004388_d_img_d18_x09600_y87040.png,0.2583,429.24,328.36,505.02,400.79
ch2_ohr_ncp_20241115T1525004388_d_img_d18_x09600_y93440.png,0.2113,302.55,489.95,388.38,554.54
ch2_ohr_ncp_20241115T1525004388_d_img_d18_x10240_y44800.png,0.2469,503.43,561.11,590.02,622.92
ch2_ohr_ncp_20241115T1525004388_d_img_d18_x10240_y48640.png,0.3023,0.0,279.98,29.29,362.51
ch2_ohr_ncp_20241115T1525004388_d_img_d18_x10240_y51200.png,0.2717,601.39,331.27,640.0,401.86
ch2_ohr_ncp_20241115T1525004388_d_img_d18_x10240_y54400.png,0.2963,218.3,350.1,297.68,417.59
ch2_ohr_ncp_20241115T1525004388_d_img_d18_x10240_y54400.png,0.2573,196.76,348.53,302.75,425.86
ch2_ohr_ncp_20241115T1525004388_d_img_d18_x10240_y65280.png,0.2121,42.62,86.3,145.13,163.3
ch2_ohr_ncp_20241115T1525004388_d_img_d18_x10240_y71040.png,0.2116,0.0,338.64,38.64,425.24
ch2_ohr_ncp_20241115T1525004388_d_img_d18_x10240_y71680.png,0.2094,374.25,521.2,460.37,578.88
ch2_ohr_ncp_20241115T1525004388_d_img_d18_x10240_y88320.png,0.226,250.87,253.36,353.11,331.76
ch2_ohr_ncp_20241115T1525004388_d_img_d18_x10880_y65920.png,0.2143,133.32,236.71,242.31,324.13
ch2_ohr_ncp_20241115T1525004388_d_img_d18_x10880_y71680.png,0.2245,554.6,247.52,639.52,310.31
ch2_ohr_ncp_20241115T1525004388_d_img_d18_x10880_y71680.png,0.2034,0.0,13.57,63.49,138.16
ch2_ohr_ncp_20241115T1525004388_d_img_d18_x10880_y85760.png,0.2296,518.56,596.62,580.05,638.2
ch2_ohr_ncp_20241115T1525004388_d_img_d18_x11520_y42880.png,0.3541,123.73,0.0,210.54,42.96
ch2_ohr_ncp_20241115T1525004388_d_img_d18_x11520_y45440.png,0.2177,0.0,451.72,103.75,521.5
ch2_ohr_ncp_20241115T1525004388_d_img_d18_x11520_y50560.png,0.3268,415.95,63.97,421.74,70.09
ch2_ohr_ncp_20241115T1525004388_d_img_d18_x11520_y50560.png,0.3256,318.19,165.24,325.26,171.78
ch2_ohr_ncp_20241115T1525004388_d_img_d18_x11520_y50560.png,0.2709,244.17,42.39,254.19,51.72
ch2_ohr_ncp_20241115T1525004388_d_img_d18_x11520_y50560.png,0.2449,230.22,571.7,237.82,579.75
ch2_ohr_ncp_20241115T1525004388_d_img_d18_x11520_y50560.png,0.2336,409.9,291.34,418.81,300.32
ch2_ohr_ncp_20241115T1525004388_d_img_d18_x11520_y50560.png,0.2002,228.55,111.67,235.91,118.86
ch2_ohr_ncp_20241115T1525004388_d_img_d18_x11520_y53120.png,0.4556,441.58,359.77,459.67,376.9
ch2_ohr_ncp_20241115T1525004388_d_img_d18_x11520_y53120.png,0.2956,374.12,628.73,385.14,638.4
ch2_ohr_ncp_20241115T1525004388_d_img_d18_x11520_y53120.png,0.2919,154.47,72.56,161.53,81.64
ch2_ohr_ncp_20241115T1525004388_d_img_d18_x11520_y53120.png,0.2662,76.85,572.68,90.76,588.96
ch2_ohr_ncp_20241115T1525004388_d_img_d18_x11520_y53120.png,0.2375,105.73,151.03,111.63,156.98
ch2_ohr_ncp_20241115T1525004388_d_img_d18_x11520_y53120.png,0.2213,365.48,293.5,372.39,301.32
ch2_ohr_ncp_20241115T1525004388_d_img_d18_x11520_y53120.png,0.2021,229.05,172.49,235.55,178.82
ch2_ohr_ncp_20241115T1525004388_d_img_d18_x11520_y53760.png,0.4814,375.12,570.91,384.72,583.02
ch2_ohr_ncp_20241115T1525004388_d_img_d18_x11520_y53760.png,0.2578,133.26,68.02,147.26,86.54
ch2_ohr_ncp_20241115T1525004388_d_img_d18_x11520_y53760.png,0.2259,278.21,123.62,284.3,129.97
ch2_ohr_ncp_20241115T1525004388_d_img_d18_x11520_y53760.png,0.2143,340.86,88.64,348.57,96.59
ch2_ohr_ncp_20241115T1525004388_d_img_d18_x11520_y53760.png,0.2036,362.37,81.9,371.62,90.19
ch2_ohr_ncp_20241115T1525004388_d_img_d18_x11520_y54400.png,0.3206,293.42,116.62,314.35,140.37
ch2_ohr_ncp_20241115T1525004388_d_img_d18_x11520_y56320.png,0.315,331.76,293.54,345.5,310.28
ch2_ohr_ncp_20241115T1525004388_d_img_d18_x11520_y56320.png,0.2988,100.13,396.7,108.29,405.51
ch2_ohr_ncp_20241115T1525004388_d_img_d18_x11520_y56320.png,0.298,253.97,124.05,260.31,131.06
ch2_ohr_ncp_20241115T1525004388_d_img_d18_x11520_y56320.png,0.269,403.49,133.89,411.44,142.72
ch2_ohr_ncp_20241115T1525004388_d_img_d18_x11520_y56320.png,0.2629,78.32,361.59,86.83,371.03
ch2_ohr_ncp_20241115T1525004388_d_img_d18_x11520_y56320.png,0.2597,165.99,471.82,171.95,477.4
ch2_ohr_ncp_20241115T1525004388_d_img_d18_x11520_y56320.png,0.2279,69.42,499.39,76.0,506.41
ch2_ohr_ncp_20241115T1525004388_d_img_d18_x11520_y56320.png,0.2244,334.5,469.86,340.39,475.89
ch2_ohr_ncp_20241115T1525004388_d_img_d18_x11520_y56960.png,0.3045,283.17,43.35,298.55,63.66
ch2_ohr_ncp_20241115T1525004388_d_img_d18_x11520_y56960.png,0.2496,373.63,99.17,381.54,107.07
ch2_ohr_ncp_20241115T1525004388_d_img_d18_x11520_y57600.png,0.3075,353.29,534.62,360.01,541.06
ch2_ohr_ncp_20241115T1525004388_d_img_d18_x11520_y58240.png,0.2319,398.79,421.87,404.37,427.7
ch2_ohr_ncp_20241115T1525004388_d_img_d18_x11520_y60160.png,0.3684,278.48,439.95,300.46,461.55
ch2_ohr_ncp_20241115T1525004388_d_img_d18_x11520_y60160.png,0.2443,354.54,582.81,360.18,589.16
ch2_ohr_ncp_20241115T1525004388_d_img_d18_x11520_y60800.png,0.3523,135.25,324.51,143.71,334.91
ch2_ohr_ncp_20241115T1525004388_d_img_d18_x11520_y60800.png,0.3464,338.29,125.11,345.9,131.5
ch2_ohr_ncp_20241115T1525004388_d_img_d18_x11520_y60800.png,0.2704,342.58,148.47,351.19,158.15
ch2_ohr_ncp_20241115T1525004388_d_img_d18_x11520_y60800.png,0.2402,377.34,404.65,385.14,415.04
ch2_ohr_ncp_20241115T1525004388_d_img_d18_x11520_y60800.png,0.2125,93.45,76.66,106.6,94.58
ch2_ohr_ncp_20241115T1525004388_d_img_d18_x11520_y60800.png,0.2117,237.19,571.8,244.43,579.11
ch2_ohr_ncp_20241115T1525004388_d_img_d18_x11520_y61440.png,0.392,407.08,341.25,413.17,347.4
ch2_ohr_ncp_20241115T1525004388_d_img_d18_x11520_y61440.png,0.2924,223.36,101.88,230.72,109.22
ch2_ohr_ncp_20241115T1525004388_d_img_d18_x11520_y61440.png,0.2799,401.58,29.82,407.29,35.99
ch2_ohr_ncp_20241115T1525004388_d_img_d18_x11520_y61440.png,0.254,439.74,52.3,449.24,62.17
ch2_ohr_ncp_20241115T1525004388_d_img_d18_x11520_y61440.png,0.2483,321.67,270.54,329.36,279.12
ch2_ohr_ncp_20241115T1525004388_d_img_d18_x11520_y61440.png,0.2455,157.23,15.97,165.99,25.23
ch2_ohr_ncp_20241115T1525004388_d_img_d18_x11520_y61440.png,0.2267,380.38,40.13,386.84,46.06
ch2_ohr_ncp_20241115T1525004388_d_img_d18_x11520_y61440.png,0.2255,306.53,55.71,311.24,60.93
ch2_ohr_ncp_20241115T1525004388_d_img_d18_x11520_y61440.png,0.2242,422.19,128.59,430.83,136.73
ch2_ohr_ncp_20241115T1525004388_d_img_d18_x11520_y61440.png,0.22,344.7,613.22,355.09,623.55
ch2_ohr_ncp_20241115T1525004388_d_img_d18_x11520_y61440.png,0.2108,355.39,291.54,363.08,299.14
ch2_ohr_ncp_20241115T1525004388_d_img_d18_x11520_y63360.png,0.2855,183.7,87.05,193.82,98.52
ch2_ohr_ncp_20241115T1525004388_d_img_d18_x11520_y63360.png,0.2759,280.69,63.58,312.8,94.48
ch2_ohr_ncp_20241115T1525004388_d_img_d18_x11520_y64000.png,0.296,154.88,530.31,246.14,610.86
ch2_ohr_ncp_20241115T1525004388_d_img_d18_x11520_y64000.png,0.2651,165.39,535.08,237.94,603.22
ch2_ohr_ncp_20241115T1525004388_d_img_d18_x11520_y64000.png,0.2248,218.22,160.17,328.27,265.49
ch2_ohr_ncp_20241115T1525004388_d_img_d18_x11520_y67200.png,0.214,0.0,477.43,37.29,554.08
ch2_ohr_ncp_20241115T1525004388_d_img_d18_x11520_y69760.png,0.2724,115.49,548.01,215.57,627.01
ch2_ohr_ncp_20241115T1525004388_d_img_d18_x11520_y84480.png,0.2035,432.01,597.58,485.99,639.23
ch2_ohr_ncp_20241115T1525004388_d_img_d18_x11520_y85120.png,0.3293,0.0,36.08,47.7,108.43
ch2_ohr_ncp_20241115T1525004388_d_img_d18_x11520_y93440.png,0.3443,40.62,209.72,142.79,281.28
ch2_ohr_ncp_20241115T1525004388_d_img_d18_x11520_y93440.png,0.2959,53.56,200.23,138.15,276.62
ch2_ohr_ncp_20241115T1525004388_d_img_d18_x11520_y93440.png,0.2922,17.07,206.73,152.08,296.29
ch2_ohr_ncp_20241115T1525004388_d_img_d18_x11520_y93440.png,0.2801,0.0,0.0,58.77,47.52
ch2_ohr_ncp_20241115T1525004388_d_img_d18_x11520_y99840.png,0.2694,286.65,0.0,368.08,46.63
ch2_ohr_ncp_20250123T0750012833_d_img_d18_x00000_y64000.png,0.2202,448.04,0.0,545.42,36.4
ch2_ohr_ncp_20250123T0750012833_d_img_d18_x00640_y44160.png,0.2168,219.02,0.78,301.29,88.8
ch2_ohr_ncp_20250123T0750012833_d_img_d18_x00640_y46080.png,0.3019,85.66,433.87,173.47,506.63
ch2_ohr_ncp_20250123T0750012833_d_img_d18_x00640_y73600.png,0.2076,328.24,578.37,406.85,640.0
ch2_ohr_ncp_20250123T0750012833_d_img_d18_x00640_y74240.png,0.2349,275.93,0.0,387.43,38.7
ch2_ohr_ncp_20250123T0750012833_d_img_d18_x01280_y01920.png,0.2575,332.73,46.54,450.67,130.53
ch2_ohr_ncp_20250123T0750012833_d_img_d18_x01280_y44160.png,0.2152,325.85,595.32,425.13,640.0
ch2_ohr_ncp_20250123T0750012833_d_img_d18_x01280_y44160.png,0.2077,329.44,597.93,408.64,640.0
ch2_ohr_ncp_20250123T0750012833_d_img_d18_x01280_y45440.png,0.2167,152.75,353.95,270.38,439.78
ch2_ohr_ncp_20250123T0750012833_d_img_d18_x01280_y46080.png,0.2726,427.57,0.0,527.48,32.52
ch2_ohr_ncp_20250123T0750012833_d_img_d18_x01280_y46720.png,0.2229,530.66,84.8,640.0,225.85
ch2_ohr_ncp_20250123T0750012833_d_img_d18_x01280_y66560.png,0.2535,0.0,329.92,125.8,456.08
ch2_ohr_ncp_20250123T0750012833_d_img_d18_x01280_y70400.png,0.3615,1.43,583.69,91.31,636.93
ch2_ohr_ncp_20250123T0750012833_d_img_d18_x01920_y02560.png,0.2611,291.44,398.01,362.44,485.21
ch2_ohr_ncp_20250123T0750012833_d_img_d18_x01920_y42880.png,0.2081,192.01,137.26,298.85,208.62
ch2_ohr_ncp_20250123T0750012833_d_img_d18_x01920_y42880.png,0.2021,195.12,135.91,320.07,228.2
ch2_ohr_ncp_20250123T0750012833_d_img_d18_x01920_y44160.png,0.2464,158.96,492.06,249.98,570.47
ch2_ohr_ncp_20250123T0750012833_d_img_d18_x01920_y69760.png,0.2081,321.18,447.1,402.82,499.84
ch2_ohr_ncp_20250123T0750012833_d_img_d18_x02560_y41600.png,0.2732,207.89,574.49,319.68,640.0
ch2_ohr_ncp_20250123T0750012833_d_img_d18_x02560_y46720.png,0.3489,220.32,386.12,323.26,465.61
ch2_ohr_ncp_20250123T0750012833_d_img_d18_x02560_y71040.png,0.2354,564.58,224.04,640.0,292.44
ch2_ohr_ncp_20250123T0750012833_d_img_d18_x02560_y71040.png,0.2068,579.52,231.99,640.0,291.61
ch2_ohr_ncp_20250123T0750012833_d_img_d18_x02560_y72960.png,0.2847,566.12,594.88,640.0,640.0
ch2_ohr_ncp_20250123T0750012833_d_img_d18_x02560_y74880.png,0.3622,0.0,8.91,55.27,89.1
ch2_ohr_ncp_20250123T0750012833_d_img_d18_x02560_y74880.png,0.2436,0.0,4.64,67.36,97.15
ch2_ohr_ncp_20250123T0750012833_d_img_d18_x03200_y42240.png,0.336,340.75,323.42,456.11,391.26
ch2_ohr_ncp_20250123T0750012833_d_img_d18_x03200_y42240.png,0.2939,319.54,306.18,457.32,392.7
ch2_ohr_ncp_20250123T0750012833_d_img_d18_x03200_y43520.png,0.2304,465.21,266.95,598.24,337.81
ch2_ohr_ncp_20250123T0750012833_d_img_d18_x03200_y46720.png,0.2141,44.73,0.0,161.78,45.52
ch2_ohr_ncp_20250123T0750012833_d_img_d18_x03200_y47360.png,0.4774,141.72,0.0,216.14,48.21
ch2_ohr_ncp_20250123T0750012833_d_img_d18_x03200_y50560.png,0.2443,428.87,401.4,557.99,484.75
ch2_ohr_ncp_20250123T0750012833_d_img_d18_x03200_y50560.png,0.2384,382.49,384.58,523.17,458.08
ch2_ohr_ncp_20250123T0750012833_d_img_d18_x03200_y50560.png,0.2102,369.37,374.34,504.06,450.83
ch2_ohr_ncp_20250123T0750012833_d_img_d18_x03200_y51200.png,0.2814,225.02,409.56,323.18,487.78
ch2_ohr_ncp_20250123T0750012833_d_img_d18_x03200_y51200.png,0.26,288.37,521.32,389.46,603.49
ch2_ohr_ncp_20250123T0750012833_d_img_d18_x03200_y52480.png,0.2001,102.32,0.0,191.59,54.51
ch2_ohr_ncp_20250123T0750012833_d_img_d18_x03200_y67840.png,0.2302,164.13,115.54,261.15,194.36
ch2_ohr_ncp_20250123T0750012833_d_img_d18_x03200_y71680.png,0.3312,0.0,379.45,69.19,474.99
ch2_ohr_ncp_20250123T0750012833_d_img_d18_x03200_y71680.png,0.2093,0.0,383.63,61.81,453.94
ch2_ohr_ncp_20250123T0750012833_d_img_d18_x03840_y42240.png,0.2576,234.98,157.24,350.37,238.98
ch2_ohr_ncp_20250123T0750012833_d_img_d18_x03840_y45440.png,0.2458,342.63,605.31,429.13,640.0
ch2_ohr_ncp_20250123T0750012833_d_img_d18_x03840_y48000.png,0.3275,229.74,488.89,321.67,549.37
ch2_ohr_ncp_20250123T0750012833_d_img_d18_x03840_y48000.png,0.2046,575.14,541.77,640.0,601.64
ch2_ohr_ncp_20250123T0750012833_d_img_d18_x03840_y52480.png,0.3363,188.39,598.74,265.48,640.0
ch2_ohr_ncp_20250123T0750012833_d_img_d18_x03840_y52480.png,0.2176,502.81,261.31,627.58,358.28
ch2_ohr_ncp_20250123T0750012833_d_img_d18_x03840_y54400.png,0.2626,16.06,424.82,118.62,507.72
ch2_ohr_ncp_20250123T0750012833_d_img_d18_x03840_y57600.png,0.2132,0.0,131.41,31.98,220.7
ch2_ohr_ncp_20250123T0750012833_d_img_d18_x03840_y75520.png,0.3182,0.0,73.98,78.72,168.57
ch2_ohr_ncp_20250123T0750012833_d_img_d18_x03840_y75520.png,0.2016,0.0,68.5,61.91,150.06
ch2_ohr_ncp_20250123T0750012833_d_img_d18_x04480_y00000.png,0.2166,108.18,431.25,186.45,512.65
ch2_ohr_ncp_20250123T0750012833_d_img_d18_x04480_y03840.png,0.2471,490.68,356.63,591.22,419.63
ch2_ohr_ncp_20250123T0750012833_d_img_d18_x04480_y46080.png,0.3033,300.78,85.91,348.49,127.96
ch2_ohr_ncp_20250123T0750012833_d_img_d18_x04480_y52480.png,0.2173,221.6,355.28,317.83,428.13
ch2_ohr_ncp_20250123T0750012833_d_img_d18_x04480_y65280.png,0.3373,113.22,361.99,224.78,455.95
ch2_ohr_ncp_20250123T0750012833_d_img_d18_x04480_y65280.png,0.2108,85.0,352.03,235.39,463.33
ch2_ohr_ncp_20250123T0750012833_d_img_d18_x04480_y66560.png,0.2535,370.52,336.3,464.46,417.62
ch2_ohr_ncp_20250123T0750012833_d_img_d18_x04480_y69120.png,0.2129,255.89,232.25,371.29,313.05
ch2_ohr_ncp_20250123T0750012833_d_img_d18_x05120_y00000.png,0.3002,364.4,596.8,441.47,637.02
ch2_ohr_ncp_20250123T0750012833_d_img_d18_x05120_y01280.png,0.2189,226.93,537.16,346.37,632.0
ch2_ohr_ncp_20250123T0750012833_d_img_d18_x05120_y01920.png,0.4839,0.0,180.42,59.73,268.9
ch2_ohr_ncp_20250123T0750012833_d_img_d18_x05120_y05760.png,0.3095,424.55,0.0,560.17,52.6
ch2_ohr_ncp_20250123T0750012833_d_img_d18_x05120_y43520.png,0.2067,50.52,550.72,143.39,610.56
ch2_ohr_ncp_20250123T0750012833_d_img_d18_x05120_y46080.png,0.233,206.37,603.1,275.77,638.78
ch2_ohr_ncp_20250123T0750012833_d_img_d18_x05120_y57600.png,0.2698,431.48,439.82,553.1,523.14
ch2_ohr_ncp_20250123T0750012833_d_img_d18_x05120_y58240.png,0.2704,64.19,381.41,168.24,455.01
ch2_ohr_ncp_20250123T0750012833_d_img_d18_x05760_y02560.png,0.2898,278.26,549.04,393.2,616.12
ch2_ohr_ncp_20250123T0750012833_d_img_d18_x05760_y03200.png,0.2461,0.0,17.82,133.48,87.96
ch2_ohr_ncp_20250123T0750012833_d_img_d18_x05760_y12160.png,0.2201,317.17,207.43,421.39,270.88
ch2_ohr_ncp_20250123T0750012833_d_img_d18_x05760_y12800.png,0.2023,232.74,171.04,345.65,248.61
ch2_ohr_ncp_20250123T0750012833_d_img_d18_x05760_y54400.png,0.2901,0.0,480.9,76.11,572.09
ch2_ohr_ncp_20250123T0750012833_d_img_d18_x05760_y67840.png,0.2806,0.0,504.17,98.33,588.91
ch2_ohr_ncp_20250123T0750012833_d_img_d18_x05760_y67840.png,0.228,0.0,553.58,96.14,640.0
ch2_ohr_ncp_20250123T0750012833_d_img_d18_x05760_y68480.png,0.2011,121.71,534.52,206.98,610.13
ch2_ohr_ncp_20250123T0750012833_d_img_d18_x06400_y03200.png,0.2536,134.71,481.76,239.03,566.98
ch2_ohr_ncp_20250123T0750012833_d_img_d18_x06400_y09600.png,0.325,0.0,470.15,90.33,556.98
ch2_ohr_ncp_20250123T0750012833_d_img_d18_x06400_y09600.png,0.2791,277.49,0.0,363.16,43.45
ch2_ohr_ncp_20250123T0750012833_d_img_d18_x06400_y09600.png,0.2061,0.0,474.59,58.32,505.81
ch2_ohr_ncp_20250123T0750012833_d_img_d18_x06400_y10240.png,0.3014,453.99,0.0,551.07,46.88
ch2_ohr_ncp_20250123T0750012833_d_img_d18_x06400_y10240.png,0.2042,104.01,304.97,206.3,376.95
ch2_ohr_ncp_20250123T0750012833_d_img_d18_x06400_y48000.png,0.3023,397.95,511.31,494.19,578.38
ch2_ohr_ncp_20250123T0750012833_d_img_d18_x06400_y53120.png,0.2268,99.84,431.36,220.04,506.73
ch2_ohr_ncp_20250123T0750012833_d_img_d18_x06400_y56320.png,0.2731,279.94,183.7,319.49,219.25
ch2_ohr_ncp_20250123T0750012833_d_img_d18_x07040_y01280.png,0.2943,0.0,380.15,92.5,468.46
ch2_ohr_ncp_20250123T0750012833_d_img_d18_x07040_y02560.png,0.2241,356.9,268.81,452.19,353.27
ch2_ohr_ncp_20250123T0750012833_d_img_d18_x07040_y08960.png,0.2656,419.14,210.06,503.85,279.92
ch2_ohr_ncp_20250123T0750012833_d_img_d18_x07040_y43520.png,0.2513,543.48,60.93,640.0,138.27
ch2_ohr_ncp_20250123T0750012833_d_img_d18_x07040_y43520.png,0.2393,564.38,75.83,640.0,142.27
ch2_ohr_ncp_20250123T0750012833_d_img_d18_x07040_y43520.png,0.211,581.51,84.99,640.0,139.47
ch2_ohr_ncp_20250123T0750012833_d_img_d18_x07040_y49280.png,0.2732,0.0,338.62,52.46,405.49
ch2_ohr_ncp_20250123T0750012833_d_img_d18_x07040_y49280.png,0.2261,0.0,335.61,58.99,424.22
ch2_ohr_ncp_20250123T0750012833_d_img_d18_x07040_y67840.png,0.2015,221.9,53.07,332.55,143.27
ch2_ohr_ncp_20250123T0750012833_d_img_d18_x07680_y01920.png,0.3033,456.4,0.0,595.65,48.63
ch2_ohr_ncp_20250123T0750012833_d_img_d18_x07680_y01920.png,0.2653,0.0,317.77,107.32,387.62
ch2_ohr_ncp_20250123T0750012833_d_img_d18_x07680_y04480.png,0.2044,376.42,230.22,451.17,295.18
ch2_ohr_ncp_20250123T0750012833_d_img_d18_x07680_y11520.png,0.4045,337.92,499.05,415.77,571.55
ch2_ohr_ncp_20250123T0750012833_d_img_d18_x07680_y48000.png,0.2008,229.92,235.09,317.49,297.04
ch2_ohr_ncp_20250123T0750012833_d_img_d18_x07680_y70400.png,0.2494,236.42,144.24,339.53,214.71
ch2_ohr_ncp_20250123T0750012833_d_img_d18_x08320_y01920.png,0.3568,275.17,345.92,388.77,416.9
ch2_ohr_ncp_20250123T0750012833_d_img_d18_x08320_y01920.png,0.2051,258.69,330.1,386.89,421.55
ch2_ohr_ncp_20250123T0750012833_d_img_d18_x08320_y05120.png,0.2119,535.9,532.76,629.35,629.07
ch2_ohr_ncp_20250123T0750012833_d_img_d18_x08320_y08320.png,0.2339,415.37,582.75,487.69,640.0
ch2_ohr_ncp_20250123T0750012833_d_img_d18_x08320_y10240.png,0.2615,514.18,0.0,620.59,42.12
ch2_ohr_ncp_20250123T0750012833_d_img_d18_x08320_y10240.png,0.2324,585.56,235.24,639.02,283.36
ch2_ohr_ncp_20250123T0750012833_d_img_d18_x08320_y13440.png,0.2277,198.68,523.0,277.87,599.05
ch2_ohr_ncp_20250123T0750012833_d_img_d18_x08320_y50560.png,0.2334,0.0,0.0,111.41,53.94
ch2_ohr_ncp_20250123T0750012833_d_img_d18_x08320_y53760.png,0.204,332.89,607.04,410.22,640.0
ch2_ohr_ncp_20250123T0750012833_d_img_d18_x08320_y56320.png,0.2447,359.43,0.0,471.86,82.97
ch2_ohr_ncp_20250123T0750012833_d_img_d18_x08320_y56320.png,0.2063,424.97,3.55,546.59,110.61
ch2_ohr_ncp_20250123T0750012833_d_img_d18_x08320_y71040.png,0.2185,3.03,89.62,103.61,177.37
ch2_ohr_ncp_20250123T0750012833_d_img_d18_x08960_y47360.png,0.2317,543.57,241.17,640.0,304.35
ch2_ohr_ncp_20250123T0750012833_d_img_d18_x08960_y51840.png,0.3077,549.21,262.96,640.0,321.68
ch2_ohr_ncp_20250123T0750012833_d_img_d18_x08960_y51840.png,0.3007,529.12,251.58,640.0,320.42
ch2_ohr_ncp_20250123T0750012833_d_img_d18_x08960_y51840.png,0.2383,509.84,235.28,640.0,322.37
ch2_ohr_ncp_20250123T0750012833_d_img_d18_x09600_y07680.png,0.2327,468.7,400.34,594.85,466.33
ch2_ohr_ncp_20250123T0750012833_d_img_d18_x09600_y11520.png,0.2106,44.26,147.46,181.37,239.29
ch2_ohr_ncp_20250123T0750012833_d_img_d18_x09600_y12160.png,0.2456,75.33,0.0,169.95,41.46
ch2_ohr_ncp_20250123T0750012833_d_img_d18_x09600_y13440.png,0.2681,107.42,0.0,189.79,31.71
ch2_ohr_ncp_20250123T0750012833_d_img_d18_x09600_y13440.png,0.2173,223.55,139.72,335.03,220.72
ch2_ohr_ncp_20250123T0750012833_d_img_d18_x09600_y13440.png,0.205,545.64,372.23,640.0,447.95
ch2_ohr_ncp_20250123T0750012833_d_img_d18_x09600_y17280.png,0.2569,23.85,495.89,132.23,567.71
ch2_ohr_ncp_20250123T0750012833_d_img_d18_x10240_y12160.png,0.2176,0.0,183.63,86.28,256.49
ch2_ohr_ncp_20250123T0750012833_d_img_d18_x10240_y12160.png,0.201,0.0,186.72,95.06,274.73
ch2_ohr_ncp_20250123T0750012833_d_img_d18_x10240_y14080.png,0.2782,0.0,460.37,79.36,525.73
ch2_ohr_ncp_20250123T0750012833_d_img_d18_x10240_y19200.png,0.22,56.99,559.66,74.09,574.44
ch2_ohr_ncp_20250123T0750012833_d_img_d18_x10240_y46720.png,0.2309,254.44,57.32,362.51,136.35
ch2_ohr_ncp_20250123T0750012833_d_img_d18_x10240_y49920.png,0.2335,0.87,316.25,122.82,390.21
ch2_ohr_ncp_20250123T0750012833_d_img_d18_x10240_y54400.png,0.2219,572.64,317.83,640.0,373.8
ch2_ohr_ncp_20250123T0750012833_d_img_d18_x10240_y55040.png,0.2411,548.37,478.93,631.36,545.49
ch2_ohr_ncp_20250123T0750012833_d_img_d18_x10240_y56320.png,0.2112,465.46,481.48,553.03,560.31
ch2_ohr_ncp_20250123T0750012833_d_img_d18_x10240_y58240.png,0.31,48.04,320.39,135.61,394.45
ch2_ohr_ncp_20250123T0750012833_d_img_d18_x10240_y74880.png,0.2227,0.0,515.47,77.37,599.6
ch2_ohr_ncp_20250123T0750012833_d_img_d18_x10240_y76160.png,0.3199,191.52,105.44,269.77,182.88
ch2_ohr_ncp_20250123T0750012833_d_img_d18_x10880_y14720.png,0.3415,463.06,550.02,578.04,629.59
ch2_ohr_ncp_20250123T0750012833_d_img_d18_x10880_y74880.png,0.2167,0.0,399.8,51.35,495.83
ch2_ohr_ncp_20250123T0750012833_d_img_d18_x11520_y12160.png,0.2213,417.13,508.76,494.32,597.03
ch2_ohr_ncp_20250123T0750012833_d_img_d18_x11520_y14080.png,0.2094,392.76,626.61,409.94,639.54
ch2_ohr_ncp_20250123T0750012833_d_img_d18_x11520_y14720.png,0.4763,414.0,571.62,441.93,594.8
ch2_ohr_ncp_20250123T0750012833_d_img_d18_x11520_y16000.png,0.3257,285.53,47.94,296.44,60.56
ch2_ohr_ncp_20250123T0750012833_d_img_d18_x11520_y16000.png,0.2551,96.75,554.17,102.77,560.11
ch2_ohr_ncp_20250123T0750012833_d_img_d18_x11520_y16000.png,0.226,162.86,116.55,169.82,123.07
ch2_ohr_ncp_20250123T0750012833_d_img_d18_x11520_y16640.png,0.279,384.91,0.0,494.89,52.34
ch2_ohr_ncp_20250123T0750012833_d_img_d18_x11520_y17920.png,0.2953,385.04,64.74,503.14,178.2
ch2_ohr_ncp_20250123T0750012833_d_img_d18_x11520_y17920.png,0.2452,390.4,53.83,501.29,151.31
ch2_ohr_ncp_20250123T0750012833_d_img_d18_x11520_y50560.png,0.3039,0.0,335.83,40.87,425.29
ch2_ohr_ncp_20250123T0750012833_d_img_d18_x11520_y51200.png,0.2178,264.09,307.21,391.46,398.86
ch2_ohr_ncp_20250123T0750012833_d_img_d18_x11520_y51200.png,0.2122,305.96,334.84,426.68,426.12
ch2_ohr_ncp_20250123T0750012833_d_img_d18_x11520_y54400.png,0.2494,332.97,166.41,457.76,254.44
ch2_ohr_ncp_20250123T0750012833_d_img_d18_x11520_y54400.png,0.2089,342.12,173.45,471.8,272.46
ch2_ohr_ncp_20250123T0750012833_d_img_d18_x11520_y56320.png,0.2382,28.9,23.62,140.04,121.03
ch2_ohr_ncp_20250123T0750012833_d_img_d18_x11520_y56320.png,0.2237,0.0,0.0,100.74,74.0
ch2_ohr_ncp_20250123T0750012833_d_img_d18_x11520_y56320.png,0.2185,46.21,40.89,144.45,127.13
ch2_ohr_ncp_20250123T0750012833_d_img_d18_x11520_y59520.png,0.3938,189.74,28.67,197.31,35.42
ch2_ohr_ncp_20250123T0750012833_d_img_d18_x11520_y59520.png,0.2035,183.44,165.25,189.72,172.0
ch2_ohr_ncp_20250123T0750012833_d_img_d18_x11520_y64000.png,0.2273,73.04,25.33,101.88,53.74
ch2_ohr_ncp_20250123T0750012833_d_img_d18_x11520_y64000.png,0.2062,374.85,500.85,385.29,508.81
ch2_ohr_ncp_20250123T0750012833_d_img_d18_x11520_y64640.png,0.346,446.7,4.54,458.25,13.82
ch2_ohr_ncp_20250123T0750012833_d_img_d18_x11520_y64640.png,0.2642,450.3,15.3,457.54,21.51
ch2_ohr_ncp_20250123T0750012833_d_img_d18_x11520_y64640.png,0.2638,307.51,88.63,315.29,94.6
ch2_ohr_ncp_20250123T0750012833_d_img_d18_x11520_y65280.png,0.4691,334.91,132.32,363.91,156.61
ch2_ohr_ncp_20250123T0750012833_d_img_d18_x11520_y65280.png,0.2738,182.99,93.27,191.72,102.52
ch2_ohr_ncp_20250123T0750012833_d_img_d18_x11520_y65280.png,0.2376,312.01,44.25,323.02,53.84
ch2_ohr_ncp_20250123T0750012833_d_img_d18_x11520_y67200.png,0.2657,308.01,148.79,319.22,157.55
ch2_ohr_ncp_20250123T0750012833_d_img_d18_x11520_y72320.png,0.2801,261.65,316.43,292.96,347.42
ch2_ohr_ncp_20250123T0750012833_d_img_d18_x11520_y72320.png,0.2174,297.02,227.83,367.35,299.96
ch2_ohr_ncp_20250123T0750012833_d_img_d18_x11520_y73600.png,0.2579,407.99,531.91,486.78,591.92
ch2_ohr_ncp_20250123T0750012833_d_img_d18_x11520_y74240.png,0.2077,41.19,72.5,93.14,110.3
ch2_ohr_ncp_20250227T1046517020_d_img_d18_x00000_y39040.png,0.3002,0.0,454.57,48.6,533.16
ch2_ohr_ncp_20250227T1046517020_d_img_d18_x00000_y72320.png,0.3309,628.99,631.27,635.49,637.72
ch2_ohr_ncp_20250227T1046517020_d_img_d18_x00640_y40320.png,0.2998,34.83,378.66,93.76,446.64
ch2_ohr_ncp_20250227T1046517020_d_img_d18_x00640_y48640.png,0.211,346.88,256.25,421.47,329.53
ch2_ohr_ncp_20250227T1046517020_d_img_d18_x02560_y45440.png,0.2255,550.35,92.94,640.0,169.36
ch2_ohr_ncp_20250227T1046517020_d_img_d18_x02560_y71040.png,0.2772,345.03,0.0,420.44,50.22
ch2_ohr_ncp_20250227T1046517020_d_img_d18_x02560_y71680.png,0.2665,200.79,0.0,308.89,54.85
ch2_ohr_ncp_20250227T1046517020_d_img_d18_x02560_y72960.png,0.2089,174.96,126.37,287.33,206.57
ch2_ohr_ncp_20250227T1046517020_d_img_d18_x05760_y73600.png,0.2158,0.0,579.79,53.37,640.0
ch2_ohr_ncp_20250227T1046517020_d_img_d18_x07680_y79360.png,0.2297,365.96,204.54,482.8,286.64
ch2_ohr_ncp_20250227T1046517020_d_img_d18_x09600_y76800.png,0.2742,38.4,105.52,56.68,127.11
ch2_ohr_ncp_20250227T1046517020_d_img_d18_x10240_y77440.png,0.2718,545.86,131.47,575.86,210.92
ch2_ohr_ncp_20250227T1046517020_d_img_d18_x10240_y79360.png,0.219,573.44,34.72,619.92,114.38
ch2_ohr_ncp_20250303T0915317317_d_img_d18_x00000_y53760.png,0.2228,284.28,585.96,311.1,636.12
ch2_ohr_ncp_20250303T0915317317_d_img_d18_x00640_y39680.png,0.2632,0.0,475.21,18.33,516.05
ch2_ohr_ncp_20250303T0915317317_d_img_d18_x00640_y80000.png,0.2598,546.26,67.46,586.2,152.45
ch2_ohr_ncp_20250303T0915317317_d_img_d18_x01920_y62720.png,0.2309,597.45,581.19,633.95,638.79
ch2_ohr_ncp_20250303T0915317317_d_img_d18_x01920_y64000.png,0.2693,507.0,19.93,515.95,28.85
ch2_ohr_ncp_20250303T0915317317_d_img_d18_x01920_y80000.png,0.2698,69.44,470.89,96.51,537.35
ch2_ohr_ncp_20250303T0915317317_d_img_d18_x02560_y74880.png,0.2035,376.64,77.27,481.09,162.01
ch2_ohr_ncp_20250303T0915317317_d_img_d18_x02560_y78720.png,0.3489,227.83,462.58,257.18,542.68
ch2_ohr_ncp_20250303T0915317317_d_img_d18_x02560_y78720.png,0.2384,221.96,449.14,258.9,540.47
ch2_ohr_ncp_20250303T0915317317_d_img_d18_x03200_y75520.png,0.3335,493.91,557.37,500.83,565.76
ch2_ohr_ncp_20250303T0915317317_d_img_d18_x03840_y44160.png,0.2547,0.89,478.47,23.65,529.51
ch2_ohr_ncp_20250303T0915317317_d_img_d18_x03840_y65920.png,0.3917,199.43,50.67,277.21,141.9
ch2_ohr_ncp_20250303T0915317317_d_img_d18_x04480_y40960.png,0.2151,545.99,332.71,640.0,404.59
ch2_ohr_ncp_20250303T0915317317_d_img_d18_x04480_y41600.png,0.2112,361.66,71.89,391.88,133.84
ch2_ohr_ncp_20250303T0915317317_d_img_d18_x04480_y67200.png,0.2139,527.23,207.62,534.48,214.35
ch2_ohr_ncp_20250303T0915317317_d_img_d18_x05120_y38400.png,0.2532,225.75,586.8,282.41,639.76
ch2_ohr_ncp_20250303T0915317317_d_img_d18_x05120_y38400.png,0.2483,205.72,589.96,283.56,640.0
ch2_ohr_ncp_20250303T0915317317_d_img_d18_x05120_y78720.png,0.2509,411.0,70.58,514.59,153.53
ch2_ohr_ncp_20250303T0915317317_d_img_d18_x05120_y78720.png,0.2213,393.91,63.18,524.57,158.48
ch2_ohr_ncp_20250303T0915317317_d_img_d18_x06400_y79360.png,0.2583,62.4,174.01,147.55,246.69
ch2_ohr_ncp_20250303T0915317317_d_img_d18_x06400_y79360.png,0.2243,56.17,170.88,153.9,264.4
ch2_ohr_ncp_20250303T0915317317_d_img_d18_x07040_y58880.png,0.2109,478.51,0.0,517.62,50.56
ch2_ohr_ncp_20250303T0915317317_d_img_d18_x07040_y78080.png,0.2585,544.47,109.57,640.0,189.93
ch2_ohr_ncp_20250303T0915317317_d_img_d18_x07040_y78080.png,0.2015,532.04,102.42,640.0,197.56
ch2_ohr_ncp_20250303T0915317317_d_img_d18_x08320_y43520.png,0.2733,558.38,408.65,640.0,470.27
ch2_ohr_ncp_20250303T0915317317_d_img_d18_x08320_y43520.png,0.2415,539.6,402.44,640.0,471.9
ch2_ohr_ncp_20250303T0915317317_d_img_d18_x08320_y77440.png,0.3382,0.0,0.0,92.6,52.53
ch2_ohr_ncp_20250303T0915317317_d_img_d18_x08960_y46080.png,0.2708,624.18,541.07,636.22,554.3
ch2_ohr_ncp_20250303T0915317317_d_img_d18_x10880_y83200.png,0.351,427.59,154.23,433.8,167.1
ch2_ohr_ncp_20250303T0915317317_d_img_d18_x11520_y78080.png,0.4059,179.57,604.86,191.83,616.51
ch2_ohr_ncp_20250303T0915317317_d_img_d18_x11520_y79360.png,0.2552,130.81,71.09,137.68,76.83
ch2_ohr_ncp_20250303T0915317317_d_img_d18_x11520_y80000.png,0.2936,309.91,252.5,316.66,259.38
ch2_ohr_ncp_20250303T0915317317_d_img_d18_x11520_y81280.png,0.2235,319.13,487.26,325.59,493.06
ch2_ohr_ncp_20250303T0915317317_d_img_d18_x11520_y81920.png,0.2683,88.8,261.94,93.95,267.53
ch2_ohr_ncp_20250303T0915317317_d_img_d18_x11520_y81920.png,0.2672,377.37,137.22,385.92,143.82
ch2_ohr_ncp_20250303T0915317317_d_img_d18_x11520_y82560.png,0.3662,335.91,517.0,342.49,523.06
ch2_ohr_ncp_20250303T0915317317_d_img_d18_x11520_y82560.png,0.3564,74.36,133.68,81.63,140.34
ch2_ohr_ncp_20250303T0915317317_d_img_d18_x11520_y82560.png,0.3295,250.83,238.77,309.73,292.11
ch2_ohr_ncp_20250303T0915317317_d_img_d18_x11520_y82560.png,0.3258,98.46,159.55,105.51,165.55
ch2_ohr_ncp_20250303T0915317317_d_img_d18_x11520_y82560.png,0.2763,211.79,227.4,217.07,232.47
ch2_ohr_ncp_20250303T0915317317_d_img_d18_x11520_y82560.png,0.2674,43.25,584.46,50.44,590.46
ch2_ohr_ncp_20250303T0915317317_d_img_d18_x11520_y82560.png,0.2585,141.67,206.29,151.61,216.51
ch2_ohr_ncp_20250303T0915317317_d_img_d18_x11520_y82560.png,0.2426,358.42,605.86,367.19,615.22
ch2_ohr_ncp_20250303T0915317317_d_img_d18_x11520_y82560.png,0.2389,378.2,421.79,386.87,429.36
ch2_ohr_ncp_20250303T1114102638_d_img_d18_x00000_y44800.png,0.2906,379.85,77.77,418.5,165.58
ch2_ohr_ncp_20250303T1114102638_d_img_d18_x00000_y49280.png,0.2519,195.42,331.36,299.72,412.37
ch2_ohr_ncp_20250303T1114102638_d_img_d18_x00640_y40960.png,0.204,569.16,260.98,640.0,309.59
ch2_ohr_ncp_20250303T1114102638_d_img_d18_x00640_y49280.png,0.2895,546.73,388.48,578.67,465.98
ch2_ohr_ncp_20250303T1114102638_d_img_d18_x00640_y64000.png,0.2573,443.68,7.32,456.3,37.6
ch2_ohr_ncp_20250303T1114102638_d_img_d18_x00640_y80000.png,0.2577,140.86,317.01,241.35,389.05
ch2_ohr_ncp_20250303T1114102638_d_img_d18_x00640_y83840.png,0.31,145.06,331.96,173.13,409.97
ch2_ohr_ncp_20250303T1114102638_d_img_d18_x00640_y83840.png,0.297,145.53,339.12,177.55,424.38
ch2_ohr_ncp_20250303T1114102638_d_img_d18_x00640_y83840.png,0.2854,148.39,25.83,175.58,101.46
ch2_ohr_ncp_20250303T1114102638_d_img_d18_x00640_y83840.png,0.2102,148.87,338.6,172.12,403.4
ch2_ohr_ncp_20250303T1114102638_d_img_d18_x01280_y78080.png,0.253,478.01,63.8,485.46,71.75
ch2_ohr_ncp_20250303T1114102638_d_img_d18_x01280_y78080.png,0.2088,495.43,75.94,501.51,81.97
ch2_ohr_ncp_20250303T1114102638_d_img_d18_x01280_y78720.png,0.2192,628.52,297.24,636.15,304.14
ch2_ohr_ncp_20250303T1114102638_d_img_d18_x01280_y78720.png,0.2185,374.9,141.89,383.37,149.77
ch2_ohr_ncp_20250303T1114102638_d_img_d18_x01280_y82560.png,0.2181,300.72,585.38,397.58,640.0
ch2_ohr_ncp_20250303T1114102638_d_img_d18_x01920_y60160.png,0.2621,349.67,589.26,433.49,640.0
ch2_ohr_ncp_20250303T1114102638_d_img_d18_x02560_y62080.png,0.331,212.35,0.0,271.59,47.4
ch2_ohr_ncp_20250303T1114102638_d_img_d18_x02560_y65920.png,0.238,285.69,589.3,309.99,640.0
ch2_ohr_ncp_20250303T1114102638_d_img_d18_x02560_y65920.png,0.2215,289.27,596.48,308.48,637.49
ch2_ohr_ncp_20250303T1114102638_d_img_d18_x02560_y83840.png,0.2247,134.12,578.5,221.59,640.0
ch2_ohr_ncp_20250303T1114102638_d_img_d18_x03200_y65920.png,0.217,628.93,420.02,635.45,426.88
ch2_ohr_ncp_20250303T1114102638_d_img_d18_x03840_y42880.png,0.2158,275.69,545.19,368.68,618.74
ch2_ohr_ncp_20250303T1114102638_d_img_d18_x03840_y77440.png,0.2365,336.43,149.2,367.82,219.54
ch2_ohr_ncp_20250303T1114102638_d_img_d18_x03840_y78080.png,0.2573,562.55,606.61,568.89,612.26
ch2_ohr_ncp_20250303T1114102638_d_img_d18_x03840_y78080.png,0.2139,482.89,545.65,489.05,550.9
ch2_ohr_ncp_20250303T1114102638_d_img_d18_x03840_y85760.png,0.2004,581.11,108.25,589.77,118.39
ch2_ohr_ncp_20250303T1114102638_d_img_d18_x05120_y36480.png,0.212,507.97,251.41,619.74,336.35
ch2_ohr_ncp_20250303T1114102638_d_img_d18_x05760_y86400.png,0.2014,460.11,72.45,467.28,78.96
ch2_ohr_ncp_20250303T1114102638_d_img_d18_x06400_y67840.png,0.2826,490.79,249.5,498.51,256.31
ch2_ohr_ncp_20250303T1114102638_d_img_d18_x07040_y87040.png,0.2446,409.16,56.08,414.54,62.13
ch2_ohr_ncp_20250303T1114102638_d_img_d18_x07040_y87040.png,0.2138,568.09,150.84,575.12,157.69
ch2_ohr_ncp_20250303T1114102638_d_img_d18_x08960_y87680.png,0.5031,341.42,86.37,346.98,92.63
ch2_ohr_ncp_20250303T1114102638_d_img_d18_x08960_y87680.png,0.273,531.27,141.83,538.85,148.95
ch2_ohr_ncp_20250303T1114102638_d_img_d18_x08960_y87680.png,0.2708,629.97,470.26,637.88,478.64
ch2_ohr_ncp_20250303T1114102638_d_img_d18_x08960_y87680.png,0.2595,243.49,13.17,250.55,20.18
ch2_ohr_ncp_20250303T1114102638_d_img_d18_x08960_y87680.png,0.2439,523.39,164.43,534.1,178.62
ch2_ohr_ncp_20250303T1114102638_d_img_d18_x08960_y87680.png,0.2428,532.75,149.85,540.35,157.2
ch2_ohr_ncp_20250303T1114102638_d_img_d18_x09600_y84480.png,0.2901,605.39,607.4,636.77,639.78
ch2_ohr_ncp_20250303T1114102638_d_img_d18_x09600_y87680.png,0.3218,54.73,110.09,66.19,120.63
ch2_ohr_ncp_20250303T1114102638_d_img_d18_x09600_y87680.png,0.2161,226.44,181.99,234.39,189.9
ch2_ohr_ncp_20250303T1114102638_d_img_d18_x10240_y80000.png,0.2838,136.77,52.88,229.87,114.38
ch2_ohr_ncp_20250303T1114102638_d_img_d18_x10240_y80000.png,0.2342,110.38,40.35,241.19,119.63
ch2_ohr_ncp_20250303T1114102638_d_img_d18_x10240_y88320.png,0.4912,436.0,419.62,444.78,428.57
ch2_ohr_ncp_20250303T1114102638_d_img_d18_x10240_y88320.png,0.4799,587.52,79.42,595.25,87.93
ch2_ohr_ncp_20250303T1114102638_d_img_d18_x10240_y88320.png,0.4773,482.48,68.44,488.26,74.26
ch2_ohr_ncp_20250303T1114102638_d_img_d18_x10240_y88320.png,0.4311,591.56,283.45,599.15,291.03
ch2_ohr_ncp_20250303T1114102638_d_img_d18_x10240_y88320.png,0.4183,5.66,111.05,10.69,115.78
ch2_ohr_ncp_20250303T1114102638_d_img_d18_x10240_y88320.png,0.3376,443.83,207.3,450.56,214.02
ch2_ohr_ncp_20250303T1114102638_d_img_d18_x10240_y88320.png,0.2907,383.33,5.29,389.54,11.87
ch2_ohr_ncp_20250303T1114102638_d_img_d18_x10240_y88320.png,0.2655,491.62,433.0,498.37,439.32
ch2_ohr_ncp_20250303T1114102638_d_img_d18_x10240_y88320.png,0.255,387.49,12.74,392.62,17.7
ch2_ohr_ncp_20250303T1114102638_d_img_d18_x10240_y88320.png,0.2363,226.69,232.5,235.42,242.87
ch2_ohr_ncp_20250303T1114102638_d_img_d18_x10240_y88320.png,0.2129,561.9,345.95,566.42,351.24
ch2_ohr_ncp_20250303T1114102638_d_img_d18_x10240_y88320.png,0.2121,589.93,0.56,600.01,9.06
ch2_ohr_ncp_20250303T1114102638_d_img_d18_x10880_y80000.png,0.2573,310.11,493.78,410.42,569.76
ch2_ohr_ncp_20250303T1114102638_d_img_d18_x11520_y81920.png,0.4897,52.6,412.23,61.36,423.76
ch2_ohr_ncp_20250303T1114102638_d_img_d18_x11520_y81920.png,0.4879,457.09,565.49,462.64,571.52
ch2_ohr_ncp_20250303T1114102638_d_img_d18_x11520_y81920.png,0.3568,60.69,155.46,66.04,162.12
ch2_ohr_ncp_20250303T1114102638_d_img_d18_x11520_y81920.png,0.314,364.6,609.44,370.52,617.24
ch2_ohr_ncp_20250303T1114102638_d_img_d18_x11520_y81920.png,0.2834,148.96,5.15,170.9,30.89
ch2_ohr_ncp_20250303T1114102638_d_img_d18_x11520_y81920.png,0.2793,400.59,293.35,407.4,299.79
ch2_ohr_ncp_20250303T1114102638_d_img_d18_x11520_y81920.png,0.242,71.54,356.25,78.61,363.32
ch2_ohr_ncp_20250303T1114102638_d_img_d18_x11520_y81920.png,0.2396,73.58,74.13,77.92,78.42
ch2_ohr_ncp_20250303T1114102638_d_img_d18_x11520_y81920.png,0.2372,45.77,7.36,50.48,12.51
ch2_ohr_ncp_20250303T1114102638_d_img_d18_x11520_y82560.png,0.392,113.08,339.2,119.93,347.88
ch2_ohr_ncp_20250303T1114102638_d_img_d18_x11520_y82560.png,0.363,448.79,631.02,456.62,638.51
ch2_ohr_ncp_20250303T1114102638_d_img_d18_x11520_y82560.png,0.36,236.51,537.62,242.67,544.32
ch2_ohr_ncp_20250303T1114102638_d_img_d18_x11520_y82560.png,0.2555,318.21,419.96,349.9,442.93
ch2_ohr_ncp_20250303T1114102638_d_img_d18_x11520_y82560.png,0.2393,238.42,517.37,243.44,522.85
ch2_ohr_ncp_20250303T1114102638_d_img_d18_x11520_y82560.png,0.2046,42.34,186.88,47.67,191.29
ch2_ohr_ncp_20250303T1114102638_d_img_d18_x11520_y83200.png,0.5122,306.77,341.23,314.03,348.34
ch2_ohr_ncp_20250303T1114102638_d_img_d18_x11520_y83200.png,0.4773,317.59,7.22,321.99,13.31
ch2_ohr_ncp_20250303T1114102638_d_img_d18_x11520_y83200.png,0.4604,123.95,236.85,132.48,245.53
ch2_ohr_ncp_20250303T1114102638_d_img_d18_x11520_y83200.png,0.418,370.33,337.89,376.47,344.05
ch2_ohr_ncp_20250303T1114102638_d_img_d18_x11520_y83200.png,0.3939,400.28,587.79,406.19,592.82
ch2_ohr_ncp_20250303T1114102638_d_img_d18_x11520_y83200.png,0.3466,450.4,191.78,459.88,202.63
ch2_ohr_ncp_20250303T1114102638_d_img_d18_x11520_y83200.png,0.304,24.47,73.69,28.96,78.79
ch2_ohr_ncp_20250303T1114102638_d_img_d18_x11520_y83200.png,0.266,296.78,0.0,307.68,6.16
ch2_ohr_ncp_20250303T1114102638_d_img_d18_x11520_y83200.png,0.2476,404.56,120.83,411.56,127.56
ch2_ohr_ncp_20250303T1114102638_d_img_d18_x11520_y83200.png,0.2296,70.98,459.0,78.61,465.92
ch2_ohr_ncp_20250303T1114102638_d_img_d18_x11520_y83200.png,0.22,35.47,312.84,52.76,329.49
ch2_ohr_ncp_20250303T1114102638_d_img_d18_x11520_y83200.png,0.2198,286.42,0.53,294.28,6.53
ch2_ohr_ncp_20250303T1114102638_d_img_d18_x11520_y83200.png,0.2107,353.08,293.34,357.87,298.23
ch2_ohr_ncp_20250303T1114102638_d_img_d18_x11520_y83840.png,0.5437,428.76,505.47,436.49,513.46
ch2_ohr_ncp_20250303T1114102638_d_img_d18_x11520_y83840.png,0.4642,339.67,246.99,349.13,255.95
ch2_ohr_ncp_20250303T1114102638_d_img_d18_x11520_y83840.png,0.4617,283.13,164.93,290.09,172.12
ch2_ohr_ncp_20250303T1114102638_d_img_d18_x11520_y83840.png,0.4317,209.68,0.11,217.15,5.73
ch2_ohr_ncp_20250303T1114102638_d_img_d18_x11520_y83840.png,0.4294,293.79,128.62,300.29,135.12
ch2_ohr_ncp_20250303T1114102638_d_img_d18_x11520_y83840.png,0.4224,389.61,350.69,395.79,357.16
ch2_ohr_ncp_20250303T1114102638_d_img_d18_x11520_y83840.png,0.417,30.42,335.27,35.81,341.52
ch2_ohr_ncp_20250303T1114102638_d_img_d18_x11520_y83840.png,0.4159,443.75,188.13,452.87,197.66
ch2_ohr_ncp_20250303T1114102638_d_img_d18_x11520_y83840.png,0.3615,392.51,560.6,404.72,572.94
ch2_ohr_ncp_20250303T1114102638_d_img_d18_x11520_y83840.png,0.3527,174.04,0.0,193.4,7.49
ch2_ohr_ncp_20250303T1114102638_d_img_d18_x11520_y83840.png,0.3364,55.93,483.19,63.94,491.97
ch2_ohr_ncp_20250303T1114102638_d_img_d18_x11520_y83840.png,0.3138,443.85,101.21,449.58,107.16
ch2_ohr_ncp_20250303T1114102638_d_img_d18_x11520_y83840.png,0.2873,362.15,469.79,368.76,476.35
ch2_ohr_ncp_20250303T1114102638_d_img_d18_x11520_y83840.png,0.2658,242.66,565.87,250.83,579.77
ch2_ohr_ncp_20250303T1114102638_d_img_d18_x11520_y83840.png,0.2588,89.05,531.4,99.42,541.57
ch2_ohr_ncp_20250303T1114102638_d_img_d18_x11520_y83840.png,0.2561,307.45,410.77,317.6,421.38
ch2_ohr_ncp_20250303T1114102638_d_img_d18_x11520_y83840.png,0.2035,123.78,178.12,129.06,183.73
ch2_ohr_ncp_20250303T1114102638_d_img_d18_x11520_y83840.png,0.2021,395.29,404.1,400.62,410.02
ch2_ohr_ncp_20250303T1114102638_d_img_d18_x11520_y84480.png,0.4396,438.42,296.05,448.41,305.24
ch2_ohr_ncp_20250303T1114102638_d_img_d18_x11520_y84480.png,0.4249,176.35,358.95,182.31,365.52
ch2_ohr_ncp_20250303T1114102638_d_img_d18_x11520_y84480.png,0.4104,19.77,104.81,26.2,111.79
ch2_ohr_ncp_20250303T1114102638_d_img_d18_x11520_y84480.png,0.323,354.32,561.12,361.19,567.96
ch2_ohr_ncp_20250303T1114102638_d_img_d18_x11520_y84480.png,0.2932,399.11,34.17,406.43,43.52
ch2_ohr_ncp_20250303T1114102638_d_img_d18_x11520_y84480.png,0.2316,222.3,529.79,229.69,537.62
ch2_ohr_ncp_20250303T1114102638_d_img_d18_x11520_y85120.png,0.4614,91.73,595.06,98.18,601.32
ch2_ohr_ncp_20250303T1114102638_d_img_d18_x11520_y85120.png,0.3866,431.96,376.4,438.69,382.13
ch2_ohr_ncp_20250303T1114102638_d_img_d18_x11520_y85120.png,0.3637,195.04,126.22,199.95,131.12
ch2_ohr_ncp_20250303T1114102638_d_img_d18_x11520_y85120.png,0.363,341.28,212.72,348.46,219.57
ch2_ohr_ncp_20250303T1114102638_d_img_d18_x11520_y85120.png,0.3473,48.09,565.9,53.13,570.82
ch2_ohr_ncp_20250303T1114102638_d_img_d18_x11520_y85120.png,0.3031,449.28,247.06,455.19,253.28
ch2_ohr_ncp_20250303T1114102638_d_img_d18_x11520_y85120.png,0.2531,91.5,596.17,97.48,602.63
ch2_ohr_ncp_20250303T1114102638_d_img_d18_x11520_y85120.png,0.2239,212.72,165.6,218.28,170.85
ch2_ohr_ncp_20250303T1114102638_d_img_d18_x11520_y85120.png,0.2165,461.64,233.55,471.15,243.46
ch2_ohr_ncp_20250303T1114102638_d_img_d18_x11520_y85120.png,0.2083,381.58,83.57,389.51,91.74
ch2_ohr_ncp_20250303T1114102638_d_img_d18_x11520_y85760.png,0.4816,223.58,488.52,229.19,494.91
ch2_ohr_ncp_20250303T1114102638_d_img_d18_x11520_y85760.png,0.4196,396.88,82.39,404.04,91.44
ch2_ohr_ncp_20250303T1114102638_d_img_d18_x11520_y85760.png,0.3686,115.33,113.42,120.67,119.44
ch2_ohr_ncp_20250303T1114102638_d_img_d18_x11520_y85760.png,0.3578,378.55,24.26,383.74,29.67
ch2_ohr_ncp_20250303T1114102638_d_img_d18_x11520_y85760.png,0.3356,388.04,0.0,414.76,17.1
ch2_ohr_ncp_20250303T1114102638_d_img_d18_x11520_y85760.png,0.2573,422.91,218.93,431.15,228.27
ch2_ohr_ncp_20250303T1114102638_d_img_d18_x11520_y85760.png,0.2271,242.65,45.78,249.74,50.55
ch2_ohr_ncp_20250303T1114102638_d_img_d18_x11520_y85760.png,0.2253,168.29,452.5,177.36,460.57
ch2_ohr_ncp_20250303T1114102638_d_img_d18_x11520_y85760.png,0.215,416.14,39.69,427.78,50.48
ch2_ohr_ncp_20250303T1114102638_d_img_d18_x11520_y85760.png,0.2007,302.79,0.0,309.51,3.13
ch2_ohr_ncp_20250303T1114102638_d_img_d18_x11520_y85760.png,0.2005,242.37,45.18,249.44,49.35
ch2_ohr_ncp_20250303T1114102638_d_img_d18_x11520_y86400.png,0.586,295.63,130.66,302.56,138.05
ch2_ohr_ncp_20250303T1114102638_d_img_d18_x11520_y86400.png,0.5823,149.82,564.71,157.58,573.12
ch2_ohr_ncp_20250303T1114102638_d_img_d18_x11520_y86400.png,0.5688,84.94,261.06,91.9,267.57
ch2_ohr_ncp_20250303T1114102638_d_img_d18_x11520_y86400.png,0.4756,180.88,476.66,187.35,482.81
ch2_ohr_ncp_20250303T1114102638_d_img_d18_x11520_y86400.png,0.4717,71.52,613.54,81.18,624.74
ch2_ohr_ncp_20250303T1114102638_d_img_d18_x11520_y86400.png,0.4714,168.12,622.12,174.53,627.6
ch2_ohr_ncp_20250303T1114102638_d_img_d18_x11520_y86400.png,0.4212,104.96,286.5,113.09,293.71
ch2_ohr_ncp_20250303T1114102638_d_img_d18_x11520_y86400.png,0.3831,238.55,100.8,254.88,116.23
ch2_ohr_ncp_20250303T1114102638_d_img_d18_x11520_y86400.png,0.3496,368.18,517.16,376.09,526.4
ch2_ohr_ncp_20250303T1114102638_d_img_d18_x11520_y86400.png,0.3389,320.77,189.51,327.71,195.78
ch2_ohr_ncp_20250303T1114102638_d_img_d18_x11520_y86400.png,0.3163,411.14,185.27,418.33,192.41
ch2_ohr_ncp_20250303T1114102638_d_img_d18_x11520_y86400.png,0.2443,299.86,396.36,306.21,403.3
ch2_ohr_ncp_20250303T1114102638_d_img_d18_x11520_y86400.png,0.2128,176.62,615.5,189.28,627.09
ch2_ohr_ncp_20250303T1114102638_d_img_d18_x11520_y86400.png,0.2009,15.35,189.39,26.23,203.14
ch2_ohr_ncp_20250303T1114102638_d_img_d18_x11520_y87040.png,0.6376,370.07,329.39,387.6,351.33
ch2_ohr_ncp_20250303T1114102638_d_img_d18_x11520_y87040.png,0.5286,233.91,577.47,239.96,584.13
ch2_ohr_ncp_20250303T1114102638_d_img_d18_x11520_y87040.png,0.4841,160.37,98.49,170.5,108.72
ch2_ohr_ncp_20250303T1114102638_d_img_d18_x11520_y87040.png,0.4264,44.45,24.02,51.72,32.62
ch2_ohr_ncp_20250303T1114102638_d_img_d18_x11520_y87040.png,0.4146,56.28,33.3,64.45,42.81
ch2_ohr_ncp_20250303T1114102638_d_img_d18_x11520_y87040.png,0.4089,145.32,484.56,154.17,493.75
ch2_ohr_ncp_20250303T1114102638_d_img_d18_x11520_y87040.png,0.4085,99.72,15.96,110.62,28.86
ch2_ohr_ncp_20250303T1114102638_d_img_d18_x11520_y87040.png,0.3814,70.12,550.03,76.41,556.29
ch2_ohr_ncp_20250303T1114102638_d_img_d18_x11520_y87040.png,0.3582,356.52,173.76,364.31,180.63
ch2_ohr_ncp_20250303T1114102638_d_img_d18_x11520_y87040.png,0.3406,162.46,412.28,167.41,417.09
ch2_ohr_ncp_20250303T1114102638_d_img_d18_x11520_y87040.png,0.2758,141.29,429.95,146.23,435.21
ch2_ohr_ncp_20250303T1114102638_d_img_d18_x11520_y87040.png,0.2751,130.22,629.57,138.07,636.65
ch2_ohr_ncp_20250303T1114102638_d_img_d18_x11520_y87040.png,0.2693,147.89,425.17,152.79,430.27
ch2_ohr_ncp_20250303T1114102638_d_img_d18_x11520_y87040.png,0.2572,150.79,324.93,161.9,338.22
ch2_ohr_ncp_20250303T1114102638_d_img_d18_x11520_y87040.png,0.2302,74.45,0.25,85.22,12.05
ch2_ohr_ncp_20250303T1114102638_d_img_d18_x11520_y87040.png,0.227,35.17,440.37,39.57,445.05
ch2_ohr_ncp_20250303T1114102638_d_img_d18_x11520_y87680.png,0.534,353.44,175.42,361.83,183.92
ch2_ohr_ncp_20250303T1114102638_d_img_d18_x11520_y87680.png,0.4808,312.12,485.79,318.18,491.52
ch2_ohr_ncp_20250303T1114102638_d_img_d18_x11520_y87680.png,0.4708,250.55,56.77,261.22,69.95
ch2_ohr_ncp_20250303T1114102638_d_img_d18_x11520_y87680.png,0.4249,256.52,83.96,264.39,91.99
ch2_ohr_ncp_20250303T1114102638_d_img_d18_x11520_y87680.png,0.4145,235.91,538.8,242.0,545.28
ch2_ohr_ncp_20250303T1114102638_d_img_d18_x11520_y87680.png,0.4073,244.91,626.91,250.87,633.61
ch2_ohr_ncp_20250303T1114102638_d_img_d18_x11520_y87680.png,0.3949,160.72,505.93,165.98,510.85
ch2_ohr_ncp_20250303T1114102638_d_img_d18_x11520_y87680.png,0.3779,164.58,124.11,170.59,130.74
ch2_ohr_ncp_20250303T1114102638_d_img_d18_x11520_y87680.png,0.3281,340.0,292.88,345.7,298.78
ch2_ohr_ncp_20250303T1114102638_d_img_d18_x11520_y87680.png,0.316,15.95,0.25,22.74,6.5
ch2_ohr_ncp_20250303T1114102638_d_img_d18_x11520_y87680.png,0.315,393.47,300.84,399.45,306.35
ch2_ohr_ncp_20250303T1114102638_d_img_d18_x11520_y87680.png,0.313,244.2,504.6,251.95,511.87
ch2_ohr_ncp_20250303T1114102638_d_img_d18_x11520_y87680.png,0.3124,84.12,249.28,91.39,255.49
ch2_ohr_ncp_20250303T1114102638_d_img_d18_x11520_y87680.png,0.2948,455.55,557.48,461.88,564.14
ch2_ohr_ncp_20250303T1114102638_d_img_d18_x11520_y87680.png,0.2655,243.45,516.1,253.11,526.37
ch2_ohr_ncp_20250303T1114102638_d_img_d18_x11520_y87680.png,0.2364,417.36,434.24,423.29,440.32
ch2_ohr_ncp_20250303T1114102638_d_img_d18_x11520_y87680.png,0.2302,267.87,422.47,275.91,430.68
ch2_ohr_ncp_20250303T1114102638_d_img_d18_x11520_y87680.png,0.221,321.92,462.8,330.14,471.57
ch2_ohr_ncp_20250303T1114102638_d_img_d18_x11520_y87680.png,0.2197,267.93,419.8,277.36,430.53
ch2_ohr_ncp_20250303T1114102638_d_img_d18_x11520_y87680.png,0.2183,329.78,517.65,335.53,523.04
ch2_ohr_ncp_20250303T1114102638_d_img_d18_x11520_y87680.png,0.217,272.53,83.36,278.72,91.53
ch2_ohr_ncp_20250303T1114102638_d_img_d18_x11520_y87680.png,0.2136,181.47,375.63,187.24,380.9
ch2_ohr_ncp_20250303T1114102638_d_img_d18_x11520_y88320.png,0.5979,2.9,616.19,20.48,638.04
ch2_ohr_ncp_20250303T1114102638_d_img_d18_x11520_y88320.png,0.5868,30.26,481.29,36.19,487.69
ch2_ohr_ncp_20250303T1114102638_d_img_d18_x11520_y88320.png,0.4866,53.36,348.86,61.07,358.96
ch2_ohr_ncp_20250303T1114102638_d_img_d18_x11520_y88320.png,0.4842,32.43,87.6,37.02,92.9
ch2_ohr_ncp_20250303T1114102638_d_img_d18_x11520_y88320.png,0.4785,359.66,165.71,365.89,171.92
ch2_ohr_ncp_20250303T1114102638_d_img_d18_x11520_y88320.png,0.4047,406.28,48.02,413.82,57.07
ch2_ohr_ncp_20250303T1114102638_d_img_d18_x11520_y88320.png,0.3755,232.86,441.89,237.36,446.35
ch2_ohr_ncp_20250303T1114102638_d_img_d18_x11520_y88320.png,0.338,337.49,538.89,351.91,552.72
ch2_ohr_ncp_20250303T1114102638_d_img_d18_x11520_y88320.png,0.3081,274.68,42.65,282.14,50.8
ch2_ohr_ncp_20250303T1114102638_d_img_d18_x11520_y88320.png,0.2913,439.26,513.69,447.12,523.84
ch2_ohr_ncp_20250303T1114102638_d_img_d18_x11520_y88320.png,0.2761,387.39,183.05,393.52,188.11
ch2_ohr_ncp_20250303T1114102638_d_img_d18_x11520_y88320.png,0.2711,340.47,324.55,347.23,331.6
ch2_ohr_ncp_20250303T1114102638_d_img_d18_x11520_y88320.png,0.2632,224.9,305.44,230.09,312.93
ch2_ohr_ncp_20250303T1114102638_d_img_d18_x11520_y88320.png,0.235,29.55,61.19,33.75,65.2
ch2_ohr_ncp_20250303T1114102638_d_img_d18_x11520_y88320.png,0.2257,374.0,143.36,379.49,149.33
ch2_ohr_ncp_20250303T1114102638_d_img_d18_x11520_y88320.png,0.2073,123.94,37.78,135.6,48.97
ch2_ohr_ncp_20250303T1114102638_d_img_d18_x11520_y88960.png,0.3903,325.39,76.26,332.98,83.43
ch2_ohr_ncp_20250303T1114102638_d_img_d18_x11520_y88960.png,0.2929,76.04,412.86,81.28,416.92
ch2_ohr_ncp_20250303T1114102638_d_img_d18_x11520_y88960.png,0.2885,276.57,62.16,284.43,70.91
ch2_ohr_ncp_20250303T1114102638_d_img_d18_x11520_y88960.png,0.2844,127.83,212.23,134.51,219.96
ch2_ohr_ncp_20250303T1114102638_d_img_d18_x11520_y88960.png,0.284,90.63,365.56,96.01,370.03
ch2_ohr_ncp_20250303T1114102638_d_img_d18_x11520_y88960.png,0.2413,341.3,83.47,347.92,90.27
ch2_ohr_ncp_20250303T1114102638_d_img_d18_x11520_y88960.png,0.213,348.84,129.34,356.24,135.54
ch2_ohr_ncp_20250303T1114102638_d_img_d18_x11520_y88960.png,0.2052,237.38,175.5,244.79,183.12
ch2_ohr_ncp_20250304T0655103610_d_img_d18_x00000_y42880.png,0.2676,2.15,0.79,25.9,33.76
ch2_ohr_ncp_20250304T0655103610_d_img_d18_x00000_y48640.png,0.2459,422.13,0.0,487.36,50.49
ch2_ohr_ncp_20250304T0655103610_d_img_d18_x00000_y58880.png,0.2337,0.0,311.45,96.71,402.15
ch2_ohr_ncp_20250304T0655103610_d_img_d18_x00640_y84480.png,0.5254,521.97,252.06,530.96,259.17
ch2_ohr_ncp_20250304T0655103610_d_img_d18_x00640_y84480.png,0.4042,441.34,70.96,446.86,76.59
ch2_ohr_ncp_20250304T0655103610_d_img_d18_x00640_y84480.png,0.3783,343.39,158.43,349.62,166.0
ch2_ohr_ncp_20250304T0655103610_d_img_d18_x00640_y84480.png,0.2164,506.44,259.84,513.31,266.79
ch2_ohr_ncp_20250304T0655103610_d_img_d18_x00640_y84480.png,0.2121,383.55,37.78,391.56,47.27
ch2_ohr_ncp_20250304T0655103610_d_img_d18_x01280_y37760.png,0.2133,453.03,510.66,541.54,577.67
ch2_ohr_ncp_20250304T0655103610_d_img_d18_x01280_y64000.png,0.3608,45.43,94.92,51.03,101.06
ch2_ohr_ncp_20250304T0655103610_d_img_d18_x01280_y64000.png,0.324,518.4,91.19,525.92,99.81
ch2_ohr_ncp_20250304T0655103610_d_img_d18_x01280_y64000.png,0.3191,35.63,57.46,41.55,63.88
ch2_ohr_ncp_20250304T0655103610_d_img_d18_x01280_y64000.png,0.3045,442.87,108.58,447.71,114.32
ch2_ohr_ncp_20250304T0655103610_d_img_d18_x01280_y64000.png,0.3027,180.22,53.92,186.24,60.17
ch2_ohr_ncp_20250304T0655103610_d_img_d18_x01280_y64000.png,0.3024,356.67,45.46,362.42,51.83
ch2_ohr_ncp_20250304T0655103610_d_img_d18_x01280_y64000.png,0.2721,68.98,45.92,78.39,56.19
ch2_ohr_ncp_20250304T0655103610_d_img_d18_x01280_y64000.png,0.2502,12.5,47.13,20.43,55.75
ch2_ohr_ncp_20250304T0655103610_d_img_d18_x01280_y64000.png,0.2455,25.53,99.39,32.22,106.72
ch2_ohr_ncp_20250304T0655103610_d_img_d18_x01280_y64000.png,0.2207,515.35,152.43,521.66,158.06
ch2_ohr_ncp_20250304T0655103610_d_img_d18_x01280_y64000.png,0.2135,26.27,99.63,32.95,105.94
ch2_ohr_ncp_20250304T0655103610_d_img_d18_x01280_y85120.png,0.2416,518.05,371.05,522.91,376.03
ch2_ohr_ncp_20250304T0655103610_d_img_d18_x01920_y40960.png,0.2533,174.67,312.0,253.01,381.19
ch2_ohr_ncp_20250304T0655103610_d_img_d18_x01920_y40960.png,0.2194,26.55,104.13,119.5,174.67
ch2_ohr_ncp_20250304T0655103610_d_img_d18_x01920_y48000.png,0.2667,0.0,217.06,48.49,279.14
ch2_ohr_ncp_20250304T0655103610_d_img_d18_x01920_y76160.png,0.2147,0.0,76.31,29.37,155.74
ch2_ohr_ncp_20250304T0655103610_d_img_d18_x01920_y85760.png,0.3232,603.88,22.38,613.68,32.63
ch2_ohr_ncp_20250304T0655103610_d_img_d18_x02560_y85760.png,0.3056,412.26,491.58,431.92,515.45
ch2_ohr_ncp_20250304T0655103610_d_img_d18_x02560_y85760.png,0.3051,131.8,253.85,137.39,260.17
ch2_ohr_ncp_20250304T0655103610_d_img_d18_x02560_y85760.png,0.2298,467.17,362.3,474.25,369.28
ch2_ohr_ncp_20250304T0655103610_d_img_d18_x03200_y76800.png,0.2987,365.2,413.95,464.86,494.24
ch2_ohr_ncp_20250304T0655103610_d_img_d18_x03200_y76800.png,0.2515,268.96,328.18,388.18,413.42
ch2_ohr_ncp_20250304T0655103610_d_img_d18_x03200_y86400.png,0.2672,77.56,14.91,85.64,22.52
ch2_ohr_ncp_20250304T0655103610_d_img_d18_x03840_y39040.png,0.3228,0.0,113.37,22.09,163.26
ch2_ohr_ncp_20250304T0655103610_d_img_d18_x03840_y87040.png,0.2801,545.52,283.68,564.38,314.06
ch2_ohr_ncp_20250304T0655103610_d_img_d18_x04480_y79360.png,0.2637,213.91,566.39,220.38,573.48
ch2_ohr_ncp_20250304T0655103610_d_img_d18_x04480_y80000.png,0.3337,0.0,354.51,30.19,436.34
ch2_ohr_ncp_20250304T0655103610_d_img_d18_x04480_y87040.png,0.2919,236.84,80.21,243.57,86.66
ch2_ohr_ncp_20250304T0655103610_d_img_d18_x04480_y87040.png,0.2454,575.82,592.66,586.49,604.47
ch2_ohr_ncp_20250304T0655103610_d_img_d18_x04480_y87040.png,0.2263,274.85,181.82,282.31,190.19
ch2_ohr_ncp_20250304T0655103610_d_img_d18_x05120_y87680.png,0.3913,431.82,467.02,489.27,557.41
ch2_ohr_ncp_20250304T0655103610_d_img_d18_x05120_y87680.png,0.3353,542.5,388.18,550.6,397.93
ch2_ohr_ncp_20250304T0655103610_d_img_d18_x05120_y87680.png,0.317,436.09,482.39,478.37,556.66
ch2_ohr_ncp_20250304T0655103610_d_img_d18_x05120_y87680.png,0.3006,96.62,420.68,133.8,479.18
ch2_ohr_ncp_20250304T0655103610_d_img_d18_x05120_y87680.png,0.225,436.78,496.93,473.22,551.72
ch2_ohr_ncp_20250304T0655103610_d_img_d18_x05760_y38400.png,0.2409,567.8,251.56,640.0,306.27
ch2_ohr_ncp_20250304T0655103610_d_img_d18_x05760_y38400.png,0.2114,582.94,255.87,640.0,305.57
ch2_ohr_ncp_20250304T0655103610_d_img_d18_x05760_y88320.png,0.4241,478.98,446.57,485.59,454.74
ch2_ohr_ncp_20250304T0655103610_d_img_d18_x05760_y88320.png,0.3899,501.61,158.75,514.59,172.6
ch2_ohr_ncp_20250304T0655103610_d_img_d18_x05760_y88320.png,0.2428,382.47,335.53,391.24,344.97
ch2_ohr_ncp_20250304T0655103610_d_img_d18_x05760_y88320.png,0.2288,493.73,446.51,499.14,452.09
ch2_ohr_ncp_20250304T0655103610_d_img_d18_x05760_y88320.png,0.2033,204.29,342.17,212.03,350.14
ch2_ohr_ncp_20250304T0655103610_d_img_d18_x06400_y79360.png,0.3496,355.4,8.1,413.9,80.52
ch2_ohr_ncp_20250304T0655103610_d_img_d18_x07040_y88960.png,0.2311,35.35,7.66,42.99,15.34
ch2_ohr_ncp_20250304T0655103610_d_img_d18_x07680_y89600.png,0.4034,218.4,36.88,226.81,46.01
ch2_ohr_ncp_20250304T0655103610_d_img_d18_x07680_y89600.png,0.2494,238.43,56.62,244.72,63.95
ch2_ohr_ncp_20250304T0655103610_d_img_d18_x08320_y90880.png,0.2387,555.79,141.91,575.53,201.57
ch2_ohr_ncp_20250304T0655103610_d_img_d18_x08320_y90880.png,0.2175,557.93,139.31,574.64,186.56
ch2_ohr_ncp_20250304T0655103610_d_img_d18_x08960_y90880.png,0.472,160.44,302.55,169.02,311.53
ch2_ohr_ncp_20250304T0655103610_d_img_d18_x08960_y90880.png,0.2338,110.24,259.89,121.74,271.39
ch2_ohr_ncp_20250304T0655103610_d_img_d18_x08960_y90880.png,0.2185,110.0,38.78,130.42,55.44
ch2_ohr_ncp_20250304T0655103610_d_img_d18_x10240_y91520.png,0.4311,406.21,336.56,415.25,347.7
ch2_ohr_ncp_20250304T0655103610_d_img_d18_x10240_y91520.png,0.3844,406.65,399.93,416.79,409.47
ch2_ohr_ncp_20250304T0655103610_d_img_d18_x10240_y91520.png,0.324,22.3,433.56,30.44,442.37
ch2_ohr_ncp_20250304T0655103610_d_img_d18_x10240_y91520.png,0.3173,163.03,297.03,171.53,306.37
ch2_ohr_ncp_20250304T0655103610_d_img_d18_x10240_y91520.png,0.2607,488.85,596.76,500.64,607.28
ch2_ohr_ncp_20250304T0655103610_d_img_d18_x10240_y91520.png,0.2447,579.28,530.85,584.63,536.39
ch2_ohr_ncp_20250304T0655103610_d_img_d18_x10240_y92160.png,0.5605,452.25,207.36,461.26,217.22
ch2_ohr_ncp_20250304T0655103610_d_img_d18_x10240_y92160.png,0.5419,496.11,112.01,507.71,121.91
ch2_ohr_ncp_20250304T0655103610_d_img_d18_x10240_y92160.png,0.5086,537.13,225.07,542.79,231.04
ch2_ohr_ncp_20250304T0655103610_d_img_d18_x10240_y92160.png,0.5065,372.14,20.45,379.92,26.46
ch2_ohr_ncp_20250304T0655103610_d_img_d18_x10240_y92160.png,0.493,483.07,158.51,489.99,167.66
ch2_ohr_ncp_20250304T0655103610_d_img_d18_x10240_y92160.png,0.4869,521.93,232.66,529.25,240.77
ch2_ohr_ncp_20250304T0655103610_d_img_d18_x10240_y92160.png,0.461,526.06,284.91,531.96,292.87
ch2_ohr_ncp_20250304T0655103610_d_img_d18_x10240_y92160.png,0.4268,458.06,160.36,463.93,166.43
ch2_ohr_ncp_20250304T0655103610_d_img_d18_x10240_y92160.png,0.4248,518.99,494.51,526.69,501.46
ch2_ohr_ncp_20250304T0655103610_d_img_d18_x10240_y92160.png,0.4227,484.93,96.84,494.43,103.79
ch2_ohr_ncp_20250304T0655103610_d_img_d18_x10240_y92160.png,0.3897,479.1,399.45,486.31,405.94
ch2_ohr_ncp_20250304T0655103610_d_img_d18_x10240_y92160.png,0.3793,471.31,183.48,478.38,188.7
ch2_ohr_ncp_20250304T0655103610_d_img_d18_x10240_y92160.png,0.3769,452.84,172.89,458.5,179.17
ch2_ohr_ncp_20250304T0655103610_d_img_d18_x10240_y92160.png,0.3646,417.25,130.88,422.92,137.23
ch2_ohr_ncp_20250304T0655103610_d_img_d18_x10240_y92160.png,0.3221,350.59,310.64,357.26,318.95
ch2_ohr_ncp_20250304T0655103610_d_img_d18_x10240_y92160.png,0.2964,531.1,224.61,537.15,230.75
ch2_ohr_ncp_20250304T0655103610_d_img_d18_x10240_y92160.png,0.2723,535.43,225.04,541.99,231.03
ch2_ohr_ncp_20250304T0655103610_d_img_d18_x10240_y92160.png,0.2719,538.0,163.29,545.31,173.35
ch2_ohr_ncp_20250304T0655103610_d_img_d18_x10240_y92160.png,0.2583,447.76,218.71,455.71,224.93
ch2_ohr_ncp_20250304T0655103610_d_img_d18_x10240_y92160.png,0.2504,524.27,245.62,530.61,251.67
ch2_ohr_ncp_20250304T0655103610_d_img_d18_x10240_y92160.png,0.2355,434.15,123.79,443.74,133.1
ch2_ohr_ncp_20250304T0655103610_d_img_d18_x10240_y92160.png,0.2326,566.89,409.76,574.82,416.11
ch2_ohr_ncp_20250304T0655103610_d_img_d18_x10240_y92160.png,0.2315,537.87,225.29,543.4,231.69
ch2_ohr_ncp_20250304T0655103610_d_img_d18_x10240_y92160.png,0.2208,505.87,92.92,512.84,99.19
ch2_ohr_ncp_20250304T0655103610_d_img_d18_x10240_y92160.png,0.2147,446.27,310.91,452.07,316.57
ch2_ohr_ncp_20250304T0655103610_d_img_d18_x10880_y87040.png,0.3074,562.46,140.14,569.5,146.74
ch2_ohr_ncp_20250304T0655103610_d_img_d18_x10880_y92160.png,0.303,2.56,35.74,10.34,43.86
ch2_ohr_ncp_20250304T0655103610_d_img_d18_x10880_y92160.png,0.2377,159.7,179.73,170.93,190.72
ch2_ohr_ncp_20250304T0655103610_d_img_d18_x10880_y92800.png,0.2892,514.79,287.57,521.55,292.61
ch2_ohr_ncp_20250304T0655103610_d_img_d18_x11520_y85120.png,0.4326,113.4,324.89,118.91,331.49
ch2_ohr_ncp_20250304T0655103610_d_img_d18_x11520_y85120.png,0.3562,83.99,465.3,91.2,472.32
ch2_ohr_ncp_20250304T0655103610_d_img_d18_x11520_y85120.png,0.3214,211.67,384.59,220.55,393.69
ch2_ohr_ncp_20250304T0655103610_d_img_d18_x11520_y85120.png,0.2673,320.86,604.69,327.78,612.24
ch2_ohr_ncp_20250304T0655103610_d_img_d18_x11520_y85120.png,0.2587,405.65,188.65,412.31,195.85
ch2_ohr_ncp_20250304T0655103610_d_img_d18_x11520_y85120.png,0.2578,218.37,53.31,226.42,61.71
ch2_ohr_ncp_20250304T0655103610_d_img_d18_x11520_y85120.png,0.2401,89.94,260.84,94.7,265.63
ch2_ohr_ncp_20250304T0655103610_d_img_d18_x11520_y85120.png,0.2401,313.03,92.3,318.76,99.32
ch2_ohr_ncp_20250304T0655103610_d_img_d18_x11520_y85120.png,0.2285,348.76,169.2,355.71,176.54
ch2_ohr_ncp_20250304T0655103610_d_img_d18_x11520_y85120.png,0.2151,111.46,324.52,118.19,331.49
ch2_ohr_ncp_20250304T0655103610_d_img_d18_x11520_y85120.png,0.2008,263.56,218.45,271.48,229.15
ch2_ohr_ncp_20250304T0655103610_d_img_d18_x11520_y85760.png,0.5696,235.75,360.29,242.51,367.68
ch2_ohr_ncp_20250304T0655103610_d_img_d18_x11520_y85760.png,0.5408,385.24,402.15,393.38,412.05
ch2_ohr_ncp_20250304T0655103610_d_img_d18_x11520_y85760.png,0.4369,246.11,377.75,255.24,387.5
ch2_ohr_ncp_20250304T0655103610_d_img_d18_x11520_y85760.png,0.4238,287.32,603.26,298.03,613.39
ch2_ohr_ncp_20250304T0655103610_d_img_d18_x11520_y85760.png,0.3961,26.74,365.45,31.18,369.9
ch2_ohr_ncp_20250304T0655103610_d_img_d18_x11520_y85760.png,0.3877,459.93,629.9,467.77,637.36
ch2_ohr_ncp_20250304T0655103610_d_img_d18_x11520_y85760.png,0.3588,26.96,568.66,34.69,576.48
ch2_ohr_ncp_20250304T0655103610_d_img_d18_x11520_y85760.png,0.3272,146.23,145.11,155.58,154.83
ch2_ohr_ncp_20250304T0655103610_d_img_d18_x11520_y85760.png,0.2785,353.88,473.65,358.63,478.41
ch2_ohr_ncp_20250304T0655103610_d_img_d18_x11520_y85760.png,0.2521,413.82,172.1,420.74,179.19
ch2_ohr_ncp_20250304T0655103610_d_img_d18_x11520_y85760.png,0.2231,51.09,165.28,57.81,172.16
ch2_ohr_ncp_20250304T0655103610_d_img_d18_x11520_y85760.png,0.2106,160.49,45.3,165.67,50.99
ch2_ohr_ncp_20250304T0655103610_d_img_d18_x11520_y86400.png,0.4887,295.88,496.13,301.89,502.59
ch2_ohr_ncp_20250304T0655103610_d_img_d18_x11520_y86400.png,0.3908,250.81,468.27,256.41,474.5
ch2_ohr_ncp_20250304T0655103610_d_img_d18_x11520_y86400.png,0.3459,284.47,485.75,289.92,491.32
ch2_ohr_ncp_20250304T0655103610_d_img_d18_x11520_y86400.png,0.3235,166.37,149.03,172.28,155.44
ch2_ohr_ncp_20250304T0655103610_d_img_d18_x11520_y86400.png,0.2951,151.74,585.0,158.3,591.77
ch2_ohr_ncp_20250304T0655103610_d_img_d18_x11520_y86400.png,0.2858,247.04,274.19,253.04,279.94
ch2_ohr_ncp_20250304T0655103610_d_img_d18_x11520_y86400.png,0.261,436.74,277.59,448.48,289.78
ch2_ohr_ncp_20250304T0655103610_d_img_d18_x11520_y86400.png,0.232,346.95,130.58,356.96,140.91
ch2_ohr_ncp_20250304T0655103610_d_img_d18_x11520_y86400.png,0.223,124.97,468.9,131.34,475.12
ch2_ohr_ncp_20250304T0655103610_d_img_d18_x11520_y86400.png,0.2218,118.47,350.95,127.18,359.3
ch2_ohr_ncp_20250304T0655103610_d_img_d18_x11520_y86400.png,0.2205,356.89,96.09,364.09,103.37
ch2_ohr_ncp_20250304T0655103610_d_img_d18_x11520_y86400.png,0.2202,352.29,547.22,358.6,554.14
ch2_ohr_ncp_20250304T0655103610_d_img_d18_x11520_y86400.png,0.2169,346.36,174.76,353.27,182.64
ch2_ohr_ncp_20250304T0655103610_d_img_d18_x11520_y86400.png,0.2099,42.5,272.17,53.51,281.55
ch2_ohr_ncp_20250304T0655103610_d_img_d18_x11520_y86400.png,0.2079,150.11,324.02,154.7,328.51
ch2_ohr_ncp_20250304T0655103610_d_img_d18_x11520_y86400.png,0.2042,299.41,528.67,305.94,536.77
ch2_ohr_ncp_20250304T0655103610_d_img_d18_x11520_y87040.png,0.4443,301.12,565.81,306.98,571.29
ch2_ohr_ncp_20250304T0655103610_d_img_d18_x11520_y87040.png,0.4418,407.87,540.22,413.91,546.16
ch2_ohr_ncp_20250304T0655103610_d_img_d18_x11520_y87040.png,0.4394,350.37,382.91,358.13,391.73
ch2_ohr_ncp_20250304T0655103610_d_img_d18_x11520_y87040.png,0.3964,307.05,260.76,317.25,271.87
ch2_ohr_ncp_20250304T0655103610_d_img_d18_x11520_y87040.png,0.3645,322.21,309.31,331.66,319.96
ch2_ohr_ncp_20250304T0655103610_d_img_d18_x11520_y87040.png,0.3075,336.54,288.37,341.38,293.43
ch2_ohr_ncp_20250304T0655103610_d_img_d18_x11520_y87040.png,0.3074,384.07,620.1,390.25,625.58
ch2_ohr_ncp_20250304T0655103610_d_img_d18_x11520_y87040.png,0.2961,372.85,629.54,380.51,638.51
ch2_ohr_ncp_20250304T0655103610_d_img_d18_x11520_y87040.png,0.2674,101.78,201.69,108.67,210.11
ch2_ohr_ncp_20250304T0655103610_d_img_d18_x11520_y87040.png,0.2547,5.9,348.56,14.51,358.34
ch2_ohr_ncp_20250304T0655103610_d_img_d18_x11520_y87040.png,0.2262,367.23,0.33,373.1,5.79
ch2_ohr_ncp_20250304T0655103610_d_img_d18_x11520_y87040.png,0.2152,321.09,548.04,327.18,553.82
ch2_ohr_ncp_20250304T0655103610_d_img_d18_x11520_y87040.png,0.2088,148.8,246.47,154.33,252.61
ch2_ohr_ncp_20250304T0655103610_d_img_d18_x11520_y87040.png,0.208,451.89,334.6,462.14,345.25
ch2_ohr_ncp_20250304T0655103610_d_img_d18_x11520_y87680.png,0.6049,410.71,462.82,418.67,470.97
ch2_ohr_ncp_20250304T0655103610_d_img_d18_x11520_y87680.png,0.6025,355.06,390.05,361.89,397.25
ch2_ohr_ncp_20250304T0655103610_d_img_d18_x11520_y87680.png,0.5878,57.38,434.96,65.38,444.08
ch2_ohr_ncp_20250304T0655103610_d_img_d18_x11520_y87680.png,0.5372,32.12,439.14,37.03,444.35
ch2_ohr_ncp_20250304T0655103610_d_img_d18_x11520_y87680.png,0.5047,265.3,397.49,271.91,404.16
ch2_ohr_ncp_20250304T0655103610_d_img_d18_x11520_y87680.png,0.475,257.69,187.72,264.19,194.47
ch2_ohr_ncp_20250304T0655103610_d_img_d18_x11520_y87680.png,0.4506,303.95,321.76,308.8,326.19
ch2_ohr_ncp_20250304T0655103610_d_img_d18_x11520_y87680.png,0.4309,329.76,145.56,336.61,153.76
ch2_ohr_ncp_20250304T0655103610_d_img_d18_x11520_y87680.png,0.4204,148.78,597.44,159.18,610.05
ch2_ohr_ncp_20250304T0655103610_d_img_d18_x11520_y87680.png,0.4139,419.87,122.21,425.97,128.93
ch2_ohr_ncp_20250304T0655103610_d_img_d18_x11520_y87680.png,0.392,298.82,257.5,304.1,262.99
ch2_ohr_ncp_20250304T0655103610_d_img_d18_x11520_y87680.png,0.3811,360.37,75.77,367.85,82.93
ch2_ohr_ncp_20250304T0655103610_d_img_d18_x11520_y87680.png,0.3801,214.69,497.32,220.74,503.43
ch2_ohr_ncp_20250304T0655103610_d_img_d18_x11520_y87680.png,0.3613,425.45,441.3,431.67,447.35
ch2_ohr_ncp_20250304T0655103610_d_img_d18_x11520_y87680.png,0.3329,338.52,318.26,343.73,323.79
ch2_ohr_ncp_20250304T0655103610_d_img_d18_x11520_y87680.png,0.3172,414.02,109.49,425.4,122.21
ch2_ohr_ncp_20250304T0655103610_d_img_d18_x11520_y87680.png,0.2955,327.32,592.46,338.77,604.82
ch2_ohr_ncp_20250304T0655103610_d_img_d18_x11520_y87680.png,0.2861,358.17,308.7,364.75,315.3
ch2_ohr_ncp_20250304T0655103610_d_img_d18_x11520_y87680.png,0.2766,338.93,353.86,343.53,358.61
ch2_ohr_ncp_20250304T0655103610_d_img_d18_x11520_y87680.png,0.2724,196.56,455.17,202.09,461.07
ch2_ohr_ncp_20250304T0655103610_d_img_d18_x11520_y87680.png,0.2412,348.52,0.47,355.09,6.15
ch2_ohr_ncp_20250304T0655103610_d_img_d18_x11520_y87680.png,0.2392,358.68,441.92,365.57,447.54
ch2_ohr_ncp_20250304T0655103610_d_img_d18_x11520_y87680.png,0.2353,264.57,397.69,270.65,403.71
ch2_ohr_ncp_20250304T0655103610_d_img_d18_x11520_y87680.png,0.2291,340.43,309.74,345.4,314.85
ch2_ohr_ncp_20250304T0655103610_d_img_d18_x11520_y87680.png,0.2154,81.21,252.47,86.04,259.03
ch2_ohr_ncp_20250304T0655103610_d_img_d18_x11520_y87680.png,0.21,46.96,204.88,52.83,211.19
ch2_ohr_ncp_20250304T0655103610_d_img_d18_x11520_y87680.png,0.2066,24.23,523.86,30.73,530.78
ch2_ohr_ncp_20250304T0655103610_d_img_d18_x11520_y88320.png,0.5727,268.49,450.8,277.49,461.6
ch2_ohr_ncp_20250304T0655103610_d_img_d18_x11520_y88320.png,0.5342,294.21,362.64,303.73,373.48
ch2_ohr_ncp_20250304T0655103610_d_img_d18_x11520_y88320.png,0.5221,377.47,21.22,383.02,27.71
ch2_ohr_ncp_20250304T0655103610_d_img_d18_x11520_y88320.png,0.5053,213.19,292.32,223.12,303.46
ch2_ohr_ncp_20250304T0655103610_d_img_d18_x11520_y88320.png,0.49,250.96,406.63,270.35,429.33
ch2_ohr_ncp_20250304T0655103610_d_img_d18_x11520_y88320.png,0.4855,233.44,222.34,239.69,229.36
ch2_ohr_ncp_20250304T0655103610_d_img_d18_x11520_y88320.png,0.4793,153.56,631.07,164.67,640.0
ch2_ohr_ncp_20250304T0655103610_d_img_d18_x11520_y88320.png,0.4699,137.63,593.98,143.03,599.26
ch2_ohr_ncp_20250304T0655103610_d_img_d18_x11520_y88320.png,0.4673,253.29,435.94,260.12,442.5
ch2_ohr_ncp_20250304T0655103610_d_img_d18_x11520_y88320.png,0.4613,44.71,211.94,49.15,217.62
ch2_ohr_ncp_20250304T0655103610_d_img_d18_x11520_y88320.png,0.4399,224.75,281.42,229.85,286.74
ch2_ohr_ncp_20250304T0655103610_d_img_d18_x11520_y88320.png,0.4293,306.82,446.45,313.34,452.86
ch2_ohr_ncp_20250304T0655103610_d_img_d18_x11520_y88320.png,0.4126,209.53,357.82,214.29,363.25
ch2_ohr_ncp_20250304T0655103610_d_img_d18_x11520_y88320.png,0.4046,250.23,308.5,257.5,316.56
ch2_ohr_ncp_20250304T0655103610_d_img_d18_x11520_y88320.png,0.4016,136.26,524.82,141.46,530.47
ch2_ohr_ncp_20250304T0655103610_d_img_d18_x11520_y88320.png,0.3834,100.64,285.16,105.7,290.24
ch2_ohr_ncp_20250304T0655103610_d_img_d18_x11520_y88320.png,0.3833,213.69,246.47,220.39,254.6
ch2_ohr_ncp_20250304T0655103610_d_img_d18_x11520_y88320.png,0.3672,63.11,160.55,69.99,166.67
ch2_ohr_ncp_20250304T0655103610_d_img_d18_x11520_y88320.png,0.3539,370.68,487.97,378.03,495.27
ch2_ohr_ncp_20250304T0655103610_d_img_d18_x11520_y88320.png,0.3496,192.38,264.13,196.62,268.69
ch2_ohr_ncp_20250304T0655103610_d_img_d18_x11520_y88320.png,0.3323,93.45,153.86,99.42,159.08
ch2_ohr_ncp_20250304T0655103610_d_img_d18_x11520_y88320.png,0.3236,212.89,335.39,219.64,342.17
ch2_ohr_ncp_20250304T0655103610_d_img_d18_x11520_y88320.png,0.319,304.6,459.54,310.54,466.42
ch2_ohr_ncp_20250304T0655103610_d_img_d18_x11520_y88320.png,0.3029,86.36,459.49,93.51,468.85
ch2_ohr_ncp_20250304T0655103610_d_img_d18_x11520_y88320.png,0.2927,99.26,122.98,107.1,133.23
ch2_ohr_ncp_20250304T0655103610_d_img_d18_x11520_y88320.png,0.2882,315.42,391.64,327.86,406.09
ch2_ohr_ncp_20250304T0655103610_d_img_d18_x11520_y88320.png,0.2611,133.52,532.8,138.88,537.6
ch2_ohr_ncp_20250304T0655103610_d_img_d18_x11520_y88320.png,0.2581,101.71,62.34,109.17,70.5
ch2_ohr_ncp_20250304T0655103610_d_img_d18_x11520_y88320.png,0.2546,69.58,577.25,75.25,582.95
ch2_ohr_ncp_20250304T0655103610_d_img_d18_x11520_y88320.png,0.2324,260.36,308.25,266.48,314.59
ch2_ohr_ncp_20250304T0655103610_d_img_d18_x11520_y88320.png,0.2311,315.11,392.08,323.39,405.23
ch2_ohr_ncp_20250304T0655103610_d_img_d18_x11520_y88320.png,0.221,256.84,170.51,261.48,176.44
ch2_ohr_ncp_20250304T0655103610_d_img_d18_x11520_y88320.png,0.2167,162.2,394.48,167.27,399.65
ch2_ohr_ncp_20250304T0655103610_d_img_d18_x11520_y88320.png,0.2131,237.12,267.57,241.56,271.57
ch2_ohr_ncp_20250304T0655103610_d_img_d18_x11520_y88320.png,0.205,158.82,47.18,164.13,53.64
ch2_ohr_ncp_20250304T0655103610_d_img_d18_x11520_y88960.png,0.6148,52.13,146.94,59.39,155.55
ch2_ohr_ncp_20250304T0655103610_d_img_d18_x11520_y88960.png,0.5678,406.76,551.75,413.28,558.07
ch2_ohr_ncp_20250304T0655103610_d_img_d18_x11520_y88960.png,0.5552,98.6,41.19,109.3,51.78
ch2_ohr_ncp_20250304T0655103610_d_img_d18_x11520_y88960.png,0.5177,25.14,49.97,34.59,58.82
ch2_ohr_ncp_20250304T0655103610_d_img_d18_x11520_y88960.png,0.4975,420.92,537.71,427.11,543.76
ch2_ohr_ncp_20250304T0655103610_d_img_d18_x11520_y88960.png,0.4281,331.24,335.48,337.06,341.65
ch2_ohr_ncp_20250304T0655103610_d_img_d18_x11520_y88960.png,0.4177,356.1,371.89,362.66,379.4
ch2_ohr_ncp_20250304T0655103610_d_img_d18_x11520_y88960.png,0.3949,318.45,332.05,323.44,337.23
ch2_ohr_ncp_20250304T0655103610_d_img_d18_x11520_y88960.png,0.3735,375.57,16.65,380.53,22.53
ch2_ohr_ncp_20250304T0655103610_d_img_d18_x11520_y88960.png,0.3733,260.25,562.06,269.74,571.48
ch2_ohr_ncp_20250304T0655103610_d_img_d18_x11520_y88960.png,0.359,37.64,19.23,42.61,23.85
ch2_ohr_ncp_20250304T0655103610_d_img_d18_x11520_y88960.png,0.3432,299.69,377.43,305.34,383.59
ch2_ohr_ncp_20250304T0655103610_d_img_d18_x11520_y88960.png,0.3271,300.13,493.98,305.02,500.42
ch2_ohr_ncp_20250304T0655103610_d_img_d18_x11520_y88960.png,0.3195,138.02,141.15,143.66,148.38
ch2_ohr_ncp_20250304T0655103610_d_img_d18_x11520_y88960.png,0.3083,66.79,200.79,73.87,206.3
ch2_ohr_ncp_20250304T0655103610_d_img_d18_x11520_y88960.png,0.2975,422.62,408.26,432.97,420.23
ch2_ohr_ncp_20250304T0655103610_d_img_d18_x11520_y88960.png,0.2834,234.58,151.0,239.46,156.44
ch2_ohr_ncp_20250304T0655103610_d_img_d18_x11520_y88960.png,0.2706,154.36,211.31,160.06,219.43
ch2_ohr_ncp_20250304T0655103610_d_img_d18_x11520_y88960.png,0.26,232.81,165.46,237.66,171.28
ch2_ohr_ncp_20250304T0655103610_d_img_d18_x11520_y88960.png,0.2572,331.32,334.47,336.75,340.37
ch2_ohr_ncp_20250304T0655103610_d_img_d18_x11520_y88960.png,0.2478,370.77,500.83,376.08,506.72
ch2_ohr_ncp_20250304T0655103610_d_img_d18_x11520_y88960.png,0.2366,89.91,64.97,98.96,74.09
ch2_ohr_ncp_20250304T0655103610_d_img_d18_x11520_y88960.png,0.234,64.23,160.79,69.44,165.66
ch2_ohr_ncp_20250304T0655103610_d_img_d18_x11520_y88960.png,0.2237,178.81,128.78,186.12,138.26
ch2_ohr_ncp_20250304T0655103610_d_img_d18_x11520_y88960.png,0.2124,400.59,180.26,409.34,189.57
ch2_ohr_ncp_20250304T0655103610_d_img_d18_x11520_y89600.png,0.4513,253.66,117.72,260.59,125.16
ch2_ohr_ncp_20250304T0655103610_d_img_d18_x11520_y89600.png,0.4031,400.39,305.73,406.22,314.03
ch2_ohr_ncp_20250304T0655103610_d_img_d18_x11520_y89600.png,0.3938,121.51,60.71,127.78,68.57
ch2_ohr_ncp_20250304T0655103610_d_img_d18_x11520_y89600.png,0.3706,27.33,104.11,33.73,110.83
ch2_ohr_ncp_20250304T0655103610_d_img_d18_x11520_y89600.png,0.3668,152.76,626.98,158.81,635.8
ch2_ohr_ncp_20250304T0655103610_d_img_d18_x11520_y89600.png,0.3539,85.16,74.38,89.73,79.12
ch2_ohr_ncp_20250304T0655103610_d_img_d18_x11520_y89600.png,0.3239,388.95,18.15,394.46,23.93
ch2_ohr_ncp_20250304T0655103610_d_img_d18_x11520_y89600.png,0.317,368.48,449.01,374.0,455.73
ch2_ohr_ncp_20250304T0655103610_d_img_d18_x11520_y89600.png,0.3042,17.77,90.46,24.57,97.16
ch2_ohr_ncp_20250304T0655103610_d_img_d18_x11520_y89600.png,0.2844,437.05,598.36,445.23,607.75
ch2_ohr_ncp_20250304T0655103610_d_img_d18_x11520_y89600.png,0.284,243.93,92.58,249.59,99.3
ch2_ohr_ncp_20250304T0655103610_d_img_d18_x11520_y89600.png,0.2808,298.51,517.42,304.26,523.81
ch2_ohr_ncp_20250304T0655103610_d_img_d18_x11520_y89600.png,0.2303,301.46,431.89,305.84,436.48
ch2_ohr_ncp_20250304T0655103610_d_img_d18_x11520_y89600.png,0.2083,4.05,204.26,8.49,208.92
ch2_ohr_ncp_20250304T0655103610_d_img_d18_x11520_y90240.png,0.3915,352.85,256.29,357.6,261.69
ch2_ohr_ncp_20250304T0655103610_d_img_d18_x11520_y90240.png,0.2264,285.54,438.29,292.13,446.53
ch2_ohr_ncp_20250304T0655103610_d_img_d18_x11520_y92800.png,0.4669,123.26,283.5,129.17,289.45
ch2_ohr_ncp_20250304T0655103610_d_img_d18_x11520_y92800.png,0.4157,263.49,385.37,274.92,394.92
ch2_ohr_ncp_20250304T0655103610_d_img_d18_x11520_y92800.png,0.3176,164.45,238.97,170.78,246.49
ch2_ohr_ncp_20250304T0655103610_d_img_d18_x11520_y92800.png,0.296,167.55,420.89,173.24,425.59
ch2_ohr_ncp_20250304T0655103610_d_img_d18_x11520_y92800.png,0.235,135.84,276.04,142.67,283.52
ch2_ohr_ncp_20250304T0655103610_d_img_d18_x11520_y93440.png,0.4939,359.9,114.73,367.06,120.83
ch2_ohr_ncp_20250304T0655103610_d_img_d18_x11520_y93440.png,0.4587,370.17,462.16,378.17,467.68
ch2_ohr_ncp_20250304T0655103610_d_img_d18_x11520_y93440.png,0.4138,256.25,312.41,262.0,320.33
ch2_ohr_ncp_20250304T0655103610_d_img_d18_x11520_y93440.png,0.3521,394.7,438.3,401.22,444.0
ch2_ohr_ncp_20250304T0655103610_d_img_d18_x11520_y93440.png,0.3044,448.68,142.7,454.63,148.25
ch2_ohr_ncp_20250304T0655103610_d_img_d18_x11520_y93440.png,0.2985,307.81,287.14,313.16,293.64
ch2_ohr_ncp_20250304T0655103610_d_img_d18_x11520_y93440.png,0.2781,409.28,380.92,416.28,387.97
ch2_ohr_ncp_20250304T0655103610_d_img_d18_x11520_y93440.png,0.2387,237.81,192.21,243.75,196.92
ch2_ohr_ncp_20250304T0655103610_d_img_d18_x11520_y93440.png,0.2268,420.16,355.07,425.43,359.6
ch2_ohr_ncp_20250304T0655103610_d_img_d18_x11520_y93440.png,0.2177,388.98,189.54,394.41,195.04
ch2_ohr_ncp_20250304T0655103610_d_img_d18_x11520_y93440.png,0.2007,444.67,193.8,449.75,199.02
ch2_ohr_ncp_20250304T1050453845_d_img_d18_x00000_y83840.png,0.2045,559.1,294.73,611.01,380.35
ch2_ohr_ncp_20250304T1050453845_d_img_d18_x00000_y90240.png,0.4059,588.24,30.25,598.84,40.57
ch2_ohr_ncp_20250304T1050453845_d_img_d18_x00640_y38400.png,0.2633,440.29,462.53,528.16,533.78
ch2_ohr_ncp_20250304T1050453845_d_img_d18_x00640_y90880.png,0.21,328.4,275.22,335.49,282.33
ch2_ohr_ncp_20250304T1050453845_d_img_d18_x01280_y90880.png,0.2495,447.6,254.06,455.41,261.64
ch2_ohr_ncp_20250304T1050453845_d_img_d18_x01280_y91520.png,0.5033,587.55,189.73,595.85,196.3
ch2_ohr_ncp_20250304T1050453845_d_img_d18_x01920_y48000.png,0.3409,362.61,355.39,457.31,420.44
ch2_ohr_ncp_20250304T1050453845_d_img_d18_x01920_y48000.png,0.2833,498.28,527.64,589.97,604.38
ch2_ohr_ncp_20250304T1050453845_d_img_d18_x01920_y48000.png,0.2604,345.6,342.52,463.44,422.28
ch2_ohr_ncp_20250304T1050453845_d_img_d18_x01920_y48000.png,0.248,512.4,536.89,586.64,603.17
ch2_ohr_ncp_20250304T1050453845_d_img_d18_x01920_y83840.png,0.2474,492.42,503.5,608.88,585.25
ch2_ohr_ncp_20250304T1050453845_d_img_d18_x01920_y83840.png,0.2351,42.5,219.27,123.69,279.65
ch2_ohr_ncp_20250304T1050453845_d_img_d18_x01920_y83840.png,0.2263,471.65,488.34,605.02,576.36
ch2_ohr_ncp_20250304T1050453845_d_img_d18_x01920_y83840.png,0.2208,551.62,544.78,640.0,632.89
ch2_ohr_ncp_20250304T1050453845_d_img_d18_x01920_y91520.png,0.212,476.11,250.94,485.4,260.04
ch2_ohr_ncp_20250304T1050453845_d_img_d18_x02560_y50560.png,0.2612,627.11,622.07,633.64,630.01
ch2_ohr_ncp_20250304T1050453845_d_img_d18_x02560_y52480.png,0.2982,200.74,0.0,295.62,54.07
ch2_ohr_ncp_20250304T1050453845_d_img_d18_x02560_y84480.png,0.2329,487.88,311.21,609.03,399.25
ch2_ohr_ncp_20250304T1050453845_d_img_d18_x03200_y66560.png,0.2231,463.8,371.82,537.47,449.7
ch2_ohr_ncp_20250304T1050453845_d_img_d18_x03200_y86400.png,0.2743,315.4,412.92,321.75,418.63
ch2_ohr_ncp_20250304T1050453845_d_img_d18_x03200_y86400.png,0.2106,319.82,239.49,326.13,247.65
ch2_ohr_ncp_20250304T1050453845_d_img_d18_x03200_y92160.png,0.405,306.56,140.43,316.88,148.21
ch2_ohr_ncp_20250304T1050453845_d_img_d18_x03200_y92160.png,0.387,536.86,263.64,543.35,270.49
ch2_ohr_ncp_20250304T1050453845_d_img_d18_x03200_y92160.png,0.3354,512.04,204.55,524.25,215.49
ch2_ohr_ncp_20250304T1050453845_d_img_d18_x03200_y92160.png,0.3171,0.0,74.73,12.7,96.98
ch2_ohr_ncp_20250304T1050453845_d_img_d18_x03200_y92160.png,0.3137,341.2,44.58,354.36,53.71
ch2_ohr_ncp_20250304T1050453845_d_img_d18_x03840_y92800.png,0.2438,92.8,205.26,100.01,212.0
ch2_ohr_ncp_20250304T1050453845_d_img_d18_x05120_y48640.png,0.3154,220.63,0.0,290.89,49.43
ch2_ohr_ncp_20250304T1050453845_d_img_d18_x05120_y87680.png,0.2007,203.13,10.24,335.35,80.6
ch2_ohr_ncp_20250304T1050453845_d_img_d18_x06400_y52480.png,0.2516,230.8,156.98,364.31,239.93
ch2_ohr_ncp_20250304T1050453845_d_img_d18_x06400_y94720.png,0.3417,626.18,0.0,639.82,19.74
ch2_ohr_ncp_20250304T1050453845_d_img_d18_x06400_y94720.png,0.2623,550.53,173.65,572.33,207.34
ch2_ohr_ncp_20250304T1050453845_d_img_d18_x07040_y94720.png,0.2204,552.5,624.08,566.02,639.94
ch2_ohr_ncp_20250304T1050453845_d_img_d18_x07040_y95360.png,0.2544,410.23,91.91,420.0,101.17
ch2_ohr_ncp_20250304T1050453845_d_img_d18_x08320_y96000.png,0.4082,569.7,304.39,577.79,311.7
ch2_ohr_ncp_20250304T1050453845_d_img_d18_x08320_y96000.png,0.2815,117.96,303.32,127.08,310.73
ch2_ohr_ncp_20250304T1050453845_d_img_d18_x08320_y96000.png,0.2515,554.11,312.18,561.3,318.77
ch2_ohr_ncp_20250304T1050453845_d_img_d18_x08320_y96000.png,0.2489,221.65,185.21,231.21,193.92
ch2_ohr_ncp_20250304T1050453845_d_img_d18_x08960_y96640.png,0.2716,105.45,347.09,115.23,353.7
ch2_ohr_ncp_20250304T1050453845_d_img_d18_x09600_y92160.png,0.277,493.34,0.0,566.24,49.92
ch2_ohr_ncp_20250304T1050453845_d_img_d18_x09600_y97280.png,0.209,339.43,82.04,345.39,88.38
ch2_ohr_ncp_20250304T1050453845_d_img_d18_x09600_y97920.png,0.2132,539.89,79.73,548.22,85.73
ch2_ohr_ncp_20250304T1050453845_d_img_d18_x10240_y97920.png,0.2868,83.99,258.23,89.85,263.63
ch2_ohr_ncp_20250304T1050453845_d_img_d18_x10240_y97920.png,0.2546,150.28,373.48,155.46,379.76
ch2_ohr_ncp_20250304T1050453845_d_img_d18_x10240_y97920.png,0.2338,120.3,304.49,127.7,309.77
ch2_ohr_ncp_20250304T1050453845_d_img_d18_x10240_y97920.png,0.2289,200.89,85.7,207.14,92.47
ch2_ohr_ncp_20250304T1050453845_d_img_d18_x10880_y98560.png,0.2894,601.61,245.05,608.92,250.91
ch2_ohr_ncp_20250304T1050453845_d_img_d18_x11520_y92160.png,0.2423,382.06,174.21,494.77,249.76
ch2_ohr_ncp_20250304T1050453845_d_img_d18_x11520_y92160.png,0.2128,278.62,107.42,384.53,172.55
ch2_ohr_ncp_20250304T1050453845_d_img_d18_x11520_y93440.png,0.3084,26.28,302.26,31.76,308.66
ch2_ohr_ncp_20250304T1050453845_d_img_d18_x11520_y93440.png,0.2856,194.59,90.43,203.14,99.33
ch2_ohr_ncp_20250304T1050453845_d_img_d18_x11520_y93440.png,0.2802,329.56,128.48,340.77,137.99
ch2_ohr_ncp_20250304T1050453845_d_img_d18_x11520_y93440.png,0.2708,206.42,42.4,215.8,50.32
ch2_ohr_ncp_20250304T1050453845_d_img_d18_x11520_y93440.png,0.2693,40.62,220.81,52.34,230.97
ch2_ohr_ncp_20250304T1050453845_d_img_d18_x11520_y93440.png,0.2249,86.3,62.53,94.66,69.97
ch2_ohr_ncp_20250304T1050453845_d_img_d18_x11520_y93440.png,0.2195,321.04,138.75,327.65,144.65
ch2_ohr_ncp_20250304T1050453845_d_img_d18_x11520_y93440.png,0.2094,63.98,54.2,71.89,61.14
ch2_ohr_ncp_20250304T1050453845_d_img_d18_x11520_y94080.png,0.4662,356.03,400.32,363.71,407.49
ch2_ohr_ncp_20250304T1050453845_d_img_d18_x11520_y94080.png,0.4224,316.8,492.87,323.38,500.03
ch2_ohr_ncp_20250304T1050453845_d_img_d18_x11520_y94080.png,0.3977,207.54,308.76,214.69,315.74
ch2_ohr_ncp_20250304T1050453845_d_img_d18_x11520_y94080.png,0.3592,166.53,531.38,170.97,535.6
ch2_ohr_ncp_20250304T1050453845_d_img_d18_x11520_y94080.png,0.2706,31.42,64.62,58.89,89.5
ch2_ohr_ncp_20250304T1050453845_d_img_d18_x11520_y94080.png,0.2116,447.11,541.81,453.85,547.49
ch2_ohr_ncp_20250304T1050453845_d_img_d18_x11520_y94720.png,0.3034,369.55,82.87,376.13,88.58
ch2_ohr_ncp_20250304T1050453845_d_img_d18_x11520_y94720.png,0.2961,347.1,26.76,354.53,33.57
ch2_ohr_ncp_20250304T1050453845_d_img_d18_x11520_y94720.png,0.235,351.93,392.71,357.8,399.65
ch2_ohr_ncp_20250304T1050453845_d_img_d18_x11520_y94720.png,0.2258,60.53,206.59,66.54,212.9
ch2_ohr_ncp_20250304T1050453845_d_img_d18_x11520_y94720.png,0.2076,380.07,38.86,388.53,46.25
ch2_ohr_ncp_20250304T1050453845_d_img_d18_x11520_y95360.png,0.414,373.38,301.77,380.57,309.4
ch2_ohr_ncp_20250304T1050453845_d_img_d18_x11520_y95360.png,0.3347,411.35,564.28,419.83,571.59
ch2_ohr_ncp_20250304T1050453845_d_img_d18_x11520_y95360.png,0.29,258.83,349.15,266.13,356.22
ch2_ohr_ncp_20250304T1050453845_d_img_d18_x11520_y95360.png,0.2399,334.31,371.51,341.31,378.23
ch2_ohr_ncp_20250304T1050453845_d_img_d18_x11520_y95360.png,0.2227,320.51,368.39,328.84,374.76
ch2_ohr_ncp_20250304T1050453845_d_img_d18_x11520_y96000.png,0.5744,111.7,284.61,119.95,292.77
ch2_ohr_ncp_20250304T1050453845_d_img_d18_x11520_y96000.png,0.5307,214.72,273.89,223.82,284.81
ch2_ohr_ncp_20250304T1050453845_d_img_d18_x11520_y96000.png,0.4641,421.89,412.94,428.65,420.14
ch2_ohr_ncp_20250304T1050453845_d_img_d18_x11520_y96000.png,0.4104,190.98,451.18,197.74,457.38
ch2_ohr_ncp_20250304T1050453845_d_img_d18_x11520_y96000.png,0.4077,251.3,4.35,257.79,10.11
ch2_ohr_ncp_20250304T1050453845_d_img_d18_x11520_y96000.png,0.4038,118.86,309.92,133.52,324.09
ch2_ohr_ncp_20250304T1050453845_d_img_d18_x11520_y96000.png,0.3835,73.78,290.81,79.87,298.32
ch2_ohr_ncp_20250304T1050453845_d_img_d18_x11520_y96000.png,0.3405,110.01,206.26,116.16,212.07
ch2_ohr_ncp_20250304T1050453845_d_img_d18_x11520_y96000.png,0.3064,70.32,497.65,79.75,506.98
ch2_ohr_ncp_20250304T1050453845_d_img_d18_x11520_y96000.png,0.3025,152.7,208.56,159.28,214.8
ch2_ohr_ncp_20250304T1050453845_d_img_d18_x11520_y96000.png,0.3004,74.15,290.62,81.25,298.9
ch2_ohr_ncp_20250304T1050453845_d_img_d18_x11520_y96000.png,0.2924,97.33,325.33,106.29,334.98
ch2_ohr_ncp_20250304T1050453845_d_img_d18_x11520_y96000.png,0.2823,35.24,463.33,40.93,469.16
ch2_ohr_ncp_20250304T1050453845_d_img_d18_x11520_y96000.png,0.2616,459.69,96.99,465.7,102.63
ch2_ohr_ncp_20250304T1050453845_d_img_d18_x11520_y96000.png,0.2511,235.55,54.22,242.82,60.89
ch2_ohr_ncp_20250304T1050453845_d_img_d18_x11520_y96000.png,0.2302,342.23,355.98,351.24,363.91
ch2_ohr_ncp_20250304T1050453845_d_img_d18_x11520_y96000.png,0.2231,257.1,145.85,263.94,153.36
ch2_ohr_ncp_20250304T1050453845_d_img_d18_x11520_y96000.png,0.2135,372.71,359.37,380.03,365.88
ch2_ohr_ncp_20250304T1050453845_d_img_d18_x11520_y96000.png,0.2042,98.93,24.15,107.36,31.32
ch2_ohr_ncp_20250304T1050453845_d_img_d18_x11520_y96640.png,0.5447,335.42,416.71,341.03,422.44
ch2_ohr_ncp_20250304T1050453845_d_img_d18_x11520_y96640.png,0.4735,113.03,291.91,119.34,298.54
ch2_ohr_ncp_20250304T1050453845_d_img_d18_x11520_y96640.png,0.3406,112.33,292.4,118.3,298.6
ch2_ohr_ncp_20250304T1050453845_d_img_d18_x11520_y96640.png,0.3075,129.17,286.08,133.83,290.89
ch2_ohr_ncp_20250304T1050453845_d_img_d18_x11520_y96640.png,0.3015,403.69,422.81,409.75,429.96
ch2_ohr_ncp_20250304T1050453845_d_img_d18_x11520_y96640.png,0.279,70.5,0.5,78.49,6.68
ch2_ohr_ncp_20250304T1050453845_d_img_d18_x11520_y96640.png,0.2778,49.37,103.09,53.96,108.04
ch2_ohr_ncp_20250304T1050453845_d_img_d18_x11520_y96640.png,0.2771,403.57,348.1,409.56,353.75
ch2_ohr_ncp_20250304T1050453845_d_img_d18_x11520_y96640.png,0.2734,344.66,534.16,350.75,540.45
ch2_ohr_ncp_20250304T1050453845_d_img_d18_x11520_y96640.png,0.2646,329.57,461.38,334.48,466.39
ch2_ohr_ncp_20250304T1050453845_d_img_d18_x11520_y96640.png,0.2322,309.41,469.77,317.29,477.78
ch2_ohr_ncp_20250304T1050453845_d_img_d18_x11520_y96640.png,0.2231,419.65,101.66,427.29,109.05
ch2_ohr_ncp_20250304T1050453845_d_img_d18_x11520_y96640.png,0.2182,219.21,84.99,225.33,90.9
ch2_ohr_ncp_20250304T1050453845_d_img_d18_x11520_y97280.png,0.5133,360.67,542.27,382.97,567.1
ch2_ohr_ncp_20250304T1050453845_d_img_d18_x11520_y97280.png,0.441,277.44,515.89,284.83,523.15
ch2_ohr_ncp_20250304T1050453845_d_img_d18_x11520_y97280.png,0.4323,368.77,430.77,374.57,436.55
ch2_ohr_ncp_20250304T1050453845_d_img_d18_x11520_y97280.png,0.4204,55.32,564.09,65.35,573.27
ch2_ohr_ncp_20250304T1050453845_d_img_d18_x11520_y97280.png,0.2884,364.59,415.96,369.91,420.93
ch2_ohr_ncp_20250304T1050453845_d_img_d18_x11520_y97280.png,0.281,263.01,635.44,271.57,640.0
ch2_ohr_ncp_20250304T1050453845_d_img_d18_x11520_y97280.png,0.2665,153.89,580.15,161.94,586.9
ch2_ohr_ncp_20250304T1050453845_d_img_d18_x11520_y97280.png,0.242,286.8,499.66,292.53,504.53
ch2_ohr_ncp_20250304T1050453845_d_img_d18_x11520_y97280.png,0.2212,49.39,490.9,55.52,496.17
ch2_ohr_ncp_20250304T1050453845_d_img_d18_x11520_y97280.png,0.2118,291.06,580.63,313.71,604.07
ch2_ohr_ncp_20250304T1050453845_d_img_d18_x11520_y97280.png,0.2085,278.09,260.43,285.67,267.81
ch2_ohr_ncp_20250304T1050453845_d_img_d18_x11520_y97920.png,0.3519,148.46,133.68,156.29,140.22
ch2_ohr_ncp_20250304T1050453845_d_img_d18_x11520_y97920.png,0.3106,110.83,246.89,118.63,255.03
ch2_ohr_ncp_20250304T1050453845_d_img_d18_x11520_y97920.png,0.2077,14.4,535.95,19.23,540.99
ch2_ohr_ncp_20250304T1050453845_d_img_d18_x11520_y98560.png,0.3188,0.23,406.54,7.65,413.85
ch2_ohr_ncp_20250304T1050453845_d_img_d18_x11520_y98560.png,0.2942,53.78,89.75,59.06,95.45
ch2_ohr_ncp_20250304T1050453845_d_img_d18_x11520_y98560.png,0.2728,379.37,539.76,384.75,545.07
ch2_ohr_ncp_20250304T1050453845_d_img_d18_x11520_y98560.png,0.2598,176.4,578.19,180.06,582.29
ch2_ohr_ncp_20250304T1050453845_d_img_d18_x11520_y99200.png,0.7037,337.71,393.59,352.29,415.52
ch2_ohr_ncp_20250304T1050453845_d_img_d18_x11520_y99200.png,0.5089,384.08,375.89,394.18,384.1
ch2_ohr_ncp_20250304T1050453845_d_img_d18_x11520_y99200.png,0.2833,414.85,6.39,434.87,27.0
ch2_ohr_ncp_20250304T1050453845_d_img_d18_x11520_y99200.png,0.2739,300.1,622.59,306.75,628.5
ch2_ohr_ncp_20250304T1050453845_d_img_d18_x11520_y99840.png,0.4389,130.01,113.93,136.07,119.64
ch2_ohr_ncp_20250304T1249251285_d_img_d18_x00000_y36480.png,0.2205,494.21,48.35,590.71,124.09
ch2_ohr_ncp_20250304T1249251285_d_img_d18_x00000_y63360.png,0.2123,137.28,0.0,229.42,54.64
ch2_ohr_ncp_20250304T1249251285_d_img_d18_x00000_y69120.png,0.3003,472.61,0.0,490.23,14.48
ch2_ohr_ncp_20250304T1249251285_d_img_d18_x00000_y69120.png,0.2478,299.63,128.93,309.1,137.37
ch2_ohr_ncp_20250304T1249251285_d_img_d18_x00000_y69120.png,0.2302,297.38,140.34,306.53,148.04
ch2_ohr_ncp_20250304T1249251285_d_img_d18_x00000_y69120.png,0.227,296.73,140.85,305.23,149.08
ch2_ohr_ncp_20250304T1249251285_d_img_d18_x00000_y69120.png,0.2181,595.53,55.56,601.75,62.52
ch2_ohr_ncp_20250304T1249251285_d_img_d18_x00000_y69120.png,0.2028,349.87,103.71,356.38,109.56
ch2_ohr_ncp_20250304T1249251285_d_img_d18_x00000_y69120.png,0.2022,581.55,155.18,588.35,162.63
ch2_ohr_ncp_20250304T1249251285_d_img_d18_x00000_y90880.png,0.2958,474.56,177.89,483.78,186.09
ch2_ohr_ncp_20250304T1249251285_d_img_d18_x00000_y90880.png,0.262,571.83,134.38,578.01,141.14
ch2_ohr_ncp_20250304T1249251285_d_img_d18_x00000_y90880.png,0.2382,588.61,484.94,595.46,490.85
ch2_ohr_ncp_20250304T1249251285_d_img_d18_x00640_y37760.png,0.2011,615.91,507.76,637.7,548.06
ch2_ohr_ncp_20250304T1249251285_d_img_d18_x00640_y41600.png,0.2418,0.0,117.65,21.84,181.53
ch2_ohr_ncp_20250304T1249251285_d_img_d18_x00640_y67200.png,0.2342,58.75,602.28,72.69,635.74
ch2_ohr_ncp_20250304T1249251285_d_img_d18_x00640_y81920.png,0.2809,466.48,340.45,566.71,411.45
ch2_ohr_ncp_20250304T1249251285_d_img_d18_x00640_y83200.png,0.262,190.57,561.2,196.76,567.85
ch2_ohr_ncp_20250304T1249251285_d_img_d18_x00640_y83200.png,0.2241,35.83,252.97,44.38,261.73
ch2_ohr_ncp_20250304T1249251285_d_img_d18_x00640_y91520.png,0.4072,208.22,309.6,217.07,316.61
ch2_ohr_ncp_20250304T1249251285_d_img_d18_x00640_y91520.png,0.2683,163.6,283.66,171.43,291.27
ch2_ohr_ncp_20250304T1249251285_d_img_d18_x01280_y40320.png,0.2849,0.0,549.6,23.59,617.68
ch2_ohr_ncp_20250304T1249251285_d_img_d18_x01280_y45440.png,0.2078,579.94,347.37,635.83,407.32
ch2_ohr_ncp_20250304T1249251285_d_img_d18_x01280_y51200.png,0.2493,434.52,468.85,525.87,527.56
ch2_ohr_ncp_20250304T1249251285_d_img_d18_x01280_y82560.png,0.3257,381.66,179.4,470.93,247.8
ch2_ohr_ncp_20250304T1249251285_d_img_d18_x01280_y82560.png,0.2535,364.48,157.78,473.86,250.45
ch2_ohr_ncp_20250304T1249251285_d_img_d18_x01280_y82560.png,0.2139,143.82,509.17,149.7,515.76
ch2_ohr_ncp_20250304T1249251285_d_img_d18_x01280_y82560.png,0.2129,281.4,77.15,397.21,161.7
ch2_ohr_ncp_20250304T1249251285_d_img_d18_x01280_y91520.png,0.2947,336.09,74.96,342.08,81.19
ch2_ohr_ncp_20250304T1249251285_d_img_d18_x01280_y91520.png,0.2017,587.05,297.35,594.55,304.52
ch2_ohr_ncp_20250304T1249251285_d_img_d18_x01280_y92160.png,0.2939,168.04,19.82,173.15,25.6
ch2_ohr_ncp_20250304T1249251285_d_img_d18_x01920_y46720.png,0.2175,368.91,170.33,446.97,239.93
ch2_ohr_ncp_20250304T1249251285_d_img_d18_x01920_y83200.png,0.2471,402.74,157.68,503.21,230.7
ch2_ohr_ncp_20250304T1249251285_d_img_d18_x01920_y92160.png,0.3496,143.74,275.87,150.02,282.76
ch2_ohr_ncp_20250304T1249251285_d_img_d18_x01920_y92160.png,0.2556,594.97,102.89,600.3,107.81
ch2_ohr_ncp_20250304T1249251285_d_img_d18_x01920_y92160.png,0.2053,263.55,255.28,269.41,261.05
ch2_ohr_ncp_20250304T1249251285_d_img_d18_x02560_y46080.png,0.224,445.97,59.84,522.48,145.54
ch2_ohr_ncp_20250304T1249251285_d_img_d18_x02560_y46080.png,0.2084,457.96,68.09,519.8,141.59
ch2_ohr_ncp_20250304T1249251285_d_img_d18_x02560_y49280.png,0.2114,3.05,188.88,20.87,221.03
ch2_ohr_ncp_20250304T1249251285_d_img_d18_x02560_y52480.png,0.2258,323.4,382.6,441.9,471.53
ch2_ohr_ncp_20250304T1249251285_d_img_d18_x02560_y83840.png,0.2217,573.13,248.7,640.0,325.55
ch2_ohr_ncp_20250304T1249251285_d_img_d18_x02560_y85120.png,0.4378,63.41,364.99,70.04,372.42
ch2_ohr_ncp_20250304T1249251285_d_img_d18_x02560_y85120.png,0.2562,223.79,233.06,229.13,238.83
ch2_ohr_ncp_20250304T1249251285_d_img_d18_x02560_y85120.png,0.2416,57.25,387.88,65.13,396.06
ch2_ohr_ncp_20250304T1249251285_d_img_d18_x03200_y83840.png,0.2638,71.59,84.69,77.92,92.11
ch2_ohr_ncp_20250304T1249251285_d_img_d18_x03200_y83840.png,0.2288,149.41,59.01,218.41,133.44
ch2_ohr_ncp_20250304T1249251285_d_img_d18_x03200_y83840.png,0.2063,195.95,390.19,202.13,395.8
ch2_ohr_ncp_20250304T1249251285_d_img_d18_x03200_y90880.png,0.2529,517.02,0.0,632.88,32.35
ch2_ohr_ncp_20250304T1249251285_d_img_d18_x03200_y92800.png,0.266,59.96,277.73,65.77,285.1
ch2_ohr_ncp_20250304T1249251285_d_img_d18_x03200_y92800.png,0.2067,306.78,261.55,317.96,276.58
ch2_ohr_ncp_20250304T1249251285_d_img_d18_x03200_y93440.png,0.292,328.96,174.55,350.2,199.65
ch2_ohr_ncp_20250304T1249251285_d_img_d18_x03840_y93440.png,0.3696,307.17,42.8,313.95,49.53
ch2_ohr_ncp_20250304T1249251285_d_img_d18_x03840_y93440.png,0.2826,337.89,110.84,343.82,117.22
ch2_ohr_ncp_20250304T1249251285_d_img_d18_x04480_y51200.png,0.2098,0.0,232.47,9.66,267.28
ch2_ohr_ncp_20250304T1249251285_d_img_d18_x05120_y94720.png,0.3742,238.1,230.63,245.24,237.97
ch2_ohr_ncp_20250304T1249251285_d_img_d18_x05120_y94720.png,0.3032,244.19,214.55,250.48,221.08
ch2_ohr_ncp_20250304T1249251285_d_img_d18_x05760_y46720.png,0.2112,163.82,0.39,223.49,40.02
ch2_ohr_ncp_20250304T1249251285_d_img_d18_x05760_y48000.png,0.2964,244.52,0.0,350.53,47.02
ch2_ohr_ncp_20250304T1249251285_d_img_d18_x05760_y49280.png,0.2437,1.91,237.85,22.65,279.41
ch2_ohr_ncp_20250304T1249251285_d_img_d18_x05760_y96000.png,0.2248,373.09,23.79,385.72,36.12
ch2_ohr_ncp_20250304T1249251285_d_img_d18_x06400_y88960.png,0.2985,351.63,13.81,386.98,85.0
ch2_ohr_ncp_20250304T1249251285_d_img_d18_x07040_y49280.png,0.2214,89.79,72.93,202.76,164.95
ch2_ohr_ncp_20250304T1249251285_d_img_d18_x07040_y51840.png,0.3211,488.75,592.16,493.75,598.28
ch2_ohr_ncp_20250304T1249251285_d_img_d18_x07680_y51200.png,0.3177,277.53,111.63,313.22,194.39
ch2_ohr_ncp_20250304T1249251285_d_img_d18_x07680_y97280.png,0.2889,608.71,541.79,615.71,548.07
ch2_ohr_ncp_20250304T1249251285_d_img_d18_x07680_y97280.png,0.2552,216.12,190.79,224.33,197.78
ch2_ohr_ncp_20250304T1249251285_d_img_d18_x07680_y97920.png,0.6385,277.38,159.22,288.48,166.77
ch2_ohr_ncp_20250304T1249251285_d_img_d18_x07680_y97920.png,0.3603,406.17,63.94,414.98,70.74
ch2_ohr_ncp_20250304T1249251285_d_img_d18_x08320_y92800.png,0.2161,618.37,273.61,626.71,280.48
ch2_ohr_ncp_20250304T1249251285_d_img_d18_x08320_y98560.png,0.3063,540.74,336.47,546.62,342.05
ch2_ohr_ncp_20250304T1249251285_d_img_d18_x08320_y98560.png,0.2094,607.35,86.21,613.93,91.62
ch2_ohr_ncp_20250304T1249251285_d_img_d18_x08960_y89600.png,0.2507,96.41,233.34,205.22,308.39
ch2_ohr_ncp_20250304T1249251285_d_img_d18_x08960_y90240.png,0.2216,85.12,412.71,91.73,418.78
ch2_ohr_ncp_20250304T1249251285_d_img_d18_x08960_y90240.png,0.2055,87.84,261.25,93.84,267.64
ch2_ohr_ncp_20250304T1249251285_d_img_d18_x08960_y94080.png,0.2282,525.06,0.0,622.68,47.55
ch2_ohr_ncp_20250304T1249251285_d_img_d18_x08960_y99200.png,0.5027,563.22,210.17,569.36,218.13
ch2_ohr_ncp_20250304T1249251285_d_img_d18_x08960_y99200.png,0.4789,576.74,144.47,583.19,150.9
ch2_ohr_ncp_20250304T1249251285_d_img_d18_x08960_y99200.png,0.4345,273.63,280.24,281.37,287.16
ch2_ohr_ncp_20250304T1249251285_d_img_d18_x08960_y99200.png,0.335,237.44,226.98,243.78,233.65
ch2_ohr_ncp_20250304T1249251285_d_img_d18_x08960_y99200.png,0.294,301.64,368.26,307.4,375.56
ch2_ohr_ncp_20250304T1249251285_d_img_d18_x08960_y99200.png,0.267,532.74,144.04,537.59,149.96
ch2_ohr_ncp_20250304T1249251285_d_img_d18_x08960_y99200.png,0.2493,527.81,164.0,533.63,168.95
ch2_ohr_ncp_20250304T1249251285_d_img_d18_x08960_y99200.png,0.2303,262.18,254.06,268.16,259.53
ch2_ohr_ncp_20250304T1249251285_d_img_d18_x08960_y99200.png,0.204,614.83,255.22,634.21,272.75
ch2_ohr_ncp_20250304T1249251285_d_img_d18_x09600_y100480.png,0.2116,634.24,306.93,639.28,313.85
ch2_ohr_ncp_20250304T1249251285_d_img_d18_x09600_y91520.png,0.2337,573.12,250.36,640.0,313.2
ch2_ohr_ncp_20250304T1249251285_d_img_d18_x09600_y99200.png,0.278,419.5,516.59,425.69,522.68
ch2_ohr_ncp_20250304T1249251285_d_img_d18_x09600_y99200.png,0.2063,269.57,160.04,279.53,169.88
ch2_ohr_ncp_20250304T1249251285_d_img_d18_x09600_y99840.png,0.3609,286.52,251.3,294.84,263.5
ch2_ohr_ncp_20250304T1249251285_d_img_d18_x09600_y99840.png,0.2374,473.41,15.46,483.18,26.58
ch2_ohr_ncp_20250304T1249251285_d_img_d18_x10240_y100480.png,0.6556,516.84,485.78,527.99,496.43
ch2_ohr_ncp_20250304T1249251285_d_img_d18_x10240_y100480.png,0.5435,553.57,23.81,577.5,50.99
ch2_ohr_ncp_20250304T1249251285_d_img_d18_x10240_y100480.png,0.4498,469.97,510.4,485.53,539.39
ch2_ohr_ncp_20250304T1249251285_d_img_d18_x10240_y100480.png,0.3755,629.06,36.04,638.41,49.49
ch2_ohr_ncp_20250304T1249251285_d_img_d18_x10240_y100480.png,0.3732,470.59,511.1,485.53,530.23
ch2_ohr_ncp_20250304T1249251285_d_img_d18_x10240_y100480.png,0.3333,587.8,278.18,594.36,285.37
ch2_ohr_ncp_20250304T1249251285_d_img_d18_x10240_y100480.png,0.3313,587.27,163.98,592.15,168.36
ch2_ohr_ncp_20250304T1249251285_d_img_d18_x10240_y100480.png,0.3168,540.66,96.0,548.98,106.49
ch2_ohr_ncp_20250304T1249251285_d_img_d18_x10240_y100480.png,0.2404,527.4,183.17,540.18,196.74
ch2_ohr_ncp_20250304T1249251285_d_img_d18_x10240_y100480.png,0.217,471.95,512.31,489.19,544.31
ch2_ohr_ncp_20250304T1249251285_d_img_d18_x10240_y100480.png,0.2159,612.74,0.0,625.07,7.97
ch2_ohr_ncp_20250304T1249251285_d_img_d18_x10880_y100480.png,0.584,155.33,287.04,163.14,295.39
ch2_ohr_ncp_20250304T1249251285_d_img_d18_x10880_y100480.png,0.5832,188.71,107.2,200.41,120.77
ch2_ohr_ncp_20250304T1249251285_d_img_d18_x10880_y100480.png,0.5096,61.58,367.18,68.71,374.15
ch2_ohr_ncp_20250304T1249251285_d_img_d18_x10880_y100480.png,0.4051,443.28,361.54,449.86,367.85
ch2_ohr_ncp_20250304T1249251285_d_img_d18_x10880_y100480.png,0.3884,412.48,447.82,417.47,453.24
ch2_ohr_ncp_20250304T1249251285_d_img_d18_x10880_y100480.png,0.3632,600.79,513.44,613.88,529.32
ch2_ohr_ncp_20250304T1249251285_d_img_d18_x10880_y100480.png,0.3516,409.38,347.34,419.25,360.36
ch2_ohr_ncp_20250304T1249251285_d_img_d18_x10880_y100480.png,0.335,361.12,554.87,375.89,574.18
ch2_ohr_ncp_20250304T1249251285_d_img_d18_x10880_y100480.png,0.3043,436.55,285.57,441.7,290.91
ch2_ohr_ncp_20250304T1249251285_d_img_d18_x10880_y100480.png,0.2686,389.88,190.1,397.48,199.5
ch2_ohr_ncp_20250304T1249251285_d_img_d18_x10880_y100480.png,0.2549,413.02,467.15,418.71,472.83
ch2_ohr_ncp_20250304T1249251285_d_img_d18_x10880_y100480.png,0.2492,14.93,556.58,21.29,563.39
ch2_ohr_ncp_20250304T1249251285_d_img_d18_x10880_y100480.png,0.2345,0.07,35.07,3.74,42.29
ch2_ohr_ncp_20250304T1249251285_d_img_d18_x10880_y100480.png,0.2339,245.33,269.78,250.63,274.85
ch2_ohr_ncp_20250304T1249251285_d_img_d18_x10880_y100480.png,0.2312,63.56,282.12,69.83,286.98
ch2_ohr_ncp_20250304T1249251285_d_img_d18_x10880_y100480.png,0.2103,80.83,497.56,85.99,502.29
ch2_ohr_ncp_20250304T1249251285_d_img_d18_x10880_y100480.png,0.2092,441.69,361.74,448.51,368.03
ch2_ohr_ncp_20250304T1249251285_d_img_d18_x10880_y100480.png,0.2025,600.24,514.03,610.52,527.83
ch2_ohr_ncp_20250304T1249251285_d_img_d18_x10880_y94720.png,0.2112,62.16,606.67,68.36,613.7
ch2_ohr_ncp_20250304T1249251285_d_img_d18_x10880_y97280.png,0.2822,53.42,21.88,86.09,106.75
ch2_ohr_ncp_20250304T1249251285_d_img_d18_x10880_y97280.png,0.278,48.54,27.11,90.74,122.96
ch2_ohr_ncp_20250304T1249251285_d_img_d18_x11520_y100480.png,0.4243,417.21,184.81,432.94,201.77
ch2_ohr_ncp_20250304T1249251285_d_img_d18_x11520_y100480.png,0.3672,253.35,324.09,259.55,330.99
ch2_ohr_ncp_20250304T1249251285_d_img_d18_x11520_y100480.png,0.2907,445.68,131.27,453.54,140.89
ch2_ohr_ncp_20250304T1249251285_d_img_d18_x11520_y100480.png,0.2837,67.73,536.83,73.52,542.8
ch2_ohr_ncp_20250304T1249251285_d_img_d18_x11520_y100480.png,0.2711,321.46,146.14,330.24,155.53
ch2_ohr_ncp_20250304T1249251285_d_img_d18_x11520_y100480.png,0.2367,298.87,227.57,307.0,236.11
ch2_ohr_ncp_20250304T1249251285_d_img_d18_x11520_y100480.png,0.2221,146.63,504.06,154.96,512.03
ch2_ohr_ncp_20250304T1249251285_d_img_d18_x11520_y93440.png,0.2686,0.47,66.84,11.48,101.89
ch2_ohr_ncp_20250304T1249251285_d_img_d18_x11520_y94080.png,0.288,222.06,149.29,227.77,154.88
ch2_ohr_ncp_20250304T1249251285_d_img_d18_x11520_y94720.png,0.2801,367.14,55.08,374.68,63.1
ch2_ohr_ncp_20250304T1249251285_d_img_d18_x11520_y94720.png,0.2218,231.45,294.46,239.12,303.51
ch2_ohr_ncp_20250304T1249251285_d_img_d18_x11520_y95360.png,0.5672,157.62,386.88,174.87,409.36
ch2_ohr_ncp_20250304T1249251285_d_img_d18_x11520_y95360.png,0.4292,33.55,120.81,38.25,126.15
ch2_ohr_ncp_20250304T1249251285_d_img_d18_x11520_y95360.png,0.3716,48.89,416.48,55.22,422.91
ch2_ohr_ncp_20250304T1249251285_d_img_d18_x11520_y95360.png,0.3525,428.88,63.51,434.19,68.7
ch2_ohr_ncp_20250304T1249251285_d_img_d18_x11520_y95360.png,0.3467,3.58,278.69,13.28,289.86
ch2_ohr_ncp_20250304T1249251285_d_img_d18_x11520_y95360.png,0.2807,148.47,306.76,156.74,314.8
ch2_ohr_ncp_20250304T1249251285_d_img_d18_x11520_y95360.png,0.2566,87.69,460.47,93.08,465.89
ch2_ohr_ncp_20250304T1249251285_d_img_d18_x11520_y95360.png,0.2501,375.94,416.04,381.9,422.08
ch2_ohr_ncp_20250304T1249251285_d_img_d18_x11520_y95360.png,0.2465,21.29,286.52,30.38,295.43
ch2_ohr_ncp_20250304T1249251285_d_img_d18_x11520_y95360.png,0.2442,419.24,359.85,428.09,368.19
ch2_ohr_ncp_20250304T1249251285_d_img_d18_x11520_y95360.png,0.2307,99.97,354.92,128.09,390.95
ch2_ohr_ncp_20250304T1249251285_d_img_d18_x11520_y95360.png,0.2264,135.94,333.63,143.19,341.58
ch2_ohr_ncp_20250304T1249251285_d_img_d18_x11520_y95360.png,0.2013,399.18,424.42,405.96,431.81
ch2_ohr_ncp_20250304T1249251285_d_img_d18_x11520_y96000.png,0.4969,416.71,248.75,421.76,254.04
ch2_ohr_ncp_20250304T1249251285_d_img_d18_x11520_y96000.png,0.4726,443.14,616.83,449.53,624.7
ch2_ohr_ncp_20250304T1249251285_d_img_d18_x11520_y96000.png,0.4491,56.12,547.99,61.71,553.18
ch2_ohr_ncp_20250304T1249251285_d_img_d18_x11520_y96000.png,0.4064,41.41,138.28,47.7,142.87
ch2_ohr_ncp_20250304T1249251285_d_img_d18_x11520_y96000.png,0.3374,21.46,430.06,26.48,435.62
ch2_ohr_ncp_20250304T1249251285_d_img_d18_x11520_y96000.png,0.2752,428.33,219.97,434.47,226.93
ch2_ohr_ncp_20250304T1249251285_d_img_d18_x11520_y96000.png,0.2673,409.33,437.52,415.84,444.54
ch2_ohr_ncp_20250304T1249251285_d_img_d18_x11520_y96000.png,0.2641,181.15,529.86,187.23,535.41
ch2_ohr_ncp_20250304T1249251285_d_img_d18_x11520_y96000.png,0.2487,328.47,237.01,334.04,242.73
ch2_ohr_ncp_20250304T1249251285_d_img_d18_x11520_y96000.png,0.2193,445.07,157.04,453.03,166.38
ch2_ohr_ncp_20250304T1249251285_d_img_d18_x11520_y96000.png,0.2098,100.29,204.71,104.15,208.92
ch2_ohr_ncp_20250304T1249251285_d_img_d18_x11520_y96640.png,0.5664,335.33,285.84,344.93,296.69
ch2_ohr_ncp_20250304T1249251285_d_img_d18_x11520_y96640.png,0.5218,384.49,215.2,393.58,223.4
ch2_ohr_ncp_20250304T1249251285_d_img_d18_x11520_y96640.png,0.4878,8.2,16.24,15.95,22.94
ch2_ohr_ncp_20250304T1249251285_d_img_d18_x11520_y96640.png,0.4839,156.48,59.11,164.19,67.9
ch2_ohr_ncp_20250304T1249251285_d_img_d18_x11520_y96640.png,0.4834,412.75,231.74,419.32,239.54
ch2_ohr_ncp_20250304T1249251285_d_img_d18_x11520_y96640.png,0.4373,148.53,43.31,158.01,54.29
ch2_ohr_ncp_20250304T1249251285_d_img_d18_x11520_y96640.png,0.4185,446.22,246.26,451.81,252.74
ch2_ohr_ncp_20250304T1249251285_d_img_d18_x11520_y96640.png,0.4057,156.05,522.27,164.95,532.0
ch2_ohr_ncp_20250304T1249251285_d_img_d18_x11520_y96640.png,0.3731,249.3,393.98,255.47,400.54
ch2_ohr_ncp_20250304T1249251285_d_img_d18_x11520_y96640.png,0.3381,318.64,243.5,324.01,248.49
ch2_ohr_ncp_20250304T1249251285_d_img_d18_x11520_y96640.png,0.2787,407.57,259.36,413.39,265.12
ch2_ohr_ncp_20250304T1249251285_d_img_d18_x11520_y96640.png,0.264,148.9,372.44,158.29,381.66
ch2_ohr_ncp_20250304T1249251285_d_img_d18_x11520_y96640.png,0.2266,298.91,284.75,305.29,290.79
ch2_ohr_ncp_20250304T1249251285_d_img_d18_x11520_y96640.png,0.2257,8.14,14.27,17.14,23.32
ch2_ohr_ncp_20250304T1249251285_d_img_d18_x11520_y96640.png,0.2244,450.02,380.44,457.47,388.38
ch2_ohr_ncp_20250304T1249251285_d_img_d18_x11520_y96640.png,0.2085,129.61,576.85,134.67,581.13
ch2_ohr_ncp_20250304T1249251285_d_img_d18_x11520_y96640.png,0.2051,361.29,580.45,366.46,586.71
ch2_ohr_ncp_20250304T1249251285_d_img_d18_x11520_y97280.png,0.5031,37.78,268.46,48.57,278.6
ch2_ohr_ncp_20250304T1249251285_d_img_d18_x11520_y97280.png,0.5026,291.7,387.73,308.94,407.58
ch2_ohr_ncp_20250304T1249251285_d_img_d18_x11520_y97280.png,0.4724,3.31,412.9,11.44,421.39
ch2_ohr_ncp_20250304T1249251285_d_img_d18_x11520_y97280.png,0.4633,147.42,313.33,171.97,338.38
ch2_ohr_ncp_20250304T1249251285_d_img_d18_x11520_y97280.png,0.4021,196.81,573.46,203.9,580.39
ch2_ohr_ncp_20250304T1249251285_d_img_d18_x11520_y97280.png,0.3759,403.45,146.52,409.15,151.9
ch2_ohr_ncp_20250304T1249251285_d_img_d18_x11520_y97280.png,0.346,260.68,594.97,268.5,603.68
ch2_ohr_ncp_20250304T1249251285_d_img_d18_x11520_y97280.png,0.3123,38.19,259.6,43.47,265.74
ch2_ohr_ncp_20250304T1249251285_d_img_d18_x11520_y97280.png,0.2003,314.55,17.77,319.17,23.81
ch2_ohr_ncp_20250304T1249251285_d_img_d18_x11520_y97920.png,0.4634,111.24,80.89,120.79,92.64
ch2_ohr_ncp_20250304T1249251285_d_img_d18_x11520_y97920.png,0.4619,182.51,27.09,190.0,35.61
ch2_ohr_ncp_20250304T1249251285_d_img_d18_x11520_y97920.png,0.4214,279.42,126.42,284.81,131.13
ch2_ohr_ncp_20250304T1249251285_d_img_d18_x11520_y97920.png,0.3971,394.64,598.35,401.4,607.43
ch2_ohr_ncp_20250304T1249251285_d_img_d18_x11520_y97920.png,0.3784,331.23,480.26,336.27,485.53
ch2_ohr_ncp_20250304T1249251285_d_img_d18_x11520_y97920.png,0.3747,326.49,558.83,332.31,566.15
ch2_ohr_ncp_20250304T1249251285_d_img_d18_x11520_y97920.png,0.3662,292.07,132.4,297.53,138.13
ch2_ohr_ncp_20250304T1249251285_d_img_d18_x11520_y97920.png,0.3651,45.32,56.55,51.06,63.35
ch2_ohr_ncp_20250304T1249251285_d_img_d18_x11520_y97920.png,0.3562,251.44,288.18,260.6,298.54
ch2_ohr_ncp_20250304T1249251285_d_img_d18_x11520_y97920.png,0.2974,151.19,271.93,166.07,293.32
ch2_ohr_ncp_20250304T1249251285_d_img_d18_x11520_y97920.png,0.2639,310.12,359.4,317.32,368.21
ch2_ohr_ncp_20250304T1249251285_d_img_d18_x11520_y97920.png,0.2422,131.27,480.48,138.1,487.4
ch2_ohr_ncp_20250304T1249251285_d_img_d18_x11520_y97920.png,0.2011,412.0,283.55,418.0,290.18
ch2_ohr_ncp_20250304T1249251285_d_img_d18_x11520_y98560.png,0.6547,387.52,414.23,399.96,425.24
ch2_ohr_ncp_20250304T1249251285_d_img_d18_x11520_y98560.png,0.5826,18.68,405.91,27.0,414.97
ch2_ohr_ncp_20250304T1249251285_d_img_d18_x11520_y98560.png,0.5528,36.91,488.49,43.54,495.49
ch2_ohr_ncp_20250304T1249251285_d_img_d18_x11520_y98560.png,0.5226,352.83,402.92,360.6,410.92
ch2_ohr_ncp_20250304T1249251285_d_img_d18_x11520_y98560.png,0.5006,327.2,48.39,333.31,54.63
ch2_ohr_ncp_20250304T1249251285_d_img_d18_x11520_y98560.png,0.5001,275.11,599.56,281.3,606.76
ch2_ohr_ncp_20250304T1249251285_d_img_d18_x11520_y98560.png,0.4725,411.98,42.17,419.51,53.2
ch2_ohr_ncp_20250304T1249251285_d_img_d18_x11520_y98560.png,0.4141,345.16,73.94,351.31,81.75
ch2_ohr_ncp_20250304T1249251285_d_img_d18_x11520_y98560.png,0.4038,152.8,9.48,157.76,15.42
ch2_ohr_ncp_20250304T1249251285_d_img_d18_x11520_y98560.png,0.388,262.67,556.33,267.55,561.4
ch2_ohr_ncp_20250304T1249251285_d_img_d18_x11520_y98560.png,0.3724,315.79,154.33,322.58,161.44
ch2_ohr_ncp_20250304T1249251285_d_img_d18_x11520_y98560.png,0.3523,334.51,126.75,341.08,133.57
ch2_ohr_ncp_20250304T1249251285_d_img_d18_x11520_y98560.png,0.3469,163.83,122.6,170.77,130.08
ch2_ohr_ncp_20250304T1249251285_d_img_d18_x11520_y98560.png,0.3391,335.4,163.33,342.68,168.13
ch2_ohr_ncp_20250304T1249251285_d_img_d18_x11520_y98560.png,0.3297,303.83,115.66,310.83,122.6
ch2_ohr_ncp_20250304T1249251285_d_img_d18_x11520_y98560.png,0.3296,167.76,345.93,173.63,352.48
ch2_ohr_ncp_20250304T1249251285_d_img_d18_x11520_y98560.png,0.3249,365.31,61.38,369.63,65.83
ch2_ohr_ncp_20250304T1249251285_d_img_d18_x11520_y98560.png,0.2649,349.14,25.89,359.56,39.02
ch2_ohr_ncp_20250304T1249251285_d_img_d18_x11520_y98560.png,0.251,331.85,142.35,336.42,146.85
ch2_ohr_ncp_20250304T1249251285_d_img_d18_x11520_y98560.png,0.2477,367.94,140.9,373.44,146.5
ch2_ohr_ncp_20250304T1249251285_d_img_d18_x11520_y98560.png,0.2476,337.13,381.09,343.45,386.96
ch2_ohr_ncp_20250304T1249251285_d_img_d18_x11520_y98560.png,0.244,45.35,314.71,74.43,349.66
ch2_ohr_ncp_20250304T1249251285_d_img_d18_x11520_y98560.png,0.2332,334.39,163.37,342.29,169.13
ch2_ohr_ncp_20250304T1249251285_d_img_d18_x11520_y98560.png,0.2331,400.45,429.65,409.05,438.68
ch2_ohr_ncp_20250304T1249251285_d_img_d18_x11520_y99200.png,0.4395,272.98,280.31,279.04,288.41
ch2_ohr_ncp_20250304T1249251285_d_img_d18_x11520_y99200.png,0.4347,37.54,100.0,43.23,105.97
ch2_ohr_ncp_20250304T1249251285_d_img_d18_x11520_y99200.png,0.4221,246.23,222.06,256.25,231.25
ch2_ohr_ncp_20250304T1249251285_d_img_d18_x11520_y99200.png,0.3992,235.77,87.52,241.71,94.46
ch2_ohr_ncp_20250304T1249251285_d_img_d18_x11520_y99200.png,0.3926,251.4,54.86,257.82,61.82
ch2_ohr_ncp_20250304T1249251285_d_img_d18_x11520_y99200.png,0.3677,193.67,90.61,199.33,96.78
ch2_ohr_ncp_20250304T1249251285_d_img_d18_x11520_y99200.png,0.2924,164.04,415.69,171.29,422.3
ch2_ohr_ncp_20250304T1249251285_d_img_d18_x11520_y99200.png,0.2216,172.83,289.63,178.36,296.29
ch2_ohr_ncp_20250304T1249251285_d_img_d18_x11520_y99200.png,0.2001,178.0,466.36,183.21,472.58
ch2_ohr_ncp_20250304T1249251285_d_img_d18_x11520_y99840.png,0.3673,338.42,469.44,344.15,475.82
ch2_ohr_ncp_20250304T1249251285_d_img_d18_x11520_y99840.png,0.2471,318.95,584.9,326.17,591.83
ch2_ohr_ncp_20251007T0659402125_d_img_d18_x08320_y51200.png,0.2034,0.0,226.06,7.35,235.49
ch2_ohr_ncp_20251007T0659402125_d_img_d18_x08320_y65920.png,0.2138,168.04,498.05,217.2,539.58
ch2_ohr_ncp_20251007T0659402125_d_img_d18_x08960_y52480.png,0.2036,31.91,333.01,41.65,345.81
ch2_ohr_ncp_20251007T0659402125_d_img_d18_x08960_y56960.png,0.4084,499.84,0.0,576.57,53.96
ch2_ohr_ncp_20251007T0659402125_d_img_d18_x08960_y56960.png,0.3031,494.16,0.0,585.08,69.52
ch2_ohr_ncp_20251007T0659402125_d_img_d18_x10880_y57600.png,0.2099,13.56,91.53,39.16,134.38
ch2_ohr_ncp_20251007T0659402125_d_img_d18_x10880_y58240.png,0.2935,0.0,270.19,64.04,369.54
ch2_ohr_ncp_20251007T0659402125_d_img_d18_x10880_y58240.png,0.2353,0.0,264.35,56.27,350.89
ch2_ohr_ncp_20251007T0659402125_d_img_d18_x10880_y62720.png,0.2347,593.06,12.72,628.9,89.99
ch2_ohr_ncp_20251007T0659402125_d_img_d18_x11520_y51840.png,0.2483,407.13,475.91,412.55,481.63
ch2_ohr_ncp_20251007T0659402125_d_img_d18_x11520_y55040.png,0.2037,206.8,462.57,213.38,470.61
ch2_ohr_ncp_20251007T0659402125_d_img_d18_x11520_y56960.png,0.3232,414.0,260.99,420.46,267.35
ch2_ohr_ncp_20251007T0659402125_d_img_d18_x11520_y57600.png,0.275,1.84,58.73,10.05,68.04
ch2_ohr_ncp_20251007T0659402125_d_img_d18_x11520_y57600.png,0.2692,138.87,218.7,155.31,238.71
ch2_ohr_ncp_20251007T0659402125_d_img_d18_x11520_y57600.png,0.2425,80.0,118.37,86.75,127.26
ch2_ohr_ncp_20251007T0659402125_d_img_d18_x11520_y57600.png,0.2407,394.37,532.41,400.88,540.62
ch2_ohr_ncp_20251007T0659402125_d_img_d18_x11520_y57600.png,0.2355,230.57,404.33,236.43,411.11
ch2_ohr_ncp_20251007T0659402125_d_img_d18_x11520_y57600.png,0.2202,56.11,131.89,61.02,137.48
ch2_ohr_ncp_20251007T0659402125_d_img_d18_x11520_y58240.png,0.4226,206.37,0.19,215.19,5.63
ch2_ohr_ncp_20251007T0659402125_d_img_d18_x11520_y58240.png,0.3684,173.95,328.94,179.48,334.87
ch2_ohr_ncp_20251007T0659402125_d_img_d18_x11520_y58240.png,0.3442,67.75,162.99,72.39,167.86
ch2_ohr_ncp_20251007T0659402125_d_img_d18_x11520_y58240.png,0.307,385.51,425.89,390.91,433.54
ch2_ohr_ncp_20251007T0659402125_d_img_d18_x11520_y58240.png,0.2445,341.93,1.49,359.93,28.16
ch2_ohr_ncp_20251007T0659402125_d_img_d18_x11520_y58240.png,0.2322,16.12,19.47,21.28,25.28
ch2_ohr_ncp_20251007T0659402125_d_img_d18_x11520_y58240.png,0.2086,281.83,160.65,288.34,168.79
ch2_ohr_ncp_20251007T0659402125_d_img_d18_x11520_y58880.png,0.3512,25.98,607.98,68.48,638.92
ch2_ohr_ncp_20251007T0659402125_d_img_d18_x11520_y60160.png,0.3411,289.12,320.52,296.38,327.83
ch2_ohr_ncp_20251007T0659402125_d_img_d18_x11520_y60160.png,0.2647,269.22,334.6,277.4,342.66
ch2_ohr_ncp_20251007T0659402125_d_img_d18_x11520_y60160.png,0.2604,120.0,556.57,129.02,567.66
ch2_ohr_ncp_20251007T0659402125_d_img_d18_x11520_y60160.png,0.2267,343.95,569.0,351.92,576.26
ch2_ohr_ncp_20251007T0659402125_d_img_d18_x11520_y60160.png,0.2024,152.4,218.8,173.2,241.37
ch2_ohr_ncp_20251007T0659402125_d_img_d18_x11520_y60800.png,0.2228,406.81,531.81,413.44,540.08
ch2_ohr_ncp_20251007T0659402125_d_img_d18_x11520_y61440.png,0.445,327.12,578.86,332.37,585.0
ch2_ohr_ncp_20251007T0659402125_d_img_d18_x11520_y61440.png,0.2311,206.45,68.72,228.77,100.71
ch2_ohr_ncp_20251007T0659402125_d_img_d18_x11520_y61440.png,0.2037,430.37,245.72,435.42,252.52
ch2_ohr_ncp_20251007T0659402125_d_img_d18_x11520_y62080.png,0.4389,24.37,335.97,29.62,342.31
ch2_ohr_ncp_20251007T0659402125_d_img_d18_x11520_y62080.png,0.2391,148.06,307.82,153.32,313.93
ch2_ohr_ncp_20251007T0659402125_d_img_d18_x11520_y62080.png,0.223,25.29,320.61,33.64,330.58
ch2_ohr_ncp_20251007T0659402125_d_img_d18_x11520_y62720.png,0.2919,38.75,335.5,44.55,340.79
ch2_ohr_ncp_20251007T0659402125_d_img_d18_x11520_y62720.png,0.2648,16.77,623.97,23.74,633.36
ch2_ohr_ncp_20251007T0659402125_d_img_d18_x11520_y64000.png,0.3919,190.81,363.41,198.14,379.64
ch2_ohr_ncp_20251007T0659402125_d_img_d18_x11520_y64000.png,0.2271,65.55,393.92,106.59,455.5
ch2_ohr_ncp_20251007T0659402125_d_img_d18_x11520_y65920.png,0.2178,111.92,180.25,117.9,187.35
ch2_ohr_ncp_20251007T0659402125_d_img_d18_x11520_y66560.png,0.2853,0.5,476.26,9.64,488.97
ch2_ohr_ncp_20251007T0659402125_d_img_d18_x11520_y67200.png,0.2243,212.47,567.18,219.92,574.62
ch2_ohr_ncp_20251007T0659402125_d_img_d18_x11520_y67200.png,0.2062,63.81,509.6,73.49,524.74
ch2_ohr_ncp_20251007T0659402125_d_img_d18_x11520_y67200.png,0.2044,335.52,230.34,341.75,235.75
ch2_ohr_ncp_20251007T0659402125_d_img_d18_x11520_y81280.png,0.2306,0.0,501.43,25.03,563.76
ch2_ohr_ncp_20251007T0659402125_d_img_d18_x11520_y82560.png,0.2198,2.32,171.37,9.1,178.97
ch2_ohr_ncp_20251009T1006356898_d_img_d18_x03840_y69760.png,0.2843,310.73,604.92,334.97,639.26
ch2_ohr_ncp_20251009T1006356898_d_img_d18_x03840_y74240.png,0.2666,631.44,185.79,639.36,205.0
ch2_ohr_ncp_20251009T1006356898_d_img_d18_x04480_y87040.png,0.2774,366.85,21.23,372.16,27.7
ch2_ohr_ncp_20251009T1006356898_d_img_d18_x06400_y70400.png,0.2783,381.67,91.41,419.73,188.35
ch2_ohr_ncp_20251009T1006356898_d_img_d18_x06400_y70400.png,0.2127,382.77,313.7,420.37,393.31
ch2_ohr_ncp_20251009T1006356898_d_img_d18_x07040_y77440.png,0.2472,0.0,614.79,24.44,639.84
ch2_ohr_ncp_20251009T1006356898_d_img_d18_x07680_y68480.png,0.248,309.05,124.93,335.34,186.8
ch2_ohr_ncp_20251009T1006356898_d_img_d18_x07680_y70400.png,0.3135,304.06,423.39,342.63,523.57
ch2_ohr_ncp_20251009T1006356898_d_img_d18_x07680_y73600.png,0.2391,1.66,302.38,31.69,374.98
ch2_ohr_ncp_20251009T1006356898_d_img_d18_x08960_y90240.png,0.2379,601.71,451.04,640.0,547.12
ch2_ohr_ncp_20251009T1006356898_d_img_d18_x08960_y95360.png,0.222,0.32,586.09,35.81,639.93
ch2_ohr_ncp_20251009T1006356898_d_img_d18_x09600_y60800.png,0.2079,502.11,77.24,522.66,112.04
ch2_ohr_ncp_20251009T1006356898_d_img_d18_x10240_y93440.png,0.2307,434.43,597.75,476.17,635.25
ch2_ohr_ncp_20251009T1006356898_d_img_d18_x10880_y46080.png,0.2251,399.03,492.16,425.31,555.81
ch2_ohr_ncp_20251009T1006356898_d_img_d18_x10880_y53760.png,0.3126,248.05,541.08,267.85,596.72
ch2_ohr_ncp_20251009T1006356898_d_img_d18_x10880_y53760.png,0.2979,292.93,0.0,367.29,43.09
ch2_ohr_ncp_20251009T1006356898_d_img_d18_x10880_y56960.png,0.202,592.12,460.09,630.81,532.17
ch2_ohr_ncp_20251009T1006356898_d_img_d18_x10880_y60160.png,0.3268,62.04,22.37,67.84,29.24
ch2_ohr_ncp_20251009T1006356898_d_img_d18_x10880_y60160.png,0.2087,250.3,235.22,257.07,242.71
ch2_ohr_ncp_20251009T1006356898_d_img_d18_x10880_y87040.png,0.2401,163.07,0.0,230.91,45.32
ch2_ohr_ncp_20251009T1006356898_d_img_d18_x10880_y93440.png,0.2307,484.91,588.89,501.46,630.52
ch2_ohr_ncp_20251009T1006356898_d_img_d18_x10880_y94720.png,0.215,0.0,593.14,38.26,640.0
ch2_ohr_ncp_20251009T1006356898_d_img_d18_x11520_y45440.png,0.3254,223.14,38.25,239.41,58.45
ch2_ohr_ncp_20251009T1006356898_d_img_d18_x11520_y46080.png,0.2482,447.67,490.19,453.84,498.46
ch2_ohr_ncp_20251009T1006356898_d_img_d18_x11520_y46080.png,0.2179,64.09,76.06,71.3,86.38
ch2_ohr_ncp_20251009T1006356898_d_img_d18_x11520_y46720.png,0.3339,239.98,170.45,246.68,182.17
ch2_ohr_ncp_20251009T1006356898_d_img_d18_x11520_y46720.png,0.329,68.34,267.83,75.34,274.97
ch2_ohr_ncp_20251009T1006356898_d_img_d18_x11520_y46720.png,0.2735,27.56,326.04,67.05,391.03
ch2_ohr_ncp_20251009T1006356898_d_img_d18_x11520_y46720.png,0.2679,20.89,459.9,25.67,465.16
ch2_ohr_ncp_20251009T1006356898_d_img_d18_x11520_y46720.png,0.2603,30.75,327.61,53.34,353.95
ch2_ohr_ncp_20251009T1006356898_d_img_d18_x11520_y46720.png,0.2282,193.56,438.22,202.09,450.99
ch2_ohr_ncp_20251009T1006356898_d_img_d18_x11520_y46720.png,0.2018,0.85,408.81,5.89,416.69
ch2_ohr_ncp_20251009T1006356898_d_img_d18_x11520_y47360.png,0.2195,149.77,495.77,170.24,525.65
ch2_ohr_ncp_20251009T1006356898_d_img_d18_x11520_y48000.png,0.2744,306.55,45.16,311.37,49.81
ch2_ohr_ncp_20251009T1006356898_d_img_d18_x11520_y48640.png,0.4213,5.58,471.93,13.85,486.57
ch2_ohr_ncp_20251009T1006356898_d_img_d18_x11520_y48640.png,0.31,40.92,576.43,56.64,594.59
ch2_ohr_ncp_20251009T1006356898_d_img_d18_x11520_y48640.png,0.2863,0.75,284.47,7.36,295.88
ch2_ohr_ncp_20251009T1006356898_d_img_d18_x11520_y48640.png,0.2662,0.76,158.27,6.9,167.05
ch2_ohr_ncp_20251009T1006356898_d_img_d18_x11520_y48640.png,0.2289,404.92,31.4,412.78,42.36
ch2_ohr_ncp_20251009T1006356898_d_img_d18_x11520_y48640.png,0.2085,234.37,173.07,240.74,179.38
ch2_ohr_ncp_20251009T1006356898_d_img_d18_x11520_y48640.png,0.2033,64.0,340.87,69.98,347.51
ch2_ohr_ncp_20251009T1006356898_d_img_d18_x11520_y49280.png,0.4079,0.29,288.14,9.06,302.15
ch2_ohr_ncp_20251009T1006356898_d_img_d18_x11520_y49280.png,0.2642,63.51,602.03,69.88,614.78
ch2_ohr_ncp_20251009T1006356898_d_img_d18_x11520_y51200.png,0.371,166.84,92.52,172.38,99.75
ch2_ohr_ncp_20251009T1006356898_d_img_d18_x11520_y51200.png,0.2634,170.13,403.34,176.89,412.24
ch2_ohr_ncp_20251009T1006356898_d_img_d18_x11520_y51200.png,0.2383,235.92,587.44,251.37,610.33
ch2_ohr_ncp_20251009T1006356898_d_img_d18_x11520_y51200.png,0.2373,102.84,0.0,109.26,5.97
ch2_ohr_ncp_20251009T1006356898_d_img_d18_x11520_y51200.png,0.2352,177.28,447.9,187.62,460.75
ch2_ohr_ncp_20251009T1006356898_d_img_d18_x11520_y51200.png,0.2243,103.52,563.58,111.42,575.23
ch2_ohr_ncp_20251009T1006356898_d_img_d18_x11520_y51200.png,0.2236,127.69,348.68,133.96,356.79
ch2_ohr_ncp_20251009T1006356898_d_img_d18_x11520_y51200.png,0.2022,212.65,213.17,222.74,228.43
ch2_ohr_ncp_20251009T1006356898_d_img_d18_x11520_y51840.png,0.3622,415.11,206.48,427.38,221.72
ch2_ohr_ncp_20251009T1006356898_d_img_d18_x11520_y51840.png,0.3292,57.44,183.16,63.51,190.83
ch2_ohr_ncp_20251009T1006356898_d_img_d18_x11520_y51840.png,0.2893,319.26,584.73,326.47,597.66
ch2_ohr_ncp_20251009T1006356898_d_img_d18_x11520_y51840.png,0.2688,256.54,324.87,263.15,334.22
ch2_ohr_ncp_20251009T1006356898_d_img_d18_x11520_y51840.png,0.2601,287.37,357.83,294.27,366.07
ch2_ohr_ncp_20251009T1006356898_d_img_d18_x11520_y51840.png,0.2516,398.52,223.65,411.01,248.5
ch2_ohr_ncp_20251009T1006356898_d_img_d18_x11520_y51840.png,0.2357,54.38,604.39,65.09,621.91
ch2_ohr_ncp_20251009T1006356898_d_img_d18_x11520_y51840.png,0.2355,1.79,501.69,7.84,509.35
ch2_ohr_ncp_20251009T1006356898_d_img_d18_x11520_y51840.png,0.2267,348.86,216.14,353.4,221.43
ch2_ohr_ncp_20251009T1006356898_d_img_d18_x11520_y51840.png,0.2251,441.72,320.57,452.23,332.5
ch2_ohr_ncp_20251009T1006356898_d_img_d18_x11520_y51840.png,0.223,328.9,483.14,334.19,489.16
ch2_ohr_ncp_20251009T1006356898_d_img_d18_x11520_y51840.png,0.208,276.96,362.91,282.93,370.44
ch2_ohr_ncp_20251009T1006356898_d_img_d18_x11520_y53120.png,0.2328,106.08,274.31,113.45,283.08
ch2_ohr_ncp_20251009T1006356898_d_img_d18_x11520_y53120.png,0.2289,38.18,257.93,45.23,266.1
ch2_ohr_ncp_20251009T1006356898_d_img_d18_x11520_y55040.png,0.2543,393.04,472.44,398.49,478.11
ch2_ohr_ncp_20251009T1006356898_d_img_d18_x11520_y55040.png,0.22,379.4,360.53,386.46,367.88
ch2_ohr_ncp_20251009T1006356898_d_img_d18_x11520_y56320.png,0.2126,285.35,301.6,296.78,324.42
ch2_ohr_ncp_20251009T1006356898_d_img_d18_x11520_y58240.png,0.3015,44.4,281.94,50.54,289.05
ch2_ohr_ncp_20251009T1006356898_d_img_d18_x11520_y58240.png,0.2446,150.05,224.11,171.44,262.18
ch2_ohr_ncp_20251009T1006356898_d_img_d18_x11520_y58240.png,0.2423,161.41,354.82,167.13,360.98
ch2_ohr_ncp_20251009T1006356898_d_img_d18_x11520_y58240.png,0.2028,185.33,247.6,199.51,267.12
ch2_ohr_ncp_20251009T1006356898_d_img_d18_x11520_y60800.png,0.2781,193.77,497.92,199.31,503.84
ch2_ohr_ncp_20251009T1006356898_d_img_d18_x11520_y60800.png,0.257,63.38,188.22,72.52,199.73
ch2_ohr_ncp_20251009T1006356898_d_img_d18_x11520_y60800.png,0.2563,234.1,8.7,241.85,18.35
ch2_ohr_ncp_20251009T1006356898_d_img_d18_x11520_y60800.png,0.2277,1.04,259.52,9.02,266.84
ch2_ohr_ncp_20251009T1006356898_d_img_d18_x11520_y61440.png,0.2199,11.49,35.31,16.44,41.21
ch2_ohr_ncp_20251009T1006356898_d_img_d18_x11520_y61440.png,0.2119,100.05,39.91,117.57,67.78
ch2_ohr_ncp_20251009T1006356898_d_img_d18_x11520_y61440.png,0.2052,101.69,37.66,120.33,63.84
ch2_ohr_ncp_20251009T1006356898_d_img_d18_x11520_y65280.png,0.2176,139.56,219.4,146.2,225.77
ch2_ohr_ncp_20251009T1006356898_d_img_d18_x11520_y65920.png,0.2225,27.07,574.73,33.7,582.21
ch2_ohr_ncp_20251009T1006356898_d_img_d18_x11520_y66560.png,0.2461,143.8,89.84,150.37,96.84
ch2_ohr_ncp_20251009T1006356898_d_img_d18_x11520_y67840.png,0.2416,410.4,629.74,418.9,638.82
ch2_ohr_ncp_20251009T1006356898_d_img_d18_x11520_y67840.png,0.2238,402.15,410.92,409.43,418.45
ch2_ohr_ncp_20251009T1006356898_d_img_d18_x11520_y68480.png,0.2014,424.02,65.98,428.97,71.34
ch2_ohr_ncp_20251009T1006356898_d_img_d18_x11520_y72320.png,0.252,230.09,576.46,262.82,636.09
ch2_ohr_ncp_20251009T1006356898_d_img_d18_x11520_y72320.png,0.2279,79.93,582.33,87.2,589.29
ch2_ohr_ncp_20251009T1006356898_d_img_d18_x11520_y72320.png,0.2259,229.24,574.07,272.32,630.26
ch2_ohr_ncp_20251009T1006356898_d_img_d18_x11520_y72960.png,0.2409,440.99,168.81,445.58,174.38
ch2_ohr_ncp_20251009T1006356898_d_img_d18_x11520_y75520.png,0.264,229.59,631.48,238.41,639.33
ch2_ohr_ncp_20251009T1006356898_d_img_d18_x11520_y75520.png,0.2284,167.52,285.49,174.66,293.21
ch2_ohr_ncp_20251009T1006356898_d_img_d18_x11520_y75520.png,0.2246,301.87,108.23,310.02,118.1
ch2_ohr_ncp_20251009T1006356898_d_img_d18_x11520_y75520.png,0.2175,211.05,614.03,216.96,620.74
ch2_ohr_ncp_20251009T1006356898_d_img_d18_x11520_y75520.png,0.2143,464.06,147.25,479.92,175.03
ch2_ohr_ncp_20251009T1006356898_d_img_d18_x11520_y76160.png,0.2495,336.78,101.88,345.38,114.45
ch2_ohr_ncp_20251009T1006356898_d_img_d18_x11520_y76160.png,0.2352,362.98,8.96,368.12,14.95
ch2_ohr_ncp_20251009T1006356898_d_img_d18_x11520_y76160.png,0.2233,241.99,504.37,261.55,550.33
ch2_ohr_ncp_20251009T1006356898_d_img_d18_x11520_y76800.png,0.2896,120.27,626.26,131.68,636.91
ch2_ohr_ncp_20251009T1006356898_d_img_d18_x11520_y76800.png,0.2597,335.28,598.84,341.45,606.88
ch2_ohr_ncp_20251009T1006356898_d_img_d18_x11520_y76800.png,0.2267,289.5,231.38,300.16,247.73
ch2_ohr_ncp_20251009T1006356898_d_img_d18_x11520_y76800.png,0.2179,303.87,121.63,309.14,127.66
ch2_ohr_ncp_20251009T1006356898_d_img_d18_x11520_y76800.png,0.2127,191.55,547.05,197.1,552.43
ch2_ohr_ncp_20251009T1006356898_d_img_d18_x11520_y77440.png,0.2286,15.1,621.49,24.93,633.94
ch2_ohr_ncp_20251009T1006356898_d_img_d18_x11520_y78720.png,0.2961,222.68,139.64,232.1,164.3
ch2_ohr_ncp_20251009T1006356898_d_img_d18_x11520_y79360.png,0.4164,161.53,16.59,166.28,22.92
ch2_ohr_ncp_20251009T1006356898_d_img_d18_x11520_y79360.png,0.2378,373.84,539.72,380.71,546.94
ch2_ohr_ncp_20251009T1006356898_d_img_d18_x11520_y80640.png,0.2827,0.06,264.62,10.67,279.16
ch2_ohr_ncp_20251009T1006356898_d_img_d18_x11520_y80640.png,0.2408,275.46,617.76,292.76,639.09
ch2_ohr_ncp_20251009T1006356898_d_img_d18_x11520_y80640.png,0.2028,111.24,595.65,116.02,601.79
ch2_ohr_ncp_20251009T1006356898_d_img_d18_x11520_y81920.png,0.2604,174.99,108.73,180.95,117.82
ch2_ohr_ncp_20251009T1006356898_d_img_d18_x11520_y81920.png,0.2105,97.59,94.06,103.53,100.58
ch2_ohr_ncp_20251009T1006356898_d_img_d18_x11520_y83840.png,0.2238,423.33,564.04,429.74,572.9
ch2_ohr_ncp_20251009T1006356898_d_img_d18_x11520_y83840.png,0.2021,237.65,631.24,245.24,639.17
ch2_ohr_ncp_20251009T1006356898_d_img_d18_x11520_y87040.png,0.2237,191.21,487.57,199.03,503.4
ch2_ohr_ncp_20251009T1006356898_d_img_d18_x11520_y87680.png,0.3178,463.89,28.72,471.17,51.0
ch2_ohr_ncp_20251009T1006356898_d_img_d18_x11520_y88320.png,0.2817,134.44,628.0,140.51,637.45
ch2_ohr_ncp_20251009T1006356898_d_img_d18_x11520_y88320.png,0.205,92.03,632.6,97.46,638.25
ch2_ohr_ncp_20251009T1006356898_d_img_d18_x11520_y88960.png,0.2822,366.64,541.27,378.38,561.9
ch2_ohr_ncp_20251009T1006356898_d_img_d18_x11520_y88960.png,0.2447,377.47,491.55,389.64,514.4
ch2_ohr_ncp_20251009T1006356898_d_img_d18_x11520_y88960.png,0.233,456.97,576.48,467.05,591.7
ch2_ohr_ncp_20251009T1006356898_d_img_d18_x11520_y89600.png,0.2524,30.57,46.16,35.49,50.73
ch2_ohr_ncp_20251009T1006356898_d_img_d18_x11520_y89600.png,0.2329,10.05,535.41,16.84,544.78
ch2_ohr_ncp_20251009T1006356898_d_img_d18_x11520_y90240.png,0.3578,424.76,527.4,430.53,535.16
ch2_ohr_ncp_20251009T1006356898_d_img_d18_x11520_y90240.png,0.2874,94.6,106.21,100.09,111.93
ch2_ohr_ncp_20251009T1006356898_d_img_d18_x11520_y90240.png,0.2796,130.7,397.63,135.71,403.57
ch2_ohr_ncp_20251009T1006356898_d_img_d18_x11520_y90240.png,0.2777,57.95,438.27,64.01,445.23
ch2_ohr_ncp_20251009T1006356898_d_img_d18_x11520_y90240.png,0.27,95.19,106.42,100.86,112.56
ch2_ohr_ncp_20251009T1006356898_d_img_d18_x11520_y90240.png,0.2629,291.1,98.57,298.5,105.84
ch2_ohr_ncp_20251009T1006356898_d_img_d18_x11520_y90240.png,0.2578,87.39,371.79,93.61,377.37
ch2_ohr_ncp_20251009T1006356898_d_img_d18_x11520_y90240.png,0.2577,353.39,357.04,360.87,365.55
ch2_ohr_ncp_20251009T1006356898_d_img_d18_x11520_y90240.png,0.2427,329.19,112.7,351.51,135.94
ch2_ohr_ncp_20251009T1006356898_d_img_d18_x11520_y90240.png,0.2348,399.82,568.61,405.14,574.62
ch2_ohr_ncp_20251009T1006356898_d_img_d18_x11520_y90240.png,0.2347,422.23,156.65,430.45,168.26
ch2_ohr_ncp_20251009T1006356898_d_img_d18_x11520_y90240.png,0.2252,242.13,592.89,246.6,598.32
ch2_ohr_ncp_20251009T1006356898_d_img_d18_x11520_y90240.png,0.225,158.14,551.8,164.9,563.1
ch2_ohr_ncp_20251009T1006356898_d_img_d18_x11520_y90240.png,0.2197,305.99,563.25,310.94,568.92
ch2_ohr_ncp_20251009T1006356898_d_img_d18_x11520_y90240.png,0.2174,163.38,598.61,168.75,603.92
ch2_ohr_ncp_20251009T1006356898_d_img_d18_x11520_y90240.png,0.2174,192.9,404.98,198.63,411.18
ch2_ohr_ncp_20251009T1006356898_d_img_d18_x11520_y90240.png,0.2095,242.91,593.08,247.16,598.19
ch2_ohr_ncp_20251009T1006356898_d_img_d18_x11520_y90240.png,0.2076,295.9,567.84,300.12,573.2
ch2_ohr_ncp_20251009T1006356898_d_img_d18_x11520_y90240.png,0.2069,83.72,197.79,92.34,209.7
ch2_ohr_ncp_20251009T1006356898_d_img_d18_x11520_y90240.png,0.2043,178.02,602.19,184.21,609.92
ch2_ohr_ncp_20251009T1006356898_d_img_d18_x11520_y90240.png,0.201,324.52,327.55,329.1,332.87
ch2_ohr_ncp_20251009T1006356898_d_img_d18_x11520_y90880.png,0.3244,95.15,78.17,102.62,89.35
ch2_ohr_ncp_20251009T1006356898_d_img_d18_x11520_y90880.png,0.2759,115.65,582.0,122.43,589.36
ch2_ohr_ncp_20251009T1006356898_d_img_d18_x11520_y90880.png,0.2672,144.8,623.96,154.38,637.59
ch2_ohr_ncp_20251009T1006356898_d_img_d18_x11520_y90880.png,0.2574,183.19,333.35,220.2,390.63
ch2_ohr_ncp_20251009T1006356898_d_img_d18_x11520_y90880.png,0.2,56.04,609.43,61.52,615.47
ch2_ohr_ncp_20251009T1006356898_d_img_d18_x11520_y91520.png,0.2849,141.91,77.66,148.61,84.75
ch2_ohr_ncp_20251009T1006356898_d_img_d18_x11520_y92160.png,0.3694,298.73,591.61,305.33,599.01
ch2_ohr_ncp_20251009T1006356898_d_img_d18_x11520_y92160.png,0.256,278.11,613.81,283.01,619.69
ch2_ohr_ncp_20251009T1006356898_d_img_d18_x11520_y92160.png,0.2458,0.31,204.7,7.31,220.08
ch2_ohr_ncp_20251009T1006356898_d_img_d18_x11520_y92160.png,0.2299,262.5,74.6,309.32,138.39
ch2_ohr_ncp_20251009T1006356898_d_img_d18_x11520_y92160.png,0.2247,113.12,497.47,118.21,503.54
ch2_ohr_ncp_20251009T1006356898_d_img_d18_x11520_y92160.png,0.2221,288.58,599.27,295.16,605.46
ch2_ohr_ncp_20251009T1006356898_d_img_d18_x11520_y92160.png,0.2158,17.8,53.16,23.45,60.7
ch2_ohr_ncp_20251009T1006356898_d_img_d18_x11520_y92160.png,0.2076,41.41,166.78,49.14,175.3
ch2_ohr_ncp_20251009T1006356898_d_img_d18_x11520_y92800.png,0.3025,31.39,20.47,37.55,30.37
ch2_ohr_ncp_20251009T1006356898_d_img_d18_x11520_y92800.png,0.2455,123.84,143.44,130.65,151.31
ch2_ohr_ncp_20251009T1006356898_d_img_d18_x11520_y93440.png,0.3239,344.31,531.16,350.13,539.48
ch2_ohr_ncp_20251009T1006356898_d_img_d18_x11520_y93440.png,0.2694,15.3,120.57,20.13,126.76
ch2_ohr_ncp_20251009T1006356898_d_img_d18_x11520_y93440.png,0.2676,77.68,81.97,83.04,87.13
ch2_ohr_ncp_20251009T1006356898_d_img_d18_x11520_y93440.png,0.265,31.67,543.18,37.7,549.29
ch2_ohr_ncp_20251009T1006356898_d_img_d18_x11520_y93440.png,0.2628,62.27,59.25,70.95,72.42
ch2_ohr_ncp_20251009T1006356898_d_img_d18_x11520_y93440.png,0.2346,159.46,246.12,173.67,275.85
ch2_ohr_ncp_20251009T1006356898_d_img_d18_x11520_y93440.png,0.201,201.29,263.0,206.23,269.81
ch2_ohr_ncp_20251009T1006356898_d_img_d18_x11520_y94080.png,0.2207,89.48,320.49,103.84,350.17
ch2_ohr_ncp_20251009T1006356898_d_img_d18_x11520_y96000.png,0.3512,398.36,205.13,404.93,214.87
ch2_ohr_ncp_20251009T1006356898_d_img_d18_x11520_y96000.png,0.2962,94.7,338.48,100.77,344.77
ch2_ohr_ncp_20251009T1006356898_d_img_d18_x11520_y96000.png,0.2819,428.6,214.39,440.03,244.45
ch2_ohr_ncp_20251009T1006356898_d_img_d18_x11520_y96000.png,0.2752,256.83,387.46,262.74,395.15
ch2_ohr_ncp_20251009T1006356898_d_img_d18_x11520_y96000.png,0.273,434.01,273.22,439.46,280.72
ch2_ohr_ncp_20251009T1006356898_d_img_d18_x11520_y96000.png,0.2673,52.05,181.72,56.97,187.1
ch2_ohr_ncp_20251009T1006356898_d_img_d18_x11520_y96000.png,0.2656,111.3,335.75,116.86,341.79
ch2_ohr_ncp_20251009T1006356898_d_img_d18_x11520_y96000.png,0.2588,35.47,551.81,42.21,560.32
ch2_ohr_ncp_20251009T1006356898_d_img_d18_x11520_y96000.png,0.2566,93.85,338.61,99.13,344.48
ch2_ohr_ncp_20251009T1006356898_d_img_d18_x11520_y96000.png,0.252,391.17,179.01,396.45,186.58
ch2_ohr_ncp_20251009T1006356898_d_img_d18_x11520_y96000.png,0.2493,240.32,361.98,245.55,367.08
ch2_ohr_ncp_20251009T1006356898_d_img_d18_x11520_y96000.png,0.2482,372.56,176.29,379.04,188.97
ch2_ohr_ncp_20251009T1006356898_d_img_d18_x11520_y96000.png,0.2439,238.83,234.7,244.89,241.16
ch2_ohr_ncp_20251009T1006356898_d_img_d18_x11520_y96000.png,0.2418,269.95,398.0,274.84,404.35
ch2_ohr_ncp_20251009T1006356898_d_img_d18_x11520_y96000.png,0.2381,426.35,625.6,434.5,634.8
ch2_ohr_ncp_20251009T1006356898_d_img_d18_x11520_y96000.png,0.2349,132.25,233.11,139.06,240.74
ch2_ohr_ncp_20251009T1006356898_d_img_d18_x11520_y96000.png,0.2288,9.04,350.35,16.05,357.65
ch2_ohr_ncp_20251009T1006356898_d_img_d18_x11520_y96000.png,0.2284,263.96,613.12,268.7,618.19
ch2_ohr_ncp_20251009T1006356898_d_img_d18_x11520_y96000.png,0.2192,418.34,201.49,424.5,208.67
ch2_ohr_ncp_20251009T1006356898_d_img_d18_x11520_y96000.png,0.2094,406.51,101.86,412.45,107.86
ch2_ohr_ncp_20251009T1006356898_d_img_d18_x11520_y96000.png,0.2089,235.15,258.42,242.17,265.69
ch2_ohr_ncp_20251009T1006356898_d_img_d18_x11520_y97280.png,0.2687,31.36,20.69,49.02,43.88
ch2_ohr_ncp_20251009T1205142094_d_img_d18_x01280_y81920.png,0.2424,218.62,589.21,290.24,640.0
ch2_ohr_ncp_20251009T1205142094_d_img_d18_x01280_y82560.png,0.2945,113.0,403.19,176.91,486.91
ch2_ohr_ncp_20251009T1205142094_d_img_d18_x01280_y83200.png,0.3101,0.0,228.73,31.64,305.07
ch2_ohr_ncp_20251009T1205142094_d_img_d18_x01280_y87040.png,0.2652,497.11,186.57,578.91,250.97
ch2_ohr_ncp_20251009T1205142094_d_img_d18_x01920_y76160.png,0.4816,72.57,14.79,80.07,24.48
ch2_ohr_ncp_20251009T1205142094_d_img_d18_x01920_y89600.png,0.2142,0.99,114.34,33.03,188.65
ch2_ohr_ncp_20251009T1205142094_d_img_d18_x02560_y86400.png,0.2629,0.98,67.7,64.21,180.54
ch2_ohr_ncp_20251009T1205142094_d_img_d18_x03200_y85120.png,0.2072,291.03,428.33,365.6,490.69
ch2_ohr_ncp_20251009T1205142094_d_img_d18_x03840_y76800.png,0.2494,541.43,112.06,577.68,207.13
ch2_ohr_ncp_20251009T1205142094_d_img_d18_x04480_y77440.png,0.2595,25.11,611.83,44.23,639.17
ch2_ohr_ncp_20251009T1205142094_d_img_d18_x05120_y72320.png,0.2023,464.42,430.75,503.58,534.56
ch2_ohr_ncp_20251009T1205142094_d_img_d18_x05120_y79360.png,0.2079,306.74,335.05,407.13,428.18
ch2_ohr_ncp_20251009T1205142094_d_img_d18_x07040_y69120.png,0.2137,604.72,262.56,640.0,335.87
ch2_ohr_ncp_20251009T1205142094_d_img_d18_x07680_y63360.png,0.2468,344.35,565.25,392.05,628.88
ch2_ohr_ncp_20251009T1205142094_d_img_d18_x07680_y71040.png,0.2074,0.0,0.0,72.68,55.67
ch2_ohr_ncp_20251009T1205142094_d_img_d18_x08960_y61440.png,0.2429,3.55,396.99,36.43,462.36
ch2_ohr_ncp_20251009T1205142094_d_img_d18_x08960_y79360.png,0.2106,12.2,435.21,60.84,510.62
ch2_ohr_ncp_20251009T1205142094_d_img_d18_x08960_y92800.png,0.2067,293.17,358.88,392.95,428.77
ch2_ohr_ncp_20251009T1205142094_d_img_d18_x09600_y49280.png,0.2259,472.54,335.51,492.01,388.79
ch2_ohr_ncp_20251009T1205142094_d_img_d18_x09600_y60800.png,0.4126,54.67,536.7,75.35,564.43
ch2_ohr_ncp_20251009T1205142094_d_img_d18_x09600_y60800.png,0.2245,84.73,459.07,158.34,531.65
ch2_ohr_ncp_20251009T1205142094_d_img_d18_x09600_y80640.png,0.2086,0.0,433.17,52.37,522.16
ch2_ohr_ncp_20251009T1205142094_d_img_d18_x09600_y86400.png,0.2596,573.89,445.31,607.38,521.7
ch2_ohr_ncp_20251009T1205142094_d_img_d18_x09600_y87680.png,0.2096,366.76,156.99,475.14,229.33
ch2_ohr_ncp_20251009T1205142094_d_img_d18_x10240_y51200.png,0.2093,1.56,0.68,45.73,43.99
ch2_ohr_ncp_20251009T1205142094_d_img_d18_x10240_y53760.png,0.2075,0.0,440.23,20.82,496.55
ch2_ohr_ncp_20251009T1205142094_d_img_d18_x10240_y54400.png,0.2152,469.87,275.25,484.38,316.35
ch2_ohr_ncp_20251009T1205142094_d_img_d18_x10240_y55040.png,0.2072,457.63,243.77,491.83,328.82
ch2_ohr_ncp_20251009T1205142094_d_img_d18_x10240_y65280.png,0.3724,622.38,621.42,638.33,639.67
ch2_ohr_ncp_20251009T1205142094_d_img_d18_x10240_y65280.png,0.2461,623.13,625.7,635.34,639.21
ch2_ohr_ncp_20251009T1205142094_d_img_d18_x10240_y97280.png,0.2528,399.28,422.98,440.7,499.43
ch2_ohr_ncp_20251009T1205142094_d_img_d18_x10880_y100480.png,0.21,0.0,533.69,21.39,592.23
ch2_ohr_ncp_20251009T1205142094_d_img_d18_x10880_y58880.png,0.2742,222.61,339.35,292.34,406.73
ch2_ohr_ncp_20251009T1205142094_d_img_d18_x10880_y58880.png,0.2183,374.67,576.46,398.57,608.59
ch2_ohr_ncp_20251009T1205142094_d_img_d18_x10880_y99200.png,0.2273,0.71,592.03,30.43,638.89
ch2_ohr_ncp_20251009T1205142094_d_img_d18_x11520_y47360.png,0.2283,438.27,60.39,446.1,71.73
ch2_ohr_ncp_20251009T1205142094_d_img_d18_x11520_y48000.png,0.312,161.87,145.06,169.95,152.8
ch2_ohr_ncp_20251009T1205142094_d_img_d18_x11520_y48640.png,0.2395,88.71,520.06,93.2,525.25
ch2_ohr_ncp_20251009T1205142094_d_img_d18_x11520_y48640.png,0.2088,196.77,3.93,202.25,10.22
ch2_ohr_ncp_20251009T1205142094_d_img_d18_x11520_y48640.png,0.2037,272.52,617.88,278.53,625.41
ch2_ohr_ncp_20251009T1205142094_d_img_d18_x11520_y49280.png,0.2524,438.07,399.99,445.49,409.14
ch2_ohr_ncp_20251009T1205142094_d_img_d18_x11520_y49280.png,0.2329,412.98,236.13,418.81,242.08
ch2_ohr_ncp_20251009T1205142094_d_img_d18_x11520_y49920.png,0.2263,20.41,20.98,25.69,26.47
ch2_ohr_ncp_20251009T1205142094_d_img_d18_x11520_y50560.png,0.4098,164.21,539.31,170.62,545.78
ch2_ohr_ncp_20251009T1205142094_d_img_d18_x11520_y50560.png,0.3821,13.89,140.48,21.69,148.23
ch2_ohr_ncp_20251009T1205142094_d_img_d18_x11520_y50560.png,0.3613,336.4,352.54,342.83,360.39
ch2_ohr_ncp_20251009T1205142094_d_img_d18_x11520_y50560.png,0.3167,10.72,160.21,17.68,166.99
ch2_ohr_ncp_20251009T1205142094_d_img_d18_x11520_y50560.png,0.3135,12.78,37.31,19.0,43.44
ch2_ohr_ncp_20251009T1205142094_d_img_d18_x11520_y50560.png,0.3011,360.67,556.58,366.61,563.83
ch2_ohr_ncp_20251009T1205142094_d_img_d18_x11520_y50560.png,0.291,311.1,453.51,316.04,459.65
ch2_ohr_ncp_20251009T1205142094_d_img_d18_x11520_y50560.png,0.2469,92.67,530.41,101.66,539.79
ch2_ohr_ncp_20251009T1205142094_d_img_d18_x11520_y50560.png,0.2304,235.05,270.04,241.63,277.39
ch2_ohr_ncp_20251009T1205142094_d_img_d18_x11520_y50560.png,0.2263,214.99,428.91,222.47,438.39
ch2_ohr_ncp_20251009T1205142094_d_img_d18_x11520_y50560.png,0.2179,7.23,0.08,17.32,8.06
ch2_ohr_ncp_20251009T1205142094_d_img_d18_x11520_y51840.png,0.3629,431.08,292.16,437.18,298.48
ch2_ohr_ncp_20251009T1205142094_d_img_d18_x11520_y52480.png,0.2066,439.57,100.73,445.21,106.63
ch2_ohr_ncp_20251009T1205142094_d_img_d18_x11520_y53120.png,0.2111,271.77,52.32,295.81,108.23
ch2_ohr_ncp_20251009T1205142094_d_img_d18_x11520_y55040.png,0.3969,278.76,453.15,285.4,460.53
ch2_ohr_ncp_20251009T1205142094_d_img_d18_x11520_y55040.png,0.2425,3.6,215.59,9.94,223.36
ch2_ohr_ncp_20251009T1205142094_d_img_d18_x11520_y55040.png,0.2255,71.58,34.82,77.61,42.51
ch2_ohr_ncp_20251009T1205142094_d_img_d18_x11520_y55040.png,0.2243,432.97,583.96,441.91,596.33
ch2_ohr_ncp_20251009T1205142094_d_img_d18_x11520_y55040.png,0.2034,40.75,309.8,48.48,317.69
ch2_ohr_ncp_20251009T1205142094_d_img_d18_x11520_y55040.png,0.2011,52.23,25.77,56.36,31.02
ch2_ohr_ncp_20251009T1205142094_d_img_d18_x11520_y55680.png,0.3327,25.36,594.24,32.92,602.6
ch2_ohr_ncp_20251009T1205142094_d_img_d18_x11520_y55680.png,0.2758,55.0,170.87,71.59,199.94
ch2_ohr_ncp_20251009T1205142094_d_img_d18_x11520_y55680.png,0.2255,115.18,38.2,121.78,47.23
ch2_ohr_ncp_20251009T1205142094_d_img_d18_x11520_y55680.png,0.2211,53.71,75.75,64.47,96.01
ch2_ohr_ncp_20251009T1205142094_d_img_d18_x11520_y56960.png,0.2191,283.61,368.32,291.1,378.64
ch2_ohr_ncp_20251009T1205142094_d_img_d18_x11520_y57600.png,0.3605,287.08,131.68,294.65,142.3
ch2_ohr_ncp_20251009T1205142094_d_img_d18_x11520_y57600.png,0.2208,323.0,7.46,327.7,14.95
ch2_ohr_ncp_20251009T1205142094_d_img_d18_x11520_y58240.png,0.2369,184.25,0.37,204.56,18.25
ch2_ohr_ncp_20251009T1205142094_d_img_d18_x11520_y58240.png,0.2281,263.64,123.91,269.87,131.78
ch2_ohr_ncp_20251009T1205142094_d_img_d18_x11520_y58240.png,0.2173,311.9,627.6,326.33,639.43
ch2_ohr_ncp_20251009T1205142094_d_img_d18_x11520_y58880.png,0.2063,322.55,373.12,326.86,378.82
ch2_ohr_ncp_20251009T1205142094_d_img_d18_x11520_y59520.png,0.2385,357.75,580.39,363.51,587.48
ch2_ohr_ncp_20251009T1205142094_d_img_d18_x11520_y60160.png,0.2965,3.17,173.67,10.91,183.23
ch2_ohr_ncp_20251009T1205142094_d_img_d18_x11520_y60160.png,0.2768,196.95,205.76,202.28,211.55
ch2_ohr_ncp_20251009T1205142094_d_img_d18_x11520_y60160.png,0.2551,450.6,357.81,456.05,364.36
ch2_ohr_ncp_20251009T1205142094_d_img_d18_x11520_y60160.png,0.2238,272.92,145.21,279.45,151.73
ch2_ohr_ncp_20251009T1205142094_d_img_d18_x11520_y60160.png,0.2193,154.38,0.0,161.31,5.82
ch2_ohr_ncp_20251009T1205142094_d_img_d18_x11520_y60800.png,0.2723,382.32,434.35,390.9,445.02
ch2_ohr_ncp_20251009T1205142094_d_img_d18_x11520_y60800.png,0.2611,179.25,118.75,185.18,126.54
ch2_ohr_ncp_20251009T1205142094_d_img_d18_x11520_y60800.png,0.2267,58.23,30.91,63.41,37.52
ch2_ohr_ncp_20251009T1205142094_d_img_d18_x11520_y60800.png,0.2216,165.88,126.86,171.96,132.73
ch2_ohr_ncp_20251009T1205142094_d_img_d18_x11520_y60800.png,0.209,388.85,85.03,395.03,91.3
ch2_ohr_ncp_20251009T1205142094_d_img_d18_x11520_y61440.png,0.4734,222.53,437.13,228.55,446.88
ch2_ohr_ncp_20251009T1205142094_d_img_d18_x11520_y62080.png,0.2262,231.56,437.54,238.71,447.03
ch2_ohr_ncp_20251009T1205142094_d_img_d18_x11520_y62080.png,0.2036,131.18,75.29,136.84,81.01
ch2_ohr_ncp_20251009T1205142094_d_img_d18_x11520_y62720.png,0.4775,415.65,494.87,421.72,503.4
ch2_ohr_ncp_20251009T1205142094_d_img_d18_x11520_y62720.png,0.4193,150.41,21.14,154.8,27.11
ch2_ohr_ncp_20251009T1205142094_d_img_d18_x11520_y62720.png,0.4112,269.49,496.85,277.52,508.75
ch2_ohr_ncp_20251009T1205142094_d_img_d18_x11520_y62720.png,0.3472,12.52,258.67,22.44,277.09
ch2_ohr_ncp_20251009T1205142094_d_img_d18_x11520_y62720.png,0.2829,54.06,315.55,59.28,321.49
ch2_ohr_ncp_20251009T1205142094_d_img_d18_x11520_y62720.png,0.2663,305.0,618.47,309.84,622.8
ch2_ohr_ncp_20251009T1205142094_d_img_d18_x11520_y62720.png,0.2513,112.4,0.27,120.68,9.49
ch2_ohr_ncp_20251009T1205142094_d_img_d18_x11520_y62720.png,0.2429,413.6,349.21,418.38,354.48
ch2_ohr_ncp_20251009T1205142094_d_img_d18_x11520_y63360.png,0.565,407.88,590.45,414.65,600.65
ch2_ohr_ncp_20251009T1205142094_d_img_d18_x11520_y63360.png,0.3008,374.69,4.68,382.44,14.67
ch2_ohr_ncp_20251009T1205142094_d_img_d18_x11520_y63360.png,0.2385,13.12,507.48,23.23,525.35
ch2_ohr_ncp_20251009T1205142094_d_img_d18_x11520_y63360.png,0.2289,416.88,577.87,422.37,584.98
ch2_ohr_ncp_20251009T1205142094_d_img_d18_x11520_y63360.png,0.2223,272.58,31.76,280.52,42.61
ch2_ohr_ncp_20251009T1205142094_d_img_d18_x11520_y63360.png,0.2184,111.9,449.99,118.57,457.09
ch2_ohr_ncp_20251009T1205142094_d_img_d18_x11520_y63360.png,0.2167,72.0,373.3,76.57,378.17
ch2_ohr_ncp_20251009T1205142094_d_img_d18_x11520_y63360.png,0.2148,416.29,578.15,421.64,585.68
ch2_ohr_ncp_20251009T1205142094_d_img_d18_x11520_y63360.png,0.2031,198.18,102.67,206.34,119.87
ch2_ohr_ncp_20251009T1205142094_d_img_d18_x11520_y64000.png,0.3084,365.49,309.92,375.96,325.32
ch2_ohr_ncp_20251009T1205142094_d_img_d18_x11520_y64000.png,0.2422,3.12,390.2,18.41,412.31
ch2_ohr_ncp_20251009T1205142094_d_img_d18_x11520_y64640.png,0.4588,222.02,73.64,233.73,89.02
ch2_ohr_ncp_20251009T1205142094_d_img_d18_x11520_y64640.png,0.2932,413.82,576.69,421.89,589.59
ch2_ohr_ncp_20251009T1205142094_d_img_d18_x11520_y64640.png,0.2042,323.57,491.31,329.15,498.15
ch2_ohr_ncp_20251009T1205142094_d_img_d18_x11520_y65920.png,0.2621,279.25,397.78,285.21,405.61
ch2_ohr_ncp_20251009T1205142094_d_img_d18_x11520_y66560.png,0.2043,141.76,589.19,147.81,595.8
ch2_ohr_ncp_20251009T1205142094_d_img_d18_x11520_y67200.png,0.2561,196.05,293.8,202.75,301.04
ch2_ohr_ncp_20251009T1205142094_d_img_d18_x11520_y67840.png,0.4334,177.23,106.97,192.1,137.43
ch2_ohr_ncp_20251009T1205142094_d_img_d18_x11520_y67840.png,0.3901,399.82,397.88,409.08,414.63
ch2_ohr_ncp_20251009T1205142094_d_img_d18_x11520_y67840.png,0.3361,82.81,166.8,88.0,172.76
ch2_ohr_ncp_20251009T1205142094_d_img_d18_x11520_y69120.png,0.4632,446.4,454.38,452.52,462.61
ch2_ohr_ncp_20251009T1205142094_d_img_d18_x11520_y69120.png,0.2995,294.32,333.69,301.15,342.65
ch2_ohr_ncp_20251009T1205142094_d_img_d18_x11520_y69120.png,0.2418,62.24,241.01,97.53,290.52
ch2_ohr_ncp_20251009T1205142094_d_img_d18_x11520_y69120.png,0.2047,115.25,253.29,127.76,286.56
ch2_ohr_ncp_20251009T1205142094_d_img_d18_x11520_y69760.png,0.3749,45.01,483.06,51.17,489.45
ch2_ohr_ncp_20251009T1205142094_d_img_d18_x11520_y69760.png,0.2705,282.25,598.83,288.76,607.96
ch2_ohr_ncp_20251009T1205142094_d_img_d18_x11520_y69760.png,0.2455,358.98,394.98,364.68,400.81
ch2_ohr_ncp_20251009T1205142094_d_img_d18_x11520_y69760.png,0.2416,282.46,543.75,290.43,555.2
ch2_ohr_ncp_20251009T1205142094_d_img_d18_x11520_y69760.png,0.2387,104.7,317.74,109.78,323.31
ch2_ohr_ncp_20251009T1205142094_d_img_d18_x11520_y69760.png,0.2214,158.38,450.48,165.7,459.23
ch2_ohr_ncp_20251009T1205142094_d_img_d18_x11520_y69760.png,0.2079,156.2,423.79,162.28,430.94
ch2_ohr_ncp_20251009T1205142094_d_img_d18_x11520_y70400.png,0.3379,351.34,400.22,358.87,414.15
ch2_ohr_ncp_20251009T1205142094_d_img_d18_x11520_y70400.png,0.3037,313.46,65.45,320.29,74.63
ch2_ohr_ncp_20251009T1205142094_d_img_d18_x11520_y70400.png,0.2258,158.36,21.19,165.62,33.61
ch2_ohr_ncp_20251009T1205142094_d_img_d18_x11520_y71040.png,0.2506,457.16,30.95,461.87,37.66
ch2_ohr_ncp_20251009T1205142094_d_img_d18_x11520_y71040.png,0.2254,103.82,23.03,108.78,29.42
ch2_ohr_ncp_20251009T1205142094_d_img_d18_x11520_y72320.png,0.2098,190.64,21.02,197.99,27.52
ch2_ohr_ncp_20251009T1205142094_d_img_d18_x11520_y74240.png,0.2383,383.33,537.84,410.58,573.59
ch2_ohr_ncp_20251009T1205142094_d_img_d18_x11520_y75520.png,0.2294,413.61,474.97,443.29,508.87
ch2_ohr_ncp_20251009T1205142094_d_img_d18_x11520_y76160.png,0.4386,159.07,58.56,166.78,79.57
ch2_ohr_ncp_20251009T1205142094_d_img_d18_x11520_y78720.png,0.3344,240.93,0.87,245.77,7.07
ch2_ohr_ncp_20251009T1205142094_d_img_d18_x11520_y78720.png,0.261,228.26,547.04,235.66,554.25
ch2_ohr_ncp_20251009T1205142094_d_img_d18_x11520_y80000.png,0.3072,319.31,623.86,325.11,632.25
ch2_ohr_ncp_20251009T1205142094_d_img_d18_x11520_y80000.png,0.2809,137.43,495.41,144.01,501.87
ch2_ohr_ncp_20251009T1205142094_d_img_d18_x11520_y80000.png,0.2413,231.75,21.23,237.15,26.64
ch2_ohr_ncp_20251009T1205142094_d_img_d18_x11520_y80000.png,0.2242,433.48,96.47,439.25,104.44
ch2_ohr_ncp_20251009T1205142094_d_img_d18_x11520_y80640.png,0.305,206.32,494.29,214.51,514.82
ch2_ohr_ncp_20251009T1205142094_d_img_d18_x11520_y80640.png,0.2571,352.77,624.22,359.68,635.91
ch2_ohr_ncp_20251009T1205142094_d_img_d18_x11520_y80640.png,0.2546,419.73,551.51,424.54,556.89
ch2_ohr_ncp_20251009T1205142094_d_img_d18_x11520_y81280.png,0.413,357.84,620.36,378.03,639.29
ch2_ohr_ncp_20251009T1205142094_d_img_d18_x11520_y81280.png,0.2436,334.59,16.38,341.69,24.26
ch2_ohr_ncp_20251009T1205142094_d_img_d18_x11520_y81280.png,0.2166,153.65,95.32,168.56,122.46
ch2_ohr_ncp_20251009T1205142094_d_img_d18_x11520_y81920.png,0.464,38.91,606.16,55.05,625.26
ch2_ohr_ncp_20251009T1205142094_d_img_d18_x11520_y81920.png,0.3066,348.6,596.6,354.83,603.59
ch2_ohr_ncp_20251009T1205142094_d_img_d18_x11520_y81920.png,0.2269,47.46,315.54,53.4,322.66
ch2_ohr_ncp_20251009T1205142094_d_img_d18_x11520_y81920.png,0.2231,365.19,374.27,374.11,393.01
ch2_ohr_ncp_20251009T1205142094_d_img_d18_x11520_y81920.png,0.2177,315.13,632.98,320.14,638.96
ch2_ohr_ncp_20251009T1205142094_d_img_d18_x11520_y81920.png,0.2121,303.29,147.13,309.98,153.52
ch2_ohr_ncp_20251009T1205142094_d_img_d18_x11520_y91520.png,0.2255,30.25,54.31,45.85,75.74
ch2_ohr_ncp_20251009T1205142094_d_img_d18_x11520_y92800.png,0.2916,453.67,158.06,458.37,163.52
ch2_ohr_ncp_20251009T1205142094_d_img_d18_x11520_y92800.png,0.2821,251.91,623.63,259.31,630.2
ch2_ohr_ncp_20251009T1205142094_d_img_d18_x11520_y92800.png,0.2747,209.33,609.85,217.75,624.07
ch2_ohr_ncp_20251009T1205142094_d_img_d18_x11520_y92800.png,0.2266,103.67,525.02,114.76,537.5
ch2_ohr_ncp_20251009T1205142094_d_img_d18_x11520_y92800.png,0.2102,223.63,583.33,228.56,588.84
ch2_ohr_ncp_20251009T1205142094_d_img_d18_x11520_y94080.png,0.2434,204.32,231.07,208.95,236.89
ch2_ohr_ncp_20251009T1205142094_d_img_d18_x11520_y94080.png,0.2078,0.31,118.81,5.46,126.93
ch2_ohr_ncp_20251009T1205142094_d_img_d18_x11520_y94720.png,0.3231,111.33,588.18,117.38,599.02
ch2_ohr_ncp_20251009T1205142094_d_img_d18_x11520_y95360.png,0.5322,350.47,622.84,357.81,637.46
ch2_ohr_ncp_20251010T1140338327_d_img_d18_x00000_y72960.png,0.2287,429.78,138.25,436.21,146.5
ch2_ohr_ncp_20251010T1140338327_d_img_d18_x01280_y94080.png,0.2044,8.58,138.36,27.18,185.94
ch2_ohr_ncp_20251010T1140338327_d_img_d18_x01920_y74880.png,0.244,601.28,118.01,635.83,198.6
ch2_ohr_ncp_20251010T1140338327_d_img_d18_x01920_y91520.png,0.2324,461.5,427.73,503.8,530.84
ch2_ohr_ncp_20251010T1140338327_d_img_d18_x03200_y74240.png,0.2551,591.64,37.51,598.05,50.52
ch2_ohr_ncp_20251010T1140338327_d_img_d18_x03200_y88960.png,0.2892,563.72,33.86,636.92,109.44
ch2_ohr_ncp_20251010T1140338327_d_img_d18_x03840_y89600.png,0.2863,609.45,407.01,640.0,473.06
ch2_ohr_ncp_20251010T1140338327_d_img_d18_x03840_y97280.png,0.2022,545.76,126.23,576.01,206.26
ch2_ohr_ncp_20251010T1140338327_d_img_d18_x04480_y100480.png,0.2114,493.81,197.2,500.7,206.76
ch2_ohr_ncp_20251010T1140338327_d_img_d18_x04480_y79360.png,0.2426,0.0,202.85,68.16,300.39
ch2_ohr_ncp_20251010T1140338327_d_img_d18_x04480_y96640.png,0.2976,307.55,456.91,336.38,526.77
ch2_ohr_ncp_20251010T1140338327_d_img_d18_x05120_y100480.png,0.296,159.34,475.79,168.37,494.31
ch2_ohr_ncp_20251010T1140338327_d_img_d18_x05120_y100480.png,0.2594,82.55,249.9,88.21,256.33
ch2_ohr_ncp_20251010T1140338327_d_img_d18_x05760_y100480.png,0.3217,111.75,86.11,121.58,94.85
ch2_ohr_ncp_20251010T1140338327_d_img_d18_x05760_y100480.png,0.2883,622.65,339.17,629.49,349.63
ch2_ohr_ncp_20251010T1140338327_d_img_d18_x05760_y100480.png,0.2692,36.32,370.92,41.78,376.69
ch2_ohr_ncp_20251010T1140338327_d_img_d18_x05760_y100480.png,0.257,81.72,540.72,87.64,549.54
ch2_ohr_ncp_20251010T1140338327_d_img_d18_x05760_y100480.png,0.2472,623.09,339.32,630.18,352.05
ch2_ohr_ncp_20251010T1140338327_d_img_d18_x05760_y100480.png,0.2307,110.17,78.77,116.34,84.29
ch2_ohr_ncp_20251010T1140338327_d_img_d18_x05760_y87680.png,0.41,0.0,157.37,41.54,225.88
ch2_ohr_ncp_20251010T1140338327_d_img_d18_x05760_y87680.png,0.2979,0.0,158.41,48.3,236.6
ch2_ohr_ncp_20251010T1140338327_d_img_d18_x05760_y97920.png,0.2446,0.0,351.71,42.61,453.66
ch2_ohr_ncp_20251010T1140338327_d_img_d18_x06400_y100480.png,0.331,350.14,31.08,355.73,38.91
ch2_ohr_ncp_20251010T1140338327_d_img_d18_x06400_y100480.png,0.2854,426.94,325.4,431.61,331.8
ch2_ohr_ncp_20251010T1140338327_d_img_d18_x06400_y100480.png,0.2485,141.6,43.06,151.8,58.37
ch2_ohr_ncp_20251010T1140338327_d_img_d18_x06400_y100480.png,0.2382,174.23,339.44,180.44,346.18
ch2_ohr_ncp_20251010T1140338327_d_img_d18_x07040_y100480.png,0.3426,248.41,94.04,253.98,101.8
ch2_ohr_ncp_20251010T1140338327_d_img_d18_x07040_y100480.png,0.3194,542.68,331.97,552.24,341.49
ch2_ohr_ncp_20251010T1140338327_d_img_d18_x07040_y100480.png,0.3067,230.83,346.79,237.82,356.66
ch2_ohr_ncp_20251010T1140338327_d_img_d18_x07040_y100480.png,0.302,259.05,526.77,266.22,534.83
ch2_ohr_ncp_20251010T1140338327_d_img_d18_x07040_y100480.png,0.2235,207.17,501.71,215.74,509.94
ch2_ohr_ncp_20251010T1140338327_d_img_d18_x07040_y100480.png,0.2132,270.23,410.71,277.71,420.08
ch2_ohr_ncp_20251010T1140338327_d_img_d18_x07040_y81280.png,0.2132,373.02,101.39,411.98,184.6
ch2_ohr_ncp_20251010T1140338327_d_img_d18_x07040_y91520.png,0.2218,608.95,298.58,640.0,362.21
ch2_ohr_ncp_20251010T1140338327_d_img_d18_x07040_y94080.png,0.3081,58.96,216.58,91.11,272.53
ch2_ohr_ncp_20251010T1140338327_d_img_d18_x07040_y94080.png,0.2502,608.93,343.35,640.0,419.54
ch2_ohr_ncp_20251010T1140338327_d_img_d18_x07680_y100480.png,0.4547,575.48,382.06,582.69,391.4
ch2_ohr_ncp_20251010T1140338327_d_img_d18_x07680_y100480.png,0.3212,185.01,323.72,191.35,331.58
ch2_ohr_ncp_20251010T1140338327_d_img_d18_x07680_y100480.png,0.29,38.88,231.95,45.58,242.8
ch2_ohr_ncp_20251010T1140338327_d_img_d18_x07680_y100480.png,0.2424,381.7,244.76,388.39,252.88
ch2_ohr_ncp_20251010T1140338327_d_img_d18_x07680_y100480.png,0.242,254.7,156.73,259.56,162.5
ch2_ohr_ncp_20251010T1140338327_d_img_d18_x07680_y100480.png,0.2379,118.12,558.9,126.29,572.17
ch2_ohr_ncp_20251010T1140338327_d_img_d18_x07680_y100480.png,0.2372,543.38,3.27,550.33,11.66
ch2_ohr_ncp_20251010T1140338327_d_img_d18_x07680_y100480.png,0.2286,144.0,567.76,150.34,575.8
ch2_ohr_ncp_20251010T1140338327_d_img_d18_x08320_y100480.png,0.4742,587.18,297.61,594.27,308.07
ch2_ohr_ncp_20251010T1140338327_d_img_d18_x08320_y100480.png,0.4104,141.84,58.37,148.42,68.12
ch2_ohr_ncp_20251010T1140338327_d_img_d18_x08320_y100480.png,0.3636,518.93,122.27,529.06,141.63
ch2_ohr_ncp_20251010T1140338327_d_img_d18_x08320_y100480.png,0.2925,495.46,92.42,502.37,101.56
ch2_ohr_ncp_20251010T1140338327_d_img_d18_x08320_y100480.png,0.2916,476.64,572.24,483.67,581.6
ch2_ohr_ncp_20251010T1140338327_d_img_d18_x08320_y100480.png,0.2839,213.45,204.13,221.41,214.11
ch2_ohr_ncp_20251010T1140338327_d_img_d18_x08320_y100480.png,0.2673,43.08,0.15,49.46,4.83
ch2_ohr_ncp_20251010T1140338327_d_img_d18_x08320_y100480.png,0.257,449.99,306.19,457.79,315.74
ch2_ohr_ncp_20251010T1140338327_d_img_d18_x08320_y100480.png,0.2434,55.51,116.75,60.25,122.61
ch2_ohr_ncp_20251010T1140338327_d_img_d18_x08320_y100480.png,0.2185,553.25,453.01,560.79,463.39
ch2_ohr_ncp_20251010T1140338327_d_img_d18_x08320_y100480.png,0.2118,152.27,0.37,159.62,5.59
ch2_ohr_ncp_20251010T1140338327_d_img_d18_x08320_y100480.png,0.2065,81.88,354.71,94.6,380.4
ch2_ohr_ncp_20251010T1140338327_d_img_d18_x08320_y100480.png,0.2053,22.07,338.15,51.29,390.95
ch2_ohr_ncp_20251010T1140338327_d_img_d18_x08320_y100480.png,0.2001,559.73,219.1,566.56,229.24
ch2_ohr_ncp_20251010T1140338327_d_img_d18_x08960_y100480.png,0.5025,6.52,124.82,14.0,132.29
ch2_ohr_ncp_20251010T1140338327_d_img_d18_x08960_y100480.png,0.4264,397.79,109.97,408.42,130.99
ch2_ohr_ncp_20251010T1140338327_d_img_d18_x08960_y100480.png,0.4175,168.36,577.85,173.36,585.13
ch2_ohr_ncp_20251010T1140338327_d_img_d18_x08960_y100480.png,0.3669,342.42,290.29,350.05,298.94
ch2_ohr_ncp_20251010T1140338327_d_img_d18_x08960_y100480.png,0.2908,8.41,528.29,13.2,535.39
ch2_ohr_ncp_20251010T1140338327_d_img_d18_x08960_y100480.png,0.2739,0.35,0.68,6.66,13.85
ch2_ohr_ncp_20251010T1140338327_d_img_d18_x08960_y100480.png,0.2668,342.72,290.46,350.7,301.14
ch2_ohr_ncp_20251010T1140338327_d_img_d18_x08960_y100480.png,0.2649,350.72,293.57,357.9,304.38
ch2_ohr_ncp_20251010T1140338327_d_img_d18_x08960_y100480.png,0.2269,32.08,108.55,38.27,116.32
ch2_ohr_ncp_20251010T1140338327_d_img_d18_x08960_y100480.png,0.225,382.06,105.51,392.93,125.88
ch2_ohr_ncp_20251010T1140338327_d_img_d18_x08960_y100480.png,0.2245,332.7,0.0,340.69,3.67
ch2_ohr_ncp_20251010T1140338327_d_img_d18_x08960_y100480.png,0.2087,333.26,0.07,344.28,3.94
ch2_ohr_ncp_20251010T1140338327_d_img_d18_x08960_y100480.png,0.202,373.28,421.01,380.31,428.0
ch2_ohr_ncp_20251010T1140338327_d_img_d18_x08960_y57600.png,0.2246,358.14,605.26,379.64,638.25
ch2_ohr_ncp_20251010T1140338327_d_img_d18_x09600_y100480.png,0.4323,203.45,78.26,208.25,85.36
ch2_ohr_ncp_20251010T1140338327_d_img_d18_x09600_y100480.png,0.3806,364.63,126.96,369.45,133.86
ch2_ohr_ncp_20251010T1140338327_d_img_d18_x09600_y100480.png,0.3401,251.98,442.19,258.34,451.23
ch2_ohr_ncp_20251010T1140338327_d_img_d18_x09600_y100480.png,0.2924,343.5,41.45,351.05,53.9
ch2_ohr_ncp_20251010T1140338327_d_img_d18_x09600_y100480.png,0.2333,270.31,91.85,280.75,114.68
ch2_ohr_ncp_20251010T1140338327_d_img_d18_x09600_y100480.png,0.217,338.21,32.37,344.96,44.29
ch2_ohr_ncp_20251010T1140338327_d_img_d18_x09600_y100480.png,0.2149,430.8,1.46,439.69,14.23
ch2_ohr_ncp_20251010T1140338327_d_img_d18_x09600_y100480.png,0.2135,320.3,355.3,325.23,361.97
ch2_ohr_ncp_20251010T1140338327_d_img_d18_x09600_y90240.png,0.3278,208.7,626.93,220.1,638.0
ch2_ohr_ncp_20251010T1140338327_d_img_d18_x09600_y96640.png,0.2402,612.35,320.87,640.0,391.36
ch2_ohr_ncp_20251010T1140338327_d_img_d18_x10240_y100480.png,0.36,633.24,541.0,639.33,554.49
ch2_ohr_ncp_20251010T1140338327_d_img_d18_x10240_y100480.png,0.2713,101.02,568.64,108.05,577.66
ch2_ohr_ncp_20251010T1140338327_d_img_d18_x10240_y100480.png,0.2561,260.14,361.91,265.6,368.3
ch2_ohr_ncp_20251010T1140338327_d_img_d18_x10240_y100480.png,0.2495,119.06,69.7,124.14,75.22
ch2_ohr_ncp_20251010T1140338327_d_img_d18_x10240_y100480.png,0.2019,25.69,277.58,31.15,283.72
ch2_ohr_ncp_20251010T1140338327_d_img_d18_x10240_y56320.png,0.2808,31.11,12.19,37.72,17.54
ch2_ohr_ncp_20251010T1140338327_d_img_d18_x10880_y100480.png,0.2801,255.8,163.29,264.8,185.88
ch2_ohr_ncp_20251010T1140338327_d_img_d18_x10880_y100480.png,0.2337,400.92,147.56,407.37,155.64
ch2_ohr_ncp_20251010T1140338327_d_img_d18_x10880_y100480.png,0.225,257.86,552.31,262.7,557.91
ch2_ohr_ncp_20251010T1140338327_d_img_d18_x10880_y100480.png,0.205,433.28,0.98,438.33,7.36
ch2_ohr_ncp_20251010T1140338327_d_img_d18_x10880_y51840.png,0.2212,0.29,0.0,26.57,34.97
ch2_ohr_ncp_20251010T1140338327_d_img_d18_x10880_y59520.png,0.2705,308.02,238.39,338.93,309.29
ch2_ohr_ncp_20251010T1140338327_d_img_d18_x10880_y59520.png,0.2522,304.6,142.07,335.19,222.96
ch2_ohr_ncp_20251010T1140338327_d_img_d18_x10880_y99200.png,0.2404,611.74,143.44,640.0,211.16
ch2_ohr_ncp_20251010T1140338327_d_img_d18_x10880_y99200.png,0.2006,615.06,153.14,639.48,208.97
ch2_ohr_ncp_20251010T1140338327_d_img_d18_x11520_y100480.png,0.3281,346.08,198.72,353.46,207.82
ch2_ohr_ncp_20251010T1140338327_d_img_d18_x11520_y100480.png,0.2728,424.64,107.67,430.94,118.69
ch2_ohr_ncp_20251010T1140338327_d_img_d18_x11520_y52480.png,0.2437,321.15,148.88,335.86,173.46
ch2_ohr_ncp_20251010T1140338327_d_img_d18_x11520_y53760.png,0.2405,95.01,505.37,101.77,518.76
ch2_ohr_ncp_20251010T1140338327_d_img_d18_x11520_y53760.png,0.2382,143.04,181.05,150.95,195.93
ch2_ohr_ncp_20251010T1140338327_d_img_d18_x11520_y54400.png,0.3561,143.28,290.73,149.93,299.26
ch2_ohr_ncp_20251010T1140338327_d_img_d18_x11520_y54400.png,0.2747,418.34,455.21,424.38,460.85
ch2_ohr_ncp_20251010T1140338327_d_img_d18_x11520_y54400.png,0.2731,360.66,11.83,367.3,20.6
ch2_ohr_ncp_20251010T1140338327_d_img_d18_x11520_y54400.png,0.2495,300.75,95.9,312.81,111.4
ch2_ohr_ncp_20251010T1140338327_d_img_d18_x11520_y54400.png,0.2438,327.17,18.72,332.48,25.59
ch2_ohr_ncp_20251010T1140338327_d_img_d18_x11520_y54400.png,0.2383,175.29,124.41,181.37,133.44
ch2_ohr_ncp_20251010T1140338327_d_img_d18_x11520_y54400.png,0.2281,0.17,179.13,5.13,186.71
ch2_ohr_ncp_20251010T1140338327_d_img_d18_x11520_y54400.png,0.2017,164.65,388.49,170.05,395.11
ch2_ohr_ncp_20251010T1140338327_d_img_d18_x11520_y54400.png,0.2006,11.0,1.58,24.89,19.64
ch2_ohr_ncp_20251010T1140338327_d_img_d18_x11520_y55680.png,0.4345,440.86,108.59,446.59,119.45
ch2_ohr_ncp_20251010T1140338327_d_img_d18_x11520_y55680.png,0.2691,433.02,468.94,439.37,476.55
ch2_ohr_ncp_20251010T1140338327_d_img_d18_x11520_y55680.png,0.2271,13.52,573.66,20.32,583.38
ch2_ohr_ncp_20251010T1140338327_d_img_d18_x11520_y56320.png,0.2541,29.22,197.09,35.18,204.69
ch2_ohr_ncp_20251010T1140338327_d_img_d18_x11520_y56320.png,0.2072,118.65,170.18,125.39,177.59
ch2_ohr_ncp_20251010T1140338327_d_img_d18_x11520_y56960.png,0.242,311.48,587.79,317.46,594.65
ch2_ohr_ncp_20251010T1140338327_d_img_d18_x11520_y56960.png,0.2097,131.0,615.28,135.13,621.13
ch2_ohr_ncp_20251010T1140338327_d_img_d18_x11520_y56960.png,0.2023,265.35,100.29,271.87,108.01
ch2_ohr_ncp_20251010T1140338327_d_img_d18_x11520_y58240.png,0.339,423.39,42.98,429.87,51.12
ch2_ohr_ncp_20251010T1140338327_d_img_d18_x11520_y58240.png,0.3334,200.75,518.85,206.75,526.14
ch2_ohr_ncp_20251010T1140338327_d_img_d18_x11520_y58240.png,0.2821,173.56,343.1,180.88,352.78
ch2_ohr_ncp_20251010T1140338327_d_img_d18_x11520_y58240.png,0.256,97.25,59.79,102.38,66.18
ch2_ohr_ncp_20251010T1140338327_d_img_d18_x11520_y58240.png,0.2332,348.27,179.89,357.54,193.02
ch2_ohr_ncp_20251010T1140338327_d_img_d18_x11520_y58880.png,0.4085,454.7,300.76,459.73,307.96
ch2_ohr_ncp_20251010T1140338327_d_img_d18_x11520_y58880.png,0.2738,157.11,133.04,163.22,141.68
ch2_ohr_ncp_20251010T1140338327_d_img_d18_x11520_y58880.png,0.2424,64.62,593.48,73.79,605.96
ch2_ohr_ncp_20251010T1140338327_d_img_d18_x11520_y58880.png,0.2225,422.5,167.52,429.84,179.04
ch2_ohr_ncp_20251010T1140338327_d_img_d18_x11520_y58880.png,0.2146,78.59,38.41,86.61,56.33
ch2_ohr_ncp_20251010T1140338327_d_img_d18_x11520_y59520.png,0.3704,123.1,307.34,140.6,335.84
ch2_ohr_ncp_20251010T1140338327_d_img_d18_x11520_y59520.png,0.3158,153.25,166.19,158.97,174.08
ch2_ohr_ncp_20251010T1140338327_d_img_d18_x11520_y59520.png,0.291,48.13,69.86,53.3,75.62
ch2_ohr_ncp_20251010T1140338327_d_img_d18_x11520_y59520.png,0.2662,405.04,288.2,410.08,294.62
ch2_ohr_ncp_20251010T1140338327_d_img_d18_x11520_y59520.png,0.2619,124.95,307.53,142.65,331.74
ch2_ohr_ncp_20251010T1140338327_d_img_d18_x11520_y59520.png,0.2411,127.0,221.22,136.93,235.11
ch2_ohr_ncp_20251010T1140338327_d_img_d18_x11520_y59520.png,0.2332,47.74,70.16,52.35,75.86
ch2_ohr_ncp_20251010T1140338327_d_img_d18_x11520_y59520.png,0.2189,252.41,514.73,257.26,520.24
ch2_ohr_ncp_20251010T1140338327_d_img_d18_x11520_y59520.png,0.2093,105.23,529.29,110.35,535.78
ch2_ohr_ncp_20251010T1140338327_d_img_d18_x11520_y59520.png,0.2001,240.08,582.2,247.85,593.79
ch2_ohr_ncp_20251010T1140338327_d_img_d18_x11520_y60160.png,0.2934,247.22,451.43,252.67,459.69
ch2_ohr_ncp_20251010T1140338327_d_img_d18_x11520_y60160.png,0.2416,246.95,627.73,252.96,634.48
ch2_ohr_ncp_20251010T1140338327_d_img_d18_x11520_y60800.png,0.2812,168.86,91.63,178.03,104.81
ch2_ohr_ncp_20251010T1140338327_d_img_d18_x11520_y60800.png,0.2629,143.97,620.77,156.72,638.66
ch2_ohr_ncp_20251010T1140338327_d_img_d18_x11520_y60800.png,0.2041,337.77,184.91,345.49,197.34
ch2_ohr_ncp_20251010T1140338327_d_img_d18_x11520_y60800.png,0.2026,200.64,518.55,205.51,524.38
ch2_ohr_ncp_20251010T1140338327_d_img_d18_x11520_y61440.png,0.3449,143.12,186.94,149.75,197.73
ch2_ohr_ncp_20251010T1140338327_d_img_d18_x11520_y61440.png,0.332,380.51,157.03,391.84,180.0
ch2_ohr_ncp_20251010T1140338327_d_img_d18_x11520_y61440.png,0.2853,145.21,0.0,153.6,6.34
ch2_ohr_ncp_20251010T1140338327_d_img_d18_x11520_y61440.png,0.2582,22.82,411.24,35.0,433.42
ch2_ohr_ncp_20251010T1140338327_d_img_d18_x11520_y61440.png,0.2194,297.09,470.94,302.42,477.93
ch2_ohr_ncp_20251010T1140338327_d_img_d18_x11520_y61440.png,0.2133,0.19,628.0,7.68,637.95
ch2_ohr_ncp_20251010T1140338327_d_img_d18_x11520_y62080.png,0.2962,296.02,575.01,311.31,592.25
ch2_ohr_ncp_20251010T1140338327_d_img_d18_x11520_y62080.png,0.2138,81.76,550.2,88.86,560.06
ch2_ohr_ncp_20251010T1140338327_d_img_d18_x11520_y62720.png,0.2537,355.95,587.22,361.26,592.76
ch2_ohr_ncp_20251010T1140338327_d_img_d18_x11520_y64000.png,0.2547,342.63,50.66,347.73,57.2
ch2_ohr_ncp_20251010T1140338327_d_img_d18_x11520_y65280.png,0.2157,369.09,626.45,377.12,636.84
ch2_ohr_ncp_20251010T1140338327_d_img_d18_x11520_y65920.png,0.238,278.62,307.86,294.61,335.58
ch2_ohr_ncp_20251010T1140338327_d_img_d18_x11520_y66560.png,0.2583,343.7,443.02,349.36,450.87
ch2_ohr_ncp_20251010T1140338327_d_img_d18_x11520_y66560.png,0.2258,239.61,289.41,246.14,299.38
ch2_ohr_ncp_20251010T1140338327_d_img_d18_x11520_y66560.png,0.2208,169.11,552.81,174.09,559.09
ch2_ohr_ncp_20251010T1140338327_d_img_d18_x11520_y66560.png,0.2199,95.84,94.25,100.65,100.05
ch2_ohr_ncp_20251010T1140338327_d_img_d18_x11520_y66560.png,0.2184,21.71,104.75,27.05,111.7
ch2_ohr_ncp_20251010T1140338327_d_img_d18_x11520_y87680.png,0.205,85.25,621.65,95.63,637.32
ch2_ohr_ncp_20251010T1140338327_d_img_d18_x11520_y88320.png,0.2978,110.42,148.21,132.92,178.95
ch2_ohr_ncp_20251010T1140338327_d_img_d18_x11520_y88960.png,0.2328,440.63,567.31,445.33,574.73
ch2_ohr_ncp_20251010T1140338327_d_img_d18_x11520_y90240.png,0.216,230.89,429.43,235.33,435.85
ch2_ohr_ncp_20251010T1140338327_d_img_d18_x11520_y90880.png,0.2284,71.34,632.78,79.33,639.6
ch2_ohr_ncp_20251010T1140338327_d_img_d18_x11520_y90880.png,0.2213,178.83,581.45,185.31,587.95
ch2_ohr_ncp_20251010T1140338327_d_img_d18_x11520_y90880.png,0.2211,302.38,469.88,309.05,486.08
ch2_ohr_ncp_20251010T1140338327_d_img_d18_x11520_y90880.png,0.2015,56.17,557.53,61.42,563.27
ch2_ohr_ncp_20251010T1140338327_d_img_d18_x11520_y91520.png,0.3589,309.72,350.98,318.46,362.23
ch2_ohr_ncp_20251010T1140338327_d_img_d18_x11520_y91520.png,0.3124,277.27,118.84,282.78,124.48
ch2_ohr_ncp_20251010T1140338327_d_img_d18_x11520_y91520.png,0.2279,94.73,374.03,104.22,390.26
ch2_ohr_ncp_20251010T1140338327_d_img_d18_x11520_y91520.png,0.2185,78.85,13.35,84.4,21.6
ch2_ohr_ncp_20251010T1140338327_d_img_d18_x11520_y91520.png,0.2116,426.37,1.03,438.58,33.15
ch2_ohr_ncp_20251010T1140338327_d_img_d18_x11520_y92160.png,0.2225,223.58,373.56,230.75,382.82
ch2_ohr_ncp_20251010T1140338327_d_img_d18_x11520_y92800.png,0.2119,0.76,159.22,8.42,170.97
ch2_ohr_ncp_20251010T1140338327_d_img_d18_x11520_y93440.png,0.3396,31.14,20.12,37.54,26.53
ch2_ohr_ncp_20251010T1140338327_d_img_d18_x11520_y93440.png,0.2521,62.48,44.72,69.73,52.94
ch2_ohr_ncp_20251010T1140338327_d_img_d18_x11520_y93440.png,0.2508,54.74,581.19,61.23,590.12
ch2_ohr_ncp_20251010T1140338327_d_img_d18_x11520_y93440.png,0.2339,94.29,4.12,100.29,13.05
ch2_ohr_ncp_20251010T1140338327_d_img_d18_x11520_y93440.png,0.2092,111.53,315.51,117.35,324.15
ch2_ohr_ncp_20251010T1140338327_d_img_d18_x11520_y94080.png,0.2362,209.64,457.14,215.57,467.63
ch2_ohr_ncp_20251010T1140338327_d_img_d18_x11520_y94080.png,0.2254,299.3,450.22,303.89,455.71
ch2_ohr_ncp_20251010T1140338327_d_img_d18_x11520_y94080.png,0.2043,435.09,211.65,448.51,233.83
ch2_ohr_ncp_20251010T1140338327_d_img_d18_x11520_y94720.png,0.3911,214.21,124.45,223.78,139.59
ch2_ohr_ncp_20251010T1140338327_d_img_d18_x11520_y94720.png,0.3703,382.84,93.84,390.37,110.97
ch2_ohr_ncp_20251010T1140338327_d_img_d18_x11520_y94720.png,0.3513,262.65,119.07,271.23,136.38
ch2_ohr_ncp_20251010T1140338327_d_img_d18_x11520_y94720.png,0.348,382.3,92.82,392.17,111.72
ch2_ohr_ncp_20251010T1140338327_d_img_d18_x11520_y94720.png,0.3423,399.87,370.68,405.69,378.47
ch2_ohr_ncp_20251010T1140338327_d_img_d18_x11520_y94720.png,0.3108,355.23,593.71,360.15,600.56
ch2_ohr_ncp_20251010T1140338327_d_img_d18_x11520_y94720.png,0.2935,454.18,83.98,461.5,93.97
ch2_ohr_ncp_20251010T1140338327_d_img_d18_x11520_y94720.png,0.2793,270.59,471.78,280.66,496.86
ch2_ohr_ncp_20251010T1140338327_d_img_d18_x11520_y94720.png,0.2627,40.65,324.16,49.95,337.63
ch2_ohr_ncp_20251010T1140338327_d_img_d18_x11520_y94720.png,0.221,239.98,154.07,247.1,162.6
ch2_ohr_ncp_20251010T1140338327_d_img_d18_x11520_y94720.png,0.2134,416.56,443.77,423.19,454.86
ch2_ohr_ncp_20251010T1140338327_d_img_d18_x11520_y94720.png,0.2051,185.99,0.13,192.39,5.02
ch2_ohr_ncp_20251010T1140338327_d_img_d18_x11520_y95360.png,0.3362,435.59,147.9,442.44,157.72
ch2_ohr_ncp_20251010T1140338327_d_img_d18_x11520_y95360.png,0.3219,407.57,9.69,413.04,18.28
ch2_ohr_ncp_20251010T1140338327_d_img_d18_x11520_y95360.png,0.3157,448.19,379.02,453.12,386.79
ch2_ohr_ncp_20251010T1140338327_d_img_d18_x11520_y95360.png,0.283,145.17,197.24,153.75,210.44
ch2_ohr_ncp_20251010T1140338327_d_img_d18_x11520_y95360.png,0.252,61.57,600.5,69.35,613.2
ch2_ohr_ncp_20251010T1140338327_d_img_d18_x11520_y95360.png,0.2461,15.13,381.47,32.44,413.04
ch2_ohr_ncp_20251010T1140338327_d_img_d18_x11520_y96000.png,0.3242,158.64,527.68,165.83,537.66
ch2_ohr_ncp_20251010T1140338327_d_img_d18_x11520_y96000.png,0.2661,394.3,278.79,400.24,285.24
ch2_ohr_ncp_20251010T1140338327_d_img_d18_x11520_y96000.png,0.2655,146.06,536.82,152.42,545.24
ch2_ohr_ncp_20251010T1140338327_d_img_d18_x11520_y96000.png,0.2204,141.03,431.47,148.03,441.04
ch2_ohr_ncp_20251010T1140338327_d_img_d18_x11520_y96000.png,0.2082,206.32,430.19,211.85,437.0
ch2_ohr_ncp_20251010T1140338327_d_img_d18_x11520_y96640.png,0.3749,277.44,140.48,284.89,150.32
ch2_ohr_ncp_20251010T1140338327_d_img_d18_x11520_y96640.png,0.2722,54.28,585.8,66.1,611.78
ch2_ohr_ncp_20251010T1140338327_d_img_d18_x11520_y96640.png,0.2427,405.13,372.57,411.56,379.25
ch2_ohr_ncp_20251010T1140338327_d_img_d18_x11520_y96640.png,0.2229,51.8,227.82,57.48,234.99
ch2_ohr_ncp_20251010T1140338327_d_img_d18_x11520_y96640.png,0.2208,7.11,175.76,20.2,200.06
ch2_ohr_ncp_20251010T1140338327_d_img_d18_x11520_y96640.png,0.2135,254.31,402.37,261.65,411.8
ch2_ohr_ncp_20251010T1140338327_d_img_d18_x11520_y96640.png,0.2015,445.44,6.0,450.18,11.55
ch2_ohr_ncp_20251010T1140338327_d_img_d18_x11520_y97280.png,0.2655,414.19,54.78,422.33,65.29
ch2_ohr_ncp_20251010T1140338327_d_img_d18_x11520_y97280.png,0.2602,231.14,331.36,237.75,339.22
ch2_ohr_ncp_20251010T1140338327_d_img_d18_x11520_y97280.png,0.2245,28.4,328.91,33.85,336.08
ch2_ohr_ncp_20251010T1140338327_d_img_d18_x11520_y97280.png,0.2071,200.97,426.58,209.96,440.8
ch2_ohr_ncp_20251010T1140338327_d_img_d18_x11520_y97920.png,0.4189,289.57,118.68,296.39,126.92
ch2_ohr_ncp_20251010T1140338327_d_img_d18_x11520_y97920.png,0.2841,117.65,629.51,130.83,639.94
ch2_ohr_ncp_20251010T1140338327_d_img_d18_x11520_y97920.png,0.2542,14.22,400.1,27.38,424.39
ch2_ohr_ncp_20251010T1140338327_d_img_d18_x11520_y97920.png,0.2204,366.12,311.76,370.95,317.06
ch2_ohr_ncp_20251010T1140338327_d_img_d18_x11520_y97920.png,0.212,318.84,152.2,345.96,208.09
ch2_ohr_ncp_20251010T1140338327_d_img_d18_x11520_y97920.png,0.2073,404.46,98.42,411.26,107.22
ch2_ohr_ncp_20251010T1140338327_d_img_d18_x11520_y97920.png,0.2035,13.53,401.32,23.6,424.69
ch2_ohr_ncp_20251010T1140338327_d_img_d18_x11520_y98560.png,0.5085,318.45,421.7,325.59,431.87
ch2_ohr_ncp_20251010T1140338327_d_img_d18_x11520_y98560.png,0.3398,71.57,75.11,76.97,81.93
ch2_ohr_ncp_20251010T1140338327_d_img_d18_x11520_y98560.png,0.2945,117.43,0.06,129.61,14.05
ch2_ohr_ncp_20251010T1140338327_d_img_d18_x11520_y98560.png,0.2491,16.03,417.09,26.03,435.47
ch2_ohr_ncp_20251010T1140338327_d_img_d18_x11520_y98560.png,0.2431,379.64,632.98,386.57,639.34
ch2_ohr_ncp_20251010T1140338327_d_img_d18_x11520_y98560.png,0.2281,7.76,589.86,15.82,603.36
ch2_ohr_ncp_20251010T1140338327_d_img_d18_x11520_y98560.png,0.2139,197.17,405.37,203.61,413.88
ch2_ohr_ncp_20251010T1140338327_d_img_d18_x11520_y98560.png,0.2085,159.38,575.69,172.63,592.09
ch2_ohr_ncp_20251010T1140338327_d_img_d18_x11520_y99200.png,0.4148,34.45,92.36,41.73,104.11
ch2_ohr_ncp_20251010T1140338327_d_img_d18_x11520_y99200.png,0.3992,365.48,149.65,370.46,155.32
ch2_ohr_ncp_20251010T1140338327_d_img_d18_x11520_y99200.png,0.3487,177.38,401.33,182.09,408.41
ch2_ohr_ncp_20251010T1140338327_d_img_d18_x11520_y99200.png,0.324,178.66,150.03,184.44,156.36
ch2_ohr_ncp_20251010T1140338327_d_img_d18_x11520_y99200.png,0.2866,127.46,526.91,133.61,534.6
ch2_ohr_ncp_20251010T1140338327_d_img_d18_x11520_y99200.png,0.2788,394.47,0.25,400.27,3.8
ch2_ohr_ncp_20251010T1140338327_d_img_d18_x11520_y99200.png,0.273,8.17,547.04,12.81,554.32
ch2_ohr_ncp_20251010T1140338327_d_img_d18_x11520_y99200.png,0.2608,157.11,485.89,161.63,491.04
ch2_ohr_ncp_20251010T1140338327_d_img_d18_x11520_y99200.png,0.2453,410.25,289.66,414.9,295.87
ch2_ohr_ncp_20251010T1140338327_d_img_d18_x11520_y99200.png,0.2429,248.45,506.95,253.82,516.06
ch2_ohr_ncp_20251010T1140338327_d_img_d18_x11520_y99200.png,0.2271,123.83,90.3,128.96,97.27
ch2_ohr_ncp_20251010T1140338327_d_img_d18_x11520_y99200.png,0.2143,283.8,512.75,290.42,521.29
ch2_ohr_ncp_20251010T1140338327_d_img_d18_x11520_y99200.png,0.2031,1.03,56.95,7.91,69.36
ch2_ohr_ncp_20251010T1140338327_d_img_d18_x11520_y99840.png,0.3203,127.44,306.43,135.07,318.81
ch2_ohr_ncp_20251010T1140338327_d_img_d18_x11520_y99840.png,0.2676,431.66,0.36,437.67,3.85
ch2_ohr_ncp_20251010T1140338327_d_img_d18_x11520_y99840.png,0.2554,463.53,0.0,481.21,26.13
ch2_ohr_ncp_20251010T1140338327_d_img_d18_x11520_y99840.png,0.2411,439.03,397.34,444.32,404.14
ch2_ohr_ncp_20251010T1140338327_d_img_d18_x11520_y99840.png,0.2393,11.85,207.86,18.65,217.13
ch2_ohr_ncp_20251010T1140338327_d_img_d18_x11520_y99840.png,0.2303,11.03,208.4,18.5,219.26
ch2_ohr_ncp_20251010T1140338327_d_img_d18_x11520_y99840.png,0.2191,233.78,104.03,240.63,115.94
ch2_ohr_ncp_20251010T1140338327_d_img_d18_x11520_y99840.png,0.2014,12.27,212.81,18.99,220.9
ch2_ohr_ncp_20251105T0849435342_d_img_d18_x01920_y88320.png,0.3542,0.0,221.43,31.51,295.34
ch2_ohr_ncp_20251105T0849435342_d_img_d18_x01920_y88320.png,0.3097,0.0,222.9,32.99,314.83
ch2_ohr_ncp_20251105T0849435342_d_img_d18_x05120_y68480.png,0.238,0.0,0.0,95.47,50.29
ch2_ohr_ncp_20251105T0849435342_d_img_d18_x05760_y71680.png,0.2754,466.36,168.69,550.92,237.04
ch2_ohr_ncp_20251105T0849435342_d_img_d18_x06400_y74880.png,0.3307,157.48,630.16,168.29,639.32
ch2_ohr_ncp_20251105T0849435342_d_img_d18_x07680_y76160.png,0.2568,608.72,506.21,640.0,579.26
ch2_ohr_ncp_20251105T0849435342_d_img_d18_x08320_y78080.png,0.2026,587.6,335.37,635.11,424.71
ch2_ohr_ncp_20251105T0849435342_d_img_d18_x10880_y41600.png,0.2894,215.79,570.09,236.36,632.48
ch2_ohr_ncp_20251105T0849435342_d_img_d18_x10880_y41600.png,0.283,217.35,586.8,235.19,632.5
ch2_ohr_ncp_20251105T0849435342_d_img_d18_x10880_y49920.png,0.2205,2.31,4.6,18.24,46.83
ch2_ohr_ncp_20251105T0849435342_d_img_d18_x10880_y49920.png,0.2152,5.86,4.69,19.27,38.66
ch2_ohr_ncp_20251105T0849435342_d_img_d18_x11520_y42880.png,0.2312,114.85,0.0,145.76,29.02
ch2_ohr_ncp_20251105T0849435342_d_img_d18_x11520_y48000.png,0.2299,45.11,205.32,54.54,220.54
ch2_ohr_ncp_20251105T0849435342_d_img_d18_x11520_y48640.png,0.2436,167.04,29.96,173.02,36.7
ch2_ohr_ncp_20251105T0849435342_d_img_d18_x11520_y54400.png,0.2634,78.05,174.68,86.55,190.09
ch2_ohr_ncp_20251105T0849435342_d_img_d18_x11520_y54400.png,0.2497,77.53,158.8,87.72,169.54
ch2_ohr_ncp_20251105T0849435342_d_img_d18_x11520_y55680.png,0.2004,0.37,0.05,7.54,28.15
ch2_ohr_ncp_20251105T0849435342_d_img_d18_x11520_y56960.png,0.3066,111.29,19.68,117.08,27.4
ch2_ohr_ncp_20251105T0849435342_d_img_d18_x11520_y56960.png,0.3042,47.05,455.57,57.09,469.21
ch2_ohr_ncp_20251105T0849435342_d_img_d18_x11520_y57600.png,0.3807,289.19,629.12,296.88,638.16
ch2_ohr_ncp_20251105T0849435342_d_img_d18_x11520_y57600.png,0.3344,353.05,627.47,359.11,636.0
ch2_ohr_ncp_20251105T0849435342_d_img_d18_x11520_y57600.png,0.2484,352.46,627.7,358.0,635.6
ch2_ohr_ncp_20251105T0849435342_d_img_d18_x11520_y58240.png,0.2319,50.29,366.62,56.98,374.57
ch2_ohr_ncp_20251105T0849435342_d_img_d18_x11520_y58240.png,0.2304,272.95,384.69,279.27,390.69
ch2_ohr_ncp_20251105T0849435342_d_img_d18_x11520_y58240.png,0.2102,185.06,45.9,202.34,66.69
ch2_ohr_ncp_20251105T0849435342_d_img_d18_x11520_y58880.png,0.3417,78.34,234.52,87.59,242.47
ch2_ohr_ncp_20251105T0849435342_d_img_d18_x11520_y59520.png,0.2232,339.35,110.38,350.01,127.68
ch2_ohr_ncp_20251105T0849435342_d_img_d18_x11520_y59520.png,0.2019,83.48,612.06,105.2,639.7
ch2_ohr_ncp_20251105T0849435342_d_img_d18_x11520_y60160.png,0.4122,422.9,210.05,430.36,218.32
ch2_ohr_ncp_20251105T0849435342_d_img_d18_x11520_y60160.png,0.3376,363.88,160.62,370.31,167.08
ch2_ohr_ncp_20251105T0849435342_d_img_d18_x11520_y60160.png,0.2022,241.08,311.09,247.55,321.24
ch2_ohr_ncp_20251105T0849435342_d_img_d18_x11520_y60800.png,0.5608,334.51,414.31,341.78,423.54
ch2_ohr_ncp_20251105T0849435342_d_img_d18_x11520_y60800.png,0.4921,415.29,285.52,423.66,295.81
ch2_ohr_ncp_20251105T0849435342_d_img_d18_x11520_y60800.png,0.3623,276.88,298.66,283.03,305.34
ch2_ohr_ncp_20251105T0849435342_d_img_d18_x11520_y60800.png,0.2801,90.67,106.6,96.47,112.88
ch2_ohr_ncp_20251105T0849435342_d_img_d18_x11520_y60800.png,0.2489,84.68,9.91,99.45,46.24
ch2_ohr_ncp_20251105T0849435342_d_img_d18_x11520_y60800.png,0.2171,0.17,506.11,5.15,513.33
ch2_ohr_ncp_20251105T0849435342_d_img_d18_x11520_y61440.png,0.2528,0.09,59.95,6.11,68.43
ch2_ohr_ncp_20251105T0849435342_d_img_d18_x11520_y62080.png,0.3098,239.18,52.83,245.87,60.45
ch2_ohr_ncp_20251105T0849435342_d_img_d18_x11520_y62720.png,0.2036,197.68,533.13,203.46,538.96
ch2_ohr_ncp_20251105T0849435342_d_img_d18_x11520_y64000.png,0.3387,438.79,436.93,448.34,447.36
ch2_ohr_ncp_20251105T0849435342_d_img_d18_x11520_y64000.png,0.289,239.46,0.03,244.86,4.88
ch2_ohr_ncp_20251105T0849435342_d_img_d18_x11520_y64000.png,0.2553,407.65,296.1,414.32,304.46
ch2_ohr_ncp_20251105T0849435342_d_img_d18_x11520_y64000.png,0.2191,455.11,449.23,462.53,458.41
ch2_ohr_ncp_20251105T0849435342_d_img_d18_x11520_y65920.png,0.2831,209.39,304.25,215.09,311.11
ch2_ohr_ncp_20251105T0849435342_d_img_d18_x11520_y66560.png,0.2048,375.36,321.21,383.05,329.83
ch2_ohr_ncp_20251105T0849435342_d_img_d18_x11520_y67840.png,0.2131,23.16,461.06,30.2,468.6
ch2_ohr_ncp_20251105T0849435342_d_img_d18_x11520_y68480.png,0.2741,27.81,346.38,34.2,354.38
ch2_ohr_ncp_20251105T0849435342_d_img_d18_x11520_y69120.png,0.2784,67.05,288.42,74.02,295.92
ch2_ohr_ncp_20251105T0849435342_d_img_d18_x11520_y69120.png,0.2244,431.46,621.6,437.86,627.43
ch2_ohr_ncp_20251105T0849435342_d_img_d18_x11520_y69760.png,0.3881,54.89,352.49,60.46,358.96
ch2_ohr_ncp_20251105T0849435342_d_img_d18_x11520_y69760.png,0.3063,393.28,182.97,400.32,189.32
ch2_ohr_ncp_20251105T0849435342_d_img_d18_x11520_y69760.png,0.2412,364.19,24.02,370.67,30.93
ch2_ohr_ncp_20251105T0849435342_d_img_d18_x11520_y70400.png,0.3515,23.92,0.0,38.91,22.07
ch2_ohr_ncp_20251105T0849435342_d_img_d18_x11520_y70400.png,0.3464,0.18,504.35,6.0,512.83
ch2_ohr_ncp_20251105T0849435342_d_img_d18_x11520_y70400.png,0.2609,216.51,217.87,224.27,227.58
ch2_ohr_ncp_20251105T0849435342_d_img_d18_x11520_y70400.png,0.2545,400.93,558.84,408.19,568.59
ch2_ohr_ncp_20251105T0849435342_d_img_d18_x11520_y70400.png,0.2307,417.6,440.65,427.98,452.45
ch2_ohr_ncp_20251105T0849435342_d_img_d18_x11520_y70400.png,0.2152,4.41,260.51,10.05,266.37
ch2_ohr_ncp_20251105T0849435342_d_img_d18_x11520_y70400.png,0.211,208.32,623.3,213.89,628.46
ch2_ohr_ncp_20251105T0849435342_d_img_d18_x11520_y70400.png,0.2102,6.82,387.48,13.17,394.4
ch2_ohr_ncp_20251105T0849435342_d_img_d18_x11520_y72320.png,0.2894,134.74,627.99,142.44,638.73
ch2_ohr_ncp_20251105T0849435342_d_img_d18_x11520_y72320.png,0.2378,243.0,217.06,249.02,224.07
ch2_ohr_ncp_20251105T0849435342_d_img_d18_x11520_y72320.png,0.226,71.37,84.01,77.43,89.32
ch2_ohr_ncp_20251105T0849435342_d_img_d18_x11520_y72320.png,0.2017,31.0,383.1,39.37,392.35
ch2_ohr_ncp_20251105T0849435342_d_img_d18_x11520_y73600.png,0.2711,70.5,461.66,78.68,469.61
ch2_ohr_ncp_20251105T0849435342_d_img_d18_x11520_y73600.png,0.2622,335.55,600.65,342.52,609.56
ch2_ohr_ncp_20251105T0849435342_d_img_d18_x11520_y73600.png,0.2552,406.53,408.16,415.77,426.01
ch2_ohr_ncp_20251105T0849435342_d_img_d18_x11520_y73600.png,0.2407,254.88,589.34,261.97,599.38
ch2_ohr_ncp_20251105T0849435342_d_img_d18_x11520_y74240.png,0.378,422.47,506.62,437.87,526.41
ch2_ohr_ncp_20251105T0849435342_d_img_d18_x11520_y74240.png,0.3218,31.03,173.17,39.54,186.7
ch2_ohr_ncp_20251105T0849435342_d_img_d18_x11520_y74240.png,0.265,101.22,629.13,108.31,637.12
ch2_ohr_ncp_20251105T0849435342_d_img_d18_x11520_y74240.png,0.2345,311.34,79.01,327.75,105.48
ch2_ohr_ncp_20251105T0849435342_d_img_d18_x11520_y74240.png,0.2256,132.31,486.89,138.65,494.15
ch2_ohr_ncp_20251105T0849435342_d_img_d18_x11520_y74240.png,0.2235,300.07,0.1,306.11,4.8
ch2_ohr_ncp_20251105T0849435342_d_img_d18_x11520_y74880.png,0.3196,210.79,0.0,218.81,7.25
ch2_ohr_ncp_20251105T0849435342_d_img_d18_x11520_y74880.png,0.3157,365.23,504.73,374.47,515.3
ch2_ohr_ncp_20251105T0849435342_d_img_d18_x11520_y74880.png,0.2479,16.31,454.88,22.51,462.07
ch2_ohr_ncp_20251105T0849435342_d_img_d18_x11520_y74880.png,0.2349,26.55,428.01,32.8,434.88
ch2_ohr_ncp_20251105T0849435342_d_img_d18_x11520_y74880.png,0.2212,72.09,558.95,77.85,565.29
ch2_ohr_ncp_20251105T0849435342_d_img_d18_x11520_y76160.png,0.2217,183.7,580.64,205.71,616.44
ch2_ohr_ncp_20251105T0849435342_d_img_d18_x11520_y77440.png,0.2587,243.74,436.24,258.79,464.82
ch2_ohr_ncp_20251105T1048273563_d_img_d18_x00640_y55680.png,0.2781,186.1,235.89,317.54,333.67
ch2_ohr_ncp_20251105T1048273563_d_img_d18_x00640_y55680.png,0.2159,0.0,215.93,35.74,297.08
ch2_ohr_ncp_20251105T1048273563_d_img_d18_x00640_y75520.png,0.2287,561.5,53.06,640.0,126.48
ch2_ohr_ncp_20251105T1048273563_d_img_d18_x01920_y75520.png,0.2909,453.82,360.4,506.66,420.09
ch2_ohr_ncp_20251105T1048273563_d_img_d18_x02560_y64640.png,0.2305,0.0,84.01,44.21,167.7
ch2_ohr_ncp_20251105T1048273563_d_img_d18_x03840_y68480.png,0.2843,0.0,564.59,40.01,640.0
ch2_ohr_ncp_20251105T1048273563_d_img_d18_x03840_y68480.png,0.2734,537.59,468.82,640.0,529.57
ch2_ohr_ncp_20251105T1048273563_d_img_d18_x03840_y74240.png,0.2893,399.66,580.09,498.04,640.0
ch2_ohr_ncp_20251105T1048273563_d_img_d18_x04480_y57600.png,0.2147,262.12,230.89,351.53,312.83
ch2_ohr_ncp_20251105T1048273563_d_img_d18_x04480_y64640.png,0.275,305.96,243.01,341.75,324.32
ch2_ohr_ncp_20251105T1048273563_d_img_d18_x05120_y64640.png,0.2819,606.73,105.51,640.0,179.8
ch2_ohr_ncp_20251105T1048273563_d_img_d18_x05120_y64640.png,0.2309,603.15,109.8,640.0,193.25
ch2_ohr_ncp_20251105T1048273563_d_img_d18_x05120_y69120.png,0.218,2.06,590.55,94.03,640.0
ch2_ohr_ncp_20251105T1048273563_d_img_d18_x05120_y69760.png,0.2493,0.0,220.97,44.66,305.65
ch2_ohr_ncp_20251105T1048273563_d_img_d18_x05760_y56320.png,0.2954,545.2,562.06,640.0,640.0
ch2_ohr_ncp_20251105T1048273563_d_img_d18_x05760_y65280.png,0.2575,482.77,286.26,587.07,370.94
ch2_ohr_ncp_20251105T1048273563_d_img_d18_x05760_y70400.png,0.2016,270.33,596.67,362.77,640.0
ch2_ohr_ncp_20251105T1048273563_d_img_d18_x06400_y48640.png,0.224,287.65,181.93,375.46,250.89
ch2_ohr_ncp_20251105T1048273563_d_img_d18_x06400_y56960.png,0.2125,578.6,206.65,640.0,277.38
ch2_ohr_ncp_20251105T1048273563_d_img_d18_x06400_y61440.png,0.3193,232.76,36.84,300.93,111.62
ch2_ohr_ncp_20251105T1048273563_d_img_d18_x06400_y69760.png,0.2889,516.1,186.29,608.55,260.61
ch2_ohr_ncp_20251105T1048273563_d_img_d18_x07040_y60800.png,0.2303,0.0,0.0,37.62,60.89
ch2_ohr_ncp_20251105T1048273563_d_img_d18_x07040_y60800.png,0.2238,0.0,2.48,38.51,77.74
ch2_ohr_ncp_20251105T1048273563_d_img_d18_x07040_y71040.png,0.2965,471.17,0.0,598.37,48.19
ch2_ohr_ncp_20251105T1048273563_d_img_d18_x07040_y71040.png,0.2556,494.12,0.0,588.12,43.15
ch2_ohr_ncp_20251105T1048273563_d_img_d18_x07680_y67200.png,0.2236,420.45,46.99,527.78,116.9
ch2_ohr_ncp_20251105T1048273563_d_img_d18_x07680_y67840.png,0.2106,606.1,485.3,640.0,567.84
ch2_ohr_ncp_20251105T1048273563_d_img_d18_x08320_y54400.png,0.3133,233.74,331.52,336.09,408.07
ch2_ohr_ncp_20251105T1048273563_d_img_d18_x08320_y58240.png,0.2049,170.23,296.65,284.83,391.65
ch2_ohr_ncp_20251105T1048273563_d_img_d18_x08320_y69760.png,0.2163,431.09,277.09,494.9,348.19
ch2_ohr_ncp_20251105T1048273563_d_img_d18_x08960_y67200.png,0.2125,0.0,167.44,49.38,246.43
ch2_ohr_ncp_20251105T1048273563_d_img_d18_x09600_y64640.png,0.2999,149.83,57.24,168.34,78.71
ch2_ohr_ncp_20251105T1048273563_d_img_d18_x10240_y46080.png,0.2503,53.48,452.38,143.36,529.17
ch2_ohr_ncp_20251105T1048273563_d_img_d18_x10240_y50560.png,0.2014,431.88,161.38,545.37,230.73
ch2_ohr_ncp_20251105T1048273563_d_img_d18_x10880_y49280.png,0.2069,534.96,527.31,640.0,590.69
ch2_ohr_ncp_20251105T1048273563_d_img_d18_x10880_y64640.png,0.2058,561.99,103.66,569.2,113.12
ch2_ohr_ncp_20251105T1048273563_d_img_d18_x11520_y48640.png,0.3614,63.32,156.29,68.86,162.45
ch2_ohr_ncp_20251105T1048273563_d_img_d18_x11520_y48640.png,0.2627,58.32,169.13,64.92,176.14
ch2_ohr_ncp_20251105T1048273563_d_img_d18_x11520_y49920.png,0.3058,435.3,103.05,445.5,115.6
ch2_ohr_ncp_20251105T1048273563_d_img_d18_x11520_y50560.png,0.2018,437.59,40.51,465.03,72.97
ch2_ohr_ncp_20251105T1048273563_d_img_d18_x11520_y51840.png,0.3021,62.81,369.97,70.63,380.28
ch2_ohr_ncp_20251105T1048273563_d_img_d18_x11520_y51840.png,0.2779,431.16,595.93,438.29,603.31
ch2_ohr_ncp_20251105T1048273563_d_img_d18_x11520_y51840.png,0.2451,307.13,510.99,313.85,518.47
ch2_ohr_ncp_20251105T1048273563_d_img_d18_x11520_y51840.png,0.2436,120.08,549.32,125.24,555.57
ch2_ohr_ncp_20251105T1048273563_d_img_d18_x11520_y52480.png,0.3507,447.08,396.99,457.0,410.16
ch2_ohr_ncp_20251105T1048273563_d_img_d18_x11520_y53120.png,0.2166,399.55,523.14,405.54,529.5
ch2_ohr_ncp_20251105T1048273563_d_img_d18_x11520_y55040.png,0.2507,103.62,349.34,109.52,355.45
ch2_ohr_ncp_20251105T1048273563_d_img_d18_x11520_y55040.png,0.25,143.09,580.89,148.36,586.01
ch2_ohr_ncp_20251105T1048273563_d_img_d18_x11520_y55040.png,0.2325,419.63,152.6,424.89,159.02
ch2_ohr_ncp_20251105T1048273563_d_img_d18_x11520_y57600.png,0.3175,237.75,489.81,246.42,498.75
ch2_ohr_ncp_20251105T1048273563_d_img_d18_x11520_y57600.png,0.2231,412.05,111.52,417.48,117.77
ch2_ohr_ncp_20251105T1048273563_d_img_d18_x11520_y58240.png,0.3529,54.95,507.84,60.9,515.36
ch2_ohr_ncp_20251105T1048273563_d_img_d18_x11520_y58240.png,0.3048,102.23,200.32,106.92,205.36
ch2_ohr_ncp_20251105T1048273563_d_img_d18_x11520_y58880.png,0.3313,83.69,141.82,90.22,148.31
ch2_ohr_ncp_20251105T1048273563_d_img_d18_x11520_y58880.png,0.3227,40.68,132.41,47.92,141.73
ch2_ohr_ncp_20251105T1048273563_d_img_d18_x11520_y58880.png,0.2629,85.83,226.51,93.42,236.02
ch2_ohr_ncp_20251105T1048273563_d_img_d18_x11520_y58880.png,0.2587,309.03,61.36,315.43,68.67
ch2_ohr_ncp_20251105T1048273563_d_img_d18_x11520_y58880.png,0.2422,34.02,261.63,43.18,273.04
ch2_ohr_ncp_20251105T1048273563_d_img_d18_x11520_y58880.png,0.2411,373.37,59.38,379.11,64.83
ch2_ohr_ncp_20251105T1048273563_d_img_d18_x11520_y58880.png,0.2235,291.2,321.26,297.98,330.06
ch2_ohr_ncp_20251105T1048273563_d_img_d18_x11520_y58880.png,0.2218,343.58,256.84,349.46,262.57
ch2_ohr_ncp_20251105T1048273563_d_img_d18_x11520_y58880.png,0.2198,279.22,12.1,284.79,17.63
ch2_ohr_ncp_20251105T1048273563_d_img_d18_x11520_y58880.png,0.2139,32.59,556.32,38.16,562.14
ch2_ohr_ncp_20251105T1048273563_d_img_d18_x11520_y58880.png,0.208,144.63,577.53,152.34,585.18
ch2_ohr_ncp_20251105T1048273563_d_img_d18_x11520_y58880.png,0.202,30.58,232.01,37.4,239.42
ch2_ohr_ncp_20251105T1048273563_d_img_d18_x11520_y59520.png,0.2892,447.26,123.93,454.27,130.8
ch2_ohr_ncp_20251105T1048273563_d_img_d18_x11520_y59520.png,0.2178,392.11,252.51,397.72,259.23
ch2_ohr_ncp_20251105T1048273563_d_img_d18_x11520_y59520.png,0.2165,178.91,275.6,186.17,283.64
ch2_ohr_ncp_20251105T1048273563_d_img_d18_x11520_y60800.png,0.228,343.25,372.71,348.67,378.46
ch2_ohr_ncp_20251105T1048273563_d_img_d18_x11520_y60800.png,0.2242,360.48,170.74,368.16,181.08
ch2_ohr_ncp_20251105T1048273563_d_img_d18_x11520_y60800.png,0.2161,73.07,562.75,78.72,568.71
ch2_ohr_ncp_20251105T1048273563_d_img_d18_x11520_y61440.png,0.2186,413.54,155.68,424.73,169.7
ch2_ohr_ncp_20251105T1048273563_d_img_d18_x11520_y62080.png,0.2768,294.43,629.19,299.82,634.97
ch2_ohr_ncp_20251105T1048273563_d_img_d18_x11520_y62080.png,0.2219,425.93,78.6,436.34,91.92
ch2_ohr_ncp_20251105T1048273563_d_img_d18_x11520_y62080.png,0.2214,143.17,277.53,150.82,287.96
ch2_ohr_ncp_20251105T1048273563_d_img_d18_x11520_y62080.png,0.2102,395.45,4.33,401.82,11.78
ch2_ohr_ncp_20251105T1048273563_d_img_d18_x11520_y63360.png,0.2471,430.89,118.42,457.39,155.46
ch2_ohr_ncp_20251105T1048273563_d_img_d18_x11520_y66560.png,0.2015,358.06,101.22,364.58,108.08
ch2_ohr_ncp_20251227T1027178560_d_img_d18_x00000_y58880.png,0.2232,131.32,367.86,250.26,428.06
ch2_ohr_ncp_20251227T1027178560_d_img_d18_x00640_y52480.png,0.2113,0.0,320.61,111.59,407.84
ch2_ohr_ncp_20251227T1027178560_d_img_d18_x00640_y79360.png,0.2696,0.0,0.0,81.2,40.15
ch2_ohr_ncp_20251227T1027178560_d_img_d18_x00640_y79360.png,0.2335,295.22,545.14,413.14,625.59
ch2_ohr_ncp_20251227T1027178560_d_img_d18_x00640_y80000.png,0.2287,522.97,0.0,607.71,48.56
ch2_ohr_ncp_20251227T1027178560_d_img_d18_x01280_y55040.png,0.2178,399.36,462.9,494.1,538.53
ch2_ohr_ncp_20251227T1027178560_d_img_d18_x01280_y57600.png,0.3608,343.1,0.0,423.45,39.22
ch2_ohr_ncp_20251227T1027178560_d_img_d18_x01280_y58240.png,0.2639,368.83,406.33,464.37,483.73
ch2_ohr_ncp_20251227T1027178560_d_img_d18_x01280_y67200.png,0.2827,158.71,431.33,285.32,495.04
ch2_ohr_ncp_20251227T1027178560_d_img_d18_x01280_y67200.png,0.2254,137.03,431.09,302.66,503.37
ch2_ohr_ncp_20251227T1027178560_d_img_d18_x01280_y69120.png,0.269,266.91,0.0,351.82,42.9
ch2_ohr_ncp_20251227T1027178560_d_img_d18_x01920_y55040.png,0.2953,0.0,556.7,40.23,628.84
ch2_ohr_ncp_20251227T1027178560_d_img_d18_x01920_y56960.png,0.3483,34.18,547.71,130.96,624.32
ch2_ohr_ncp_20251227T1027178560_d_img_d18_x01920_y57600.png,0.2258,0.0,586.84,99.44,640.0
ch2_ohr_ncp_20251227T1027178560_d_img_d18_x01920_y57600.png,0.2062,11.63,493.04,107.47,573.06
ch2_ohr_ncp_20251227T1027178560_d_img_d18_x01920_y69760.png,0.2498,0.0,197.29,103.62,274.61
ch2_ohr_ncp_20251227T1027178560_d_img_d18_x01920_y78080.png,0.2134,573.32,542.53,638.45,591.8
ch2_ohr_ncp_20251227T1027178560_d_img_d18_x01920_y79360.png,0.2213,323.69,441.32,413.31,511.53
ch2_ohr_ncp_20251227T1027178560_d_img_d18_x01920_y80000.png,0.2344,577.41,463.85,640.0,525.57
ch2_ohr_ncp_20251227T1027178560_d_img_d18_x01920_y80000.png,0.207,555.31,457.89,640.0,526.07
ch2_ohr_ncp_20251227T1027178560_d_img_d18_x02560_y55040.png,0.3133,142.93,368.03,241.98,433.19
ch2_ohr_ncp_20251227T1027178560_d_img_d18_x02560_y58240.png,0.2167,537.7,578.64,640.0,640.0
ch2_ohr_ncp_20251227T1027178560_d_img_d18_x02560_y79360.png,0.2519,28.93,0.0,128.62,53.48
ch2_ohr_ncp_20251227T1027178560_d_img_d18_x03200_y56960.png,0.2526,0.0,444.1,112.82,534.65
ch2_ohr_ncp_20251227T1027178560_d_img_d18_x03200_y56960.png,0.2077,456.54,136.75,558.16,203.61
ch2_ohr_ncp_20251227T1027178560_d_img_d18_x03200_y57600.png,0.3081,315.16,58.12,416.56,108.35
ch2_ohr_ncp_20251227T1027178560_d_img_d18_x03200_y57600.png,0.2178,333.81,56.72,411.61,99.36
ch2_ohr_ncp_20251227T1027178560_d_img_d18_x03200_y58880.png,0.2124,202.07,513.14,287.56,597.13
ch2_ohr_ncp_20251227T1027178560_d_img_d18_x03200_y58880.png,0.212,260.15,0.19,353.82,77.34
ch2_ohr_ncp_20251227T1027178560_d_img_d18_x03200_y58880.png,0.2004,3.09,131.37,130.7,213.51
ch2_ohr_ncp_20251227T1027178560_d_img_d18_x03200_y76800.png,0.2745,0.0,0.0,62.85,46.29
ch2_ohr_ncp_20251227T1027178560_d_img_d18_x03200_y80000.png,0.2082,550.88,197.34,640.0,257.03
ch2_ohr_ncp_20251227T1027178560_d_img_d18_x03200_y80000.png,0.206,564.13,199.6,636.58,250.15
ch2_ohr_ncp_20251227T1027178560_d_img_d18_x03840_y53120.png,0.2461,191.68,529.76,269.38,598.25
ch2_ohr_ncp_20251227T1027178560_d_img_d18_x03840_y53120.png,0.2338,181.79,527.46,275.25,611.92
ch2_ohr_ncp_20251227T1027178560_d_img_d18_x03840_y56320.png,0.2266,543.65,340.85,640.0,409.14
ch2_ohr_ncp_20251227T1027178560_d_img_d18_x03840_y58240.png,0.3065,402.53,117.65,512.14,179.38
ch2_ohr_ncp_20251227T1027178560_d_img_d18_x03840_y58240.png,0.2076,390.07,113.51,517.7,198.47
ch2_ohr_ncp_20251227T1027178560_d_img_d18_x03840_y58240.png,0.2001,64.49,0.0,174.44,55.38
ch2_ohr_ncp_20251227T1027178560_d_img_d18_x03840_y58880.png,0.3477,83.17,56.71,190.82,132.64
ch2_ohr_ncp_20251227T1027178560_d_img_d18_x03840_y60160.png,0.3879,38.03,206.06,116.41,285.39
ch2_ohr_ncp_20251227T1027178560_d_img_d18_x03840_y61440.png,0.2885,531.92,0.0,636.48,46.8
ch2_ohr_ncp_20251227T1027178560_d_img_d18_x03840_y61440.png,0.2039,51.88,123.79,164.33,200.69
ch2_ohr_ncp_20251227T1027178560_d_img_d18_x03840_y64000.png,0.3104,0.0,0.0,46.35,69.67
ch2_ohr_ncp_20251227T1027178560_d_img_d18_x03840_y66560.png,0.246,9.06,297.65,101.29,352.53
ch2_ohr_ncp_20251227T1027178560_d_img_d18_x03840_y66560.png,0.205,21.59,299.03,100.4,342.0
ch2_ohr_ncp_20251227T1027178560_d_img_d18_x03840_y67200.png,0.3224,212.23,196.26,300.58,276.53
ch2_ohr_ncp_20251227T1027178560_d_img_d18_x03840_y67200.png,0.2337,189.23,195.65,305.59,286.56
ch2_ohr_ncp_20251227T1027178560_d_img_d18_x03840_y67840.png,0.2373,299.53,0.0,350.4,43.79
ch2_ohr_ncp_20251227T1027178560_d_img_d18_x03840_y99840.png,0.2213,273.31,510.98,375.89,570.16
ch2_ohr_ncp_20251227T1027178560_d_img_d18_x03840_y99840.png,0.2136,292.36,515.73,374.9,561.39
ch2_ohr_ncp_20251227T1027178560_d_img_d18_x04480_y57600.png,0.2199,82.99,551.67,170.16,623.18
ch2_ohr_ncp_20251227T1027178560_d_img_d18_x04480_y60800.png,0.2834,41.22,0.0,135.62,46.85
ch2_ohr_ncp_20251227T1027178560_d_img_d18_x04480_y61440.png,0.2175,48.14,600.17,102.36,638.37
ch2_ohr_ncp_20251227T1027178560_d_img_d18_x04480_y62720.png,0.2516,49.1,413.03,188.23,490.09
ch2_ohr_ncp_20251227T1027178560_d_img_d18_x04480_y62720.png,0.2494,288.47,537.52,423.79,598.87
ch2_ohr_ncp_20251227T1027178560_d_img_d18_x04480_y62720.png,0.2452,201.04,493.58,353.3,572.87
ch2_ohr_ncp_20251227T1027178560_d_img_d18_x04480_y62720.png,0.2449,144.7,464.43,273.87,545.66
ch2_ohr_ncp_20251227T1027178560_d_img_d18_x04480_y62720.png,0.2346,161.44,476.2,299.78,553.63
ch2_ohr_ncp_20251227T1027178560_d_img_d18_x04480_y62720.png,0.2228,478.69,449.67,601.75,546.19
ch2_ohr_ncp_20251227T1027178560_d_img_d18_x04480_y62720.png,0.2228,263.98,521.75,407.65,597.94
ch2_ohr_ncp_20251227T1027178560_d_img_d18_x04480_y62720.png,0.2168,182.09,487.0,329.26,562.23
ch2_ohr_ncp_20251227T1027178560_d_img_d18_x04480_y63360.png,0.3327,543.49,0.0,640.0,52.29
ch2_ohr_ncp_20251227T1027178560_d_img_d18_x04480_y63360.png,0.2684,197.98,524.87,337.23,592.45
ch2_ohr_ncp_20251227T1027178560_d_img_d18_x04480_y63360.png,0.245,530.57,0.0,640.0,67.38
ch2_ohr_ncp_20251227T1027178560_d_img_d18_x04480_y74880.png,0.2119,542.81,570.81,640.0,640.0
ch2_ohr_ncp_20251227T1027178560_d_img_d18_x04480_y76800.png,0.2106,52.56,0.0,127.46,38.38
ch2_ohr_ncp_20251227T1027178560_d_img_d18_x04480_y77440.png,0.2698,58.04,0.0,188.27,40.13
ch2_ohr_ncp_20251227T1027178560_d_img_d18_x05120_y100480.png,0.3509,292.01,0.0,383.51,47.7
ch2_ohr_ncp_20251227T1027178560_d_img_d18_x05120_y100480.png,0.207,354.91,563.29,392.94,592.35
ch2_ohr_ncp_20251227T1027178560_d_img_d18_x05120_y53760.png,0.2277,241.85,294.12,355.92,372.99
ch2_ohr_ncp_20251227T1027178560_d_img_d18_x05120_y54400.png,0.2832,109.82,0.0,187.37,42.35
ch2_ohr_ncp_20251227T1027178560_d_img_d18_x05120_y55680.png,0.2623,419.09,421.26,551.06,487.51
ch2_ohr_ncp_20251227T1027178560_d_img_d18_x05120_y55680.png,0.2026,387.56,412.13,560.7,495.11
ch2_ohr_ncp_20251227T1027178560_d_img_d18_x05120_y60160.png,0.2745,332.63,577.82,431.09,639.33
ch2_ohr_ncp_20251227T1027178560_d_img_d18_x05120_y60800.png,0.2122,0.0,0.0,54.68,32.62
ch2_ohr_ncp_20251227T1027178560_d_img_d18_x05120_y62720.png,0.2112,181.88,485.42,264.55,537.86
ch2_ohr_ncp_20251227T1027178560_d_img_d18_x05120_y64000.png,0.2478,572.85,488.73,639.5,539.8
ch2_ohr_ncp_20251227T1027178560_d_img_d18_x05120_y74880.png,0.3527,50.66,273.28,106.59,355.98
ch2_ohr_ncp_20251227T1027178560_d_img_d18_x05120_y75520.png,0.2559,337.09,412.23,454.73,488.27
ch2_ohr_ncp_20251227T1027178560_d_img_d18_x05760_y100480.png,0.293,526.97,524.48,536.52,533.52
ch2_ohr_ncp_20251227T1027178560_d_img_d18_x05760_y100480.png,0.2879,532.25,232.13,544.43,242.95
ch2_ohr_ncp_20251227T1027178560_d_img_d18_x05760_y100480.png,0.2693,248.47,208.7,279.23,233.36
ch2_ohr_ncp_20251227T1027178560_d_img_d18_x05760_y60160.png,0.204,100.27,0.0,218.82,45.78
ch2_ohr_ncp_20251227T1027178560_d_img_d18_x05760_y62720.png,0.2847,18.16,473.38,136.93,555.54
ch2_ohr_ncp_20251227T1027178560_d_img_d18_x05760_y62720.png,0.2192,0.0,469.93,150.63,578.17
ch2_ohr_ncp_20251227T1027178560_d_img_d18_x05760_y99840.png,0.2135,478.16,0.57,501.27,12.21
ch2_ohr_ncp_20251227T1027178560_d_img_d18_x06400_y100480.png,0.3974,566.37,161.82,576.13,169.87
ch2_ohr_ncp_20251227T1027178560_d_img_d18_x06400_y100480.png,0.3896,29.19,535.56,45.66,548.13
ch2_ohr_ncp_20251227T1027178560_d_img_d18_x06400_y100480.png,0.3223,232.24,146.69,257.67,161.85
ch2_ohr_ncp_20251227T1027178560_d_img_d18_x06400_y100480.png,0.321,189.04,10.83,277.34,62.0
ch2_ohr_ncp_20251227T1027178560_d_img_d18_x06400_y100480.png,0.2725,551.07,22.46,559.35,28.71
ch2_ohr_ncp_20251227T1027178560_d_img_d18_x06400_y100480.png,0.2628,150.2,130.87,158.28,138.72
ch2_ohr_ncp_20251227T1027178560_d_img_d18_x06400_y100480.png,0.2266,46.36,178.48,60.68,188.29
ch2_ohr_ncp_20251227T1027178560_d_img_d18_x06400_y61440.png,0.2226,470.46,0.0,574.05,48.22
ch2_ohr_ncp_20251227T1027178560_d_img_d18_x06400_y62080.png,0.217,147.75,296.63,244.32,342.73
ch2_ohr_ncp_20251227T1027178560_d_img_d18_x06400_y62720.png,0.2574,234.23,154.74,341.78,226.99
ch2_ohr_ncp_20251227T1027178560_d_img_d18_x06400_y72960.png,0.3083,176.6,88.93,269.81,168.0
ch2_ohr_ncp_20251227T1027178560_d_img_d18_x07040_y100480.png,0.3421,333.92,52.45,373.06,78.03
ch2_ohr_ncp_20251227T1027178560_d_img_d18_x07040_y100480.png,0.3329,309.67,119.75,317.17,125.41
ch2_ohr_ncp_20251227T1027178560_d_img_d18_x07040_y100480.png,0.2293,71.34,439.02,84.76,448.41
ch2_ohr_ncp_20251227T1027178560_d_img_d18_x07040_y100480.png,0.2146,183.23,0.0,276.5,36.0
ch2_ohr_ncp_20251227T1027178560_d_img_d18_x07040_y100480.png,0.2115,421.03,103.74,432.02,110.93
ch2_ohr_ncp_20251227T1027178560_d_img_d18_x07040_y100480.png,0.208,437.5,48.53,446.44,56.9
ch2_ohr_ncp_20251227T1027178560_d_img_d18_x07040_y100480.png,0.2065,536.95,149.29,548.22,158.63
ch2_ohr_ncp_20251227T1027178560_d_img_d18_x07040_y55680.png,0.2712,137.33,255.61,226.67,335.85
ch2_ohr_ncp_20251227T1027178560_d_img_d18_x07040_y55680.png,0.2086,501.59,611.17,555.47,640.0
ch2_ohr_ncp_20251227T1027178560_d_img_d18_x07040_y55680.png,0.2035,472.07,604.14,563.39,640.0
ch2_ohr_ncp_20251227T1027178560_d_img_d18_x07040_y98560.png,0.2312,17.91,621.91,59.37,639.15
ch2_ohr_ncp_20251227T1027178560_d_img_d18_x07040_y99200.png,0.3167,0.0,538.12,66.47,622.58
ch2_ohr_ncp_20251227T1027178560_d_img_d18_x07040_y99200.png,0.2426,46.47,339.5,145.46,419.52
ch2_ohr_ncp_20251227T1027178560_d_img_d18_x07040_y99200.png,0.2044,102.48,390.36,198.52,458.96
ch2_ohr_ncp_20251227T1027178560_d_img_d18_x07680_y100480.png,0.5653,561.22,189.17,578.22,204.51
ch2_ohr_ncp_20251227T1027178560_d_img_d18_x07680_y100480.png,0.4314,243.2,34.93,251.98,41.67
ch2_ohr_ncp_20251227T1027178560_d_img_d18_x07680_y100480.png,0.429,235.27,99.93,247.67,109.14
ch2_ohr_ncp_20251227T1027178560_d_img_d18_x07680_y100480.png,0.4245,267.32,545.0,297.52,566.37
ch2_ohr_ncp_20251227T1027178560_d_img_d18_x07680_y100480.png,0.4243,240.12,3.52,255.24,13.21
ch2_ohr_ncp_20251227T1027178560_d_img_d18_x07680_y100480.png,0.3996,151.15,57.07,158.73,63.67
ch2_ohr_ncp_20251227T1027178560_d_img_d18_x07680_y100480.png,0.3903,16.8,356.22,36.37,373.96
ch2_ohr_ncp_20251227T1027178560_d_img_d18_x07680_y100480.png,0.3763,127.22,301.88,137.76,309.35
ch2_ohr_ncp_20251227T1027178560_d_img_d18_x07680_y100480.png,0.369,603.91,111.27,611.64,117.98
ch2_ohr_ncp_20251227T1027178560_d_img_d18_x07680_y100480.png,0.357,315.35,295.29,328.86,303.29
ch2_ohr_ncp_20251227T1027178560_d_img_d18_x07680_y100480.png,0.3335,386.9,201.02,397.12,211.79
ch2_ohr_ncp_20251227T1027178560_d_img_d18_x07680_y100480.png,0.3312,448.01,467.5,458.03,476.04
ch2_ohr_ncp_20251227T1027178560_d_img_d18_x07680_y100480.png,0.3283,474.1,0.38,484.02,8.69
ch2_ohr_ncp_20251227T1027178560_d_img_d18_x07680_y100480.png,0.3231,32.89,300.16,40.68,308.03
ch2_ohr_ncp_20251227T1027178560_d_img_d18_x07680_y100480.png,0.3182,613.35,21.61,627.5,32.99
ch2_ohr_ncp_20251227T1027178560_d_img_d18_x07680_y100480.png,0.3166,331.4,514.6,339.72,522.78
ch2_ohr_ncp_20251227T1027178560_d_img_d18_x07680_y100480.png,0.2877,346.06,129.15,361.31,140.09
ch2_ohr_ncp_20251227T1027178560_d_img_d18_x07680_y100480.png,0.2656,100.56,378.44,108.97,386.23
ch2_ohr_ncp_20251227T1027178560_d_img_d18_x07680_y100480.png,0.2398,127.17,457.27,136.04,465.52
ch2_ohr_ncp_20251227T1027178560_d_img_d18_x07680_y100480.png,0.2294,389.31,90.05,414.76,109.32
ch2_ohr_ncp_20251227T1027178560_d_img_d18_x07680_y100480.png,0.226,95.41,557.45,101.06,563.38
ch2_ohr_ncp_20251227T1027178560_d_img_d18_x07680_y100480.png,0.2149,533.31,1.81,550.11,12.89
ch2_ohr_ncp_20251227T1027178560_d_img_d18_x07680_y56320.png,0.269,147.69,386.5,238.76,459.84
ch2_ohr_ncp_20251227T1027178560_d_img_d18_x07680_y56320.png,0.2182,138.02,385.83,249.6,473.58
ch2_ohr_ncp_20251227T1027178560_d_img_d18_x07680_y58240.png,0.2396,30.2,0.0,116.56,51.71
ch2_ohr_ncp_20251227T1027178560_d_img_d18_x07680_y58880.png,0.2075,0.0,330.46,68.43,380.73
ch2_ohr_ncp_20251227T1027178560_d_img_d18_x07680_y76160.png,0.3223,453.55,30.56,464.76,39.53
ch2_ohr_ncp_20251227T1027178560_d_img_d18_x07680_y99200.png,0.2469,273.24,461.6,369.26,555.46
ch2_ohr_ncp_20251227T1027178560_d_img_d18_x08320_y100480.png,0.6002,64.43,53.21,73.5,61.82
ch2_ohr_ncp_20251227T1027178560_d_img_d18_x08320_y100480.png,0.5333,289.24,298.95,299.81,308.12
ch2_ohr_ncp_20251227T1027178560_d_img_d18_x08320_y100480.png,0.5101,140.81,207.8,150.1,215.98
ch2_ohr_ncp_20251227T1027178560_d_img_d18_x08320_y100480.png,0.4651,599.58,471.18,608.5,478.6
ch2_ohr_ncp_20251227T1027178560_d_img_d18_x08320_y100480.png,0.4281,529.84,1.79,538.71,11.24
ch2_ohr_ncp_20251227T1027178560_d_img_d18_x08320_y100480.png,0.4127,164.66,286.83,178.64,297.93
ch2_ohr_ncp_20251227T1027178560_d_img_d18_x08320_y100480.png,0.4092,315.06,244.86,321.4,250.88
ch2_ohr_ncp_20251227T1027178560_d_img_d18_x08320_y100480.png,0.3734,87.74,265.81,98.36,276.32
ch2_ohr_ncp_20251227T1027178560_d_img_d18_x08320_y100480.png,0.3704,297.94,287.86,303.39,291.8
ch2_ohr_ncp_20251227T1027178560_d_img_d18_x08320_y100480.png,0.3587,529.04,48.2,536.32,54.7
ch2_ohr_ncp_20251227T1027178560_d_img_d18_x08320_y100480.png,0.3411,352.14,257.66,362.41,266.78
ch2_ohr_ncp_20251227T1027178560_d_img_d18_x08320_y100480.png,0.3309,0.0,164.99,9.33,175.63
ch2_ohr_ncp_20251227T1027178560_d_img_d18_x08320_y100480.png,0.299,392.74,30.11,401.78,40.52
ch2_ohr_ncp_20251227T1027178560_d_img_d18_x08320_y100480.png,0.2869,278.7,54.8,289.26,63.47
ch2_ohr_ncp_20251227T1027178560_d_img_d18_x08320_y100480.png,0.2831,619.89,149.35,632.38,159.2
ch2_ohr_ncp_20251227T1027178560_d_img_d18_x08320_y100480.png,0.2639,551.34,38.9,559.89,45.12
ch2_ohr_ncp_20251227T1027178560_d_img_d18_x08320_y100480.png,0.2319,139.28,206.02,150.2,215.55
ch2_ohr_ncp_20251227T1027178560_d_img_d18_x08320_y100480.png,0.2275,475.86,218.18,483.11,224.67
ch2_ohr_ncp_20251227T1027178560_d_img_d18_x08320_y100480.png,0.2133,226.7,513.7,239.39,523.37
ch2_ohr_ncp_20251227T1027178560_d_img_d18_x08320_y100480.png,0.2092,200.25,193.36,205.35,197.47
ch2_ohr_ncp_20251227T1027178560_d_img_d18_x08320_y100480.png,0.2049,62.62,366.12,67.89,371.32
ch2_ohr_ncp_20251227T1027178560_d_img_d18_x08320_y58880.png,0.2508,104.47,0.0,191.21,52.28
ch2_ohr_ncp_20251227T1027178560_d_img_d18_x08320_y71040.png,0.2226,296.58,351.83,404.72,427.43
ch2_ohr_ncp_20251227T1027178560_d_img_d18_x08320_y75520.png,0.254,0.0,2.46,35.56,83.92
ch2_ohr_ncp_20251227T1027178560_d_img_d18_x08320_y96000.png,0.272,239.8,505.99,342.15,585.02
ch2_ohr_ncp_20251227T1027178560_d_img_d18_x08320_y96000.png,0.2411,227.8,492.77,335.08,579.56
ch2_ohr_ncp_20251227T1027178560_d_img_d18_x08320_y97920.png,0.3341,394.65,310.35,497.38,385.45
ch2_ohr_ncp_20251227T1027178560_d_img_d18_x08320_y99200.png,0.2365,435.93,492.69,583.18,573.4
ch2_ohr_ncp_20251227T1027178560_d_img_d18_x08960_y100480.png,0.4621,199.97,310.95,208.03,317.17
ch2_ohr_ncp_20251227T1027178560_d_img_d18_x08960_y100480.png,0.4319,592.42,419.13,603.08,428.87
ch2_ohr_ncp_20251227T1027178560_d_img_d18_x08960_y100480.png,0.4241,495.87,365.2,504.77,373.7
ch2_ohr_ncp_20251227T1027178560_d_img_d18_x08960_y100480.png,0.3755,158.47,117.85,167.88,125.93
ch2_ohr_ncp_20251227T1027178560_d_img_d18_x08960_y100480.png,0.3567,154.66,496.33,162.56,502.81
ch2_ohr_ncp_20251227T1027178560_d_img_d18_x08960_y100480.png,0.3564,622.23,100.42,631.72,109.62
ch2_ohr_ncp_20251227T1027178560_d_img_d18_x08960_y100480.png,0.3162,351.97,448.91,357.95,453.56
ch2_ohr_ncp_20251227T1027178560_d_img_d18_x08960_y100480.png,0.3152,188.14,36.88,194.3,43.15
ch2_ohr_ncp_20251227T1027178560_d_img_d18_x08960_y100480.png,0.3058,30.13,196.94,37.67,204.55
ch2_ohr_ncp_20251227T1027178560_d_img_d18_x08960_y100480.png,0.294,147.5,483.57,154.88,490.43
ch2_ohr_ncp_20251227T1027178560_d_img_d18_x08960_y100480.png,0.2936,283.06,77.56,294.02,87.2
ch2_ohr_ncp_20251227T1027178560_d_img_d18_x08960_y100480.png,0.2906,319.71,196.08,335.19,206.66
ch2_ohr_ncp_20251227T1027178560_d_img_d18_x08960_y100480.png,0.2865,226.1,197.41,232.85,204.48
ch2_ohr_ncp_20251227T1027178560_d_img_d18_x08960_y100480.png,0.279,373.15,236.87,379.35,242.25
ch2_ohr_ncp_20251227T1027178560_d_img_d18_x08960_y100480.png,0.267,26.83,269.59,45.69,286.69
ch2_ohr_ncp_20251227T1027178560_d_img_d18_x08960_y100480.png,0.2345,615.79,249.4,629.2,259.95
ch2_ohr_ncp_20251227T1027178560_d_img_d18_x08960_y100480.png,0.2226,404.62,72.22,412.61,79.64
ch2_ohr_ncp_20251227T1027178560_d_img_d18_x08960_y100480.png,0.2123,326.23,328.47,333.3,334.01
ch2_ohr_ncp_20251227T1027178560_d_img_d18_x08960_y100480.png,0.209,541.79,221.2,549.51,227.39
ch2_ohr_ncp_20251227T1027178560_d_img_d18_x08960_y100480.png,0.2053,445.92,527.38,454.64,535.92
ch2_ohr_ncp_20251227T1027178560_d_img_d18_x08960_y71040.png,0.2434,198.19,552.84,363.68,633.96
ch2_ohr_ncp_20251227T1027178560_d_img_d18_x08960_y72960.png,0.3285,142.68,608.33,195.82,640.0
ch2_ohr_ncp_20251227T1027178560_d_img_d18_x08960_y72960.png,0.216,152.61,612.53,194.68,640.0
ch2_ohr_ncp_20251227T1027178560_d_img_d18_x08960_y74880.png,0.2447,0.0,59.82,73.27,132.15
ch2_ohr_ncp_20251227T1027178560_d_img_d18_x09600_y100480.png,0.4078,393.12,56.94,402.84,64.12
ch2_ohr_ncp_20251227T1027178560_d_img_d18_x09600_y100480.png,0.3979,376.07,182.2,384.04,188.93
ch2_ohr_ncp_20251227T1027178560_d_img_d18_x09600_y100480.png,0.3845,285.59,543.43,293.79,550.97
ch2_ohr_ncp_20251227T1027178560_d_img_d18_x09600_y100480.png,0.384,612.15,396.8,634.17,419.43
ch2_ohr_ncp_20251227T1027178560_d_img_d18_x09600_y100480.png,0.3692,183.59,3.37,209.3,24.48
ch2_ohr_ncp_20251227T1027178560_d_img_d18_x09600_y100480.png,0.3688,484.86,196.23,491.67,202.14
ch2_ohr_ncp_20251227T1027178560_d_img_d18_x09600_y100480.png,0.3624,265.46,564.13,273.26,570.52
ch2_ohr_ncp_20251227T1027178560_d_img_d18_x09600_y100480.png,0.3535,430.86,70.0,452.85,85.48
ch2_ohr_ncp_20251227T1027178560_d_img_d18_x09600_y100480.png,0.3453,93.77,87.71,101.8,94.21
ch2_ohr_ncp_20251227T1027178560_d_img_d18_x09600_y100480.png,0.3389,366.68,20.69,382.83,33.12
ch2_ohr_ncp_20251227T1027178560_d_img_d18_x09600_y100480.png,0.3196,387.85,150.14,394.37,155.84
ch2_ohr_ncp_20251227T1027178560_d_img_d18_x09600_y100480.png,0.2937,262.54,111.18,273.59,120.73
ch2_ohr_ncp_20251227T1027178560_d_img_d18_x09600_y100480.png,0.289,470.84,239.88,483.76,251.99
ch2_ohr_ncp_20251227T1027178560_d_img_d18_x09600_y100480.png,0.2769,417.63,426.76,425.83,434.88
ch2_ohr_ncp_20251227T1027178560_d_img_d18_x09600_y100480.png,0.2752,118.99,76.44,126.92,83.9
ch2_ohr_ncp_20251227T1027178560_d_img_d18_x09600_y100480.png,0.273,174.1,441.84,181.75,448.34
ch2_ohr_ncp_20251227T1027178560_d_img_d18_x09600_y100480.png,0.2721,367.14,125.08,378.91,133.58
ch2_ohr_ncp_20251227T1027178560_d_img_d18_x09600_y100480.png,0.2578,520.99,51.11,528.0,58.33
ch2_ohr_ncp_20251227T1027178560_d_img_d18_x09600_y100480.png,0.2576,383.08,340.57,395.52,350.36
ch2_ohr_ncp_20251227T1027178560_d_img_d18_x09600_y100480.png,0.2513,241.06,568.35,247.72,573.68
ch2_ohr_ncp_20251227T1027178560_d_img_d18_x09600_y100480.png,0.2458,565.02,235.79,572.94,243.3
ch2_ohr_ncp_20251227T1027178560_d_img_d18_x09600_y100480.png,0.2228,223.02,135.76,230.32,142.88
ch2_ohr_ncp_20251227T1027178560_d_img_d18_x09600_y100480.png,0.2191,463.05,0.23,472.46,4.57
ch2_ohr_ncp_20251227T1027178560_d_img_d18_x09600_y100480.png,0.2054,212.74,183.79,219.47,189.36
ch2_ohr_ncp_20251227T1027178560_d_img_d18_x09600_y62080.png,0.287,286.66,41.99,383.98,120.15
ch2_ohr_ncp_20251227T1027178560_d_img_d18_x09600_y62080.png,0.2049,191.99,332.78,303.02,407.34
ch2_ohr_ncp_20251227T1027178560_d_img_d18_x09600_y65280.png,0.2794,558.58,0.0,635.76,37.2
ch2_ohr_ncp_20251227T1027178560_d_img_d18_x09600_y71680.png,0.2936,492.94,0.0,593.79,40.21
ch2_ohr_ncp_20251227T1027178560_d_img_d18_x09600_y94720.png,0.2031,565.38,181.29,640.0,275.23
ch2_ohr_ncp_20251227T1027178560_d_img_d18_x10240_y100480.png,0.4084,348.67,114.92,359.19,123.57
ch2_ohr_ncp_20251227T1027178560_d_img_d18_x10240_y100480.png,0.3568,468.95,8.87,480.11,17.52
ch2_ohr_ncp_20251227T1027178560_d_img_d18_x10240_y100480.png,0.3262,436.21,98.34,444.83,105.61
ch2_ohr_ncp_20251227T1027178560_d_img_d18_x10240_y100480.png,0.2642,136.37,208.87,151.05,221.06
ch2_ohr_ncp_20251227T1027178560_d_img_d18_x10240_y100480.png,0.254,341.61,31.4,348.3,37.35
ch2_ohr_ncp_20251227T1027178560_d_img_d18_x10240_y100480.png,0.2461,434.87,187.97,444.29,195.39
ch2_ohr_ncp_20251227T1027178560_d_img_d18_x10240_y100480.png,0.2461,323.34,108.69,336.6,122.48
ch2_ohr_ncp_20251227T1027178560_d_img_d18_x10240_y100480.png,0.2328,628.98,396.23,639.94,413.23
ch2_ohr_ncp_20251227T1027178560_d_img_d18_x10240_y100480.png,0.2246,495.65,410.3,507.07,419.18
ch2_ohr_ncp_20251227T1027178560_d_img_d18_x10240_y100480.png,0.2126,234.79,137.31,241.59,143.08
ch2_ohr_ncp_20251227T1027178560_d_img_d18_x10240_y60160.png,0.2246,402.73,399.63,576.9,482.58
ch2_ohr_ncp_20251227T1027178560_d_img_d18_x10240_y60800.png,0.3893,353.2,409.83,462.05,461.52
ch2_ohr_ncp_20251227T1027178560_d_img_d18_x10240_y60800.png,0.2043,349.36,403.8,486.39,467.08
ch2_ohr_ncp_20251227T1027178560_d_img_d18_x10240_y61440.png,0.2214,185.63,404.71,295.5,476.83
ch2_ohr_ncp_20251227T1027178560_d_img_d18_x10240_y65280.png,0.2366,355.51,131.08,430.99,189.54
ch2_ohr_ncp_20251227T1027178560_d_img_d18_x10240_y72960.png,0.2075,379.04,238.52,486.31,301.2
ch2_ohr_ncp_20251227T1027178560_d_img_d18_x10240_y73600.png,0.2086,85.42,227.46,158.66,294.78
ch2_ohr_ncp_20251227T1027178560_d_img_d18_x10240_y74240.png,0.2783,457.88,1.84,572.26,73.55
ch2_ohr_ncp_20251227T1027178560_d_img_d18_x10240_y96000.png,0.2185,198.69,178.53,300.24,242.27
ch2_ohr_ncp_20251227T1027178560_d_img_d18_x10880_y100480.png,0.411,238.09,117.01,248.42,127.19
ch2_ohr_ncp_20251227T1027178560_d_img_d18_x10880_y100480.png,0.3967,347.85,412.77,361.86,425.87
ch2_ohr_ncp_20251227T1027178560_d_img_d18_x10880_y100480.png,0.3865,175.7,7.39,186.22,17.78
ch2_ohr_ncp_20251227T1027178560_d_img_d18_x10880_y100480.png,0.3589,387.63,564.48,393.64,569.35
ch2_ohr_ncp_20251227T1027178560_d_img_d18_x10880_y100480.png,0.3312,175.02,578.11,183.13,585.01
ch2_ohr_ncp_20251227T1027178560_d_img_d18_x10880_y100480.png,0.3208,516.79,156.98,524.52,164.47
ch2_ohr_ncp_20251227T1027178560_d_img_d18_x10880_y100480.png,0.3142,0.07,396.59,13.72,414.15
ch2_ohr_ncp_20251227T1027178560_d_img_d18_x10880_y100480.png,0.2966,118.82,567.06,124.82,573.28
ch2_ohr_ncp_20251227T1027178560_d_img_d18_x10880_y100480.png,0.2908,113.43,195.24,122.58,204.17
ch2_ohr_ncp_20251227T1027178560_d_img_d18_x10880_y100480.png,0.2816,315.05,148.92,320.38,154.86
ch2_ohr_ncp_20251227T1027178560_d_img_d18_x10880_y100480.png,0.2772,157.97,206.66,164.93,212.77
ch2_ohr_ncp_20251227T1027178560_d_img_d18_x10880_y100480.png,0.2726,516.3,366.43,526.28,374.83
ch2_ohr_ncp_20251227T1027178560_d_img_d18_x10880_y100480.png,0.2509,62.24,273.51,70.25,280.58
ch2_ohr_ncp_20251227T1027178560_d_img_d18_x10880_y100480.png,0.2474,227.83,196.82,242.69,207.59
ch2_ohr_ncp_20251227T1027178560_d_img_d18_x10880_y100480.png,0.2445,195.83,460.5,202.84,467.18
ch2_ohr_ncp_20251227T1027178560_d_img_d18_x10880_y100480.png,0.2437,585.0,241.19,594.25,250.73
ch2_ohr_ncp_20251227T1027178560_d_img_d18_x10880_y100480.png,0.2421,520.76,280.23,527.42,287.17
ch2_ohr_ncp_20251227T1027178560_d_img_d18_x10880_y100480.png,0.2308,608.45,367.27,615.59,373.24
ch2_ohr_ncp_20251227T1027178560_d_img_d18_x10880_y100480.png,0.2232,75.98,578.12,83.76,585.14
ch2_ohr_ncp_20251227T1027178560_d_img_d18_x10880_y100480.png,0.2208,370.24,178.23,382.41,188.35
ch2_ohr_ncp_20251227T1027178560_d_img_d18_x10880_y58880.png,0.407,584.0,286.15,640.0,337.7
ch2_ohr_ncp_20251227T1027178560_d_img_d18_x10880_y58880.png,0.3179,522.13,0.0,627.03,39.46
ch2_ohr_ncp_20251227T1027178560_d_img_d18_x10880_y58880.png,0.2389,581.63,283.21,640.0,353.33
ch2_ohr_ncp_20251227T1027178560_d_img_d18_x10880_y70400.png,0.205,0.0,122.87,33.88,176.87
ch2_ohr_ncp_20251227T1027178560_d_img_d18_x11520_y100480.png,0.5822,65.93,181.75,74.33,188.88
ch2_ohr_ncp_20251227T1027178560_d_img_d18_x11520_y100480.png,0.3957,440.91,398.92,448.29,406.14
ch2_ohr_ncp_20251227T1027178560_d_img_d18_x11520_y100480.png,0.2986,38.99,275.87,45.73,282.3
ch2_ohr_ncp_20251227T1027178560_d_img_d18_x11520_y100480.png,0.2876,378.4,44.29,384.38,50.09
ch2_ohr_ncp_20251227T1027178560_d_img_d18_x11520_y100480.png,0.263,204.75,87.74,214.72,93.43
ch2_ohr_ncp_20251227T1027178560_d_img_d18_x11520_y58880.png,0.2708,0.0,308.88,112.28,385.99
ch2_ohr_ncp_20251227T1027178560_d_img_d18_x11520_y58880.png,0.2408,0.0,309.92,82.25,372.38
ch2_ohr_ncp_20251227T1027178560_d_img_d18_x11520_y58880.png,0.2107,144.16,388.83,267.88,470.84
ch2_ohr_ncp_20251227T1027178560_d_img_d18_x11520_y64640.png,0.208,409.75,578.13,493.12,639.55
ch2_ohr_ncp_20251227T1027178560_d_img_d18_x11520_y70400.png,0.2803,35.14,0.0,113.72,74.02
ch2_ohr_ncp_20251227T1027178560_d_img_d18_x11520_y72320.png,0.2689,426.54,580.38,490.5,638.96
ch2_ohr_ncp_20251227T1027178560_d_img_d18_x11520_y72320.png,0.2612,238.62,44.72,325.55,127.83
ch2_ohr_ncp_20251227T1027178560_d_img_d18_x11520_y72320.png,0.2524,434.23,592.59,487.05,637.66
ch2_ohr_ncp_20251227T1027178560_d_img_d18_x11520_y72960.png,0.2097,390.41,297.36,495.08,373.5
ch2_ohr_ncp_20251227T1027178560_d_img_d18_x11520_y73600.png,0.2617,0.0,218.65,43.76,276.66
ch2_ohr_ncp_20251227T1027178560_d_img_d18_x11520_y92800.png,0.2878,15.78,0.0,137.25,49.78
ch2_ohr_ncp_20251227T1027178560_d_img_d18_x11520_y92800.png,0.2805,35.3,0.0,127.04,43.73
ch2_ohr_ncp_20251227T1027178560_d_img_d18_x11520_y92800.png,0.209,270.74,108.89,355.66,191.4
ch2_ohr_ncp_20251227T1027178560_d_img_d18_x11520_y92800.png,0.2037,272.95,117.62,375.02,204.3
ch2_ohr_ncp_20251227T1027178560_d_img_d18_x11520_y93440.png,0.244,88.08,527.53,163.4,578.49
ch2_ohr_ncp_20251227T1027178560_d_img_d18_x11520_y93440.png,0.2322,83.45,524.24,175.99,589.2
ch2_ohr_ncp_20251227T1027178560_d_img_d18_x11520_y94720.png,0.3007,342.68,186.72,351.9,194.81
ch2_ohr_ncp_20251227T1027178560_d_img_d18_x11520_y94720.png,0.2886,13.64,27.58,22.4,36.66
ch2_ohr_ncp_20251227T1027178560_d_img_d18_x11520_y94720.png,0.2541,405.97,176.89,413.44,183.97
ch2_ohr_ncp_20251227T1027178560_d_img_d18_x11520_y94720.png,0.2028,256.43,373.4,263.35,380.53
ch2_ohr_ncp_20251227T1027178560_d_img_d18_x11520_y95360.png,0.2268,387.15,0.0,501.34,118.96
ch2_ohr_ncp_20251227T1027178560_d_img_d18_x11520_y96640.png,0.5633,300.54,44.4,311.1,52.8
ch2_ohr_ncp_20251227T1027178560_d_img_d18_x11520_y96640.png,0.5346,172.75,125.97,185.56,136.19
ch2_ohr_ncp_20251227T1027178560_d_img_d18_x11520_y96640.png,0.5026,364.33,0.16,376.33,8.51
ch2_ohr_ncp_20251227T1027178560_d_img_d18_x11520_y96640.png,0.487,339.5,172.9,355.51,184.71
ch2_ohr_ncp_20251227T1027178560_d_img_d18_x11520_y96640.png,0.4772,201.79,0.31,222.36,18.03
ch2_ohr_ncp_20251227T1027178560_d_img_d18_x11520_y96640.png,0.4682,235.17,64.42,242.11,70.34
ch2_ohr_ncp_20251227T1027178560_d_img_d18_x11520_y96640.png,0.4208,210.07,360.62,219.55,367.74
ch2_ohr_ncp_20251227T1027178560_d_img_d18_x11520_y96640.png,0.3957,222.4,12.76,229.74,19.42
ch2_ohr_ncp_20251227T1027178560_d_img_d18_x11520_y96640.png,0.3949,108.75,333.01,123.67,344.53
ch2_ohr_ncp_20251227T1027178560_d_img_d18_x11520_y96640.png,0.368,89.06,117.85,96.1,124.38
ch2_ohr_ncp_20251227T1027178560_d_img_d18_x11520_y96640.png,0.361,29.24,361.21,39.77,369.68
ch2_ohr_ncp_20251227T1027178560_d_img_d18_x11520_y96640.png,0.3603,147.98,8.41,157.73,15.45
ch2_ohr_ncp_20251227T1027178560_d_img_d18_x11520_y96640.png,0.3534,237.97,15.63,245.79,22.75
ch2_ohr_ncp_20251227T1027178560_d_img_d18_x11520_y96640.png,0.3115,70.64,0.0,91.56,16.41
ch2_ohr_ncp_20251227T1027178560_d_img_d18_x11520_y96640.png,0.3107,409.95,285.38,423.59,294.09
ch2_ohr_ncp_20251227T1027178560_d_img_d18_x11520_y96640.png,0.3009,29.52,362.21,38.04,369.99
ch2_ohr_ncp_20251227T1027178560_d_img_d18_x11520_y96640.png,0.2768,390.98,0.0,492.13,47.88
ch2_ohr_ncp_20251227T1027178560_d_img_d18_x11520_y96640.png,0.265,278.23,2.27,287.74,10.83
ch2_ohr_ncp_20251227T1027178560_d_img_d18_x11520_y96640.png,0.2527,282.75,246.46,294.96,254.89
ch2_ohr_ncp_20251227T1027178560_d_img_d18_x11520_y96640.png,0.2464,62.6,17.0,68.71,21.7
ch2_ohr_ncp_20251227T1027178560_d_img_d18_x11520_y96640.png,0.2273,12.54,484.11,25.44,495.39
ch2_ohr_ncp_20251227T1027178560_d_img_d18_x11520_y96640.png,0.2001,29.8,83.45,34.89,88.49
ch2_ohr_ncp_20251227T1027178560_d_img_d18_x11520_y97280.png,0.4306,59.91,431.05,74.87,441.31
ch2_ohr_ncp_20251227T1027178560_d_img_d18_x11520_y97280.png,0.3632,69.06,27.51,77.64,34.73
ch2_ohr_ncp_20251227T1027178560_d_img_d18_x11520_y97280.png,0.3595,0.38,527.58,7.69,535.61
ch2_ohr_ncp_20251227T1027178560_d_img_d18_x11520_y97280.png,0.3376,333.3,506.67,349.26,519.31
ch2_ohr_ncp_20251227T1027178560_d_img_d18_x11520_y97280.png,0.3311,100.07,568.42,109.26,575.63
ch2_ohr_ncp_20251227T1027178560_d_img_d18_x11520_y97280.png,0.3051,363.36,319.62,374.82,328.13
ch2_ohr_ncp_20251227T1027178560_d_img_d18_x11520_y97280.png,0.3015,8.38,536.02,28.36,554.43
ch2_ohr_ncp_20251227T1027178560_d_img_d18_x11520_y97280.png,0.2966,170.66,24.69,177.77,29.74
ch2_ohr_ncp_20251227T1027178560_d_img_d18_x11520_y97280.png,0.296,317.65,343.22,325.02,349.7
ch2_ohr_ncp_20251227T1027178560_d_img_d18_x11520_y97280.png,0.2845,103.0,487.83,110.82,494.14
ch2_ohr_ncp_20251227T1027178560_d_img_d18_x11520_y97280.png,0.2782,15.52,195.49,25.6,204.56
ch2_ohr_ncp_20251227T1027178560_d_img_d18_x11520_y97280.png,0.2564,148.56,74.17,157.78,81.53
ch2_ohr_ncp_20251227T1027178560_d_img_d18_x11520_y97280.png,0.251,278.33,511.21,286.3,518.42
ch2_ohr_ncp_20251227T1027178560_d_img_d18_x11520_y97280.png,0.2476,207.66,504.83,218.67,511.85
ch2_ohr_ncp_20251227T1027178560_d_img_d18_x11520_y97280.png,0.247,325.93,273.71,338.75,284.92
ch2_ohr_ncp_20251227T1027178560_d_img_d18_x11520_y97280.png,0.241,92.62,304.67,98.92,310.2
ch2_ohr_ncp_20251227T1027178560_d_img_d18_x11520_y97280.png,0.23,196.64,207.17,203.24,213.21
ch2_ohr_ncp_20251227T1027178560_d_img_d18_x11520_y97280.png,0.2255,417.37,146.52,427.36,155.67
ch2_ohr_ncp_20251227T1027178560_d_img_d18_x11520_y97280.png,0.2192,409.39,289.53,426.95,301.6
ch2_ohr_ncp_20251227T1027178560_d_img_d18_x11520_y97280.png,0.2173,262.75,301.4,275.42,311.48
ch2_ohr_ncp_20251227T1027178560_d_img_d18_x11520_y97280.png,0.2001,208.79,451.94,218.25,459.53
ch2_ohr_ncp_20251227T1027178560_d_img_d18_x11520_y97920.png,0.2535,259.75,60.24,268.79,68.49
ch2_ohr_ncp_20251227T1027178560_d_img_d18_x11520_y97920.png,0.226,359.44,136.94,379.63,150.79
ch2_ohr_ncp_20251227T1027178560_d_img_d18_x11520_y98560.png,0.5601,200.98,461.14,212.5,470.17
ch2_ohr_ncp_20251227T1027178560_d_img_d18_x11520_y98560.png,0.5455,395.15,144.86,409.14,156.81
ch2_ohr_ncp_20251227T1027178560_d_img_d18_x11520_y98560.png,0.445,111.77,607.46,131.83,626.81
ch2_ohr_ncp_20251227T1027178560_d_img_d18_x11520_y98560.png,0.4334,337.5,525.76,356.92,540.72
ch2_ohr_ncp_20251227T1027178560_d_img_d18_x11520_y98560.png,0.4133,43.78,543.78,52.87,552.34
ch2_ohr_ncp_20251227T1027178560_d_img_d18_x11520_y98560.png,0.3957,201.62,58.2,209.95,65.07
ch2_ohr_ncp_20251227T1027178560_d_img_d18_x11520_y98560.png,0.3913,0.0,87.77,13.97,105.37
ch2_ohr_ncp_20251227T1027178560_d_img_d18_x11520_y98560.png,0.3841,277.74,429.97,287.59,437.39
ch2_ohr_ncp_20251227T1027178560_d_img_d18_x11520_y98560.png,0.3617,260.7,581.74,268.47,587.88
ch2_ohr_ncp_20251227T1027178560_d_img_d18_x11520_y98560.png,0.3508,116.37,396.99,123.68,403.47
ch2_ohr_ncp_20251227T1027178560_d_img_d18_x11520_y98560.png,0.3319,361.81,403.28,373.76,414.06
ch2_ohr_ncp_20251227T1027178560_d_img_d18_x11520_y98560.png,0.3079,448.9,431.71,458.14,438.53
ch2_ohr_ncp_20251227T1027178560_d_img_d18_x11520_y98560.png,0.2981,169.25,130.68,176.28,136.82
ch2_ohr_ncp_20251227T1027178560_d_img_d18_x11520_y98560.png,0.2744,333.25,374.76,340.24,382.03
ch2_ohr_ncp_20251227T1027178560_d_img_d18_x11520_y98560.png,0.2661,267.89,43.65,296.41,64.09
ch2_ohr_ncp_20251227T1027178560_d_img_d18_x11520_y98560.png,0.2633,1.31,490.71,7.37,496.2
ch2_ohr_ncp_20251227T1027178560_d_img_d18_x11520_y98560.png,0.2444,446.9,403.58,457.59,413.33
ch2_ohr_ncp_20251227T1027178560_d_img_d18_x11520_y98560.png,0.2425,230.5,458.43,240.06,464.29
ch2_ohr_ncp_20251227T1027178560_d_img_d18_x11520_y98560.png,0.2364,351.15,419.46,358.41,425.45
ch2_ohr_ncp_20251227T1027178560_d_img_d18_x11520_y98560.png,0.2133,116.02,22.57,121.76,28.41
ch2_ohr_ncp_20251227T1027178560_d_img_d18_x11520_y98560.png,0.2007,241.01,492.96,248.63,500.44
ch2_ohr_ncp_20251227T1027178560_d_img_d18_x11520_y99200.png,0.303,433.25,110.76,453.47,126.89
ch2_ohr_ncp_20251227T1027178560_d_img_d18_x11520_y99200.png,0.2757,303.57,181.53,314.36,189.99
ch2_ohr_ncp_20251227T1027178560_d_img_d18_x11520_y99200.png,0.2727,447.4,239.09,455.57,245.33
ch2_ohr_ncp_20251227T1027178560_d_img_d18_x11520_y99200.png,0.2593,63.27,499.38,74.78,508.55
ch2_ohr_ncp_20251227T1027178560_d_img_d18_x11520_y99200.png,0.2051,432.42,112.49,445.33,126.45
ch2_ohr_ncp_20251227T1027178560_d_img_d18_x11520_y99840.png,0.4329,64.67,627.08,74.41,635.64
ch2_ohr_ncp_20251227T1027178560_d_img_d18_x11520_y99840.png,0.3927,249.78,623.25,259.74,632.99
ch2_ohr_ncp_20251227T1027178560_d_img_d18_x11520_y99840.png,0.3255,25.53,549.95,33.55,557.99
ch2_ohr_ncp_20251227T1027178560_d_img_d18_x11520_y99840.png,0.2766,320.65,287.25,327.77,292.52
ch2_ohr_ncp_20251227T1027178560_d_img_d18_x11520_y99840.png,0.2739,289.83,525.71,297.07,532.04
ch2_ohr_ncp_20251227T1027178560_d_img_d18_x11520_y99840.png,0.2721,265.98,356.52,278.53,367.86
ch2_ohr_ncp_20251227T1027178560_d_img_d18_x11520_y99840.png,0.2451,91.15,100.12,108.73,113.18
ch2_ohr_ncp_20251227T1027178560_d_img_d18_x11520_y99840.png,0.2401,190.99,506.89,198.93,514.71
ch2_ohr_ncp_20251227T1027178560_d_img_d18_x11520_y99840.png,0.2263,285.97,588.36,293.57,595.26
ch2_ohr_ncp_20251227T1027178560_d_img_d18_x11520_y99840.png,0.2163,387.33,0.0,494.37,95.93
