tile,conf,x1,y1,x2,y2
ch2_ohr_ncp_20211228T2209123959_d_img_d18_x00000_y26880.png,0.2192,238.05,598.22,333.15,640.0
ch2_ohr_ncp_20211228T2209123959_d_img_d18_x00000_y26880.png,0.2124,212.47,593.2,336.58,640.0
ch2_ohr_ncp_20211228T2209123959_d_img_d18_x00000_y29440.png,0.3855,446.18,591.56,455.09,601.39
ch2_ohr_ncp_20211228T2209123959_d_img_d18_x00000_y33280.png,0.2049,64.45,35.45,172.72,148.77
ch2_ohr_ncp_20211228T2209123959_d_img_d18_x00000_y35200.png,0.3121,568.11,130.12,575.98,137.95
ch2_ohr_ncp_20211228T2209123959_d_img_d18_x00000_y35200.png,0.3104,560.0,599.76,568.7,608.84
ch2_ohr_ncp_20211228T2209123959_d_img_d18_x00000_y37760.png,0.2069,347.38,598.32,405.43,631.91
ch2_ohr_ncp_20211228T2209123959_d_img_d18_x00000_y38400.png,0.2061,0.0,218.71,87.51,306.18
ch2_ohr_ncp_20211228T2209123959_d_img_d18_x00000_y69760.png,0.2063,553.19,538.9,640.0,583.17
ch2_ohr_ncp_20211228T2209123959_d_img_d18_x00000_y71040.png,0.2755,631.22,520.92,639.19,528.44
ch2_ohr_ncp_20211228T2209123959_d_img_d18_x00640_y27520.png,0.3295,572.71,611.52,581.62,620.02
ch2_ohr_ncp_20211228T2209123959_d_img_d18_x00640_y32000.png,0.2512,120.18,189.8,173.15,224.96
ch2_ohr_ncp_20211228T2209123959_d_img_d18_x00640_y32640.png,0.402,580.96,594.95,589.05,603.97
ch2_ohr_ncp_20211228T2209123959_d_img_d18_x00640_y34560.png,0.2402,0.0,55.11,99.87,143.07
ch2_ohr_ncp_20211228T2209123959_d_img_d18_x00640_y36480.png,0.2401,269.74,544.42,365.32,617.71
ch2_ohr_ncp_20211228T2209123959_d_img_d18_x00640_y39680.png,0.2033,224.37,575.18,346.52,640.0
ch2_ohr_ncp_20211228T2209123959_d_img_d18_x00640_y71040.png,0.3279,556.77,612.95,630.77,640.0
ch2_ohr_ncp_20211228T2209123959_d_img_d18_x00640_y73600.png,0.2032,469.32,33.4,559.29,109.35
ch2_ohr_ncp_20211228T2209123959_d_img_d18_x01280_y32000.png,0.2325,308.19,0.31,344.12,22.32
ch2_ohr_ncp_20211228T2209123959_d_img_d18_x01280_y32000.png,0.2103,233.16,573.34,325.1,640.0
ch2_ohr_ncp_20211228T2209123959_d_img_d18_x01280_y33920.png,0.2552,32.31,583.76,41.02,592.38
ch2_ohr_ncp_20211228T2209123959_d_img_d18_x01280_y35200.png,0.4843,580.52,230.19,638.5,270.9
ch2_ohr_ncp_20211228T2209123959_d_img_d18_x01280_y39040.png,0.3537,0.0,367.93,79.34,451.24
ch2_ohr_ncp_20211228T2209123959_d_img_d18_x01280_y41600.png,0.494,248.26,71.76,259.17,80.6
ch2_ohr_ncp_20211228T2209123959_d_img_d18_x01280_y41600.png,0.4417,551.31,189.39,563.59,201.21
ch2_ohr_ncp_20211228T2209123959_d_img_d18_x01280_y41600.png,0.371,397.26,216.3,408.11,226.17
ch2_ohr_ncp_20211228T2209123959_d_img_d18_x01280_y41600.png,0.3561,581.45,249.17,591.66,258.44
ch2_ohr_ncp_20211228T2209123959_d_img_d18_x01280_y41600.png,0.3396,520.57,46.39,558.54,74.99
ch2_ohr_ncp_20211228T2209123959_d_img_d18_x01280_y41600.png,0.2426,438.94,94.9,455.55,110.52
ch2_ohr_ncp_20211228T2209123959_d_img_d18_x01280_y41600.png,0.2268,387.79,119.63,394.48,126.4
ch2_ohr_ncp_20211228T2209123959_d_img_d18_x01280_y41600.png,0.2041,469.29,122.61,478.09,130.97
ch2_ohr_ncp_20211228T2209123959_d_img_d18_x01280_y70400.png,0.2081,535.14,0.05,545.12,4.82
ch2_ohr_ncp_20211228T2209123959_d_img_d18_x01280_y75520.png,0.3853,574.66,382.35,632.11,423.35
ch2_ohr_ncp_20211228T2209123959_d_img_d18_x01280_y75520.png,0.2,272.9,568.38,324.22,601.19
ch2_ohr_ncp_20211228T2209123959_d_img_d18_x01920_y33920.png,0.2817,462.28,67.8,563.05,165.12
ch2_ohr_ncp_20211228T2209123959_d_img_d18_x01920_y33920.png,0.2209,426.52,50.4,556.97,155.73
ch2_ohr_ncp_20211228T2209123959_d_img_d18_x01920_y34560.png,0.2468,404.56,550.26,454.86,594.94
ch2_ohr_ncp_20211228T2209123959_d_img_d18_x01920_y37120.png,0.2476,518.48,329.05,596.22,398.04
ch2_ohr_ncp_20211228T2209123959_d_img_d18_x01920_y37760.png,0.2776,342.0,573.74,388.56,610.92
ch2_ohr_ncp_20211228T2209123959_d_img_d18_x01920_y37760.png,0.2062,340.57,575.26,386.3,601.59
ch2_ohr_ncp_20211228T2209123959_d_img_d18_x01920_y41600.png,0.5282,369.31,110.54,381.48,120.95
ch2_ohr_ncp_20211228T2209123959_d_img_d18_x01920_y41600.png,0.457,111.77,28.11,120.51,36.09
ch2_ohr_ncp_20211228T2209123959_d_img_d18_x01920_y41600.png,0.368,166.61,53.9,178.35,61.91
ch2_ohr_ncp_20211228T2209123959_d_img_d18_x01920_y41600.png,0.3551,178.55,70.31,189.36,79.2
ch2_ohr_ncp_20211228T2209123959_d_img_d18_x01920_y41600.png,0.355,534.7,68.93,545.69,79.51
ch2_ohr_ncp_20211228T2209123959_d_img_d18_x01920_y41600.png,0.3328,285.41,171.05,293.13,178.16
ch2_ohr_ncp_20211228T2209123959_d_img_d18_x01920_y41600.png,0.3271,116.94,118.25,124.94,124.42
ch2_ohr_ncp_20211228T2209123959_d_img_d18_x01920_y41600.png,0.3063,23.0,247.06,35.79,262.4
ch2_ohr_ncp_20211228T2209123959_d_img_d18_x01920_y41600.png,0.2954,616.8,112.15,626.94,121.19
ch2_ohr_ncp_20211228T2209123959_d_img_d18_x01920_y41600.png,0.2247,111.7,280.63,119.21,288.55
ch2_ohr_ncp_20211228T2209123959_d_img_d18_x01920_y41600.png,0.2199,133.14,187.38,141.19,194.26
ch2_ohr_ncp_20211228T2209123959_d_img_d18_x01920_y69760.png,0.2786,497.62,597.7,563.19,640.0
ch2_ohr_ncp_20211228T2209123959_d_img_d18_x01920_y69760.png,0.2264,490.81,595.55,562.96,640.0
ch2_ohr_ncp_20211228T2209123959_d_img_d18_x01920_y69760.png,0.2011,480.38,589.84,567.99,640.0
ch2_ohr_ncp_20211228T2209123959_d_img_d18_x01920_y72320.png,0.3069,410.96,326.25,467.62,367.34
ch2_ohr_ncp_20211228T2209123959_d_img_d18_x02560_y32000.png,0.2267,577.77,548.22,588.89,557.8
ch2_ohr_ncp_20211228T2209123959_d_img_d18_x02560_y35200.png,0.2778,202.42,560.0,305.33,640.0
ch2_ohr_ncp_20211228T2209123959_d_img_d18_x02560_y35840.png,0.2292,279.96,77.16,330.59,120.75
ch2_ohr_ncp_20211228T2209123959_d_img_d18_x02560_y36480.png,0.2096,413.85,323.62,534.72,415.25
ch2_ohr_ncp_20211228T2209123959_d_img_d18_x02560_y40960.png,0.2132,624.06,97.7,640.0,114.76
ch2_ohr_ncp_20211228T2209123959_d_img_d18_x02560_y78080.png,0.2209,621.49,379.32,637.61,393.5
ch2_ohr_ncp_20211228T2209123959_d_img_d18_x03200_y32000.png,0.4278,432.91,211.64,490.15,258.29
ch2_ohr_ncp_20211228T2209123959_d_img_d18_x03200_y32000.png,0.2257,442.54,222.01,490.51,256.61
ch2_ohr_ncp_20211228T2209123959_d_img_d18_x03200_y37760.png,0.7276,122.14,503.54,168.72,540.0
ch2_ohr_ncp_20211228T2209123959_d_img_d18_x03200_y40960.png,0.3331,267.4,286.91,275.18,294.44
ch2_ohr_ncp_20211228T2209123959_d_img_d18_x03200_y71680.png,0.2501,32.79,585.76,116.88,640.0
ch2_ohr_ncp_20211228T2209123959_d_img_d18_x03200_y71680.png,0.2204,160.33,230.07,231.15,291.14
ch2_ohr_ncp_20211228T2209123959_d_img_d18_x03200_y73600.png,0.2896,374.22,378.99,471.4,457.76
ch2_ohr_ncp_20211228T2209123959_d_img_d18_x03840_y33920.png,0.271,504.91,153.25,546.77,175.98
ch2_ohr_ncp_20211228T2209123959_d_img_d18_x03840_y40960.png,0.4971,378.28,74.54,395.85,88.7
ch2_ohr_ncp_20211228T2209123959_d_img_d18_x03840_y40960.png,0.2281,232.66,90.2,242.83,100.02
ch2_ohr_ncp_20211228T2209123959_d_img_d18_x03840_y40960.png,0.2203,361.68,99.63,368.74,106.22
ch2_ohr_ncp_20211228T2209123959_d_img_d18_x03840_y40960.png,0.215,380.7,102.33,389.39,109.72
ch2_ohr_ncp_20211228T2209123959_d_img_d18_x03840_y40960.png,0.2007,177.9,106.71,186.52,114.01
ch2_ohr_ncp_20211228T2209123959_d_img_d18_x03840_y70400.png,0.4617,584.04,563.76,601.29,576.85
ch2_ohr_ncp_20211228T2209123959_d_img_d18_x03840_y70400.png,0.2007,592.81,586.15,601.45,593.43
ch2_ohr_ncp_20211228T2209123959_d_img_d18_x03840_y74240.png,0.5384,202.24,264.08,250.58,306.25
ch2_ohr_ncp_20211228T2209123959_d_img_d18_x03840_y74240.png,0.284,356.75,178.81,391.99,219.03
ch2_ohr_ncp_20211228T2209123959_d_img_d18_x03840_y74240.png,0.2175,352.93,175.01,390.47,213.01
ch2_ohr_ncp_20211228T2209123959_d_img_d18_x03840_y76160.png,0.3023,610.26,159.31,639.64,180.48
ch2_ohr_ncp_20211228T2209123959_d_img_d18_x04480_y34560.png,0.2436,340.93,176.83,392.13,209.38
ch2_ohr_ncp_20211228T2209123959_d_img_d18_x04480_y73600.png,0.2131,0.0,33.41,44.26,111.69
ch2_ohr_ncp_20211228T2209123959_d_img_d18_x04480_y76160.png,0.2118,0.0,299.56,43.28,364.25
ch2_ohr_ncp_20211228T2209123959_d_img_d18_x04480_y77440.png,0.2254,466.57,616.81,526.03,639.4
ch2_ohr_ncp_20211228T2209123959_d_img_d18_x05120_y40320.png,0.2607,381.95,275.18,490.01,364.06
ch2_ohr_ncp_20211228T2209123959_d_img_d18_x05120_y72960.png,0.2867,254.07,212.75,328.31,258.71
ch2_ohr_ncp_20211228T2209123959_d_img_d18_x05120_y74880.png,0.2186,0.0,333.78,36.2,408.61
ch2_ohr_ncp_20211228T2209123959_d_img_d18_x05120_y74880.png,0.2113,0.0,338.65,45.0,404.57
ch2_ohr_ncp_20211228T2209123959_d_img_d18_x05120_y75520.png,0.3579,559.47,200.02,619.36,251.23
ch2_ohr_ncp_20211228T2209123959_d_img_d18_x05120_y75520.png,0.2547,572.11,200.91,624.67,252.48
ch2_ohr_ncp_20211228T2209123959_d_img_d18_x05760_y39040.png,0.5291,601.59,17.42,639.84,55.88
ch2_ohr_ncp_20211228T2209123959_d_img_d18_x05760_y40320.png,0.68,560.68,30.54,567.83,37.02
ch2_ohr_ncp_20211228T2209123959_d_img_d18_x05760_y40320.png,0.5566,26.55,162.74,39.0,172.5
ch2_ohr_ncp_20211228T2209123959_d_img_d18_x05760_y40320.png,0.536,173.29,100.91,192.52,113.28
ch2_ohr_ncp_20211228T2209123959_d_img_d18_x05760_y40320.png,0.4146,102.51,109.46,118.53,121.7
ch2_ohr_ncp_20211228T2209123959_d_img_d18_x05760_y40320.png,0.3937,265.91,162.68,276.22,171.16
ch2_ohr_ncp_20211228T2209123959_d_img_d18_x05760_y40320.png,0.3461,111.01,166.78,117.09,172.47
ch2_ohr_ncp_20211228T2209123959_d_img_d18_x05760_y40320.png,0.3228,5.46,203.89,12.02,210.46
ch2_ohr_ncp_20211228T2209123959_d_img_d18_x05760_y40320.png,0.3089,99.85,59.99,105.89,66.65
ch2_ohr_ncp_20211228T2209123959_d_img_d18_x05760_y40320.png,0.3063,169.98,215.98,176.86,222.27
ch2_ohr_ncp_20211228T2209123959_d_img_d18_x05760_y40320.png,0.2924,65.68,368.26,73.65,375.65
ch2_ohr_ncp_20211228T2209123959_d_img_d18_x05760_y40320.png,0.2702,5.84,204.58,12.19,212.0
ch2_ohr_ncp_20211228T2209123959_d_img_d18_x05760_y40320.png,0.2583,1.32,193.88,9.16,202.44
ch2_ohr_ncp_20211228T2209123959_d_img_d18_x05760_y71040.png,0.321,87.18,540.95,150.99,587.08
ch2_ohr_ncp_20211228T2209123959_d_img_d18_x05760_y71680.png,0.2568,483.25,207.92,539.76,243.75
ch2_ohr_ncp_20211228T2209123959_d_img_d18_x05760_y76160.png,0.2205,43.74,515.8,122.91,583.56
ch2_ohr_ncp_20211228T2209123959_d_img_d18_x05760_y76160.png,0.2192,190.73,93.43,230.11,128.87
ch2_ohr_ncp_20211228T2209123959_d_img_d18_x06400_y38400.png,0.2097,45.88,552.36,86.02,588.41
ch2_ohr_ncp_20211228T2209123959_d_img_d18_x06400_y72960.png,0.2293,429.29,261.52,492.79,300.56
ch2_ohr_ncp_20211228T2209123959_d_img_d18_x06400_y73600.png,0.2032,512.52,536.73,585.5,614.77
ch2_ohr_ncp_20211228T2209123959_d_img_d18_x06400_y74880.png,0.2208,382.58,499.15,467.97,567.68
ch2_ohr_ncp_20211228T2209123959_d_img_d18_x06400_y77440.png,0.2034,0.0,301.29,41.89,377.85
ch2_ohr_ncp_20211228T2209123959_d_img_d18_x07040_y35840.png,0.3137,187.76,275.86,297.17,339.3
ch2_ohr_ncp_20211228T2209123959_d_img_d18_x07040_y39680.png,0.336,40.73,235.84,46.86,241.65
ch2_ohr_ncp_20211228T2209123959_d_img_d18_x07040_y39680.png,0.3075,26.25,277.43,53.44,296.42
ch2_ohr_ncp_20211228T2209123959_d_img_d18_x07040_y39680.png,0.2356,9.5,261.69,16.96,268.32
ch2_ohr_ncp_20211228T2209123959_d_img_d18_x07040_y70400.png,0.2704,562.71,586.65,640.0,634.26
ch2_ohr_ncp_20211228T2209123959_d_img_d18_x07040_y70400.png,0.235,506.91,405.43,561.73,442.74
ch2_ohr_ncp_20211228T2209123959_d_img_d18_x07680_y72320.png,0.2664,243.47,493.43,300.98,528.87
ch2_ohr_ncp_20211228T2209123959_d_img_d18_x07680_y73600.png,0.2745,619.99,585.11,626.41,590.42
ch2_ohr_ncp_20211228T2209123959_d_img_d18_x08320_y72960.png,0.2321,584.35,598.98,633.67,637.14
ch2_ohr_ncp_20211228T2209123959_d_img_d18_x08320_y79360.png,0.2514,74.85,0.0,143.56,18.47
ch2_ohr_ncp_20211228T2209123959_d_img_d18_x08960_y39040.png,0.3521,24.05,275.99,30.48,282.16
ch2_ohr_ncp_20211228T2209123959_d_img_d18_x08960_y39040.png,0.208,103.15,231.82,113.81,244.03
ch2_ohr_ncp_20211228T2209123959_d_img_d18_x09600_y74880.png,0.2165,515.78,6.42,610.41,83.28
ch2_ohr_ncp_20211228T2209123959_d_img_d18_x09600_y76800.png,0.2073,14.6,496.75,45.5,518.96
ch2_ohr_ncp_20211228T2209123959_d_img_d18_x09600_y77440.png,0.201,0.0,107.32,79.83,145.8
ch2_ohr_ncp_20211228T2209123959_d_img_d18_x10240_y75520.png,0.4479,517.96,262.51,563.86,296.23
ch2_ohr_ncp_20211228T2209123959_d_img_d18_x10880_y75520.png,0.2447,537.35,25.13,551.6,36.92
ch2_ohr_ncp_20211228T2209123959_d_img_d18_x11520_y72960.png,0.5333,361.12,147.24,415.22,180.34
ch2_ohr_ncp_20211228T2209123959_d_img_d18_x11520_y75520.png,0.2674,0.0,96.27,23.4,118.81
ch2_ohr_ncp_20211228T2209123959_d_img_d18_x11520_y78080.png,0.2078,32.18,16.11,105.61,86.9
ch2_ohr_ncp_20211228T2209123959_d_img_d18_x11520_y79360.png,0.2186,74.78,306.88,199.04,377.98
ch2_ohr_ncp_20240403T1750244247_d_img_d18_x08320_y51840.png,0.3894,603.44,490.56,607.63,496.58
ch2_ohr_ncp_20240403T1750244247_d_img_d18_x08320_y51840.png,0.3016,515.42,507.98,519.09,513.44
ch2_ohr_ncp_20240403T1750244247_d_img_d18_x08320_y51840.png,0.2754,538.61,524.0,543.69,530.36
ch2_ohr_ncp_20240403T1750244247_d_img_d18_x08320_y51840.png,0.2712,635.7,167.27,639.56,173.77
ch2_ohr_ncp_20240403T1750244247_d_img_d18_x08320_y51840.png,0.2371,550.04,504.37,557.21,512.03
ch2_ohr_ncp_20240403T1750244247_d_img_d18_x08320_y51840.png,0.2309,497.99,522.02,502.08,529.22
ch2_ohr_ncp_20240403T1750244247_d_img_d18_x08960_y51840.png,0.351,46.62,10.97,52.27,20.65
ch2_ohr_ncp_20240403T1750244247_d_img_d18_x08960_y51840.png,0.3348,594.65,180.32,599.57,188.02
ch2_ohr_ncp_20240403T1750244247_d_img_d18_x08960_y51840.png,0.2968,14.24,467.92,20.01,474.49
ch2_ohr_ncp_20240403T1750244247_d_img_d18_x08960_y51840.png,0.2302,120.13,24.37,125.33,33.0
ch2_ohr_ncp_20240403T1750244247_d_img_d18_x08960_y51840.png,0.216,634.51,158.39,639.18,165.45
ch2_ohr_ncp_20240406T0647198831_d_img_d18_x00000_y01920.png,0.224,595.77,270.54,606.11,281.86
ch2_ohr_ncp_20240406T0647198831_d_img_d18_x00000_y100480.png,0.4893,555.35,11.99,561.01,18.74
ch2_ohr_ncp_20240406T0647198831_d_img_d18_x00000_y100480.png,0.3407,523.66,45.48,529.13,52.02
ch2_ohr_ncp_20240406T0647198831_d_img_d18_x00000_y100480.png,0.3392,450.3,251.28,478.59,290.56
ch2_ohr_ncp_20240406T0647198831_d_img_d18_x00000_y100480.png,0.3353,491.95,180.0,497.26,186.32
ch2_ohr_ncp_20240406T0647198831_d_img_d18_x00000_y100480.png,0.3131,568.33,17.22,572.92,22.95
ch2_ohr_ncp_20240406T0647198831_d_img_d18_x00000_y100480.png,0.27,491.99,181.08,497.1,188.0
ch2_ohr_ncp_20240406T0647198831_d_img_d18_x00000_y100480.png,0.224,596.9,316.65,609.33,329.13
ch2_ohr_ncp_20240406T0647198831_d_img_d18_x00000_y100480.png,0.2134,576.4,1.88,580.98,7.09
ch2_ohr_ncp_20240406T0647198831_d_img_d18_x00000_y100480.png,0.2015,449.84,14.44,456.92,21.93
ch2_ohr_ncp_20240406T0647198831_d_img_d18_x00000_y17280.png,0.3937,9.29,612.08,13.39,620.39
ch2_ohr_ncp_20240406T0647198831_d_img_d18_x00000_y17280.png,0.3746,9.13,611.46,14.08,619.44
ch2_ohr_ncp_20240406T0647198831_d_img_d18_x00000_y17280.png,0.3278,626.01,159.21,630.91,165.25
ch2_ohr_ncp_20240406T0647198831_d_img_d18_x00000_y17280.png,0.2987,27.32,624.52,31.41,629.28
ch2_ohr_ncp_20240406T0647198831_d_img_d18_x00000_y17280.png,0.23,59.34,592.17,63.43,597.39
ch2_ohr_ncp_20240406T0647198831_d_img_d18_x00000_y17280.png,0.2205,634.63,154.04,639.05,158.33
ch2_ohr_ncp_20240406T0647198831_d_img_d18_x00000_y17280.png,0.2098,67.42,610.31,75.28,621.04
ch2_ohr_ncp_20240406T0647198831_d_img_d18_x00000_y18560.png,0.2971,31.62,633.9,36.87,639.32
ch2_ohr_ncp_20240406T0647198831_d_img_d18_x00000_y21760.png,0.2467,604.0,254.29,610.73,260.4
ch2_ohr_ncp_20240406T0647198831_d_img_d18_x00000_y21760.png,0.2424,611.16,576.23,615.2,580.59
ch2_ohr_ncp_20240406T0647198831_d_img_d18_x00000_y23040.png,0.2157,34.15,523.91,39.55,529.01
ch2_ohr_ncp_20240406T0647198831_d_img_d18_x00000_y23040.png,0.2032,19.09,633.21,26.73,639.89
ch2_ohr_ncp_20240406T0647198831_d_img_d18_x00000_y23680.png,0.3751,572.0,32.7,577.54,38.49
ch2_ohr_ncp_20240406T0647198831_d_img_d18_x00000_y23680.png,0.3073,625.99,11.56,631.87,17.64
ch2_ohr_ncp_20240406T0647198831_d_img_d18_x00000_y23680.png,0.2416,597.59,49.46,604.05,59.67
ch2_ohr_ncp_20240406T0647198831_d_img_d18_x00000_y26240.png,0.4478,67.82,577.92,73.01,584.7
ch2_ohr_ncp_20240406T0647198831_d_img_d18_x00000_y26240.png,0.3628,72.69,587.95,77.65,593.47
ch2_ohr_ncp_20240406T0647198831_d_img_d18_x00000_y26240.png,0.3173,37.65,518.26,53.87,539.36
ch2_ohr_ncp_20240406T0647198831_d_img_d18_x00000_y26240.png,0.2301,36.95,495.28,54.56,539.67
ch2_ohr_ncp_20240406T0647198831_d_img_d18_x00000_y28160.png,0.2803,579.99,552.85,584.68,556.98
ch2_ohr_ncp_20240406T0647198831_d_img_d18_x00000_y28160.png,0.2396,54.8,10.13,80.85,54.3
ch2_ohr_ncp_20240406T0647198831_d_img_d18_x00000_y28160.png,0.2108,15.66,452.0,20.32,459.9
ch2_ohr_ncp_20240406T0647198831_d_img_d18_x00000_y28160.png,0.209,22.05,201.44,39.48,225.96
ch2_ohr_ncp_20240406T0647198831_d_img_d18_x00000_y28160.png,0.2084,574.34,559.04,580.0,565.42
ch2_ohr_ncp_20240406T0647198831_d_img_d18_x00000_y28800.png,0.4376,51.7,311.48,62.68,324.75
ch2_ohr_ncp_20240406T0647198831_d_img_d18_x00000_y59520.png,0.2196,15.75,566.82,24.01,574.25
ch2_ohr_ncp_20240406T0647198831_d_img_d18_x00000_y61440.png,0.2272,381.04,564.06,401.32,594.87
ch2_ohr_ncp_20240406T0647198831_d_img_d18_x00000_y62080.png,0.2544,0.0,242.66,70.6,320.48
ch2_ohr_ncp_20240406T0647198831_d_img_d18_x00000_y62080.png,0.2212,3.56,246.64,71.13,300.66
ch2_ohr_ncp_20240406T0647198831_d_img_d18_x00000_y72960.png,0.2073,571.99,311.76,578.19,318.55
ch2_ohr_ncp_20240406T0647198831_d_img_d18_x00000_y75520.png,0.2302,581.35,571.84,588.0,578.54
ch2_ohr_ncp_20240406T0647198831_d_img_d18_x00000_y75520.png,0.2106,487.73,107.99,492.17,113.51
ch2_ohr_ncp_20240406T0647198831_d_img_d18_x00000_y75520.png,0.2036,617.86,427.98,622.8,434.17
ch2_ohr_ncp_20240406T0647198831_d_img_d18_x00000_y87680.png,0.2236,631.91,179.93,636.2,185.42
ch2_ohr_ncp_20240406T0647198831_d_img_d18_x00000_y89600.png,0.206,599.18,23.77,604.82,29.23
ch2_ohr_ncp_20240406T0647198831_d_img_d18_x00000_y91520.png,0.2809,611.33,0.0,617.38,4.01
ch2_ohr_ncp_20240406T0647198831_d_img_d18_x00000_y96640.png,0.2248,572.12,12.2,600.64,44.74
ch2_ohr_ncp_20240406T0647198831_d_img_d18_x00000_y97920.png,0.2052,549.73,605.34,556.06,614.07
ch2_ohr_ncp_20240406T0647198831_d_img_d18_x00000_y98560.png,0.29,565.21,414.16,588.01,453.21
ch2_ohr_ncp_20240406T0647198831_d_img_d18_x00000_y99840.png,0.3848,51.97,483.98,57.16,490.17
ch2_ohr_ncp_20240406T0647198831_d_img_d18_x00000_y99840.png,0.2504,479.47,607.53,484.73,615.07
ch2_ohr_ncp_20240406T0647198831_d_img_d18_x00640_y00000.png,0.2859,57.81,630.74,61.48,636.0
ch2_ohr_ncp_20240406T0647198831_d_img_d18_x00640_y00000.png,0.2644,74.07,619.97,78.14,624.48
ch2_ohr_ncp_20240406T0647198831_d_img_d18_x00640_y00000.png,0.2506,139.97,592.13,145.41,599.24
ch2_ohr_ncp_20240406T0647198831_d_img_d18_x00640_y00000.png,0.2466,135.62,619.02,140.02,623.0
ch2_ohr_ncp_20240406T0647198831_d_img_d18_x00640_y00000.png,0.222,144.45,616.04,148.62,620.93
ch2_ohr_ncp_20240406T0647198831_d_img_d18_x00640_y00000.png,0.2168,121.19,521.1,157.34,565.97
ch2_ohr_ncp_20240406T0647198831_d_img_d18_x00640_y00640.png,0.2364,181.63,93.38,203.22,125.66
ch2_ohr_ncp_20240406T0647198831_d_img_d18_x00640_y100480.png,0.5921,547.98,369.45,553.18,375.05
ch2_ohr_ncp_20240406T0647198831_d_img_d18_x00640_y100480.png,0.5493,393.24,0.01,401.23,5.7
ch2_ohr_ncp_20240406T0647198831_d_img_d18_x00640_y100480.png,0.4311,573.06,257.06,580.01,264.63
ch2_ohr_ncp_20240406T0647198831_d_img_d18_x00640_y100480.png,0.4292,619.67,48.1,623.41,52.54
ch2_ohr_ncp_20240406T0647198831_d_img_d18_x00640_y100480.png,0.4034,607.17,238.46,612.82,244.3
ch2_ohr_ncp_20240406T0647198831_d_img_d18_x00640_y100480.png,0.3905,515.0,39.18,519.81,45.53
ch2_ohr_ncp_20240406T0647198831_d_img_d18_x00640_y100480.png,0.3789,530.26,172.0,536.04,178.55
ch2_ohr_ncp_20240406T0647198831_d_img_d18_x00640_y100480.png,0.3311,471.22,64.07,479.22,72.16
ch2_ohr_ncp_20240406T0647198831_d_img_d18_x00640_y100480.png,0.3126,458.28,355.98,462.21,360.88
ch2_ohr_ncp_20240406T0647198831_d_img_d18_x00640_y100480.png,0.3079,630.65,63.22,636.01,69.56
ch2_ohr_ncp_20240406T0647198831_d_img_d18_x00640_y100480.png,0.2641,572.0,256.26,578.73,263.71
ch2_ohr_ncp_20240406T0647198831_d_img_d18_x00640_y100480.png,0.2258,591.38,485.32,601.3,498.84
ch2_ohr_ncp_20240406T0647198831_d_img_d18_x00640_y100480.png,0.2227,330.02,119.85,334.66,125.21
ch2_ohr_ncp_20240406T0647198831_d_img_d18_x00640_y100480.png,0.221,217.41,215.96,222.3,221.2
ch2_ohr_ncp_20240406T0647198831_d_img_d18_x00640_y100480.png,0.2122,625.86,69.98,629.79,76.0
ch2_ohr_ncp_20240406T0647198831_d_img_d18_x00640_y100480.png,0.207,603.88,387.95,609.86,394.85
ch2_ohr_ncp_20240406T0647198831_d_img_d18_x00640_y100480.png,0.2024,47.79,81.39,79.19,124.86
ch2_ohr_ncp_20240406T0647198831_d_img_d18_x00640_y100480.png,0.2024,478.45,352.18,484.0,357.22
ch2_ohr_ncp_20240406T0647198831_d_img_d18_x00640_y18560.png,0.514,170.01,587.86,175.42,593.05
ch2_ohr_ncp_20240406T0647198831_d_img_d18_x00640_y19200.png,0.2759,23.55,59.78,28.06,65.27
ch2_ohr_ncp_20240406T0647198831_d_img_d18_x00640_y19200.png,0.2206,171.43,148.78,179.22,160.36
ch2_ohr_ncp_20240406T0647198831_d_img_d18_x00640_y20480.png,0.2993,308.0,274.48,315.93,283.72
ch2_ohr_ncp_20240406T0647198831_d_img_d18_x00640_y20480.png,0.2846,156.0,307.98,162.28,313.67
ch2_ohr_ncp_20240406T0647198831_d_img_d18_x00640_y22400.png,0.2466,24.9,89.05,42.91,117.25
ch2_ohr_ncp_20240406T0647198831_d_img_d18_x00640_y23040.png,0.2885,610.65,234.14,614.77,238.56
ch2_ohr_ncp_20240406T0647198831_d_img_d18_x00640_y23040.png,0.2778,562.09,279.23,567.03,284.18
ch2_ohr_ncp_20240406T0647198831_d_img_d18_x00640_y23040.png,0.2623,623.41,468.99,628.16,476.88
ch2_ohr_ncp_20240406T0647198831_d_img_d18_x00640_y23040.png,0.2198,547.86,137.38,553.61,145.54
ch2_ohr_ncp_20240406T0647198831_d_img_d18_x00640_y23040.png,0.2181,632.95,67.99,636.69,72.9
ch2_ohr_ncp_20240406T0647198831_d_img_d18_x00640_y23040.png,0.2081,471.9,211.89,478.07,220.62
ch2_ohr_ncp_20240406T0647198831_d_img_d18_x00640_y23040.png,0.2048,599.21,250.16,606.82,258.21
ch2_ohr_ncp_20240406T0647198831_d_img_d18_x00640_y23680.png,0.7802,27.48,43.79,33.06,49.94
ch2_ohr_ncp_20240406T0647198831_d_img_d18_x00640_y23680.png,0.5777,18.98,52.32,26.57,60.05
ch2_ohr_ncp_20240406T0647198831_d_img_d18_x00640_y23680.png,0.5675,219.82,44.93,230.23,55.69
ch2_ohr_ncp_20240406T0647198831_d_img_d18_x00640_y23680.png,0.466,0.21,71.98,8.59,84.01
ch2_ohr_ncp_20240406T0647198831_d_img_d18_x00640_y23680.png,0.3974,1.07,70.47,9.72,82.32
ch2_ohr_ncp_20240406T0647198831_d_img_d18_x00640_y23680.png,0.3745,34.45,57.99,38.55,63.22
ch2_ohr_ncp_20240406T0647198831_d_img_d18_x00640_y23680.png,0.3734,59.85,267.99,64.51,273.75
ch2_ohr_ncp_20240406T0647198831_d_img_d18_x00640_y23680.png,0.3453,564.0,603.41,570.3,608.54
ch2_ohr_ncp_20240406T0647198831_d_img_d18_x00640_y23680.png,0.3392,566.0,603.08,572.0,607.97
ch2_ohr_ncp_20240406T0647198831_d_img_d18_x00640_y23680.png,0.3333,43.61,66.52,48.08,72.61
ch2_ohr_ncp_20240406T0647198831_d_img_d18_x00640_y23680.png,0.3323,8.1,0.04,13.26,4.32
ch2_ohr_ncp_20240406T0647198831_d_img_d18_x00640_y23680.png,0.323,585.16,620.0,588.79,626.22
ch2_ohr_ncp_20240406T0647198831_d_img_d18_x00640_y23680.png,0.3082,594.87,626.45,598.78,631.23
ch2_ohr_ncp_20240406T0647198831_d_img_d18_x00640_y23680.png,0.3029,549.94,595.39,556.0,601.61
ch2_ohr_ncp_20240406T0647198831_d_img_d18_x00640_y23680.png,0.2891,153.46,31.58,159.74,38.77
ch2_ohr_ncp_20240406T0647198831_d_img_d18_x00640_y23680.png,0.2639,44.0,8.74,50.83,16.84
ch2_ohr_ncp_20240406T0647198831_d_img_d18_x00640_y23680.png,0.2531,107.95,169.91,113.46,174.84
ch2_ohr_ncp_20240406T0647198831_d_img_d18_x00640_y23680.png,0.251,45.55,8.15,52.0,16.91
ch2_ohr_ncp_20240406T0647198831_d_img_d18_x00640_y23680.png,0.2472,232.76,67.83,238.13,72.97
ch2_ohr_ncp_20240406T0647198831_d_img_d18_x00640_y23680.png,0.2444,21.89,23.67,26.32,28.58
ch2_ohr_ncp_20240406T0647198831_d_img_d18_x00640_y23680.png,0.2342,46.13,184.55,52.0,189.4
ch2_ohr_ncp_20240406T0647198831_d_img_d18_x00640_y23680.png,0.2299,76.0,270.14,81.8,276.01
ch2_ohr_ncp_20240406T0647198831_d_img_d18_x00640_y23680.png,0.2233,48.23,46.38,52.11,52.0
ch2_ohr_ncp_20240406T0647198831_d_img_d18_x00640_y23680.png,0.2076,115.33,2.56,120.39,7.8
ch2_ohr_ncp_20240406T0647198831_d_img_d18_x00640_y24320.png,0.2717,544.12,609.94,548.14,614.67
ch2_ohr_ncp_20240406T0647198831_d_img_d18_x00640_y24320.png,0.2354,603.97,56.06,608.15,60.23
ch2_ohr_ncp_20240406T0647198831_d_img_d18_x00640_y24320.png,0.2302,600.47,630.02,605.57,636.0
ch2_ohr_ncp_20240406T0647198831_d_img_d18_x00640_y24960.png,0.2308,630.74,238.69,636.08,244.45
ch2_ohr_ncp_20240406T0647198831_d_img_d18_x00640_y25600.png,0.6606,561.61,198.96,565.22,204.01
ch2_ohr_ncp_20240406T0647198831_d_img_d18_x00640_y25600.png,0.4131,571.48,188.0,576.91,195.08
ch2_ohr_ncp_20240406T0647198831_d_img_d18_x00640_y25600.png,0.3656,571.85,189.1,577.21,196.01
ch2_ohr_ncp_20240406T0647198831_d_img_d18_x00640_y25600.png,0.2041,567.94,163.82,573.18,170.52
ch2_ohr_ncp_20240406T0647198831_d_img_d18_x00640_y26240.png,0.3949,107.95,299.94,114.05,305.98
ch2_ohr_ncp_20240406T0647198831_d_img_d18_x00640_y26240.png,0.2515,22.21,323.68,29.89,330.18
ch2_ohr_ncp_20240406T0647198831_d_img_d18_x00640_y26240.png,0.2244,0.8,280.07,5.74,286.82
ch2_ohr_ncp_20240406T0647198831_d_img_d18_x00640_y26880.png,0.413,94.93,64.97,111.78,91.6
ch2_ohr_ncp_20240406T0647198831_d_img_d18_x00640_y26880.png,0.2619,33.23,445.77,43.5,457.21
ch2_ohr_ncp_20240406T0647198831_d_img_d18_x00640_y26880.png,0.2371,199.56,2.33,204.85,13.6
ch2_ohr_ncp_20240406T0647198831_d_img_d18_x00640_y58880.png,0.2572,634.97,559.35,639.34,566.47
ch2_ohr_ncp_20240406T0647198831_d_img_d18_x00640_y59520.png,0.3238,632.02,11.81,638.62,25.13
ch2_ohr_ncp_20240406T0647198831_d_img_d18_x00640_y59520.png,0.2862,489.46,620.68,493.51,628.03
ch2_ohr_ncp_20240406T0647198831_d_img_d18_x00640_y59520.png,0.2015,570.61,600.6,575.04,605.02
ch2_ohr_ncp_20240406T0647198831_d_img_d18_x00640_y60800.png,0.2333,114.07,635.87,119.82,639.77
ch2_ohr_ncp_20240406T0647198831_d_img_d18_x00640_y61440.png,0.2305,511.39,606.28,516.95,614.02
ch2_ohr_ncp_20240406T0647198831_d_img_d18_x00640_y71040.png,0.3095,589.44,303.03,611.4,337.67
ch2_ohr_ncp_20240406T0647198831_d_img_d18_x00640_y71040.png,0.2184,589.58,312.65,609.82,336.73
ch2_ohr_ncp_20240406T0647198831_d_img_d18_x00640_y71680.png,0.327,615.95,615.99,623.9,624.67
ch2_ohr_ncp_20240406T0647198831_d_img_d18_x00640_y71680.png,0.3229,622.22,635.33,628.03,639.56
ch2_ohr_ncp_20240406T0647198831_d_img_d18_x00640_y71680.png,0.233,555.04,631.89,559.64,636.54
ch2_ohr_ncp_20240406T0647198831_d_img_d18_x00640_y72960.png,0.2869,38.95,19.95,45.47,26.82
ch2_ohr_ncp_20240406T0647198831_d_img_d18_x00640_y74880.png,0.5966,510.34,599.73,516.0,607.87
ch2_ohr_ncp_20240406T0647198831_d_img_d18_x00640_y74880.png,0.4814,510.26,607.65,516.09,616.82
ch2_ohr_ncp_20240406T0647198831_d_img_d18_x00640_y74880.png,0.388,592.66,608.44,598.38,614.36
ch2_ohr_ncp_20240406T0647198831_d_img_d18_x00640_y74880.png,0.3503,538.51,634.68,543.04,639.41
ch2_ohr_ncp_20240406T0647198831_d_img_d18_x00640_y74880.png,0.3322,588.88,615.41,596.96,625.3
ch2_ohr_ncp_20240406T0647198831_d_img_d18_x00640_y74880.png,0.2629,471.64,555.99,477.2,564.9
ch2_ohr_ncp_20240406T0647198831_d_img_d18_x00640_y74880.png,0.254,585.79,631.01,590.17,636.02
ch2_ohr_ncp_20240406T0647198831_d_img_d18_x00640_y74880.png,0.2097,507.97,599.78,514.37,610.66
ch2_ohr_ncp_20240406T0647198831_d_img_d18_x00640_y77440.png,0.422,66.56,629.8,70.74,636.0
ch2_ohr_ncp_20240406T0647198831_d_img_d18_x00640_y77440.png,0.2938,82.82,635.56,87.96,639.64
ch2_ohr_ncp_20240406T0647198831_d_img_d18_x00640_y77440.png,0.2166,0.92,622.46,7.21,629.69
ch2_ohr_ncp_20240406T0647198831_d_img_d18_x00640_y83840.png,0.4515,559.42,47.46,564.99,54.3
ch2_ohr_ncp_20240406T0647198831_d_img_d18_x00640_y83840.png,0.3825,568.1,49.23,575.27,55.52
ch2_ohr_ncp_20240406T0647198831_d_img_d18_x00640_y83840.png,0.3237,611.14,356.87,616.29,361.7
ch2_ohr_ncp_20240406T0647198831_d_img_d18_x00640_y83840.png,0.2375,629.96,355.5,634.55,360.03
ch2_ohr_ncp_20240406T0647198831_d_img_d18_x00640_y83840.png,0.2244,631.25,316.0,636.02,321.83
ch2_ohr_ncp_20240406T0647198831_d_img_d18_x00640_y83840.png,0.2179,211.28,613.02,217.2,620.59
ch2_ohr_ncp_20240406T0647198831_d_img_d18_x00640_y83840.png,0.2063,213.17,608.44,220.0,617.27
ch2_ohr_ncp_20240406T0647198831_d_img_d18_x00640_y83840.png,0.2001,615.07,338.38,620.0,342.73
ch2_ohr_ncp_20240406T0647198831_d_img_d18_x00640_y85760.png,0.3754,626.18,14.23,630.65,20.0
ch2_ohr_ncp_20240406T0647198831_d_img_d18_x00640_y85760.png,0.2885,26.18,52.8,31.95,60.57
ch2_ohr_ncp_20240406T0647198831_d_img_d18_x00640_y85760.png,0.2524,625.98,584.47,630.35,589.72
ch2_ohr_ncp_20240406T0647198831_d_img_d18_x00640_y85760.png,0.2327,633.79,65.81,639.65,73.42
ch2_ohr_ncp_20240406T0647198831_d_img_d18_x00640_y87680.png,0.2505,368.3,335.63,395.76,372.61
ch2_ohr_ncp_20240406T0647198831_d_img_d18_x00640_y89600.png,0.2482,318.85,620.0,324.29,627.56
ch2_ohr_ncp_20240406T0647198831_d_img_d18_x00640_y89600.png,0.2403,319.78,622.16,324.26,628.02
ch2_ohr_ncp_20240406T0647198831_d_img_d18_x00640_y89600.png,0.202,306.19,342.71,310.66,348.94
ch2_ohr_ncp_20240406T0647198831_d_img_d18_x00640_y92160.png,0.4067,110.81,589.48,116.03,598.89
ch2_ohr_ncp_20240406T0647198831_d_img_d18_x00640_y92160.png,0.3104,107.99,597.52,113.58,604.04
ch2_ohr_ncp_20240406T0647198831_d_img_d18_x00640_y92160.png,0.2552,111.75,617.81,116.04,623.87
ch2_ohr_ncp_20240406T0647198831_d_img_d18_x00640_y92160.png,0.2332,109.39,570.18,123.05,596.19
ch2_ohr_ncp_20240406T0647198831_d_img_d18_x00640_y92160.png,0.2173,110.22,597.38,116.0,604.18
ch2_ohr_ncp_20240406T0647198831_d_img_d18_x00640_y92800.png,0.2187,595.64,140.38,610.63,175.61
ch2_ohr_ncp_20240406T0647198831_d_img_d18_x00640_y94080.png,0.2572,631.05,349.36,636.35,356.23
ch2_ohr_ncp_20240406T0647198831_d_img_d18_x00640_y94080.png,0.2519,631.18,347.97,636.14,355.28
ch2_ohr_ncp_20240406T0647198831_d_img_d18_x00640_y94080.png,0.2175,632.22,299.92,636.1,304.28
ch2_ohr_ncp_20240406T0647198831_d_img_d18_x00640_y94720.png,0.3049,610.51,616.34,614.54,620.96
ch2_ohr_ncp_20240406T0647198831_d_img_d18_x00640_y96000.png,0.203,578.74,335.04,604.12,379.84
ch2_ohr_ncp_20240406T0647198831_d_img_d18_x00640_y96640.png,0.6002,621.64,619.23,628.04,626.69
ch2_ohr_ncp_20240406T0647198831_d_img_d18_x00640_y96640.png,0.5379,616.88,39.25,621.77,45.68
ch2_ohr_ncp_20240406T0647198831_d_img_d18_x00640_y96640.png,0.3584,575.31,71.64,580.01,76.88
ch2_ohr_ncp_20240406T0647198831_d_img_d18_x00640_y96640.png,0.3117,610.39,9.24,640.0,51.27
ch2_ohr_ncp_20240406T0647198831_d_img_d18_x00640_y96640.png,0.2997,620.0,619.34,627.23,626.72
ch2_ohr_ncp_20240406T0647198831_d_img_d18_x00640_y96640.png,0.2545,609.31,592.16,614.06,600.17
ch2_ohr_ncp_20240406T0647198831_d_img_d18_x00640_y96640.png,0.2487,624.66,53.75,629.37,60.0
ch2_ohr_ncp_20240406T0647198831_d_img_d18_x00640_y96640.png,0.2164,616.43,34.77,621.34,44.29
ch2_ohr_ncp_20240406T0647198831_d_img_d18_x00640_y96640.png,0.2106,635.74,25.31,639.73,39.41
ch2_ohr_ncp_20240406T0647198831_d_img_d18_x00640_y97280.png,0.4028,247.1,126.34,261.66,155.64
ch2_ohr_ncp_20240406T0647198831_d_img_d18_x00640_y97280.png,0.2388,147.93,614.72,152.35,620.03
ch2_ohr_ncp_20240406T0647198831_d_img_d18_x00640_y97920.png,0.2065,3.81,149.54,9.15,155.24
ch2_ohr_ncp_20240406T0647198831_d_img_d18_x00640_y98560.png,0.59,101.72,178.83,106.13,184.86
ch2_ohr_ncp_20240406T0647198831_d_img_d18_x00640_y98560.png,0.4878,23.95,158.79,30.1,166.08
ch2_ohr_ncp_20240406T0647198831_d_img_d18_x00640_y98560.png,0.3757,40.85,161.13,44.97,165.76
ch2_ohr_ncp_20240406T0647198831_d_img_d18_x00640_y98560.png,0.3499,22.42,198.54,28.99,205.11
ch2_ohr_ncp_20240406T0647198831_d_img_d18_x00640_y98560.png,0.3194,3.12,174.31,11.1,181.78
ch2_ohr_ncp_20240406T0647198831_d_img_d18_x00640_y98560.png,0.278,27.79,424.47,33.13,430.37
ch2_ohr_ncp_20240406T0647198831_d_img_d18_x00640_y98560.png,0.2469,98.76,141.74,105.31,148.01
ch2_ohr_ncp_20240406T0647198831_d_img_d18_x00640_y98560.png,0.2306,16.77,319.51,20.88,324.92
ch2_ohr_ncp_20240406T0647198831_d_img_d18_x00640_y98560.png,0.2166,100.0,178.66,106.22,184.6
ch2_ohr_ncp_20240406T0647198831_d_img_d18_x00640_y98560.png,0.2093,101.74,178.49,108.0,184.36
ch2_ohr_ncp_20240406T0647198831_d_img_d18_x00640_y99200.png,0.4709,549.71,467.99,556.04,475.31
ch2_ohr_ncp_20240406T0647198831_d_img_d18_x00640_y99200.png,0.4128,624.38,352.35,628.97,358.22
ch2_ohr_ncp_20240406T0647198831_d_img_d18_x00640_y99200.png,0.4079,571.79,390.26,575.88,396.15
ch2_ohr_ncp_20240406T0647198831_d_img_d18_x00640_y99200.png,0.4078,595.92,601.3,601.59,608.8
ch2_ohr_ncp_20240406T0647198831_d_img_d18_x00640_y99200.png,0.3754,553.94,586.33,558.8,591.6
ch2_ohr_ncp_20240406T0647198831_d_img_d18_x00640_y99200.png,0.371,613.02,459.34,620.15,467.52
ch2_ohr_ncp_20240406T0647198831_d_img_d18_x00640_y99200.png,0.2572,579.97,318.46,586.42,324.23
ch2_ohr_ncp_20240406T0647198831_d_img_d18_x00640_y99200.png,0.2545,568.35,375.61,572.96,380.22
ch2_ohr_ncp_20240406T0647198831_d_img_d18_x01280_y100480.png,0.557,605.68,242.4,625.67,267.32
ch2_ohr_ncp_20240406T0647198831_d_img_d18_x01280_y100480.png,0.5343,370.47,219.98,376.95,227.82
ch2_ohr_ncp_20240406T0647198831_d_img_d18_x01280_y100480.png,0.5291,395.09,64.68,399.65,70.71
ch2_ohr_ncp_20240406T0647198831_d_img_d18_x01280_y100480.png,0.5254,347.11,109.99,354.65,118.68
ch2_ohr_ncp_20240406T0647198831_d_img_d18_x01280_y100480.png,0.4603,490.38,99.03,496.64,105.32
ch2_ohr_ncp_20240406T0647198831_d_img_d18_x01280_y100480.png,0.4341,600.68,325.5,605.13,332.45
ch2_ohr_ncp_20240406T0647198831_d_img_d18_x01280_y100480.png,0.4183,570.26,94.29,575.84,100.31
ch2_ohr_ncp_20240406T0647198831_d_img_d18_x01280_y100480.png,0.4143,467.0,12.69,472.43,20.02
ch2_ohr_ncp_20240406T0647198831_d_img_d18_x01280_y100480.png,0.3975,349.89,194.37,357.68,205.26
ch2_ohr_ncp_20240406T0647198831_d_img_d18_x01280_y100480.png,0.3901,251.72,150.16,258.58,157.23
ch2_ohr_ncp_20240406T0647198831_d_img_d18_x01280_y100480.png,0.3572,135.46,16.68,140.66,22.03
ch2_ohr_ncp_20240406T0647198831_d_img_d18_x01280_y100480.png,0.3422,259.56,0.02,278.97,11.66
ch2_ohr_ncp_20240406T0647198831_d_img_d18_x01280_y100480.png,0.3339,437.77,102.41,444.01,110.04
ch2_ohr_ncp_20240406T0647198831_d_img_d18_x01280_y100480.png,0.2961,351.02,107.97,356.31,115.29
ch2_ohr_ncp_20240406T0647198831_d_img_d18_x01280_y100480.png,0.2795,436.0,102.56,443.46,110.47
ch2_ohr_ncp_20240406T0647198831_d_img_d18_x01280_y100480.png,0.2781,310.49,0.0,318.28,8.08
ch2_ohr_ncp_20240406T0647198831_d_img_d18_x01280_y100480.png,0.2468,421.35,93.53,428.01,100.1
ch2_ohr_ncp_20240406T0647198831_d_img_d18_x01280_y100480.png,0.2386,199.02,27.96,204.02,34.47
ch2_ohr_ncp_20240406T0647198831_d_img_d18_x01280_y100480.png,0.229,320.45,107.84,325.89,114.03
ch2_ohr_ncp_20240406T0647198831_d_img_d18_x01280_y100480.png,0.2167,472.89,151.44,480.91,164.21
ch2_ohr_ncp_20240406T0647198831_d_img_d18_x01280_y100480.png,0.2066,546.48,76.91,552.76,85.26
ch2_ohr_ncp_20240406T0647198831_d_img_d18_x01280_y100480.png,0.2018,541.94,235.15,548.01,241.07
ch2_ohr_ncp_20240406T0647198831_d_img_d18_x01280_y19840.png,0.3006,283.7,590.56,287.76,596.01
ch2_ohr_ncp_20240406T0647198831_d_img_d18_x01280_y19840.png,0.2093,291.55,593.89,295.39,600.14
ch2_ohr_ncp_20240406T0647198831_d_img_d18_x01280_y21120.png,0.2186,555.98,149.73,560.42,156.01
ch2_ohr_ncp_20240406T0647198831_d_img_d18_x01280_y21760.png,0.4668,555.94,618.98,560.14,623.28
ch2_ohr_ncp_20240406T0647198831_d_img_d18_x01280_y21760.png,0.4521,523.02,547.4,527.31,552.81
ch2_ohr_ncp_20240406T0647198831_d_img_d18_x01280_y21760.png,0.3112,587.52,617.33,590.87,621.82
ch2_ohr_ncp_20240406T0647198831_d_img_d18_x01280_y21760.png,0.2679,9.49,606.67,16.31,614.06
ch2_ohr_ncp_20240406T0647198831_d_img_d18_x01280_y21760.png,0.2534,593.67,635.35,598.13,639.45
ch2_ohr_ncp_20240406T0647198831_d_img_d18_x01280_y21760.png,0.2269,595.47,624.67,600.54,629.67
ch2_ohr_ncp_20240406T0647198831_d_img_d18_x01280_y21760.png,0.2116,580.95,515.63,588.92,522.6
ch2_ohr_ncp_20240406T0647198831_d_img_d18_x01280_y22400.png,0.251,0.92,305.83,8.82,315.91
ch2_ohr_ncp_20240406T0647198831_d_img_d18_x01280_y22400.png,0.2427,27.74,270.33,31.83,276.0
ch2_ohr_ncp_20240406T0647198831_d_img_d18_x01280_y22400.png,0.2167,601.31,117.94,605.76,124.06
ch2_ohr_ncp_20240406T0647198831_d_img_d18_x01280_y22400.png,0.2014,0.0,395.92,5.35,404.36
ch2_ohr_ncp_20240406T0647198831_d_img_d18_x01280_y23040.png,0.2504,601.22,302.96,605.13,308.11
ch2_ohr_ncp_20240406T0647198831_d_img_d18_x01280_y23680.png,0.3229,485.41,590.18,501.77,617.21
ch2_ohr_ncp_20240406T0647198831_d_img_d18_x01280_y23680.png,0.2129,154.19,309.15,198.71,358.75
ch2_ohr_ncp_20240406T0647198831_d_img_d18_x01280_y24320.png,0.2137,160.23,109.45,181.27,140.04
ch2_ohr_ncp_20240406T0647198831_d_img_d18_x01280_y24960.png,0.3991,10.28,514.02,13.54,518.2
ch2_ohr_ncp_20240406T0647198831_d_img_d18_x01280_y24960.png,0.3977,7.62,430.75,12.77,440.43
ch2_ohr_ncp_20240406T0647198831_d_img_d18_x01280_y24960.png,0.2791,6.68,432.45,11.43,441.96
ch2_ohr_ncp_20240406T0647198831_d_img_d18_x01280_y24960.png,0.2174,19.24,619.19,23.99,626.04
ch2_ohr_ncp_20240406T0647198831_d_img_d18_x01280_y60160.png,0.2279,1.04,554.59,6.03,561.68
ch2_ohr_ncp_20240406T0647198831_d_img_d18_x01280_y71680.png,0.3475,544.42,602.02,548.71,606.55
ch2_ohr_ncp_20240406T0647198831_d_img_d18_x01280_y71680.png,0.3401,631.25,559.41,639.36,566.74
ch2_ohr_ncp_20240406T0647198831_d_img_d18_x01280_y71680.png,0.2623,563.85,595.93,569.2,602.08
ch2_ohr_ncp_20240406T0647198831_d_img_d18_x01280_y74880.png,0.333,40.23,10.15,56.51,31.11
ch2_ohr_ncp_20240406T0647198831_d_img_d18_x01280_y74880.png,0.3234,0.04,14.01,5.29,22.56
ch2_ohr_ncp_20240406T0647198831_d_img_d18_x01280_y74880.png,0.2657,22.64,7.45,30.42,18.05
ch2_ohr_ncp_20240406T0647198831_d_img_d18_x01280_y74880.png,0.265,24.95,0.07,30.52,6.02
ch2_ohr_ncp_20240406T0647198831_d_img_d18_x01280_y74880.png,0.2372,31.23,43.73,36.0,48.01
ch2_ohr_ncp_20240406T0647198831_d_img_d18_x01280_y74880.png,0.2201,392.73,283.83,398.27,291.86
ch2_ohr_ncp_20240406T0647198831_d_img_d18_x01280_y75520.png,0.2845,592.01,514.69,597.54,522.73
ch2_ohr_ncp_20240406T0647198831_d_img_d18_x01280_y76160.png,0.2643,529.08,595.41,534.55,602.45
ch2_ohr_ncp_20240406T0647198831_d_img_d18_x01280_y83840.png,0.4273,599.83,631.45,604.57,638.48
ch2_ohr_ncp_20240406T0647198831_d_img_d18_x01280_y83840.png,0.3922,584.2,629.94,589.44,636.45
ch2_ohr_ncp_20240406T0647198831_d_img_d18_x01280_y85120.png,0.2883,599.46,611.47,604.43,616.63
ch2_ohr_ncp_20240406T0647198831_d_img_d18_x01280_y85120.png,0.2407,630.95,629.6,636.5,636.29
ch2_ohr_ncp_20240406T0647198831_d_img_d18_x01280_y85760.png,0.2535,183.04,601.06,188.76,608.27
ch2_ohr_ncp_20240406T0647198831_d_img_d18_x01280_y85760.png,0.2137,119.94,615.52,125.06,622.69
ch2_ohr_ncp_20240406T0647198831_d_img_d18_x01280_y88320.png,0.2746,8.0,36.54,13.64,42.62
ch2_ohr_ncp_20240406T0647198831_d_img_d18_x01280_y88320.png,0.2588,58.44,27.82,62.49,32.09
ch2_ohr_ncp_20240406T0647198831_d_img_d18_x01280_y88960.png,0.2736,635.29,608.7,639.01,613.28
ch2_ohr_ncp_20240406T0647198831_d_img_d18_x01280_y90240.png,0.2715,587.75,75.98,593.25,81.93
ch2_ohr_ncp_20240406T0647198831_d_img_d18_x01280_y90240.png,0.2212,3.48,595.3,9.59,604.14
ch2_ohr_ncp_20240406T0647198831_d_img_d18_x01280_y90880.png,0.3172,601.17,63.13,607.71,69.28
ch2_ohr_ncp_20240406T0647198831_d_img_d18_x01280_y90880.png,0.3142,478.73,338.37,484.08,343.53
ch2_ohr_ncp_20240406T0647198831_d_img_d18_x01280_y90880.png,0.2677,618.68,311.22,640.0,356.16
ch2_ohr_ncp_20240406T0647198831_d_img_d18_x01280_y90880.png,0.2196,631.83,524.0,636.06,530.0
ch2_ohr_ncp_20240406T0647198831_d_img_d18_x01280_y92160.png,0.207,458.51,606.15,462.64,612.03
ch2_ohr_ncp_20240406T0647198831_d_img_d18_x01280_y95360.png,0.3433,504.97,591.89,511.67,597.73
ch2_ohr_ncp_20240406T0647198831_d_img_d18_x01280_y95360.png,0.2816,469.37,629.59,477.26,638.26
ch2_ohr_ncp_20240406T0647198831_d_img_d18_x01280_y95360.png,0.2752,633.63,526.96,638.75,532.92
ch2_ohr_ncp_20240406T0647198831_d_img_d18_x01280_y95360.png,0.2745,478.53,611.99,484.0,617.24
ch2_ohr_ncp_20240406T0647198831_d_img_d18_x01280_y95360.png,0.269,495.8,618.54,500.09,623.36
ch2_ohr_ncp_20240406T0647198831_d_img_d18_x01280_y95360.png,0.2685,490.29,609.21,494.89,613.85
ch2_ohr_ncp_20240406T0647198831_d_img_d18_x01280_y95360.png,0.2339,554.29,592.66,560.55,600.05
ch2_ohr_ncp_20240406T0647198831_d_img_d18_x01280_y96000.png,0.3009,597.55,585.65,604.0,592.61
ch2_ohr_ncp_20240406T0647198831_d_img_d18_x01280_y96640.png,0.4075,155.57,395.99,160.01,401.16
ch2_ohr_ncp_20240406T0647198831_d_img_d18_x01280_y96640.png,0.3925,318.5,602.01,324.5,608.39
ch2_ohr_ncp_20240406T0647198831_d_img_d18_x01280_y96640.png,0.2075,166.08,33.25,172.0,38.81
ch2_ohr_ncp_20240406T0647198831_d_img_d18_x01280_y96640.png,0.2017,223.74,378.59,229.48,386.06
ch2_ohr_ncp_20240406T0647198831_d_img_d18_x01280_y97280.png,0.2541,567.05,385.24,572.11,390.18
ch2_ohr_ncp_20240406T0647198831_d_img_d18_x01280_y99200.png,0.494,67.46,32.8,75.29,41.48
ch2_ohr_ncp_20240406T0647198831_d_img_d18_x01280_y99200.png,0.4547,20.72,147.58,25.46,153.72
ch2_ohr_ncp_20240406T0647198831_d_img_d18_x01280_y99200.png,0.4126,148.16,82.61,153.93,89.83
ch2_ohr_ncp_20240406T0647198831_d_img_d18_x01280_y99200.png,0.2933,174.11,603.04,180.01,609.14
ch2_ohr_ncp_20240406T0647198831_d_img_d18_x01280_y99200.png,0.2665,198.06,71.67,203.01,79.69
ch2_ohr_ncp_20240406T0647198831_d_img_d18_x01280_y99200.png,0.2631,230.8,558.2,236.01,564.04
ch2_ohr_ncp_20240406T0647198831_d_img_d18_x01280_y99200.png,0.2597,544.22,27.44,549.61,34.57
ch2_ohr_ncp_20240406T0647198831_d_img_d18_x01280_y99200.png,0.2304,11.36,10.36,17.27,17.67
ch2_ohr_ncp_20240406T0647198831_d_img_d18_x01280_y99200.png,0.2181,197.81,71.23,204.01,80.96
ch2_ohr_ncp_20240406T0647198831_d_img_d18_x01280_y99200.png,0.2036,579.84,39.32,584.41,45.13
ch2_ohr_ncp_20240406T0647198831_d_img_d18_x01280_y99840.png,0.7002,85.66,318.81,92.06,324.24
ch2_ohr_ncp_20240406T0647198831_d_img_d18_x01280_y99840.png,0.6056,200.46,540.0,204.73,544.6
ch2_ohr_ncp_20240406T0647198831_d_img_d18_x01280_y99840.png,0.5966,435.06,604.0,439.71,610.3
ch2_ohr_ncp_20240406T0647198831_d_img_d18_x01280_y99840.png,0.5813,376.2,238.63,383.58,244.93
ch2_ohr_ncp_20240406T0647198831_d_img_d18_x01280_y99840.png,0.5642,267.39,543.15,272.95,549.49
ch2_ohr_ncp_20240406T0647198831_d_img_d18_x01280_y99840.png,0.5581,367.32,477.87,372.89,485.63
ch2_ohr_ncp_20240406T0647198831_d_img_d18_x01280_y99840.png,0.544,243.9,608.83,249.45,615.04
ch2_ohr_ncp_20240406T0647198831_d_img_d18_x01280_y99840.png,0.5199,147.95,261.44,152.77,266.56
ch2_ohr_ncp_20240406T0647198831_d_img_d18_x01280_y99840.png,0.5084,205.65,286.88,212.08,293.48
ch2_ohr_ncp_20240406T0647198831_d_img_d18_x01280_y99840.png,0.508,402.13,630.89,407.22,636.03
ch2_ohr_ncp_20240406T0647198831_d_img_d18_x01280_y99840.png,0.4928,151.35,202.07,156.16,207.06
ch2_ohr_ncp_20240406T0647198831_d_img_d18_x01280_y99840.png,0.4826,202.36,293.98,213.08,308.64
ch2_ohr_ncp_20240406T0647198831_d_img_d18_x01280_y99840.png,0.4581,167.93,312.64,174.34,319.53
ch2_ohr_ncp_20240406T0647198831_d_img_d18_x01280_y99840.png,0.4486,99.85,618.4,106.78,625.6
ch2_ohr_ncp_20240406T0647198831_d_img_d18_x01280_y99840.png,0.442,244.83,370.42,250.32,376.72
ch2_ohr_ncp_20240406T0647198831_d_img_d18_x01280_y99840.png,0.4387,195.93,224.32,200.49,228.5
ch2_ohr_ncp_20240406T0647198831_d_img_d18_x01280_y99840.png,0.417,190.56,390.35,200.36,410.9
ch2_ohr_ncp_20240406T0647198831_d_img_d18_x01280_y99840.png,0.4095,369.92,223.41,376.08,228.23
ch2_ohr_ncp_20240406T0647198831_d_img_d18_x01280_y99840.png,0.4092,118.72,560.67,125.14,568.2
ch2_ohr_ncp_20240406T0647198831_d_img_d18_x01280_y99840.png,0.4074,435.25,624.59,439.56,629.14
ch2_ohr_ncp_20240406T0647198831_d_img_d18_x01280_y99840.png,0.4059,81.38,519.91,87.1,526.74
ch2_ohr_ncp_20240406T0647198831_d_img_d18_x01280_y99840.png,0.3894,160.05,222.56,164.63,228.07
ch2_ohr_ncp_20240406T0647198831_d_img_d18_x01280_y99840.png,0.3871,59.06,541.76,64.68,548.46
ch2_ohr_ncp_20240406T0647198831_d_img_d18_x01280_y99840.png,0.3871,209.26,267.92,213.95,272.57
ch2_ohr_ncp_20240406T0647198831_d_img_d18_x01280_y99840.png,0.386,176.45,202.0,181.76,208.47
ch2_ohr_ncp_20240406T0647198831_d_img_d18_x01280_y99840.png,0.3502,216.83,414.34,222.39,420.18
ch2_ohr_ncp_20240406T0647198831_d_img_d18_x01280_y99840.png,0.3471,414.34,501.21,420.01,509.08
ch2_ohr_ncp_20240406T0647198831_d_img_d18_x01280_y99840.png,0.3414,75.75,261.78,80.94,268.01
ch2_ohr_ncp_20240406T0647198831_d_img_d18_x01280_y99840.png,0.3368,346.51,261.19,353.7,270.0
ch2_ohr_ncp_20240406T0647198831_d_img_d18_x01280_y99840.png,0.3345,367.77,408.54,373.08,413.29
ch2_ohr_ncp_20240406T0647198831_d_img_d18_x01280_y99840.png,0.3332,350.68,177.16,356.01,181.45
ch2_ohr_ncp_20240406T0647198831_d_img_d18_x01280_y99840.png,0.3123,171.94,352.45,176.95,357.55
ch2_ohr_ncp_20240406T0647198831_d_img_d18_x01280_y99840.png,0.3099,183.69,239.8,188.19,244.2
ch2_ohr_ncp_20240406T0647198831_d_img_d18_x01280_y99840.png,0.3064,170.57,239.76,175.52,245.2
ch2_ohr_ncp_20240406T0647198831_d_img_d18_x01280_y99840.png,0.3046,84.0,318.56,91.51,324.22
ch2_ohr_ncp_20240406T0647198831_d_img_d18_x01280_y99840.png,0.3012,354.99,263.48,360.75,269.94
ch2_ohr_ncp_20240406T0647198831_d_img_d18_x01280_y99840.png,0.3001,176.22,503.36,182.19,510.46
ch2_ohr_ncp_20240406T0647198831_d_img_d18_x01280_y99840.png,0.2976,197.12,268.0,204.01,274.42
ch2_ohr_ncp_20240406T0647198831_d_img_d18_x01280_y99840.png,0.2928,369.29,627.91,375.16,634.81
ch2_ohr_ncp_20240406T0647198831_d_img_d18_x01280_y99840.png,0.286,319.0,155.71,328.45,166.16
ch2_ohr_ncp_20240406T0647198831_d_img_d18_x01280_y99840.png,0.2852,214.1,569.75,220.0,574.01
ch2_ohr_ncp_20240406T0647198831_d_img_d18_x01280_y99840.png,0.2805,160.11,219.99,164.56,227.38
ch2_ohr_ncp_20240406T0647198831_d_img_d18_x01280_y99840.png,0.2764,142.1,531.53,148.0,538.99
ch2_ohr_ncp_20240406T0647198831_d_img_d18_x01280_y99840.png,0.272,311.26,318.96,316.17,324.8
ch2_ohr_ncp_20240406T0647198831_d_img_d18_x01280_y99840.png,0.2719,195.99,268.0,202.29,274.55
ch2_ohr_ncp_20240406T0647198831_d_img_d18_x01280_y99840.png,0.2697,184.95,299.21,190.15,305.04
ch2_ohr_ncp_20240406T0647198831_d_img_d18_x01280_y99840.png,0.269,44.0,459.83,49.99,465.38
ch2_ohr_ncp_20240406T0647198831_d_img_d18_x01280_y99840.png,0.2585,371.89,230.29,377.18,236.03
ch2_ohr_ncp_20240406T0647198831_d_img_d18_x01280_y99840.png,0.258,179.31,580.0,182.78,585.97
ch2_ohr_ncp_20240406T0647198831_d_img_d18_x01280_y99840.png,0.2457,260.82,621.8,275.99,639.55
ch2_ohr_ncp_20240406T0647198831_d_img_d18_x01280_y99840.png,0.2437,378.51,584.19,382.88,589.21
ch2_ohr_ncp_20240406T0647198831_d_img_d18_x01280_y99840.png,0.2416,51.91,479.65,56.55,484.7
ch2_ohr_ncp_20240406T0647198831_d_img_d18_x01280_y99840.png,0.2402,394.54,573.89,399.72,580.0
ch2_ohr_ncp_20240406T0647198831_d_img_d18_x01280_y99840.png,0.2395,237.65,627.96,247.35,638.19
ch2_ohr_ncp_20240406T0647198831_d_img_d18_x01280_y99840.png,0.2363,432.99,491.98,438.01,498.96
ch2_ohr_ncp_20240406T0647198831_d_img_d18_x01280_y99840.png,0.2331,375.87,383.91,381.66,390.68
ch2_ohr_ncp_20240406T0647198831_d_img_d18_x01280_y99840.png,0.2311,270.04,298.08,276.02,303.1
ch2_ohr_ncp_20240406T0647198831_d_img_d18_x01280_y99840.png,0.2285,362.27,191.35,366.45,196.05
ch2_ohr_ncp_20240406T0647198831_d_img_d18_x01280_y99840.png,0.2232,188.4,389.16,201.49,412.9
ch2_ohr_ncp_20240406T0647198831_d_img_d18_x01280_y99840.png,0.223,187.61,246.4,191.59,252.0
ch2_ohr_ncp_20240406T0647198831_d_img_d18_x01280_y99840.png,0.2221,358.3,251.92,364.02,258.41
ch2_ohr_ncp_20240406T0647198831_d_img_d18_x01280_y99840.png,0.2195,435.42,605.03,439.72,612.0
ch2_ohr_ncp_20240406T0647198831_d_img_d18_x01280_y99840.png,0.2157,97.52,511.36,102.78,516.79
ch2_ohr_ncp_20240406T0647198831_d_img_d18_x01280_y99840.png,0.2144,189.46,296.98,200.4,308.68
ch2_ohr_ncp_20240406T0647198831_d_img_d18_x01280_y99840.png,0.2133,195.99,269.46,202.21,276.0
ch2_ohr_ncp_20240406T0647198831_d_img_d18_x01280_y99840.png,0.2072,179.21,581.66,182.83,588.0
ch2_ohr_ncp_20240406T0647198831_d_img_d18_x01280_y99840.png,0.2062,155.95,627.82,161.68,633.69
ch2_ohr_ncp_20240406T0647198831_d_img_d18_x01280_y99840.png,0.2013,211.08,423.68,228.54,451.1
ch2_ohr_ncp_20240406T0647198831_d_img_d18_x01280_y99840.png,0.2003,127.59,238.86,132.52,245.59
ch2_ohr_ncp_20240406T0647198831_d_img_d18_x01920_y100480.png,0.5422,596.0,25.68,603.23,32.7
ch2_ohr_ncp_20240406T0647198831_d_img_d18_x01920_y100480.png,0.4789,608.63,347.43,623.75,361.44
ch2_ohr_ncp_20240406T0647198831_d_img_d18_x01920_y100480.png,0.4391,599.27,187.09,605.14,194.7
ch2_ohr_ncp_20240406T0647198831_d_img_d18_x01920_y100480.png,0.4148,631.17,19.98,636.06,25.99
ch2_ohr_ncp_20240406T0647198831_d_img_d18_x01920_y100480.png,0.3973,585.21,140.0,589.66,146.38
ch2_ohr_ncp_20240406T0647198831_d_img_d18_x01920_y100480.png,0.3952,423.89,153.48,430.47,161.02
ch2_ohr_ncp_20240406T0647198831_d_img_d18_x01920_y100480.png,0.3704,510.33,152.98,516.0,159.44
ch2_ohr_ncp_20240406T0647198831_d_img_d18_x01920_y100480.png,0.3126,418.33,158.54,428.74,168.96
ch2_ohr_ncp_20240406T0647198831_d_img_d18_x01920_y100480.png,0.3066,570.12,267.95,575.35,274.14
ch2_ohr_ncp_20240406T0647198831_d_img_d18_x01920_y100480.png,0.3058,102.45,30.53,118.55,50.52
ch2_ohr_ncp_20240406T0647198831_d_img_d18_x01920_y100480.png,0.2958,492.0,158.95,498.26,165.26
ch2_ohr_ncp_20240406T0647198831_d_img_d18_x01920_y100480.png,0.2924,395.29,299.15,401.5,307.48
ch2_ohr_ncp_20240406T0647198831_d_img_d18_x01920_y100480.png,0.2794,483.97,150.84,490.37,157.86
ch2_ohr_ncp_20240406T0647198831_d_img_d18_x01920_y100480.png,0.2524,43.52,205.82,50.14,213.4
ch2_ohr_ncp_20240406T0647198831_d_img_d18_x01920_y100480.png,0.2515,494.25,159.21,500.0,164.95
ch2_ohr_ncp_20240406T0647198831_d_img_d18_x01920_y100480.png,0.2514,595.79,2.54,608.34,17.85
ch2_ohr_ncp_20240406T0647198831_d_img_d18_x01920_y100480.png,0.2496,485.23,150.52,492.0,158.02
ch2_ohr_ncp_20240406T0647198831_d_img_d18_x01920_y100480.png,0.245,583.74,29.42,588.26,36.0
ch2_ohr_ncp_20240406T0647198831_d_img_d18_x01920_y100480.png,0.2422,595.86,7.24,607.35,20.01
ch2_ohr_ncp_20240406T0647198831_d_img_d18_x01920_y100480.png,0.2383,127.12,270.52,132.0,276.0
ch2_ohr_ncp_20240406T0647198831_d_img_d18_x01920_y100480.png,0.2265,611.03,363.19,615.61,367.3
ch2_ohr_ncp_20240406T0647198831_d_img_d18_x01920_y100480.png,0.2238,617.23,4.42,623.22,12.21
ch2_ohr_ncp_20240406T0647198831_d_img_d18_x01920_y100480.png,0.218,581.68,150.28,585.99,154.63
ch2_ohr_ncp_20240406T0647198831_d_img_d18_x01920_y100480.png,0.2139,20.36,343.9,25.3,349.41
ch2_ohr_ncp_20240406T0647198831_d_img_d18_x01920_y100480.png,0.2128,570.15,268.53,575.21,276.0
ch2_ohr_ncp_20240406T0647198831_d_img_d18_x01920_y100480.png,0.2074,64.84,279.93,69.52,285.65
ch2_ohr_ncp_20240406T0647198831_d_img_d18_x01920_y100480.png,0.2073,427.16,287.34,432.48,294.47
ch2_ohr_ncp_20240406T0647198831_d_img_d18_x01920_y100480.png,0.2068,37.97,354.3,42.43,360.05
ch2_ohr_ncp_20240406T0647198831_d_img_d18_x01920_y100480.png,0.2058,61.39,258.54,68.92,266.36
ch2_ohr_ncp_20240406T0647198831_d_img_d18_x01920_y100480.png,0.2025,579.99,491.89,586.24,498.96
ch2_ohr_ncp_20240406T0647198831_d_img_d18_x01920_y100480.png,0.2024,551.36,298.79,559.17,314.89
ch2_ohr_ncp_20240406T0647198831_d_img_d18_x01920_y100480.png,0.2001,379.6,41.38,396.73,65.36
ch2_ohr_ncp_20240406T0647198831_d_img_d18_x01920_y21760.png,0.4284,347.94,440.3,354.53,447.9
ch2_ohr_ncp_20240406T0647198831_d_img_d18_x01920_y21760.png,0.4164,204.95,473.5,212.0,480.68
ch2_ohr_ncp_20240406T0647198831_d_img_d18_x01920_y21760.png,0.3818,150.81,615.48,156.02,621.1
ch2_ohr_ncp_20240406T0647198831_d_img_d18_x01920_y21760.png,0.334,330.64,423.71,337.3,431.64
ch2_ohr_ncp_20240406T0647198831_d_img_d18_x01920_y21760.png,0.2658,272.49,603.98,277.1,609.54
ch2_ohr_ncp_20240406T0647198831_d_img_d18_x01920_y22400.png,0.292,87.83,631.82,92.72,637.13
ch2_ohr_ncp_20240406T0647198831_d_img_d18_x01920_y22400.png,0.225,536.21,622.02,540.93,628.0
ch2_ohr_ncp_20240406T0647198831_d_img_d18_x01920_y22400.png,0.2043,91.99,606.34,97.61,612.06
ch2_ohr_ncp_20240406T0647198831_d_img_d18_x01920_y23040.png,0.2172,386.13,629.71,390.98,636.0
ch2_ohr_ncp_20240406T0647198831_d_img_d18_x01920_y23680.png,0.2211,544.59,167.06,550.15,173.81
ch2_ohr_ncp_20240406T0647198831_d_img_d18_x01920_y62720.png,0.412,562.32,624.74,566.19,628.95
ch2_ohr_ncp_20240406T0647198831_d_img_d18_x01920_y63360.png,0.2046,10.02,633.22,15.04,638.94
ch2_ohr_ncp_20240406T0647198831_d_img_d18_x01920_y69760.png,0.46,584.49,629.22,590.29,638.49
ch2_ohr_ncp_20240406T0647198831_d_img_d18_x01920_y69760.png,0.3692,576.75,598.59,580.86,604.88
ch2_ohr_ncp_20240406T0647198831_d_img_d18_x01920_y69760.png,0.2891,603.51,628.84,609.07,636.01
ch2_ohr_ncp_20240406T0647198831_d_img_d18_x01920_y69760.png,0.282,131.97,603.99,136.4,608.66
ch2_ohr_ncp_20240406T0647198831_d_img_d18_x01920_y69760.png,0.2443,569.37,611.94,573.67,617.91
ch2_ohr_ncp_20240406T0647198831_d_img_d18_x01920_y69760.png,0.2226,616.91,608.3,622.42,613.24
ch2_ohr_ncp_20240406T0647198831_d_img_d18_x01920_y69760.png,0.2121,147.32,635.4,152.55,639.47
ch2_ohr_ncp_20240406T0647198831_d_img_d18_x01920_y70400.png,0.3887,261.75,606.52,268.0,612.47
ch2_ohr_ncp_20240406T0647198831_d_img_d18_x01920_y70400.png,0.2641,246.81,602.4,252.0,606.8
ch2_ohr_ncp_20240406T0647198831_d_img_d18_x01920_y70400.png,0.2633,632.78,285.76,637.93,292.1
ch2_ohr_ncp_20240406T0647198831_d_img_d18_x01920_y72320.png,0.3045,41.79,99.24,45.75,104.35
ch2_ohr_ncp_20240406T0647198831_d_img_d18_x01920_y72320.png,0.2412,50.24,195.73,56.17,204.04
ch2_ohr_ncp_20240406T0647198831_d_img_d18_x01920_y87680.png,0.5963,331.77,46.47,339.14,56.52
ch2_ohr_ncp_20240406T0647198831_d_img_d18_x01920_y87680.png,0.58,271.79,19.7,276.49,25.47
ch2_ohr_ncp_20240406T0647198831_d_img_d18_x01920_y87680.png,0.3294,182.47,615.35,188.0,621.98
ch2_ohr_ncp_20240406T0647198831_d_img_d18_x01920_y87680.png,0.3223,9.64,635.39,14.38,639.31
ch2_ohr_ncp_20240406T0647198831_d_img_d18_x01920_y87680.png,0.3217,278.67,9.2,284.1,15.53
ch2_ohr_ncp_20240406T0647198831_d_img_d18_x01920_y87680.png,0.2602,309.03,33.22,313.68,40.02
ch2_ohr_ncp_20240406T0647198831_d_img_d18_x01920_y87680.png,0.2433,490.95,350.62,495.91,357.09
ch2_ohr_ncp_20240406T0647198831_d_img_d18_x01920_y87680.png,0.2396,308.0,33.04,313.58,38.87
ch2_ohr_ncp_20240406T0647198831_d_img_d18_x01920_y88320.png,0.2581,147.77,616.78,152.37,621.75
ch2_ohr_ncp_20240406T0647198831_d_img_d18_x01920_y89600.png,0.3525,31.18,398.9,36.02,404.06
ch2_ohr_ncp_20240406T0647198831_d_img_d18_x01920_y89600.png,0.3338,99.01,367.93,104.18,373.93
ch2_ohr_ncp_20240406T0647198831_d_img_d18_x01920_y89600.png,0.2017,109.93,0.28,132.54,25.48
ch2_ohr_ncp_20240406T0647198831_d_img_d18_x01920_y90240.png,0.2663,534.44,611.03,540.03,620.32
ch2_ohr_ncp_20240406T0647198831_d_img_d18_x01920_y94080.png,0.2465,633.84,51.82,637.55,56.43
ch2_ohr_ncp_20240406T0647198831_d_img_d18_x01920_y96000.png,0.2126,631.75,578.48,638.74,586.02
ch2_ohr_ncp_20240406T0647198831_d_img_d18_x01920_y96640.png,0.379,403.74,614.54,408.53,620.01
ch2_ohr_ncp_20240406T0647198831_d_img_d18_x01920_y96640.png,0.3485,267.82,621.35,275.28,629.76
ch2_ohr_ncp_20240406T0647198831_d_img_d18_x01920_y96640.png,0.3464,594.72,23.98,600.37,30.23
ch2_ohr_ncp_20240406T0647198831_d_img_d18_x01920_y96640.png,0.2787,242.21,616.56,246.77,622.22
ch2_ohr_ncp_20240406T0647198831_d_img_d18_x01920_y96640.png,0.2715,267.96,619.74,276.33,629.39
ch2_ohr_ncp_20240406T0647198831_d_img_d18_x01920_y96640.png,0.2141,603.98,7.46,609.63,13.45
ch2_ohr_ncp_20240406T0647198831_d_img_d18_x01920_y96640.png,0.2068,538.74,581.08,544.24,588.01
ch2_ohr_ncp_20240406T0647198831_d_img_d18_x01920_y97280.png,0.4743,72.04,631.1,80.08,638.8
ch2_ohr_ncp_20240406T0647198831_d_img_d18_x01920_y97280.png,0.4468,40.33,622.75,49.48,633.14
ch2_ohr_ncp_20240406T0647198831_d_img_d18_x01920_y97280.png,0.4038,48.08,367.91,53.47,373.23
ch2_ohr_ncp_20240406T0647198831_d_img_d18_x01920_y97280.png,0.4035,11.85,286.85,16.32,292.3
ch2_ohr_ncp_20240406T0647198831_d_img_d18_x01920_y97280.png,0.3233,291.92,560.58,296.9,566.13
ch2_ohr_ncp_20240406T0647198831_d_img_d18_x01920_y97280.png,0.3193,149.85,609.12,156.0,614.82
ch2_ohr_ncp_20240406T0647198831_d_img_d18_x01920_y97280.png,0.2892,149.87,608.89,154.55,616.01
ch2_ohr_ncp_20240406T0647198831_d_img_d18_x01920_y97280.png,0.2864,283.99,543.54,290.28,551.42
ch2_ohr_ncp_20240406T0647198831_d_img_d18_x01920_y97280.png,0.2599,299.71,590.49,305.26,596.54
ch2_ohr_ncp_20240406T0647198831_d_img_d18_x01920_y97280.png,0.2557,227.27,98.2,231.54,103.11
ch2_ohr_ncp_20240406T0647198831_d_img_d18_x01920_y97280.png,0.2307,281.94,257.57,285.82,262.1
ch2_ohr_ncp_20240406T0647198831_d_img_d18_x01920_y97280.png,0.2148,23.89,518.52,27.89,522.51
ch2_ohr_ncp_20240406T0647198831_d_img_d18_x01920_y97920.png,0.3638,598.41,31.79,604.0,36.99
ch2_ohr_ncp_20240406T0647198831_d_img_d18_x01920_y97920.png,0.3344,578.27,4.8,583.36,13.69
ch2_ohr_ncp_20240406T0647198831_d_img_d18_x01920_y97920.png,0.2116,603.95,10.73,608.35,15.27
ch2_ohr_ncp_20240406T0647198831_d_img_d18_x01920_y98560.png,0.3693,49.85,267.99,54.42,273.55
ch2_ohr_ncp_20240406T0647198831_d_img_d18_x01920_y98560.png,0.2778,43.86,281.05,49.09,286.98
ch2_ohr_ncp_20240406T0647198831_d_img_d18_x01920_y98560.png,0.2252,535.91,280.19,540.95,286.13
ch2_ohr_ncp_20240406T0647198831_d_img_d18_x01920_y98560.png,0.2229,287.42,635.51,292.28,639.71
ch2_ohr_ncp_20240406T0647198831_d_img_d18_x01920_y98560.png,0.2119,596.0,288.37,602.66,294.61
ch2_ohr_ncp_20240406T0647198831_d_img_d18_x01920_y98560.png,0.209,260.42,631.54,267.32,639.19
ch2_ohr_ncp_20240406T0647198831_d_img_d18_x01920_y99200.png,0.7059,603.01,337.49,606.76,342.81
ch2_ohr_ncp_20240406T0647198831_d_img_d18_x01920_y99200.png,0.5588,559.27,330.81,564.42,337.19
ch2_ohr_ncp_20240406T0647198831_d_img_d18_x01920_y99200.png,0.5418,271.87,13.52,276.34,20.03
ch2_ohr_ncp_20240406T0647198831_d_img_d18_x01920_y99200.png,0.495,572.0,329.34,578.84,337.09
ch2_ohr_ncp_20240406T0647198831_d_img_d18_x01920_y99200.png,0.456,531.77,172.7,537.58,180.13
ch2_ohr_ncp_20240406T0647198831_d_img_d18_x01920_y99200.png,0.4442,573.71,329.32,580.0,336.93
ch2_ohr_ncp_20240406T0647198831_d_img_d18_x01920_y99200.png,0.4143,523.0,172.0,527.32,178.29
ch2_ohr_ncp_20240406T0647198831_d_img_d18_x01920_y99200.png,0.4019,597.01,181.17,606.98,191.95
ch2_ohr_ncp_20240406T0647198831_d_img_d18_x01920_y99200.png,0.3965,635.86,23.65,640.0,31.49
ch2_ohr_ncp_20240406T0647198831_d_img_d18_x01920_y99200.png,0.39,617.5,250.91,622.05,256.32
ch2_ohr_ncp_20240406T0647198831_d_img_d18_x01920_y99200.png,0.3873,208.69,298.08,213.63,304.42
ch2_ohr_ncp_20240406T0647198831_d_img_d18_x01920_y99200.png,0.3848,591.07,181.21,606.22,194.26
ch2_ohr_ncp_20240406T0647198831_d_img_d18_x01920_y99200.png,0.3187,582.22,195.83,593.91,215.17
ch2_ohr_ncp_20240406T0647198831_d_img_d18_x01920_y99200.png,0.3052,587.28,275.32,591.5,280.42
ch2_ohr_ncp_20240406T0647198831_d_img_d18_x01920_y99200.png,0.2965,96.67,275.98,101.14,281.56
ch2_ohr_ncp_20240406T0647198831_d_img_d18_x01920_y99200.png,0.2455,606.42,118.65,613.24,124.47
ch2_ohr_ncp_20240406T0647198831_d_img_d18_x01920_y99200.png,0.2446,583.61,195.65,592.87,210.91
ch2_ohr_ncp_20240406T0647198831_d_img_d18_x01920_y99200.png,0.2439,455.86,55.97,461.75,63.02
ch2_ohr_ncp_20240406T0647198831_d_img_d18_x01920_y99200.png,0.2404,394.11,380.0,397.9,386.32
ch2_ohr_ncp_20240406T0647198831_d_img_d18_x01920_y99200.png,0.2381,515.23,252.32,521.81,260.26
ch2_ohr_ncp_20240406T0647198831_d_img_d18_x01920_y99200.png,0.227,256.64,362.58,261.71,367.89
ch2_ohr_ncp_20240406T0647198831_d_img_d18_x01920_y99200.png,0.22,467.83,29.36,473.66,36.0
ch2_ohr_ncp_20240406T0647198831_d_img_d18_x01920_y99200.png,0.2156,484.0,11.97,491.51,21.36
ch2_ohr_ncp_20240406T0647198831_d_img_d18_x01920_y99200.png,0.2139,323.35,67.68,327.28,72.28
ch2_ohr_ncp_20240406T0647198831_d_img_d18_x01920_y99200.png,0.209,522.72,173.58,527.09,180.0
ch2_ohr_ncp_20240406T0647198831_d_img_d18_x01920_y99200.png,0.2048,291.97,50.53,297.68,55.59
ch2_ohr_ncp_20240406T0647198831_d_img_d18_x01920_y99840.png,0.4225,599.43,555.92,604.04,561.46
ch2_ohr_ncp_20240406T0647198831_d_img_d18_x01920_y99840.png,0.3497,584.32,3.09,604.53,28.75
ch2_ohr_ncp_20240406T0647198831_d_img_d18_x01920_y99840.png,0.2032,575.17,238.02,580.02,244.0
ch2_ohr_ncp_20240406T0647198831_d_img_d18_x02560_y100480.png,0.7232,275.43,266.68,280.93,274.26
ch2_ohr_ncp_20240406T0647198831_d_img_d18_x02560_y100480.png,0.5681,289.05,232.57,302.9,248.28
ch2_ohr_ncp_20240406T0647198831_d_img_d18_x02560_y100480.png,0.5532,370.09,320.28,374.45,326.13
ch2_ohr_ncp_20240406T0647198831_d_img_d18_x02560_y100480.png,0.5138,247.26,319.89,254.3,330.92
ch2_ohr_ncp_20240406T0647198831_d_img_d18_x02560_y100480.png,0.511,600.58,457.11,606.46,463.63
ch2_ohr_ncp_20240406T0647198831_d_img_d18_x02560_y100480.png,0.4641,547.72,306.15,553.76,314.47
ch2_ohr_ncp_20240406T0647198831_d_img_d18_x02560_y100480.png,0.4345,563.97,320.33,568.98,325.42
ch2_ohr_ncp_20240406T0647198831_d_img_d18_x02560_y100480.png,0.4301,465.92,323.59,476.52,335.38
ch2_ohr_ncp_20240406T0647198831_d_img_d18_x02560_y100480.png,0.4286,275.01,266.46,281.44,276.0
ch2_ohr_ncp_20240406T0647198831_d_img_d18_x02560_y100480.png,0.4119,169.81,255.74,176.21,266.5
ch2_ohr_ncp_20240406T0647198831_d_img_d18_x02560_y100480.png,0.3978,417.12,217.89,422.21,223.23
ch2_ohr_ncp_20240406T0647198831_d_img_d18_x02560_y100480.png,0.3951,254.5,305.4,260.0,312.09
ch2_ohr_ncp_20240406T0647198831_d_img_d18_x02560_y100480.png,0.3882,625.18,22.77,630.6,31.45
ch2_ohr_ncp_20240406T0647198831_d_img_d18_x02560_y100480.png,0.3341,412.0,202.71,417.8,207.63
ch2_ohr_ncp_20240406T0647198831_d_img_d18_x02560_y100480.png,0.334,160.08,275.34,164.7,281.17
ch2_ohr_ncp_20240406T0647198831_d_img_d18_x02560_y100480.png,0.3296,171.62,260.1,177.34,268.03
ch2_ohr_ncp_20240406T0647198831_d_img_d18_x02560_y100480.png,0.3293,227.98,329.74,233.59,338.32
ch2_ohr_ncp_20240406T0647198831_d_img_d18_x02560_y100480.png,0.3173,337.56,279.58,343.0,289.51
ch2_ohr_ncp_20240406T0647198831_d_img_d18_x02560_y100480.png,0.3132,276.0,314.85,284.58,325.03
ch2_ohr_ncp_20240406T0647198831_d_img_d18_x02560_y100480.png,0.2991,337.98,279.79,343.67,292.0
ch2_ohr_ncp_20240406T0647198831_d_img_d18_x02560_y100480.png,0.2946,334.41,351.18,340.0,356.27
ch2_ohr_ncp_20240406T0647198831_d_img_d18_x02560_y100480.png,0.2829,635.65,328.2,639.61,333.67
ch2_ohr_ncp_20240406T0647198831_d_img_d18_x02560_y100480.png,0.2474,288.06,355.28,292.6,360.6
ch2_ohr_ncp_20240406T0647198831_d_img_d18_x02560_y100480.png,0.242,433.86,379.98,443.0,389.8
ch2_ohr_ncp_20240406T0647198831_d_img_d18_x02560_y100480.png,0.2248,499.65,218.76,506.4,228.71
ch2_ohr_ncp_20240406T0647198831_d_img_d18_x02560_y100480.png,0.2245,155.24,299.33,160.44,303.9
ch2_ohr_ncp_20240406T0647198831_d_img_d18_x02560_y100480.png,0.2182,417.51,142.67,425.16,150.23
ch2_ohr_ncp_20240406T0647198831_d_img_d18_x02560_y100480.png,0.204,422.85,405.81,430.34,416.8
ch2_ohr_ncp_20240406T0647198831_d_img_d18_x02560_y100480.png,0.2035,396.3,12.06,420.88,53.56
ch2_ohr_ncp_20240406T0647198831_d_img_d18_x02560_y70400.png,0.2929,627.93,23.83,632.0,28.84
ch2_ohr_ncp_20240406T0647198831_d_img_d18_x02560_y71040.png,0.4151,393.77,294.04,399.18,300.0
ch2_ohr_ncp_20240406T0647198831_d_img_d18_x02560_y71040.png,0.2295,393.33,292.0,399.19,299.48
ch2_ohr_ncp_20240406T0647198831_d_img_d18_x02560_y71680.png,0.2614,439.95,593.56,444.05,598.3
ch2_ohr_ncp_20240406T0647198831_d_img_d18_x02560_y71680.png,0.2205,251.47,633.36,255.29,637.67
ch2_ohr_ncp_20240406T0647198831_d_img_d18_x02560_y72960.png,0.2676,0.03,291.41,4.26,303.17
ch2_ohr_ncp_20240406T0647198831_d_img_d18_x02560_y73600.png,0.2545,22.9,19.95,27.43,26.69
ch2_ohr_ncp_20240406T0647198831_d_img_d18_x02560_y88320.png,0.3376,233.83,315.69,239.66,322.07
ch2_ohr_ncp_20240406T0647198831_d_img_d18_x02560_y88960.png,0.2372,595.96,209.6,599.35,213.14
ch2_ohr_ncp_20240406T0647198831_d_img_d18_x02560_y88960.png,0.236,602.47,0.75,606.27,5.43
ch2_ohr_ncp_20240406T0647198831_d_img_d18_x02560_y90880.png,0.2183,571.84,630.61,576.29,636.54
ch2_ohr_ncp_20240406T0647198831_d_img_d18_x02560_y92160.png,0.2269,143.98,23.97,148.91,29.78
ch2_ohr_ncp_20240406T0647198831_d_img_d18_x02560_y92800.png,0.244,107.98,615.92,113.36,621.75
ch2_ohr_ncp_20240406T0647198831_d_img_d18_x02560_y92800.png,0.2139,187.47,332.0,192.51,338.81
ch2_ohr_ncp_20240406T0647198831_d_img_d18_x02560_y95360.png,0.315,560.33,109.91,564.78,116.0
ch2_ohr_ncp_20240406T0647198831_d_img_d18_x02560_y98560.png,0.3503,6.11,621.14,12.0,628.28
ch2_ohr_ncp_20240406T0647198831_d_img_d18_x02560_y98560.png,0.2568,74.13,623.45,80.15,629.07
ch2_ohr_ncp_20240406T0647198831_d_img_d18_x02560_y98560.png,0.2298,4.0,621.63,10.71,628.63
ch2_ohr_ncp_20240406T0647198831_d_img_d18_x02560_y98560.png,0.2134,625.4,81.76,629.46,86.13
ch2_ohr_ncp_20240406T0647198831_d_img_d18_x02560_y98560.png,0.2037,5.79,618.36,12.09,628.6
ch2_ohr_ncp_20240406T0647198831_d_img_d18_x02560_y99200.png,0.4402,577.45,455.58,583.34,462.67
ch2_ohr_ncp_20240406T0647198831_d_img_d18_x02560_y99200.png,0.4277,619.83,446.1,627.42,452.67
ch2_ohr_ncp_20240406T0647198831_d_img_d18_x02560_y99200.png,0.3284,611.85,411.54,618.42,417.87
ch2_ohr_ncp_20240406T0647198831_d_img_d18_x02560_y99200.png,0.303,592.54,302.88,599.75,310.24
ch2_ohr_ncp_20240406T0647198831_d_img_d18_x02560_y99200.png,0.2953,568.14,308.0,572.29,312.39
ch2_ohr_ncp_20240406T0647198831_d_img_d18_x02560_y99200.png,0.2544,592.83,491.44,596.88,495.68
ch2_ohr_ncp_20240406T0647198831_d_img_d18_x02560_y99200.png,0.2532,563.71,462.52,569.13,468.0
ch2_ohr_ncp_20240406T0647198831_d_img_d18_x02560_y99200.png,0.2441,30.47,472.07,36.0,479.01
ch2_ohr_ncp_20240406T0647198831_d_img_d18_x02560_y99200.png,0.2153,34.45,348.14,40.7,356.28
ch2_ohr_ncp_20240406T0647198831_d_img_d18_x02560_y99200.png,0.2103,574.31,518.84,580.0,524.0
ch2_ohr_ncp_20240406T0647198831_d_img_d18_x02560_y99200.png,0.2015,507.84,315.93,512.21,320.18
ch2_ohr_ncp_20240406T0647198831_d_img_d18_x03200_y100480.png,0.6011,59.71,176.38,65.52,182.98
ch2_ohr_ncp_20240406T0647198831_d_img_d18_x03200_y100480.png,0.468,134.73,339.47,140.01,344.06
ch2_ohr_ncp_20240406T0647198831_d_img_d18_x03200_y100480.png,0.4365,203.35,329.53,207.89,335.41
ch2_ohr_ncp_20240406T0647198831_d_img_d18_x03200_y100480.png,0.3118,346.34,38.73,357.14,55.87
ch2_ohr_ncp_20240406T0647198831_d_img_d18_x03200_y100480.png,0.2845,191.17,251.99,200.28,264.14
ch2_ohr_ncp_20240406T0647198831_d_img_d18_x03200_y100480.png,0.2546,191.68,295.77,196.28,301.49
ch2_ohr_ncp_20240406T0647198831_d_img_d18_x03200_y100480.png,0.2542,346.34,12.0,350.97,17.97
ch2_ohr_ncp_20240406T0647198831_d_img_d18_x03200_y100480.png,0.2378,131.54,315.27,143.38,324.88
ch2_ohr_ncp_20240406T0647198831_d_img_d18_x03200_y100480.png,0.2354,477.48,321.06,484.0,327.03
ch2_ohr_ncp_20240406T0647198831_d_img_d18_x03200_y100480.png,0.2301,602.93,301.18,609.55,309.62
ch2_ohr_ncp_20240406T0647198831_d_img_d18_x03200_y100480.png,0.2289,476.0,321.03,482.13,327.57
ch2_ohr_ncp_20240406T0647198831_d_img_d18_x03200_y100480.png,0.2176,203.95,247.99,211.11,256.02
ch2_ohr_ncp_20240406T0647198831_d_img_d18_x03200_y69120.png,0.2065,8.0,2.16,12.22,6.34
ch2_ohr_ncp_20240406T0647198831_d_img_d18_x03200_y71680.png,0.2227,19.11,98.92,22.3,102.68
ch2_ohr_ncp_20240406T0647198831_d_img_d18_x03200_y71680.png,0.2109,8.55,88.84,12.99,94.33
ch2_ohr_ncp_20240406T0647198831_d_img_d18_x03200_y71680.png,0.2095,28.0,98.19,33.03,104.88
ch2_ohr_ncp_20240406T0647198831_d_img_d18_x03200_y88320.png,0.214,0.0,552.98,4.01,559.01
ch2_ohr_ncp_20240406T0647198831_d_img_d18_x03200_y91520.png,0.2634,450.94,0.25,479.16,26.24
ch2_ohr_ncp_20240406T0647198831_d_img_d18_x03200_y95360.png,0.2967,614.86,379.92,620.8,385.55
ch2_ohr_ncp_20240406T0647198831_d_img_d18_x03200_y98560.png,0.3601,568.05,619.95,573.75,626.28
ch2_ohr_ncp_20240406T0647198831_d_img_d18_x03200_y98560.png,0.2356,584.61,611.95,588.48,615.76
ch2_ohr_ncp_20240406T0647198831_d_img_d18_x03200_y99200.png,0.229,93.26,293.35,117.47,328.31
ch2_ohr_ncp_20240406T0647198831_d_img_d18_x03200_y99840.png,0.2284,506.24,367.66,510.53,374.08
ch2_ohr_ncp_20240406T0647198831_d_img_d18_x03200_y99840.png,0.2116,559.98,372.72,566.76,380.49
ch2_ohr_ncp_20240406T0647198831_d_img_d18_x03840_y100480.png,0.5867,371.99,439.61,376.65,444.45
ch2_ohr_ncp_20240406T0647198831_d_img_d18_x03840_y100480.png,0.4784,372.75,439.71,377.27,444.74
ch2_ohr_ncp_20240406T0647198831_d_img_d18_x03840_y100480.png,0.43,619.41,9.16,624.75,14.68
ch2_ohr_ncp_20240406T0647198831_d_img_d18_x03840_y100480.png,0.3774,471.11,135.88,499.9,175.88
ch2_ohr_ncp_20240406T0647198831_d_img_d18_x03840_y100480.png,0.3351,603.6,401.34,609.62,407.28
ch2_ohr_ncp_20240406T0647198831_d_img_d18_x03840_y100480.png,0.315,595.19,195.82,599.96,201.32
ch2_ohr_ncp_20240406T0647198831_d_img_d18_x03840_y100480.png,0.3016,513.31,290.89,523.99,303.79
ch2_ohr_ncp_20240406T0647198831_d_img_d18_x03840_y100480.png,0.2966,596.31,147.91,601.34,154.27
ch2_ohr_ncp_20240406T0647198831_d_img_d18_x03840_y100480.png,0.2724,514.4,200.53,518.58,205.09
ch2_ohr_ncp_20240406T0647198831_d_img_d18_x03840_y100480.png,0.2702,203.75,297.63,208.33,302.89
ch2_ohr_ncp_20240406T0647198831_d_img_d18_x03840_y100480.png,0.2671,523.35,528.8,527.63,534.61
ch2_ohr_ncp_20240406T0647198831_d_img_d18_x03840_y100480.png,0.2626,527.7,507.35,532.25,512.0
ch2_ohr_ncp_20240406T0647198831_d_img_d18_x03840_y100480.png,0.244,402.92,191.06,407.3,197.2
ch2_ohr_ncp_20240406T0647198831_d_img_d18_x03840_y100480.png,0.2422,293.95,468.37,322.92,507.54
ch2_ohr_ncp_20240406T0647198831_d_img_d18_x03840_y100480.png,0.2138,533.39,227.53,538.08,233.67
ch2_ohr_ncp_20240406T0647198831_d_img_d18_x03840_y100480.png,0.208,507.99,69.91,514.93,76.09
ch2_ohr_ncp_20240406T0647198831_d_img_d18_x03840_y100480.png,0.2064,620.0,1.1,625.35,6.45
ch2_ohr_ncp_20240406T0647198831_d_img_d18_x03840_y67840.png,0.4023,626.4,633.91,630.86,638.49
ch2_ohr_ncp_20240406T0647198831_d_img_d18_x03840_y67840.png,0.2037,280.8,621.43,286.19,628.0
ch2_ohr_ncp_20240406T0647198831_d_img_d18_x03840_y88960.png,0.2385,629.13,585.48,636.0,591.94
ch2_ohr_ncp_20240406T0647198831_d_img_d18_x03840_y88960.png,0.2208,578.66,378.77,588.12,388.53
ch2_ohr_ncp_20240406T0647198831_d_img_d18_x03840_y90240.png,0.262,3.96,618.68,8.7,623.32
ch2_ohr_ncp_20240406T0647198831_d_img_d18_x03840_y91520.png,0.3142,410.68,616.17,414.98,621.57
ch2_ohr_ncp_20240406T0647198831_d_img_d18_x03840_y91520.png,0.285,559.54,330.24,564.01,334.28
ch2_ohr_ncp_20240406T0647198831_d_img_d18_x03840_y91520.png,0.2822,536.92,361.59,541.31,366.82
ch2_ohr_ncp_20240406T0647198831_d_img_d18_x03840_y91520.png,0.2291,631.29,280.21,636.73,287.08
ch2_ohr_ncp_20240406T0647198831_d_img_d18_x03840_y92160.png,0.2085,16.89,502.54,20.59,508.0
ch2_ohr_ncp_20240406T0647198831_d_img_d18_x03840_y94720.png,0.308,0.29,0.0,41.66,55.59
ch2_ohr_ncp_20240406T0647198831_d_img_d18_x03840_y97920.png,0.344,55.69,617.35,60.28,624.07
ch2_ohr_ncp_20240406T0647198831_d_img_d18_x03840_y97920.png,0.2864,6.84,376.75,12.17,382.35
ch2_ohr_ncp_20240406T0647198831_d_img_d18_x03840_y97920.png,0.2639,584.56,565.31,595.57,576.08
ch2_ohr_ncp_20240406T0647198831_d_img_d18_x03840_y99200.png,0.3962,416.42,53.82,427.56,64.02
ch2_ohr_ncp_20240406T0647198831_d_img_d18_x03840_y99200.png,0.3297,274.72,46.06,280.02,52.04
ch2_ohr_ncp_20240406T0647198831_d_img_d18_x03840_y99200.png,0.26,283.41,12.96,294.67,20.18
ch2_ohr_ncp_20240406T0647198831_d_img_d18_x03840_y99200.png,0.255,318.4,140.96,324.16,148.0
ch2_ohr_ncp_20240406T0647198831_d_img_d18_x03840_y99200.png,0.2456,243.8,0.0,249.0,4.23
ch2_ohr_ncp_20240406T0647198831_d_img_d18_x03840_y99200.png,0.2416,248.56,27.1,253.62,32.9
ch2_ohr_ncp_20240406T0647198831_d_img_d18_x03840_y99200.png,0.2415,87.42,632.41,92.11,638.06
ch2_ohr_ncp_20240406T0647198831_d_img_d18_x03840_y99200.png,0.2307,257.97,10.14,263.94,16.71
ch2_ohr_ncp_20240406T0647198831_d_img_d18_x03840_y99200.png,0.228,235.98,193.11,241.35,198.58
ch2_ohr_ncp_20240406T0647198831_d_img_d18_x03840_y99200.png,0.2215,267.93,162.41,274.68,168.67
ch2_ohr_ncp_20240406T0647198831_d_img_d18_x03840_y99200.png,0.22,216.52,222.32,221.22,228.03
ch2_ohr_ncp_20240406T0647198831_d_img_d18_x03840_y99200.png,0.2077,590.84,615.08,604.65,630.75
ch2_ohr_ncp_20240406T0647198831_d_img_d18_x03840_y99200.png,0.2074,221.85,99.94,228.02,105.7
ch2_ohr_ncp_20240406T0647198831_d_img_d18_x03840_y99200.png,0.2014,503.36,587.19,508.98,596.09
ch2_ohr_ncp_20240406T0647198831_d_img_d18_x03840_y99200.png,0.2004,563.94,633.37,570.41,639.6
ch2_ohr_ncp_20240406T0647198831_d_img_d18_x04480_y100480.png,0.5481,485.15,18.88,489.91,24.98
ch2_ohr_ncp_20240406T0647198831_d_img_d18_x04480_y100480.png,0.467,463.49,267.73,470.12,274.02
ch2_ohr_ncp_20240406T0647198831_d_img_d18_x04480_y100480.png,0.4601,603.83,138.34,608.16,143.06
ch2_ohr_ncp_20240406T0647198831_d_img_d18_x04480_y100480.png,0.3408,475.25,183.46,479.19,188.09
ch2_ohr_ncp_20240406T0647198831_d_img_d18_x04480_y100480.png,0.285,623.11,67.17,628.01,71.12
ch2_ohr_ncp_20240406T0647198831_d_img_d18_x04480_y100480.png,0.2717,596.56,244.59,601.64,250.45
ch2_ohr_ncp_20240406T0647198831_d_img_d18_x04480_y100480.png,0.2712,4.86,409.87,14.62,420.28
ch2_ohr_ncp_20240406T0647198831_d_img_d18_x04480_y100480.png,0.2532,485.75,19.16,492.0,24.3
ch2_ohr_ncp_20240406T0647198831_d_img_d18_x04480_y100480.png,0.252,603.35,60.39,610.39,69.42
ch2_ohr_ncp_20240406T0647198831_d_img_d18_x04480_y100480.png,0.2307,567.58,17.95,574.12,27.02
ch2_ohr_ncp_20240406T0647198831_d_img_d18_x04480_y69120.png,0.2067,0.0,265.83,6.35,277.2
ch2_ohr_ncp_20240406T0647198831_d_img_d18_x04480_y93440.png,0.283,630.84,93.9,637.14,100.13
ch2_ohr_ncp_20240406T0647198831_d_img_d18_x04480_y93440.png,0.2816,630.97,22.26,636.09,28.0
ch2_ohr_ncp_20240406T0647198831_d_img_d18_x04480_y93440.png,0.2299,561.3,0.0,565.76,4.0
ch2_ohr_ncp_20240406T0647198831_d_img_d18_x04480_y93440.png,0.2005,633.1,77.27,638.92,84.0
ch2_ohr_ncp_20240406T0647198831_d_img_d18_x04480_y94080.png,0.2363,151.63,571.94,156.74,578.44
ch2_ohr_ncp_20240406T0647198831_d_img_d18_x04480_y94080.png,0.2069,238.34,605.22,244.0,612.17
ch2_ohr_ncp_20240406T0647198831_d_img_d18_x05120_y100480.png,0.2791,281.5,89.0,286.61,96.73
ch2_ohr_ncp_20240406T0647198831_d_img_d18_x05120_y100480.png,0.2623,539.85,48.11,546.96,58.33
ch2_ohr_ncp_20240406T0647198831_d_img_d18_x05120_y100480.png,0.2617,622.1,219.61,628.0,224.3
ch2_ohr_ncp_20240406T0647198831_d_img_d18_x05120_y100480.png,0.2072,439.64,282.24,444.02,286.87
ch2_ohr_ncp_20240406T0647198831_d_img_d18_x05120_y100480.png,0.2033,307.68,103.0,313.26,109.27
ch2_ohr_ncp_20240406T0647198831_d_img_d18_x05120_y69120.png,0.2368,324.0,632.75,329.12,637.31
ch2_ohr_ncp_20240406T0647198831_d_img_d18_x05120_y88320.png,0.2493,607.35,3.72,612.92,13.07
ch2_ohr_ncp_20240406T0647198831_d_img_d18_x05120_y90240.png,0.2196,257.34,614.21,263.38,620.0
ch2_ohr_ncp_20240406T0647198831_d_img_d18_x05120_y90880.png,0.2561,621.97,587.93,628.0,592.26
ch2_ohr_ncp_20240406T0647198831_d_img_d18_x05120_y93440.png,0.2916,566.12,0.68,572.0,5.19
ch2_ohr_ncp_20240406T0647198831_d_img_d18_x05120_y97920.png,0.2665,591.27,394.51,624.17,436.86
ch2_ohr_ncp_20240406T0647198831_d_img_d18_x05120_y99200.png,0.2886,554.28,475.99,558.69,481.08
ch2_ohr_ncp_20240406T0647198831_d_img_d18_x05120_y99200.png,0.2175,298.25,635.85,312.34,639.87
ch2_ohr_ncp_20240406T0647198831_d_img_d18_x05760_y100480.png,0.5384,117.13,217.76,124.0,225.9
ch2_ohr_ncp_20240406T0647198831_d_img_d18_x05760_y100480.png,0.4718,155.49,199.33,160.45,204.96
ch2_ohr_ncp_20240406T0647198831_d_img_d18_x05760_y100480.png,0.4509,330.64,65.32,336.68,72.56
ch2_ohr_ncp_20240406T0647198831_d_img_d18_x05760_y100480.png,0.4128,57.97,98.09,64.73,104.86
ch2_ohr_ncp_20240406T0647198831_d_img_d18_x05760_y100480.png,0.3802,116.0,217.68,122.86,225.6
ch2_ohr_ncp_20240406T0647198831_d_img_d18_x05760_y100480.png,0.374,102.54,285.89,110.61,296.99
ch2_ohr_ncp_20240406T0647198831_d_img_d18_x05760_y100480.png,0.371,313.22,39.09,322.05,49.15
ch2_ohr_ncp_20240406T0647198831_d_img_d18_x05760_y100480.png,0.3238,55.18,104.59,61.08,111.1
ch2_ohr_ncp_20240406T0647198831_d_img_d18_x05760_y100480.png,0.3184,7.63,139.99,13.59,146.58
ch2_ohr_ncp_20240406T0647198831_d_img_d18_x05760_y100480.png,0.2816,600.55,0.0,629.74,35.98
ch2_ohr_ncp_20240406T0647198831_d_img_d18_x05760_y100480.png,0.2801,234.92,272.8,241.81,279.46
ch2_ohr_ncp_20240406T0647198831_d_img_d18_x05760_y100480.png,0.2757,45.53,327.81,52.2,335.05
ch2_ohr_ncp_20240406T0647198831_d_img_d18_x05760_y100480.png,0.275,35.08,33.15,39.53,40.57
ch2_ohr_ncp_20240406T0647198831_d_img_d18_x05760_y100480.png,0.2448,117.6,216.0,122.81,225.58
ch2_ohr_ncp_20240406T0647198831_d_img_d18_x05760_y100480.png,0.2393,114.71,286.93,121.61,292.73
ch2_ohr_ncp_20240406T0647198831_d_img_d18_x05760_y100480.png,0.2363,64.69,45.48,73.81,54.71
ch2_ohr_ncp_20240406T0647198831_d_img_d18_x05760_y100480.png,0.229,311.04,79.65,321.24,89.01
ch2_ohr_ncp_20240406T0647198831_d_img_d18_x05760_y100480.png,0.2197,25.4,343.22,30.79,348.89
ch2_ohr_ncp_20240406T0647198831_d_img_d18_x05760_y100480.png,0.212,168.64,11.87,174.62,17.87
ch2_ohr_ncp_20240406T0647198831_d_img_d18_x05760_y100480.png,0.2022,323.15,185.47,356.44,218.99
ch2_ohr_ncp_20240406T0647198831_d_img_d18_x05760_y90240.png,0.2146,71.99,621.23,77.42,628.0
ch2_ohr_ncp_20240406T0647198831_d_img_d18_x05760_y92800.png,0.278,599.12,590.83,604.03,598.48
ch2_ohr_ncp_20240406T0647198831_d_img_d18_x05760_y94720.png,0.2004,43.7,605.74,48.56,612.18
ch2_ohr_ncp_20240406T0647198831_d_img_d18_x05760_y97280.png,0.4289,595.08,49.67,598.69,53.87
ch2_ohr_ncp_20240406T0647198831_d_img_d18_x05760_y97280.png,0.2055,629.81,38.7,635.04,43.68
ch2_ohr_ncp_20240406T0647198831_d_img_d18_x05760_y99200.png,0.4799,0.7,280.86,8.0,290.92
ch2_ohr_ncp_20240406T0647198831_d_img_d18_x05760_y99200.png,0.3019,17.88,295.84,23.27,300.77
ch2_ohr_ncp_20240406T0647198831_d_img_d18_x05760_y99200.png,0.2726,34.78,299.97,41.26,307.37
ch2_ohr_ncp_20240406T0647198831_d_img_d18_x05760_y99200.png,0.2266,25.16,237.35,30.34,244.01
ch2_ohr_ncp_20240406T0647198831_d_img_d18_x05760_y99200.png,0.2169,6.12,229.98,17.38,242.06
ch2_ohr_ncp_20240406T0647198831_d_img_d18_x06400_y100480.png,0.4375,27.7,328.74,32.74,334.86
ch2_ohr_ncp_20240406T0647198831_d_img_d18_x06400_y100480.png,0.3793,526.97,291.47,532.73,298.23
ch2_ohr_ncp_20240406T0647198831_d_img_d18_x06400_y100480.png,0.3332,115.78,347.61,120.37,353.0
ch2_ohr_ncp_20240406T0647198831_d_img_d18_x06400_y100480.png,0.3167,64.5,246.29,69.73,252.91
ch2_ohr_ncp_20240406T0647198831_d_img_d18_x06400_y100480.png,0.3066,17.64,243.89,23.44,249.3
ch2_ohr_ncp_20240406T0647198831_d_img_d18_x06400_y100480.png,0.2522,35.29,247.79,41.5,254.13
ch2_ohr_ncp_20240406T0647198831_d_img_d18_x06400_y100480.png,0.2448,95.27,262.06,100.24,268.0
ch2_ohr_ncp_20240406T0647198831_d_img_d18_x06400_y100480.png,0.2419,0.0,549.2,51.57,608.25
ch2_ohr_ncp_20240406T0647198831_d_img_d18_x06400_y100480.png,0.2329,39.89,215.79,45.67,222.26
ch2_ohr_ncp_20240406T0647198831_d_img_d18_x06400_y100480.png,0.2244,587.25,318.0,592.29,324.0
ch2_ohr_ncp_20240406T0647198831_d_img_d18_x06400_y100480.png,0.2003,509.62,296.04,516.0,301.5
ch2_ohr_ncp_20240406T0647198831_d_img_d18_x06400_y89600.png,0.2848,96.84,406.3,118.64,433.86
ch2_ohr_ncp_20240406T0647198831_d_img_d18_x06400_y90240.png,0.2214,9.0,514.99,12.44,518.89
ch2_ohr_ncp_20240406T0647198831_d_img_d18_x06400_y92800.png,0.277,25.01,635.96,30.54,639.71
ch2_ohr_ncp_20240406T0647198831_d_img_d18_x06400_y97920.png,0.2986,576.0,601.52,582.16,608.27
ch2_ohr_ncp_20240406T0647198831_d_img_d18_x06400_y97920.png,0.2581,614.2,459.9,620.8,467.6
ch2_ohr_ncp_20240406T0647198831_d_img_d18_x06400_y97920.png,0.2357,559.98,595.99,565.23,602.33
ch2_ohr_ncp_20240406T0647198831_d_img_d18_x06400_y99200.png,0.2415,630.98,8.63,637.71,15.69
ch2_ohr_ncp_20240406T0647198831_d_img_d18_x07040_y89600.png,0.3484,607.86,613.53,613.91,620.13
ch2_ohr_ncp_20240406T0647198831_d_img_d18_x07040_y89600.png,0.3255,630.04,582.25,636.4,589.68
ch2_ohr_ncp_20240406T0647198831_d_img_d18_x07040_y89600.png,0.3168,592.51,635.98,599.7,640.0
ch2_ohr_ncp_20240406T0647198831_d_img_d18_x07040_y89600.png,0.2935,546.45,612.0,552.65,620.27
ch2_ohr_ncp_20240406T0647198831_d_img_d18_x07040_y89600.png,0.266,549.49,555.81,556.07,564.51
ch2_ohr_ncp_20240406T0647198831_d_img_d18_x07040_y89600.png,0.2504,623.22,630.26,628.07,636.01
ch2_ohr_ncp_20240406T0647198831_d_img_d18_x07040_y89600.png,0.2289,545.61,569.7,550.47,575.71
ch2_ohr_ncp_20240406T0647198831_d_img_d18_x07040_y93440.png,0.3087,630.56,304.19,636.05,310.95
ch2_ohr_ncp_20240406T0647198831_d_img_d18_x07040_y95360.png,0.2995,39.82,587.98,44.8,594.42
ch2_ohr_ncp_20240406T0647198831_d_img_d18_x07040_y96640.png,0.4332,583.91,548.38,588.76,553.47
ch2_ohr_ncp_20240406T0647198831_d_img_d18_x07040_y96640.png,0.2724,438.33,601.06,445.68,608.75
ch2_ohr_ncp_20240406T0647198831_d_img_d18_x07040_y96640.png,0.2723,544.04,573.32,549.48,580.0
ch2_ohr_ncp_20240406T0647198831_d_img_d18_x07040_y96640.png,0.2382,602.6,536.43,608.71,541.92
ch2_ohr_ncp_20240406T0647198831_d_img_d18_x07040_y96640.png,0.2139,543.8,572.0,549.52,578.99
ch2_ohr_ncp_20240406T0647198831_d_img_d18_x07040_y96640.png,0.2021,466.26,572.72,475.19,581.86
ch2_ohr_ncp_20240406T0647198831_d_img_d18_x07040_y97280.png,0.2148,619.55,26.68,638.44,63.54
ch2_ohr_ncp_20240406T0647198831_d_img_d18_x07040_y97920.png,0.3072,614.31,614.47,618.49,619.16
ch2_ohr_ncp_20240406T0647198831_d_img_d18_x07040_y97920.png,0.2924,562.92,631.2,567.2,636.11
ch2_ohr_ncp_20240406T0647198831_d_img_d18_x07040_y97920.png,0.2081,583.91,560.71,588.48,565.84
ch2_ohr_ncp_20240406T0647198831_d_img_d18_x07040_y99200.png,0.3829,0.0,467.68,5.95,477.75
ch2_ohr_ncp_20240406T0647198831_d_img_d18_x07040_y99200.png,0.2342,607.92,630.73,612.94,636.99
ch2_ohr_ncp_20240406T0647198831_d_img_d18_x07680_y90880.png,0.3097,25.04,613.41,30.17,620.02
ch2_ohr_ncp_20240406T0647198831_d_img_d18_x07680_y90880.png,0.2633,27.99,633.58,33.93,639.14
ch2_ohr_ncp_20240406T0647198831_d_img_d18_x07680_y91520.png,0.6615,487.9,266.17,495.21,276.34
ch2_ohr_ncp_20240406T0647198831_d_img_d18_x07680_y91520.png,0.4877,472.9,215.64,478.14,222.51
ch2_ohr_ncp_20240406T0647198831_d_img_d18_x07680_y91520.png,0.4759,554.1,209.78,559.88,214.73
ch2_ohr_ncp_20240406T0647198831_d_img_d18_x07680_y91520.png,0.4392,527.63,210.0,532.11,214.92
ch2_ohr_ncp_20240406T0647198831_d_img_d18_x07680_y91520.png,0.435,0.0,190.6,4.02,197.81
ch2_ohr_ncp_20240406T0647198831_d_img_d18_x07680_y91520.png,0.3552,615.81,195.18,620.9,203.0
ch2_ohr_ncp_20240406T0647198831_d_img_d18_x07680_y91520.png,0.3492,604.0,339.85,610.71,346.09
ch2_ohr_ncp_20240406T0647198831_d_img_d18_x07680_y91520.png,0.3236,605.51,339.97,612.0,346.13
ch2_ohr_ncp_20240406T0647198831_d_img_d18_x07680_y91520.png,0.3083,570.44,215.5,574.97,220.01
ch2_ohr_ncp_20240406T0647198831_d_img_d18_x07680_y91520.png,0.2967,501.35,240.02,508.0,246.35
ch2_ohr_ncp_20240406T0647198831_d_img_d18_x07680_y91520.png,0.2766,615.15,195.52,620.41,204.17
ch2_ohr_ncp_20240406T0647198831_d_img_d18_x07680_y91520.png,0.2479,9.85,187.45,15.16,192.73
ch2_ohr_ncp_20240406T0647198831_d_img_d18_x07680_y91520.png,0.2412,478.41,273.04,484.0,277.75
ch2_ohr_ncp_20240406T0647198831_d_img_d18_x07680_y91520.png,0.2286,3.86,198.71,9.17,205.4
ch2_ohr_ncp_20240406T0647198831_d_img_d18_x07680_y91520.png,0.2108,500.0,240.53,506.71,246.51
ch2_ohr_ncp_20240406T0647198831_d_img_d18_x07680_y91520.png,0.2095,635.53,492.0,639.76,497.9
ch2_ohr_ncp_20240406T0647198831_d_img_d18_x07680_y92160.png,0.259,235.34,611.54,242.34,619.39
ch2_ohr_ncp_20240406T0647198831_d_img_d18_x07680_y92160.png,0.213,235.21,634.26,242.43,639.46
ch2_ohr_ncp_20240406T0647198831_d_img_d18_x07680_y92800.png,0.4052,537.47,583.43,541.46,588.14
ch2_ohr_ncp_20240406T0647198831_d_img_d18_x07680_y92800.png,0.325,593.11,298.22,597.81,305.1
ch2_ohr_ncp_20240406T0647198831_d_img_d18_x07680_y92800.png,0.2124,528.39,587.66,533.28,593.06
ch2_ohr_ncp_20240406T0647198831_d_img_d18_x07680_y96000.png,0.3323,53.25,443.98,60.05,452.01
ch2_ohr_ncp_20240406T0647198831_d_img_d18_x07680_y96000.png,0.3089,145.66,623.34,158.84,639.64
ch2_ohr_ncp_20240406T0647198831_d_img_d18_x07680_y96000.png,0.2133,8.83,444.0,13.03,450.46
ch2_ohr_ncp_20240406T0647198831_d_img_d18_x07680_y96000.png,0.2061,530.7,397.58,535.17,406.31
ch2_ohr_ncp_20240406T0647198831_d_img_d18_x07680_y97280.png,0.3367,53.73,53.79,58.36,60.0
ch2_ohr_ncp_20240406T0647198831_d_img_d18_x07680_y97280.png,0.2049,52.0,54.07,58.18,60.17
ch2_ohr_ncp_20240406T0647198831_d_img_d18_x07680_y98560.png,0.3469,547.71,631.44,552.35,636.07
ch2_ohr_ncp_20240406T0647198831_d_img_d18_x07680_y98560.png,0.2292,554.25,399.94,561.57,410.03
ch2_ohr_ncp_20240406T0647198831_d_img_d18_x07680_y99840.png,0.2762,107.42,392.08,113.18,398.49
ch2_ohr_ncp_20240406T0647198831_d_img_d18_x07680_y99840.png,0.23,102.77,326.69,129.54,348.31
ch2_ohr_ncp_20240406T0647198831_d_img_d18_x07680_y99840.png,0.2054,146.34,611.91,150.1,615.35
ch2_ohr_ncp_20240406T0647198831_d_img_d18_x08320_y89600.png,0.5184,547.7,631.63,553.98,637.67
ch2_ohr_ncp_20240406T0647198831_d_img_d18_x08320_y89600.png,0.2618,609.74,609.73,614.28,614.87
ch2_ohr_ncp_20240406T0647198831_d_img_d18_x08320_y89600.png,0.2322,530.34,635.07,534.96,639.43
ch2_ohr_ncp_20240406T0647198831_d_img_d18_x08320_y89600.png,0.2279,595.89,576.93,603.22,584.47
ch2_ohr_ncp_20240406T0647198831_d_img_d18_x08320_y89600.png,0.2074,551.62,606.02,556.01,612.02
ch2_ohr_ncp_20240406T0647198831_d_img_d18_x08320_y90880.png,0.2964,588.0,179.87,593.06,184.19
ch2_ohr_ncp_20240406T0647198831_d_img_d18_x08320_y90880.png,0.2517,633.68,230.54,640.0,240.51
ch2_ohr_ncp_20240406T0647198831_d_img_d18_x08320_y90880.png,0.2325,579.03,122.72,587.59,132.44
ch2_ohr_ncp_20240406T0647198831_d_img_d18_x08320_y90880.png,0.2065,629.31,191.7,638.69,201.44
ch2_ohr_ncp_20240406T0647198831_d_img_d18_x08320_y90880.png,0.2055,539.99,238.95,545.85,245.09
ch2_ohr_ncp_20240406T0647198831_d_img_d18_x08320_y93440.png,0.271,587.82,617.35,592.5,623.14
ch2_ohr_ncp_20240406T0647198831_d_img_d18_x08320_y97280.png,0.3698,353.51,589.39,363.42,602.84
ch2_ohr_ncp_20240406T0647198831_d_img_d18_x08320_y97280.png,0.3045,75.3,456.5,80.36,461.76
ch2_ohr_ncp_20240406T0647198831_d_img_d18_x08320_y97280.png,0.2828,19.69,627.8,25.18,633.74
ch2_ohr_ncp_20240406T0647198831_d_img_d18_x08320_y97280.png,0.2821,11.41,387.98,15.82,393.31
ch2_ohr_ncp_20240406T0647198831_d_img_d18_x08320_y97280.png,0.247,182.38,434.76,190.64,441.85
ch2_ohr_ncp_20240406T0647198831_d_img_d18_x08320_y97280.png,0.2382,143.36,631.6,148.57,637.74
ch2_ohr_ncp_20240406T0647198831_d_img_d18_x08320_y97280.png,0.216,0.0,361.46,6.2,368.58
ch2_ohr_ncp_20240406T0647198831_d_img_d18_x08320_y97280.png,0.2079,139.78,606.61,144.93,612.01
ch2_ohr_ncp_20240406T0647198831_d_img_d18_x08320_y97280.png,0.2,24.74,383.06,30.16,388.43
ch2_ohr_ncp_20240406T0647198831_d_img_d18_x08320_y97920.png,0.2364,628.66,624.47,637.72,632.69
ch2_ohr_ncp_20240406T0647198831_d_img_d18_x08320_y99200.png,0.2023,162.85,17.16,169.05,25.66
ch2_ohr_ncp_20240406T0647198831_d_img_d18_x08960_y90880.png,0.2722,610.48,631.63,615.57,637.06
ch2_ohr_ncp_20240406T0647198831_d_img_d18_x08960_y93440.png,0.4426,1.74,15.14,9.01,24.49
ch2_ohr_ncp_20240406T0647198831_d_img_d18_x08960_y93440.png,0.3343,55.53,31.89,60.32,36.86
ch2_ohr_ncp_20240406T0647198831_d_img_d18_x08960_y94080.png,0.7615,40.71,25.76,45.15,32.78
ch2_ohr_ncp_20240406T0647198831_d_img_d18_x08960_y94080.png,0.6141,70.48,61.4,77.19,69.6
ch2_ohr_ncp_20240406T0647198831_d_img_d18_x08960_y94080.png,0.3419,8.39,0.0,14.62,4.01
ch2_ohr_ncp_20240406T0647198831_d_img_d18_x08960_y94080.png,0.2824,54.63,131.44,59.92,136.61
ch2_ohr_ncp_20240406T0647198831_d_img_d18_x08960_y94080.png,0.2117,0.0,179.97,4.02,186.04
ch2_ohr_ncp_20240406T0647198831_d_img_d18_x08960_y94080.png,0.2035,534.78,594.52,540.42,601.67
ch2_ohr_ncp_20240406T0647198831_d_img_d18_x08960_y94080.png,0.2034,82.31,97.57,86.73,102.95
ch2_ohr_ncp_20240406T0647198831_d_img_d18_x08960_y96000.png,0.2963,614.53,607.22,620.01,616.78
ch2_ohr_ncp_20240406T0647198831_d_img_d18_x08960_y97280.png,0.342,575.09,187.9,580.08,194.59
ch2_ohr_ncp_20240406T0647198831_d_img_d18_x08960_y97280.png,0.33,575.88,188.73,580.03,196.0
ch2_ohr_ncp_20240406T0647198831_d_img_d18_x08960_y97280.png,0.2121,617.53,211.99,621.28,215.92
ch2_ohr_ncp_20240406T0647198831_d_img_d18_x09600_y88320.png,0.408,62.94,618.14,68.03,623.1
ch2_ohr_ncp_20240406T0647198831_d_img_d18_x09600_y88320.png,0.2798,578.38,52.0,582.46,57.98
ch2_ohr_ncp_20240406T0647198831_d_img_d18_x09600_y88320.png,0.2726,551.21,57.92,556.0,62.45
ch2_ohr_ncp_20240406T0647198831_d_img_d18_x09600_y88320.png,0.2279,102.51,594.53,108.0,599.6
ch2_ohr_ncp_20240406T0647198831_d_img_d18_x09600_y90880.png,0.2146,634.33,95.17,639.07,100.07
ch2_ohr_ncp_20240406T0647198831_d_img_d18_x09600_y90880.png,0.2122,542.29,298.59,568.02,335.53
ch2_ohr_ncp_20240406T0647198831_d_img_d18_x09600_y92160.png,0.5224,545.64,579.0,549.39,583.53
ch2_ohr_ncp_20240406T0647198831_d_img_d18_x09600_y92160.png,0.4822,626.09,622.51,631.3,628.0
ch2_ohr_ncp_20240406T0647198831_d_img_d18_x09600_y92160.png,0.401,567.25,592.06,572.0,596.8
ch2_ohr_ncp_20240406T0647198831_d_img_d18_x09600_y92160.png,0.363,524.52,507.9,543.1,529.02
ch2_ohr_ncp_20240406T0647198831_d_img_d18_x09600_y92160.png,0.307,613.9,513.49,621.35,526.26
ch2_ohr_ncp_20240406T0647198831_d_img_d18_x09600_y92160.png,0.2399,607.47,583.98,617.12,595.53
ch2_ohr_ncp_20240406T0647198831_d_img_d18_x09600_y92160.png,0.2269,524.58,498.12,545.87,530.63
ch2_ohr_ncp_20240406T0647198831_d_img_d18_x09600_y94080.png,0.2253,220.43,508.77,253.42,550.95
ch2_ohr_ncp_20240406T0647198831_d_img_d18_x09600_y95360.png,0.3848,612.72,54.64,616.54,58.68
ch2_ohr_ncp_20240406T0647198831_d_img_d18_x09600_y95360.png,0.3738,607.6,42.99,612.89,49.06
ch2_ohr_ncp_20240406T0647198831_d_img_d18_x09600_y95360.png,0.3228,612.0,54.38,616.47,60.0
ch2_ohr_ncp_20240406T0647198831_d_img_d18_x09600_y97920.png,0.2616,0.15,0.15,5.4,6.18
ch2_ohr_ncp_20240406T0647198831_d_img_d18_x10240_y87040.png,0.3753,604.9,188.82,627.51,227.24
ch2_ohr_ncp_20240406T0647198831_d_img_d18_x10240_y87040.png,0.3214,603.95,222.73,608.36,228.06
ch2_ohr_ncp_20240406T0647198831_d_img_d18_x10240_y87040.png,0.212,624.67,249.29,629.12,255.23
ch2_ohr_ncp_20240406T0647198831_d_img_d18_x10240_y88960.png,0.208,22.65,23.74,28.0,29.37
ch2_ohr_ncp_20240406T0647198831_d_img_d18_x10240_y92800.png,0.2889,594.44,198.37,600.42,205.32
ch2_ohr_ncp_20240406T0647198831_d_img_d18_x10240_y92800.png,0.2474,623.96,4.0,628.6,10.19
ch2_ohr_ncp_20240406T0647198831_d_img_d18_x10240_y94080.png,0.3087,87.89,587.21,93.48,594.29
ch2_ohr_ncp_20240406T0647198831_d_img_d18_x10240_y94080.png,0.2577,30.79,634.9,36.23,639.54
ch2_ohr_ncp_20240406T0647198831_d_img_d18_x10240_y96000.png,0.2053,0.59,155.57,6.46,165.33
ch2_ohr_ncp_20240406T0647198831_d_img_d18_x10880_y90880.png,0.2851,616.13,627.98,620.62,633.4
ch2_ohr_ncp_20240406T0647198831_d_img_d18_x11520_y86400.png,0.4107,438.06,601.99,445.06,613.09
ch2_ohr_ncp_20240406T0647198831_d_img_d18_x11520_y86400.png,0.2289,436.0,602.39,444.59,613.76
ch2_ohr_ncp_20240406T0647198831_d_img_d18_x11520_y86400.png,0.2211,397.89,572.03,414.77,591.51
ch2_ohr_ncp_20240406T0647198831_d_img_d18_x11520_y90880.png,0.2056,407.69,96.72,427.75,126.57
ch2_ohr_ncp_20241111T0516278303_d_img_d18_x00000_y17920.png,0.2756,415.45,135.51,486.24,200.55
ch2_ohr_ncp_20241111T0516278303_d_img_d18_x00000_y19200.png,0.4014,54.55,627.75,60.01,632.84
ch2_ohr_ncp_20241111T0516278303_d_img_d18_x00640_y17920.png,0.2337,2.21,97.25,84.88,174.0
ch2_ohr_ncp_20241111T0516278303_d_img_d18_x00640_y24960.png,0.3758,623.11,627.17,628.02,631.89
ch2_ohr_ncp_20241111T0516278303_d_img_d18_x01280_y17920.png,0.3163,205.92,424.07,218.74,437.65
ch2_ohr_ncp_20241111T0516278303_d_img_d18_x01280_y18560.png,0.312,422.4,326.19,489.41,387.93
ch2_ohr_ncp_20241111T0516278303_d_img_d18_x01280_y18560.png,0.2021,560.31,12.0,565.6,18.41
ch2_ohr_ncp_20241111T0516278303_d_img_d18_x01280_y24960.png,0.2443,539.94,599.6,614.21,640.0
ch2_ohr_ncp_20241111T0516278303_d_img_d18_x01280_y24960.png,0.22,431.39,627.01,436.06,632.87
ch2_ohr_ncp_20241111T0516278303_d_img_d18_x01920_y24320.png,0.2772,17.96,631.68,23.59,636.64
ch2_ohr_ncp_20241111T0516278303_d_img_d18_x01920_y79360.png,0.2666,599.86,325.42,604.11,332.02
ch2_ohr_ncp_20241111T0516278303_d_img_d18_x01920_y79360.png,0.2133,622.29,68.0,628.15,73.9
ch2_ohr_ncp_20241111T0516278303_d_img_d18_x01920_y81920.png,0.3782,451.89,19.75,501.09,83.94
ch2_ohr_ncp_20241111T0516278303_d_img_d18_x01920_y81920.png,0.3293,599.54,197.11,604.54,204.0
ch2_ohr_ncp_20241111T0516278303_d_img_d18_x01920_y81920.png,0.3245,612.0,195.63,618.9,199.78
ch2_ohr_ncp_20241111T0516278303_d_img_d18_x01920_y81920.png,0.3195,599.5,196.0,604.81,202.57
ch2_ohr_ncp_20241111T0516278303_d_img_d18_x01920_y81920.png,0.2225,549.54,154.97,558.94,164.28
ch2_ohr_ncp_20241111T0516278303_d_img_d18_x01920_y82560.png,0.3221,545.34,630.54,549.47,636.01
ch2_ohr_ncp_20241111T0516278303_d_img_d18_x01920_y82560.png,0.2655,512.2,515.58,516.94,521.21
ch2_ohr_ncp_20241111T0516278303_d_img_d18_x01920_y82560.png,0.2512,587.17,628.43,595.74,636.34
ch2_ohr_ncp_20241111T0516278303_d_img_d18_x01920_y82560.png,0.2029,126.91,420.38,197.26,483.64
ch2_ohr_ncp_20241111T0516278303_d_img_d18_x01920_y83200.png,0.6654,583.9,91.83,590.89,98.43
ch2_ohr_ncp_20241111T0516278303_d_img_d18_x01920_y83200.png,0.6177,541.0,603.53,548.58,610.19
ch2_ohr_ncp_20241111T0516278303_d_img_d18_x01920_y83200.png,0.5691,616.34,331.77,623.66,339.61
ch2_ohr_ncp_20241111T0516278303_d_img_d18_x01920_y83200.png,0.5069,464.64,57.85,470.45,63.91
ch2_ohr_ncp_20241111T0516278303_d_img_d18_x01920_y83200.png,0.4915,574.97,82.01,580.27,87.63
ch2_ohr_ncp_20241111T0516278303_d_img_d18_x01920_y83200.png,0.4829,520.51,601.9,526.38,608.02
ch2_ohr_ncp_20241111T0516278303_d_img_d18_x01920_y83200.png,0.4774,623.81,24.45,635.05,33.34
ch2_ohr_ncp_20241111T0516278303_d_img_d18_x01920_y83200.png,0.4315,630.33,1.51,638.81,10.13
ch2_ohr_ncp_20241111T0516278303_d_img_d18_x01920_y83200.png,0.4122,570.34,64.91,581.18,74.52
ch2_ohr_ncp_20241111T0516278303_d_img_d18_x01920_y83200.png,0.4062,555.51,28.0,562.53,34.7
ch2_ohr_ncp_20241111T0516278303_d_img_d18_x01920_y83200.png,0.4001,471.26,582.95,480.63,590.77
ch2_ohr_ncp_20241111T0516278303_d_img_d18_x01920_y83200.png,0.2969,421.67,30.45,428.89,38.39
ch2_ohr_ncp_20241111T0516278303_d_img_d18_x01920_y83200.png,0.2925,568.66,110.1,574.24,116.01
ch2_ohr_ncp_20241111T0516278303_d_img_d18_x01920_y83200.png,0.2703,555.9,64.99,560.34,69.84
ch2_ohr_ncp_20241111T0516278303_d_img_d18_x01920_y83200.png,0.268,582.83,92.57,589.36,101.61
ch2_ohr_ncp_20241111T0516278303_d_img_d18_x01920_y83200.png,0.2673,420.0,31.19,427.73,38.41
ch2_ohr_ncp_20241111T0516278303_d_img_d18_x01920_y83200.png,0.2599,519.97,15.41,528.62,24.34
ch2_ohr_ncp_20241111T0516278303_d_img_d18_x01920_y83200.png,0.2529,630.37,532.0,636.03,538.53
ch2_ohr_ncp_20241111T0516278303_d_img_d18_x01920_y83200.png,0.2415,582.23,105.26,588.22,111.64
ch2_ohr_ncp_20241111T0516278303_d_img_d18_x01920_y83200.png,0.2409,559.66,149.12,567.08,158.65
ch2_ohr_ncp_20241111T0516278303_d_img_d18_x01920_y83200.png,0.2372,439.18,57.51,444.76,63.06
ch2_ohr_ncp_20241111T0516278303_d_img_d18_x01920_y83200.png,0.2361,624.34,23.17,636.06,31.11
ch2_ohr_ncp_20241111T0516278303_d_img_d18_x01920_y83200.png,0.2333,494.88,225.41,500.33,230.8
ch2_ohr_ncp_20241111T0516278303_d_img_d18_x01920_y83200.png,0.2317,547.88,100.0,552.83,106.67
ch2_ohr_ncp_20241111T0516278303_d_img_d18_x01920_y83200.png,0.2185,554.46,394.96,559.08,398.82
ch2_ohr_ncp_20241111T0516278303_d_img_d18_x01920_y83200.png,0.2179,518.89,388.0,524.65,394.24
ch2_ohr_ncp_20241111T0516278303_d_img_d18_x01920_y83200.png,0.2152,520.13,446.51,527.96,453.75
ch2_ohr_ncp_20241111T0516278303_d_img_d18_x01920_y83200.png,0.2142,560.13,138.96,565.54,144.13
ch2_ohr_ncp_20241111T0516278303_d_img_d18_x01920_y83200.png,0.2119,566.33,350.7,572.31,356.19
ch2_ohr_ncp_20241111T0516278303_d_img_d18_x01920_y83200.png,0.2118,489.96,607.88,496.14,613.35
ch2_ohr_ncp_20241111T0516278303_d_img_d18_x01920_y83200.png,0.2017,524.0,92.0,529.81,98.39
ch2_ohr_ncp_20241111T0516278303_d_img_d18_x01920_y83840.png,0.3128,606.36,563.9,613.28,569.32
ch2_ohr_ncp_20241111T0516278303_d_img_d18_x01920_y83840.png,0.2805,271.59,575.89,277.87,581.6
ch2_ohr_ncp_20241111T0516278303_d_img_d18_x01920_y83840.png,0.2747,629.6,427.48,638.38,435.66
ch2_ohr_ncp_20241111T0516278303_d_img_d18_x01920_y83840.png,0.2587,287.54,625.62,295.29,634.09
ch2_ohr_ncp_20241111T0516278303_d_img_d18_x01920_y83840.png,0.221,600.27,530.74,606.46,536.9
ch2_ohr_ncp_20241111T0516278303_d_img_d18_x01920_y83840.png,0.2156,597.82,629.2,606.52,638.1
ch2_ohr_ncp_20241111T0516278303_d_img_d18_x01920_y83840.png,0.2138,562.82,188.61,612.07,251.67
ch2_ohr_ncp_20241111T0516278303_d_img_d18_x01920_y83840.png,0.208,598.67,586.51,604.0,589.86
ch2_ohr_ncp_20241111T0516278303_d_img_d18_x01920_y84480.png,0.4128,411.71,606.75,417.24,612.02
ch2_ohr_ncp_20241111T0516278303_d_img_d18_x01920_y84480.png,0.3684,492.0,601.02,498.63,608.18
ch2_ohr_ncp_20241111T0516278303_d_img_d18_x01920_y84480.png,0.3402,435.18,611.99,439.79,618.13
ch2_ohr_ncp_20241111T0516278303_d_img_d18_x01920_y84480.png,0.3046,622.77,581.88,628.17,588.07
ch2_ohr_ncp_20241111T0516278303_d_img_d18_x01920_y84480.png,0.2704,375.35,589.52,380.09,596.0
ch2_ohr_ncp_20241111T0516278303_d_img_d18_x01920_y84480.png,0.2601,383.79,623.72,388.1,628.12
ch2_ohr_ncp_20241111T0516278303_d_img_d18_x01920_y84480.png,0.2504,493.05,600.94,500.02,608.59
ch2_ohr_ncp_20241111T0516278303_d_img_d18_x01920_y85120.png,0.5474,608.88,611.06,613.15,615.46
ch2_ohr_ncp_20241111T0516278303_d_img_d18_x01920_y85120.png,0.4225,621.44,272.05,628.01,280.2
ch2_ohr_ncp_20241111T0516278303_d_img_d18_x01920_y85120.png,0.3738,551.42,170.69,560.35,176.96
ch2_ohr_ncp_20241111T0516278303_d_img_d18_x01920_y85120.png,0.3517,609.63,282.46,613.56,287.5
ch2_ohr_ncp_20241111T0516278303_d_img_d18_x01920_y85120.png,0.3405,613.58,266.12,620.79,273.01
ch2_ohr_ncp_20241111T0516278303_d_img_d18_x01920_y85120.png,0.3233,587.99,216.06,594.19,222.59
ch2_ohr_ncp_20241111T0516278303_d_img_d18_x01920_y85120.png,0.2662,547.99,124.0,553.18,129.38
ch2_ohr_ncp_20241111T0516278303_d_img_d18_x01920_y85120.png,0.2561,559.74,215.32,565.34,222.76
ch2_ohr_ncp_20241111T0516278303_d_img_d18_x01920_y85120.png,0.2338,552.24,193.13,560.07,201.24
ch2_ohr_ncp_20241111T0516278303_d_img_d18_x01920_y85120.png,0.2304,614.25,310.4,620.0,316.05
ch2_ohr_ncp_20241111T0516278303_d_img_d18_x01920_y85120.png,0.2216,519.89,234.91,524.95,240.24
ch2_ohr_ncp_20241111T0516278303_d_img_d18_x01920_y85120.png,0.209,631.2,238.8,637.2,244.22
ch2_ohr_ncp_20241111T0516278303_d_img_d18_x01920_y85120.png,0.2023,592.11,357.77,597.49,364.06
ch2_ohr_ncp_20241111T0516278303_d_img_d18_x02560_y78080.png,0.232,594.25,604.12,621.6,628.87
ch2_ohr_ncp_20241111T0516278303_d_img_d18_x02560_y78720.png,0.4873,48.38,556.0,53.58,562.03
ch2_ohr_ncp_20241111T0516278303_d_img_d18_x02560_y78720.png,0.3501,72.14,622.94,77.67,628.87
ch2_ohr_ncp_20241111T0516278303_d_img_d18_x02560_y78720.png,0.2322,48.25,557.33,53.3,564.0
ch2_ohr_ncp_20241111T0516278303_d_img_d18_x02560_y78720.png,0.2034,87.44,602.51,92.02,606.66
ch2_ohr_ncp_20241111T0516278303_d_img_d18_x02560_y80000.png,0.4869,458.16,440.73,465.36,446.99
ch2_ohr_ncp_20241111T0516278303_d_img_d18_x02560_y80000.png,0.4711,473.23,616.34,478.87,621.79
ch2_ohr_ncp_20241111T0516278303_d_img_d18_x02560_y80000.png,0.4594,349.78,323.35,357.33,330.29
ch2_ohr_ncp_20241111T0516278303_d_img_d18_x02560_y80000.png,0.412,501.97,612.49,506.82,617.57
ch2_ohr_ncp_20241111T0516278303_d_img_d18_x02560_y80000.png,0.3867,215.02,626.99,220.05,631.96
ch2_ohr_ncp_20241111T0516278303_d_img_d18_x02560_y80000.png,0.3681,454.7,551.78,461.05,558.14
ch2_ohr_ncp_20241111T0516278303_d_img_d18_x02560_y80000.png,0.3509,434.03,484.87,443.4,494.21
ch2_ohr_ncp_20241111T0516278303_d_img_d18_x02560_y80000.png,0.3439,477.54,330.76,493.3,358.33
ch2_ohr_ncp_20241111T0516278303_d_img_d18_x02560_y80000.png,0.3363,320.29,210.28,325.21,214.95
ch2_ohr_ncp_20241111T0516278303_d_img_d18_x02560_y80000.png,0.3169,601.03,23.74,608.32,31.9
ch2_ohr_ncp_20241111T0516278303_d_img_d18_x02560_y80000.png,0.3065,325.96,249.31,333.38,255.79
ch2_ohr_ncp_20241111T0516278303_d_img_d18_x02560_y80000.png,0.2915,501.87,588.0,508.0,593.94
ch2_ohr_ncp_20241111T0516278303_d_img_d18_x02560_y80000.png,0.265,417.16,426.04,423.04,431.86
ch2_ohr_ncp_20241111T0516278303_d_img_d18_x02560_y80000.png,0.2609,438.52,330.1,467.48,355.79
ch2_ohr_ncp_20241111T0516278303_d_img_d18_x02560_y80000.png,0.2422,411.03,597.26,420.02,605.27
ch2_ohr_ncp_20241111T0516278303_d_img_d18_x02560_y80000.png,0.2207,400.69,291.45,405.33,296.38
ch2_ohr_ncp_20241111T0516278303_d_img_d18_x02560_y80000.png,0.2134,283.04,634.81,288.64,639.4
ch2_ohr_ncp_20241111T0516278303_d_img_d18_x02560_y80000.png,0.2087,472.0,615.94,478.28,621.76
ch2_ohr_ncp_20241111T0516278303_d_img_d18_x02560_y80000.png,0.2009,406.48,550.82,412.06,556.05
ch2_ohr_ncp_20241111T0516278303_d_img_d18_x02560_y80640.png,0.5849,163.18,56.24,168.69,61.45
ch2_ohr_ncp_20241111T0516278303_d_img_d18_x02560_y80640.png,0.5777,225.87,42.38,230.44,47.12
ch2_ohr_ncp_20241111T0516278303_d_img_d18_x02560_y80640.png,0.4793,499.04,111.01,504.93,117.93
ch2_ohr_ncp_20241111T0516278303_d_img_d18_x02560_y80640.png,0.469,390.32,203.98,396.31,209.65
ch2_ohr_ncp_20241111T0516278303_d_img_d18_x02560_y80640.png,0.4408,155.15,30.84,160.86,37.18
ch2_ohr_ncp_20241111T0516278303_d_img_d18_x02560_y80640.png,0.4354,563.15,8.34,570.22,15.41
ch2_ohr_ncp_20241111T0516278303_d_img_d18_x02560_y80640.png,0.3971,167.47,85.89,174.03,91.44
ch2_ohr_ncp_20241111T0516278303_d_img_d18_x02560_y80640.png,0.3653,170.46,34.02,175.53,38.27
ch2_ohr_ncp_20241111T0516278303_d_img_d18_x02560_y80640.png,0.3542,263.87,69.68,271.98,77.71
ch2_ohr_ncp_20241111T0516278303_d_img_d18_x02560_y80640.png,0.3516,479.78,4.0,485.65,10.56
ch2_ohr_ncp_20241111T0516278303_d_img_d18_x02560_y80640.png,0.344,198.91,102.84,204.22,108.03
ch2_ohr_ncp_20241111T0516278303_d_img_d18_x02560_y80640.png,0.3412,616.11,52.0,621.86,59.03
ch2_ohr_ncp_20241111T0516278303_d_img_d18_x02560_y80640.png,0.3282,325.89,55.81,332.04,61.1
ch2_ohr_ncp_20241111T0516278303_d_img_d18_x02560_y80640.png,0.3012,571.37,64.71,577.04,70.52
ch2_ohr_ncp_20241111T0516278303_d_img_d18_x02560_y80640.png,0.3004,459.32,52.23,511.95,113.92
ch2_ohr_ncp_20241111T0516278303_d_img_d18_x02560_y80640.png,0.2846,236.96,22.95,247.62,30.78
ch2_ohr_ncp_20241111T0516278303_d_img_d18_x02560_y80640.png,0.2812,114.21,91.93,125.58,102.97
ch2_ohr_ncp_20241111T0516278303_d_img_d18_x02560_y80640.png,0.2694,595.56,30.01,605.94,41.94
ch2_ohr_ncp_20241111T0516278303_d_img_d18_x02560_y80640.png,0.2683,206.73,139.99,213.35,146.42
ch2_ohr_ncp_20241111T0516278303_d_img_d18_x02560_y80640.png,0.2669,77.35,167.12,85.19,173.66
ch2_ohr_ncp_20241111T0516278303_d_img_d18_x02560_y80640.png,0.2555,198.62,155.49,204.01,159.91
ch2_ohr_ncp_20241111T0516278303_d_img_d18_x02560_y80640.png,0.2475,505.38,111.28,515.77,121.86
ch2_ohr_ncp_20241111T0516278303_d_img_d18_x02560_y80640.png,0.2459,224.29,144.33,229.36,150.32
ch2_ohr_ncp_20241111T0516278303_d_img_d18_x02560_y80640.png,0.2418,218.6,93.91,236.15,115.19
ch2_ohr_ncp_20241111T0516278303_d_img_d18_x02560_y80640.png,0.2405,98.56,158.83,103.71,164.02
ch2_ohr_ncp_20241111T0516278303_d_img_d18_x02560_y80640.png,0.2338,233.31,94.79,239.03,100.05
ch2_ohr_ncp_20241111T0516278303_d_img_d18_x02560_y80640.png,0.2254,465.02,51.15,512.51,98.89
ch2_ohr_ncp_20241111T0516278303_d_img_d18_x02560_y80640.png,0.2226,177.87,118.3,182.58,124.0
ch2_ohr_ncp_20241111T0516278303_d_img_d18_x02560_y80640.png,0.2185,110.28,186.84,116.0,191.61
ch2_ohr_ncp_20241111T0516278303_d_img_d18_x02560_y80640.png,0.2123,0.17,345.9,5.61,351.97
ch2_ohr_ncp_20241111T0516278303_d_img_d18_x02560_y80640.png,0.2041,23.2,183.48,28.88,189.19
ch2_ohr_ncp_20241111T0516278303_d_img_d18_x02560_y80640.png,0.2036,99.81,263.42,106.49,269.11
ch2_ohr_ncp_20241111T0516278303_d_img_d18_x02560_y81280.png,0.667,384.03,323.92,391.35,330.95
ch2_ohr_ncp_20241111T0516278303_d_img_d18_x02560_y81280.png,0.6615,625.01,387.84,631.11,393.87
ch2_ohr_ncp_20241111T0516278303_d_img_d18_x02560_y81280.png,0.613,571.73,587.99,577.05,594.09
ch2_ohr_ncp_20241111T0516278303_d_img_d18_x02560_y81280.png,0.6096,405.29,488.67,416.9,500.59
ch2_ohr_ncp_20241111T0516278303_d_img_d18_x02560_y81280.png,0.608,435.67,506.21,442.74,513.55
ch2_ohr_ncp_20241111T0516278303_d_img_d18_x02560_y81280.png,0.5335,371.99,590.78,378.08,597.4
ch2_ohr_ncp_20241111T0516278303_d_img_d18_x02560_y81280.png,0.532,347.46,296.6,352.59,301.98
ch2_ohr_ncp_20241111T0516278303_d_img_d18_x02560_y81280.png,0.5146,406.4,514.28,413.13,521.67
ch2_ohr_ncp_20241111T0516278303_d_img_d18_x02560_y81280.png,0.4952,235.68,571.04,241.74,575.9
ch2_ohr_ncp_20241111T0516278303_d_img_d18_x02560_y81280.png,0.4933,611.98,595.87,621.63,605.08
ch2_ohr_ncp_20241111T0516278303_d_img_d18_x02560_y81280.png,0.4762,19.74,133.98,26.96,141.78
ch2_ohr_ncp_20241111T0516278303_d_img_d18_x02560_y81280.png,0.4671,54.92,68.74,60.26,74.8
ch2_ohr_ncp_20241111T0516278303_d_img_d18_x02560_y81280.png,0.4535,498.22,551.34,504.33,557.09
ch2_ohr_ncp_20241111T0516278303_d_img_d18_x02560_y81280.png,0.4447,390.88,583.53,396.96,589.25
ch2_ohr_ncp_20241111T0516278303_d_img_d18_x02560_y81280.png,0.4442,407.48,266.32,413.74,272.5
ch2_ohr_ncp_20241111T0516278303_d_img_d18_x02560_y81280.png,0.4332,84.63,515.44,92.84,522.96
ch2_ohr_ncp_20241111T0516278303_d_img_d18_x02560_y81280.png,0.4299,625.23,119.59,631.11,125.83
ch2_ohr_ncp_20241111T0516278303_d_img_d18_x02560_y81280.png,0.4239,223.99,565.89,228.25,572.0
ch2_ohr_ncp_20241111T0516278303_d_img_d18_x02560_y81280.png,0.397,10.13,39.89,19.44,49.63
ch2_ohr_ncp_20241111T0516278303_d_img_d18_x02560_y81280.png,0.3848,245.74,291.4,251.49,297.41
ch2_ohr_ncp_20241111T0516278303_d_img_d18_x02560_y81280.png,0.3787,606.26,626.22,614.25,634.61
ch2_ohr_ncp_20241111T0516278303_d_img_d18_x02560_y81280.png,0.3761,347.91,276.75,354.72,284.24
ch2_ohr_ncp_20241111T0516278303_d_img_d18_x02560_y81280.png,0.3753,380.66,557.56,389.73,565.29
ch2_ohr_ncp_20241111T0516278303_d_img_d18_x02560_y81280.png,0.375,15.8,9.82,22.46,14.52
ch2_ohr_ncp_20241111T0516278303_d_img_d18_x02560_y81280.png,0.3705,196.43,547.0,205.07,554.14
ch2_ohr_ncp_20241111T0516278303_d_img_d18_x02560_y81280.png,0.3602,371.21,460.0,376.23,465.08
ch2_ohr_ncp_20241111T0516278303_d_img_d18_x02560_y81280.png,0.3524,303.84,426.81,309.32,432.02
ch2_ohr_ncp_20241111T0516278303_d_img_d18_x02560_y81280.png,0.3511,425.81,303.57,434.66,310.98
ch2_ohr_ncp_20241111T0516278303_d_img_d18_x02560_y81280.png,0.3505,151.79,475.11,161.14,484.16
ch2_ohr_ncp_20241111T0516278303_d_img_d18_x02560_y81280.png,0.3496,160.7,616.74,166.28,622.71
ch2_ohr_ncp_20241111T0516278303_d_img_d18_x02560_y81280.png,0.3362,621.79,462.77,628.0,468.04
ch2_ohr_ncp_20241111T0516278303_d_img_d18_x02560_y81280.png,0.3306,55.54,68.0,60.72,74.47
ch2_ohr_ncp_20241111T0516278303_d_img_d18_x02560_y81280.png,0.3296,351.81,448.17,357.19,452.62
ch2_ohr_ncp_20241111T0516278303_d_img_d18_x02560_y81280.png,0.3144,254.9,288.54,263.99,296.48
ch2_ohr_ncp_20241111T0516278303_d_img_d18_x02560_y81280.png,0.3105,279.04,302.52,289.52,313.61
ch2_ohr_ncp_20241111T0516278303_d_img_d18_x02560_y81280.png,0.3073,580.0,112.57,585.69,117.98
ch2_ohr_ncp_20241111T0516278303_d_img_d18_x02560_y81280.png,0.3041,238.75,605.02,244.64,612.0
ch2_ohr_ncp_20241111T0516278303_d_img_d18_x02560_y81280.png,0.301,597.71,448.38,604.33,453.85
ch2_ohr_ncp_20241111T0516278303_d_img_d18_x02560_y81280.png,0.2953,470.56,356.43,476.96,363.01
ch2_ohr_ncp_20241111T0516278303_d_img_d18_x02560_y81280.png,0.2915,231.6,486.12,241.94,493.09
ch2_ohr_ncp_20241111T0516278303_d_img_d18_x02560_y81280.png,0.2858,517.59,491.98,524.01,497.78
ch2_ohr_ncp_20241111T0516278303_d_img_d18_x02560_y81280.png,0.283,523.92,168.46,548.23,195.03
ch2_ohr_ncp_20241111T0516278303_d_img_d18_x02560_y81280.png,0.2695,259.22,549.93,266.19,557.07
ch2_ohr_ncp_20241111T0516278303_d_img_d18_x02560_y81280.png,0.2643,198.51,617.14,206.61,624.72
ch2_ohr_ncp_20241111T0516278303_d_img_d18_x02560_y81280.png,0.2615,134.4,100.0,140.01,105.49
ch2_ohr_ncp_20241111T0516278303_d_img_d18_x02560_y81280.png,0.2612,334.54,526.78,354.29,542.44
ch2_ohr_ncp_20241111T0516278303_d_img_d18_x02560_y81280.png,0.2595,187.99,35.3,194.6,40.91
ch2_ohr_ncp_20241111T0516278303_d_img_d18_x02560_y81280.png,0.2577,457.52,619.71,464.58,626.98
ch2_ohr_ncp_20241111T0516278303_d_img_d18_x02560_y81280.png,0.2544,606.47,627.34,613.09,636.0
ch2_ohr_ncp_20241111T0516278303_d_img_d18_x02560_y81280.png,0.2468,230.27,23.29,235.02,28.36
ch2_ohr_ncp_20241111T0516278303_d_img_d18_x02560_y81280.png,0.2449,594.0,555.18,600.78,562.18
ch2_ohr_ncp_20241111T0516278303_d_img_d18_x02560_y81280.png,0.2434,97.47,551.5,105.15,558.31
ch2_ohr_ncp_20241111T0516278303_d_img_d18_x02560_y81280.png,0.2348,383.89,287.73,392.2,296.14
ch2_ohr_ncp_20241111T0516278303_d_img_d18_x02560_y81280.png,0.2346,526.43,447.16,535.58,456.96
ch2_ohr_ncp_20241111T0516278303_d_img_d18_x02560_y81280.png,0.2339,463.57,547.05,472.0,554.11
ch2_ohr_ncp_20241111T0516278303_d_img_d18_x02560_y81280.png,0.2339,513.29,402.19,518.1,407.79
ch2_ohr_ncp_20241111T0516278303_d_img_d18_x02560_y81280.png,0.2304,460.0,537.16,465.96,542.58
ch2_ohr_ncp_20241111T0516278303_d_img_d18_x02560_y81280.png,0.2264,511.17,605.82,516.01,612.0
ch2_ohr_ncp_20241111T0516278303_d_img_d18_x02560_y81280.png,0.2258,344.27,469.49,353.49,477.3
ch2_ohr_ncp_20241111T0516278303_d_img_d18_x02560_y81280.png,0.2222,280.15,302.24,292.0,311.69
ch2_ohr_ncp_20241111T0516278303_d_img_d18_x02560_y81280.png,0.2212,244.29,19.87,251.0,25.01
ch2_ohr_ncp_20241111T0516278303_d_img_d18_x02560_y81280.png,0.2205,79.15,148.02,89.38,161.63
ch2_ohr_ncp_20241111T0516278303_d_img_d18_x02560_y81280.png,0.2173,325.06,372.52,329.51,377.54
ch2_ohr_ncp_20241111T0516278303_d_img_d18_x02560_y81280.png,0.2122,133.97,100.77,138.79,105.41
ch2_ohr_ncp_20241111T0516278303_d_img_d18_x02560_y81280.png,0.2122,522.13,625.1,526.86,630.04
ch2_ohr_ncp_20241111T0516278303_d_img_d18_x02560_y81280.png,0.2084,531.49,531.46,548.24,550.05
ch2_ohr_ncp_20241111T0516278303_d_img_d18_x02560_y81280.png,0.2071,410.5,559.43,421.58,569.29
ch2_ohr_ncp_20241111T0516278303_d_img_d18_x02560_y81280.png,0.2068,516.0,491.96,523.1,497.73
ch2_ohr_ncp_20241111T0516278303_d_img_d18_x02560_y81280.png,0.2039,612.02,16.2,619.0,24.04
ch2_ohr_ncp_20241111T0516278303_d_img_d18_x02560_y81280.png,0.2005,315.51,354.16,323.16,362.28
ch2_ohr_ncp_20241111T0516278303_d_img_d18_x02560_y81920.png,0.5762,589.85,509.55,596.59,516.07
ch2_ohr_ncp_20241111T0516278303_d_img_d18_x02560_y81920.png,0.5156,612.0,577.63,617.32,582.56
ch2_ohr_ncp_20241111T0516278303_d_img_d18_x02560_y81920.png,0.5067,554.91,584.66,560.58,589.82
ch2_ohr_ncp_20241111T0516278303_d_img_d18_x02560_y81920.png,0.4047,553.58,612.19,563.03,620.94
ch2_ohr_ncp_20241111T0516278303_d_img_d18_x02560_y81920.png,0.3521,592.36,588.0,596.76,594.15
ch2_ohr_ncp_20241111T0516278303_d_img_d18_x02560_y81920.png,0.3374,545.8,609.94,551.47,614.75
ch2_ohr_ncp_20241111T0516278303_d_img_d18_x02560_y81920.png,0.3306,454.95,480.43,467.21,495.95
ch2_ohr_ncp_20241111T0516278303_d_img_d18_x02560_y81920.png,0.3295,542.53,285.92,548.94,292.13
ch2_ohr_ncp_20241111T0516278303_d_img_d18_x02560_y81920.png,0.3231,576.42,543.69,581.13,549.37
ch2_ohr_ncp_20241111T0516278303_d_img_d18_x02560_y81920.png,0.3036,555.23,549.37,560.82,556.0
ch2_ohr_ncp_20241111T0516278303_d_img_d18_x02560_y81920.png,0.2838,571.0,488.59,579.05,496.12
ch2_ohr_ncp_20241111T0516278303_d_img_d18_x02560_y81920.png,0.2757,607.41,259.06,614.4,271.01
ch2_ohr_ncp_20241111T0516278303_d_img_d18_x02560_y81920.png,0.2403,447.47,590.95,467.49,622.97
ch2_ohr_ncp_20241111T0516278303_d_img_d18_x02560_y81920.png,0.2258,43.1,0.26,97.42,40.84
ch2_ohr_ncp_20241111T0516278303_d_img_d18_x02560_y81920.png,0.2063,555.59,548.0,561.12,554.82
ch2_ohr_ncp_20241111T0516278303_d_img_d18_x02560_y82560.png,0.6933,542.12,131.7,548.61,138.35
ch2_ohr_ncp_20241111T0516278303_d_img_d18_x02560_y82560.png,0.676,629.07,565.79,639.75,581.05
ch2_ohr_ncp_20241111T0516278303_d_img_d18_x02560_y82560.png,0.6599,455.22,264.74,461.16,270.14
ch2_ohr_ncp_20241111T0516278303_d_img_d18_x02560_y82560.png,0.651,563.86,104.26,570.28,111.12
ch2_ohr_ncp_20241111T0516278303_d_img_d18_x02560_y82560.png,0.6504,500.86,615.25,506.99,622.09
ch2_ohr_ncp_20241111T0516278303_d_img_d18_x02560_y82560.png,0.6447,542.31,15.68,548.83,22.39
ch2_ohr_ncp_20241111T0516278303_d_img_d18_x02560_y82560.png,0.622,601.66,0.79,608.15,6.02
ch2_ohr_ncp_20241111T0516278303_d_img_d18_x02560_y82560.png,0.6197,509.49,285.66,516.92,292.74
ch2_ohr_ncp_20241111T0516278303_d_img_d18_x02560_y82560.png,0.6026,585.52,541.29,596.0,549.88
ch2_ohr_ncp_20241111T0516278303_d_img_d18_x02560_y82560.png,0.591,585.59,520.99,591.37,527.46
ch2_ohr_ncp_20241111T0516278303_d_img_d18_x02560_y82560.png,0.583,530.25,14.42,537.41,22.11
ch2_ohr_ncp_20241111T0516278303_d_img_d18_x02560_y82560.png,0.5707,436.83,44.29,444.51,52.19
ch2_ohr_ncp_20241111T0516278303_d_img_d18_x02560_y82560.png,0.5555,573.54,96.65,580.08,102.37
ch2_ohr_ncp_20241111T0516278303_d_img_d18_x02560_y82560.png,0.5316,484.89,36.29,490.38,43.11
ch2_ohr_ncp_20241111T0516278303_d_img_d18_x02560_y82560.png,0.5218,408.13,91.91,415.89,100.63
ch2_ohr_ncp_20241111T0516278303_d_img_d18_x02560_y82560.png,0.515,486.06,145.88,492.97,152.11
ch2_ohr_ncp_20241111T0516278303_d_img_d18_x02560_y82560.png,0.4994,564.07,20.26,571.73,27.41
ch2_ohr_ncp_20241111T0516278303_d_img_d18_x02560_y82560.png,0.4969,369.48,340.0,374.98,345.99
ch2_ohr_ncp_20241111T0516278303_d_img_d18_x02560_y82560.png,0.4965,426.73,71.21,432.7,77.44
ch2_ohr_ncp_20241111T0516278303_d_img_d18_x02560_y82560.png,0.4604,544.44,351.21,551.32,357.36
ch2_ohr_ncp_20241111T0516278303_d_img_d18_x02560_y82560.png,0.4263,506.05,347.99,511.56,353.62
ch2_ohr_ncp_20241111T0516278303_d_img_d18_x02560_y82560.png,0.418,311.15,625.9,319.34,634.23
ch2_ohr_ncp_20241111T0516278303_d_img_d18_x02560_y82560.png,0.4149,498.36,436.0,503.73,442.41
ch2_ohr_ncp_20241111T0516278303_d_img_d18_x02560_y82560.png,0.4069,408.64,524.0,413.92,530.55
ch2_ohr_ncp_20241111T0516278303_d_img_d18_x02560_y82560.png,0.4012,446.68,191.6,452.0,196.32
ch2_ohr_ncp_20241111T0516278303_d_img_d18_x02560_y82560.png,0.4006,500.0,59.7,505.4,64.27
ch2_ohr_ncp_20241111T0516278303_d_img_d18_x02560_y82560.png,0.3996,483.08,23.35,488.03,28.49
ch2_ohr_ncp_20241111T0516278303_d_img_d18_x02560_y82560.png,0.3786,462.38,248.95,468.01,253.77
ch2_ohr_ncp_20241111T0516278303_d_img_d18_x02560_y82560.png,0.3348,466.52,294.81,473.68,301.58
ch2_ohr_ncp_20241111T0516278303_d_img_d18_x02560_y82560.png,0.3135,635.15,360.42,639.98,367.56
ch2_ohr_ncp_20241111T0516278303_d_img_d18_x02560_y82560.png,0.3108,294.36,300.52,303.75,309.36
ch2_ohr_ncp_20241111T0516278303_d_img_d18_x02560_y82560.png,0.3105,384.12,628.0,388.72,634.29
ch2_ohr_ncp_20241111T0516278303_d_img_d18_x02560_y82560.png,0.3075,586.23,408.98,591.96,415.04
ch2_ohr_ncp_20241111T0516278303_d_img_d18_x02560_y82560.png,0.2933,302.43,309.58,308.13,316.01
ch2_ohr_ncp_20241111T0516278303_d_img_d18_x02560_y82560.png,0.2899,416.01,408.93,423.73,416.38
ch2_ohr_ncp_20241111T0516278303_d_img_d18_x02560_y82560.png,0.2879,445.64,493.61,452.01,500.01
ch2_ohr_ncp_20241111T0516278303_d_img_d18_x02560_y82560.png,0.2769,359.43,226.82,367.36,233.43
ch2_ohr_ncp_20241111T0516278303_d_img_d18_x02560_y82560.png,0.2744,444.0,493.69,450.58,500.01
ch2_ohr_ncp_20241111T0516278303_d_img_d18_x02560_y82560.png,0.2718,451.78,90.36,456.68,94.91
ch2_ohr_ncp_20241111T0516278303_d_img_d18_x02560_y82560.png,0.269,379.32,43.72,385.79,49.8
ch2_ohr_ncp_20241111T0516278303_d_img_d18_x02560_y82560.png,0.2421,603.99,544.91,608.39,549.16
ch2_ohr_ncp_20241111T0516278303_d_img_d18_x02560_y82560.png,0.2389,537.35,507.33,544.76,515.19
ch2_ohr_ncp_20241111T0516278303_d_img_d18_x02560_y82560.png,0.2327,370.0,340.73,376.01,345.37
ch2_ohr_ncp_20241111T0516278303_d_img_d18_x02560_y82560.png,0.2321,564.51,568.0,570.66,576.38
ch2_ohr_ncp_20241111T0516278303_d_img_d18_x02560_y82560.png,0.2296,564.33,104.02,572.0,111.24
ch2_ohr_ncp_20241111T0516278303_d_img_d18_x02560_y82560.png,0.2214,631.61,24.39,638.3,30.09
ch2_ohr_ncp_20241111T0516278303_d_img_d18_x02560_y82560.png,0.2181,527.84,390.87,535.28,398.4
ch2_ohr_ncp_20241111T0516278303_d_img_d18_x02560_y82560.png,0.2149,378.36,305.14,389.33,315.95
ch2_ohr_ncp_20241111T0516278303_d_img_d18_x02560_y82560.png,0.2122,504.41,137.8,512.33,145.98
ch2_ohr_ncp_20241111T0516278303_d_img_d18_x02560_y82560.png,0.2116,571.86,222.98,577.75,228.96
ch2_ohr_ncp_20241111T0516278303_d_img_d18_x02560_y82560.png,0.2083,475.88,175.3,481.1,180.13
ch2_ohr_ncp_20241111T0516278303_d_img_d18_x02560_y82560.png,0.2032,408.37,524.99,413.87,532.0
ch2_ohr_ncp_20241111T0516278303_d_img_d18_x02560_y83200.png,0.4859,302.23,313.39,309.01,319.9
ch2_ohr_ncp_20241111T0516278303_d_img_d18_x02560_y83200.png,0.4684,587.38,80.82,595.44,89.71
ch2_ohr_ncp_20241111T0516278303_d_img_d18_x02560_y83200.png,0.4645,563.94,34.14,569.41,40.15
ch2_ohr_ncp_20241111T0516278303_d_img_d18_x02560_y83200.png,0.4273,611.82,1.14,616.48,6.01
ch2_ohr_ncp_20241111T0516278303_d_img_d18_x02560_y83200.png,0.3809,150.31,99.98,156.04,105.32
ch2_ohr_ncp_20241111T0516278303_d_img_d18_x02560_y83200.png,0.3699,102.35,187.73,108.31,193.24
ch2_ohr_ncp_20241111T0516278303_d_img_d18_x02560_y83200.png,0.3385,626.98,76.89,638.37,88.18
ch2_ohr_ncp_20241111T0516278303_d_img_d18_x02560_y83200.png,0.3279,333.29,201.64,340.0,207.31
ch2_ohr_ncp_20241111T0516278303_d_img_d18_x02560_y83200.png,0.3132,575.2,73.6,580.02,78.0
ch2_ohr_ncp_20241111T0516278303_d_img_d18_x02560_y83200.png,0.3092,522.38,89.73,529.06,97.07
ch2_ohr_ncp_20241111T0516278303_d_img_d18_x02560_y83200.png,0.3079,304.47,159.42,308.92,164.92
ch2_ohr_ncp_20241111T0516278303_d_img_d18_x02560_y83200.png,0.2947,301.95,171.92,310.31,182.41
ch2_ohr_ncp_20241111T0516278303_d_img_d18_x02560_y83200.png,0.2893,332.0,201.56,338.53,207.42
ch2_ohr_ncp_20241111T0516278303_d_img_d18_x02560_y83200.png,0.286,95.78,46.4,103.89,53.97
ch2_ohr_ncp_20241111T0516278303_d_img_d18_x02560_y83200.png,0.2718,179.85,148.98,185.25,154.48
ch2_ohr_ncp_20241111T0516278303_d_img_d18_x02560_y83200.png,0.2711,624.8,27.5,629.35,31.92
ch2_ohr_ncp_20241111T0516278303_d_img_d18_x02560_y83200.png,0.2692,355.99,282.09,362.84,287.41
ch2_ohr_ncp_20241111T0516278303_d_img_d18_x02560_y83200.png,0.2617,614.2,612.33,619.35,618.98
ch2_ohr_ncp_20241111T0516278303_d_img_d18_x02560_y83200.png,0.2585,438.89,31.92,446.9,40.54
ch2_ohr_ncp_20241111T0516278303_d_img_d18_x02560_y83200.png,0.2581,362.03,49.63,367.12,54.88
ch2_ohr_ncp_20241111T0516278303_d_img_d18_x02560_y83200.png,0.2493,283.89,189.68,292.58,196.62
ch2_ohr_ncp_20241111T0516278303_d_img_d18_x02560_y83200.png,0.2373,582.0,166.63,588.0,172.0
ch2_ohr_ncp_20241111T0516278303_d_img_d18_x02560_y83200.png,0.2284,107.99,40.08,114.03,46.03
ch2_ohr_ncp_20241111T0516278303_d_img_d18_x02560_y83200.png,0.2281,220.0,89.63,227.6,97.18
ch2_ohr_ncp_20241111T0516278303_d_img_d18_x02560_y83200.png,0.2036,579.67,123.99,586.25,130.49
ch2_ohr_ncp_20241111T0516278303_d_img_d18_x02560_y83840.png,0.4695,551.03,563.13,556.07,567.85
ch2_ohr_ncp_20241111T0516278303_d_img_d18_x02560_y83840.png,0.4597,598.64,543.1,604.11,548.64
ch2_ohr_ncp_20241111T0516278303_d_img_d18_x02560_y83840.png,0.347,624.56,591.43,630.54,597.08
ch2_ohr_ncp_20241111T0516278303_d_img_d18_x02560_y83840.png,0.3351,622.58,457.96,629.91,464.69
ch2_ohr_ncp_20241111T0516278303_d_img_d18_x02560_y83840.png,0.3057,550.41,563.35,555.03,568.08
ch2_ohr_ncp_20241111T0516278303_d_img_d18_x02560_y83840.png,0.2806,531.11,579.08,537.37,587.13
ch2_ohr_ncp_20241111T0516278303_d_img_d18_x02560_y83840.png,0.2688,592.69,635.95,601.45,639.8
ch2_ohr_ncp_20241111T0516278303_d_img_d18_x02560_y83840.png,0.2107,506.22,529.14,514.04,536.85
ch2_ohr_ncp_20241111T0516278303_d_img_d18_x02560_y83840.png,0.2093,534.54,421.28,540.01,428.01
ch2_ohr_ncp_20241111T0516278303_d_img_d18_x02560_y84480.png,0.718,574.31,102.35,585.33,114.39
ch2_ohr_ncp_20241111T0516278303_d_img_d18_x02560_y84480.png,0.6497,514.26,155.4,518.86,160.35
ch2_ohr_ncp_20241111T0516278303_d_img_d18_x02560_y84480.png,0.632,628.15,184.71,638.84,198.96
ch2_ohr_ncp_20241111T0516278303_d_img_d18_x02560_y84480.png,0.5922,612.68,437.76,626.67,453.36
ch2_ohr_ncp_20241111T0516278303_d_img_d18_x02560_y84480.png,0.5213,610.81,282.95,616.77,288.71
ch2_ohr_ncp_20241111T0516278303_d_img_d18_x02560_y84480.png,0.5105,615.75,43.24,623.19,50.44
ch2_ohr_ncp_20241111T0516278303_d_img_d18_x02560_y84480.png,0.5039,628.63,572.73,636.66,580.71
ch2_ohr_ncp_20241111T0516278303_d_img_d18_x02560_y84480.png,0.4823,592.33,554.06,599.9,561.9
ch2_ohr_ncp_20241111T0516278303_d_img_d18_x02560_y84480.png,0.4422,607.52,515.7,612.79,520.52
ch2_ohr_ncp_20241111T0516278303_d_img_d18_x02560_y84480.png,0.4398,537.02,2.9,584.82,49.65
ch2_ohr_ncp_20241111T0516278303_d_img_d18_x02560_y84480.png,0.4341,559.02,345.42,564.58,350.82
ch2_ohr_ncp_20241111T0516278303_d_img_d18_x02560_y84480.png,0.4329,573.73,103.35,583.57,116.01
ch2_ohr_ncp_20241111T0516278303_d_img_d18_x02560_y84480.png,0.4291,443.4,601.23,447.78,606.32
ch2_ohr_ncp_20241111T0516278303_d_img_d18_x02560_y84480.png,0.4222,585.37,588.0,591.72,594.67
ch2_ohr_ncp_20241111T0516278303_d_img_d18_x02560_y84480.png,0.3917,579.35,432.83,584.48,438.06
ch2_ohr_ncp_20241111T0516278303_d_img_d18_x02560_y84480.png,0.3836,632.09,462.13,639.62,470.02
ch2_ohr_ncp_20241111T0516278303_d_img_d18_x02560_y84480.png,0.3833,526.46,69.8,534.49,76.81
ch2_ohr_ncp_20241111T0516278303_d_img_d18_x02560_y84480.png,0.3784,355.52,429.01,361.03,437.23
ch2_ohr_ncp_20241111T0516278303_d_img_d18_x02560_y84480.png,0.3636,537.36,70.98,541.73,76.4
ch2_ohr_ncp_20241111T0516278303_d_img_d18_x02560_y84480.png,0.3548,490.67,393.68,495.21,398.07
ch2_ohr_ncp_20241111T0516278303_d_img_d18_x02560_y84480.png,0.3529,373.76,331.56,380.46,338.52
ch2_ohr_ncp_20241111T0516278303_d_img_d18_x02560_y84480.png,0.3511,454.25,565.41,459.44,570.19
ch2_ohr_ncp_20241111T0516278303_d_img_d18_x02560_y84480.png,0.3503,349.79,467.26,356.02,473.63
ch2_ohr_ncp_20241111T0516278303_d_img_d18_x02560_y84480.png,0.3496,555.99,106.28,564.49,112.95
ch2_ohr_ncp_20241111T0516278303_d_img_d18_x02560_y84480.png,0.3448,400.73,442.83,408.41,449.6
ch2_ohr_ncp_20241111T0516278303_d_img_d18_x02560_y84480.png,0.3353,549.81,423.04,554.46,428.3
ch2_ohr_ncp_20241111T0516278303_d_img_d18_x02560_y84480.png,0.3352,429.79,147.63,436.0,152.53
ch2_ohr_ncp_20241111T0516278303_d_img_d18_x02560_y84480.png,0.3325,627.77,505.84,635.01,512.95
ch2_ohr_ncp_20241111T0516278303_d_img_d18_x02560_y84480.png,0.3305,445.42,187.95,489.25,232.93
ch2_ohr_ncp_20241111T0516278303_d_img_d18_x02560_y84480.png,0.3276,539.64,411.99,544.94,417.72
ch2_ohr_ncp_20241111T0516278303_d_img_d18_x02560_y84480.png,0.3272,544.42,48.03,557.55,59.49
ch2_ohr_ncp_20241111T0516278303_d_img_d18_x02560_y84480.png,0.3263,488.2,251.55,493.4,257.03
ch2_ohr_ncp_20241111T0516278303_d_img_d18_x02560_y84480.png,0.3117,475.99,598.93,482.65,604.15
ch2_ohr_ncp_20241111T0516278303_d_img_d18_x02560_y84480.png,0.3035,463.95,598.79,468.29,604.01
ch2_ohr_ncp_20241111T0516278303_d_img_d18_x02560_y84480.png,0.2982,562.06,463.07,568.63,470.52
ch2_ohr_ncp_20241111T0516278303_d_img_d18_x02560_y84480.png,0.2726,512.56,146.96,517.14,152.47
ch2_ohr_ncp_20241111T0516278303_d_img_d18_x02560_y84480.png,0.2626,394.51,585.39,401.47,593.74
ch2_ohr_ncp_20241111T0516278303_d_img_d18_x02560_y84480.png,0.2604,278.12,26.68,284.0,31.6
ch2_ohr_ncp_20241111T0516278303_d_img_d18_x02560_y84480.png,0.2521,529.2,240.49,537.11,248.01
ch2_ohr_ncp_20241111T0516278303_d_img_d18_x02560_y84480.png,0.2373,563.92,585.3,570.15,591.26
ch2_ohr_ncp_20241111T0516278303_d_img_d18_x02560_y84480.png,0.2361,443.9,609.14,448.44,614.34
ch2_ohr_ncp_20241111T0516278303_d_img_d18_x02560_y84480.png,0.2332,374.07,558.95,381.35,565.47
ch2_ohr_ncp_20241111T0516278303_d_img_d18_x02560_y84480.png,0.2278,324.57,629.83,334.07,639.09
ch2_ohr_ncp_20241111T0516278303_d_img_d18_x02560_y84480.png,0.2277,428.0,147.66,434.31,152.9
ch2_ohr_ncp_20241111T0516278303_d_img_d18_x02560_y84480.png,0.2216,290.14,615.23,296.19,621.39
ch2_ohr_ncp_20241111T0516278303_d_img_d18_x02560_y84480.png,0.2194,335.81,52.42,343.88,60.27
ch2_ohr_ncp_20241111T0516278303_d_img_d18_x02560_y84480.png,0.2121,347.89,445.89,355.47,452.04
ch2_ohr_ncp_20241111T0516278303_d_img_d18_x02560_y85120.png,0.6473,375.45,32.82,380.37,37.57
ch2_ohr_ncp_20241111T0516278303_d_img_d18_x02560_y85120.png,0.6432,407.05,30.34,419.2,43.25
ch2_ohr_ncp_20241111T0516278303_d_img_d18_x02560_y85120.png,0.5302,501.74,179.2,508.37,185.45
ch2_ohr_ncp_20241111T0516278303_d_img_d18_x02560_y85120.png,0.5283,485.71,222.55,493.3,229.03
ch2_ohr_ncp_20241111T0516278303_d_img_d18_x02560_y85120.png,0.4938,559.18,83.99,566.03,91.32
ch2_ohr_ncp_20241111T0516278303_d_img_d18_x02560_y85120.png,0.491,405.47,82.05,410.83,88.02
ch2_ohr_ncp_20241111T0516278303_d_img_d18_x02560_y85120.png,0.484,324.29,25.71,332.64,33.21
ch2_ohr_ncp_20241111T0516278303_d_img_d18_x02560_y85120.png,0.4797,446.21,257.4,453.11,262.7
ch2_ohr_ncp_20241111T0516278303_d_img_d18_x02560_y85120.png,0.4605,550.62,6.74,556.06,12.08
ch2_ohr_ncp_20241111T0516278303_d_img_d18_x02560_y85120.png,0.46,603.98,68.93,611.42,76.02
ch2_ohr_ncp_20241111T0516278303_d_img_d18_x02560_y85120.png,0.443,561.09,32.97,569.16,41.13
ch2_ohr_ncp_20241111T0516278303_d_img_d18_x02560_y85120.png,0.4169,437.34,1.62,444.99,10.24
ch2_ohr_ncp_20241111T0516278303_d_img_d18_x02560_y85120.png,0.4094,612.45,576.73,626.07,590.19
ch2_ohr_ncp_20241111T0516278303_d_img_d18_x02560_y85120.png,0.4067,633.78,13.15,638.88,20.0
ch2_ohr_ncp_20241111T0516278303_d_img_d18_x02560_y85120.png,0.3834,593.9,145.8,601.3,152.08
ch2_ohr_ncp_20241111T0516278303_d_img_d18_x02560_y85120.png,0.3573,560.97,183.39,573.24,193.92
ch2_ohr_ncp_20241111T0516278303_d_img_d18_x02560_y85120.png,0.3193,549.81,135.5,562.72,147.2
ch2_ohr_ncp_20241111T0516278303_d_img_d18_x02560_y85120.png,0.3158,604.74,68.0,612.01,75.33
ch2_ohr_ncp_20241111T0516278303_d_img_d18_x02560_y85120.png,0.3137,602.57,592.15,633.28,619.61
ch2_ohr_ncp_20241111T0516278303_d_img_d18_x02560_y85120.png,0.3019,331.1,106.98,337.81,113.16
ch2_ohr_ncp_20241111T0516278303_d_img_d18_x02560_y85120.png,0.2976,516.0,216.29,521.56,221.6
ch2_ohr_ncp_20241111T0516278303_d_img_d18_x02560_y85120.png,0.2976,405.55,82.36,412.0,87.03
ch2_ohr_ncp_20241111T0516278303_d_img_d18_x02560_y85120.png,0.297,545.44,71.77,551.24,77.17
ch2_ohr_ncp_20241111T0516278303_d_img_d18_x02560_y85120.png,0.2832,303.66,19.93,311.28,28.19
ch2_ohr_ncp_20241111T0516278303_d_img_d18_x02560_y85120.png,0.2799,634.41,109.76,639.1,116.0
ch2_ohr_ncp_20241111T0516278303_d_img_d18_x02560_y85120.png,0.2687,520.36,106.59,539.18,122.39
ch2_ohr_ncp_20241111T0516278303_d_img_d18_x02560_y85120.png,0.2672,411.41,139.79,417.36,144.72
ch2_ohr_ncp_20241111T0516278303_d_img_d18_x02560_y85120.png,0.2659,563.58,59.05,568.02,63.24
ch2_ohr_ncp_20241111T0516278303_d_img_d18_x02560_y85120.png,0.2602,398.23,101.51,404.69,108.78
ch2_ohr_ncp_20241111T0516278303_d_img_d18_x02560_y85120.png,0.242,517.06,215.95,522.15,221.03
ch2_ohr_ncp_20241111T0516278303_d_img_d18_x02560_y85120.png,0.241,559.84,84.62,568.01,90.98
ch2_ohr_ncp_20241111T0516278303_d_img_d18_x02560_y85120.png,0.2384,347.89,135.22,353.17,140.53
ch2_ohr_ncp_20241111T0516278303_d_img_d18_x02560_y85120.png,0.2359,429.83,51.9,436.0,56.69
ch2_ohr_ncp_20241111T0516278303_d_img_d18_x02560_y85120.png,0.2293,612.68,14.9,625.8,27.68
ch2_ohr_ncp_20241111T0516278303_d_img_d18_x02560_y85120.png,0.2255,359.64,120.83,364.96,125.93
ch2_ohr_ncp_20241111T0516278303_d_img_d18_x02560_y85120.png,0.221,465.83,97.51,471.1,103.1
ch2_ohr_ncp_20241111T0516278303_d_img_d18_x02560_y85120.png,0.216,479.48,270.06,488.21,280.01
ch2_ohr_ncp_20241111T0516278303_d_img_d18_x02560_y85120.png,0.2071,396.0,102.14,403.56,108.68
ch2_ohr_ncp_20241111T0516278303_d_img_d18_x02560_y85120.png,0.2048,355.09,178.79,362.81,185.61
ch2_ohr_ncp_20241111T0516278303_d_img_d18_x02560_y85120.png,0.2002,348.31,155.48,356.96,165.62
ch2_ohr_ncp_20241111T0516278303_d_img_d18_x02560_y85760.png,0.6056,584.24,91.99,589.04,98.4
ch2_ohr_ncp_20241111T0516278303_d_img_d18_x02560_y85760.png,0.5979,467.86,107.91,473.13,113.85
ch2_ohr_ncp_20241111T0516278303_d_img_d18_x02560_y85760.png,0.5136,464.33,238.02,480.78,257.23
ch2_ohr_ncp_20241111T0516278303_d_img_d18_x02560_y85760.png,0.5031,618.33,633.21,623.08,638.15
ch2_ohr_ncp_20241111T0516278303_d_img_d18_x02560_y85760.png,0.4778,568.27,14.98,574.11,21.25
ch2_ohr_ncp_20241111T0516278303_d_img_d18_x02560_y85760.png,0.4292,634.1,113.09,639.17,118.12
ch2_ohr_ncp_20241111T0516278303_d_img_d18_x02560_y85760.png,0.3891,634.05,503.52,639.59,509.4
ch2_ohr_ncp_20241111T0516278303_d_img_d18_x02560_y85760.png,0.3648,514.9,489.53,519.75,493.63
ch2_ohr_ncp_20241111T0516278303_d_img_d18_x02560_y85760.png,0.3466,620.76,131.96,628.25,138.29
ch2_ohr_ncp_20241111T0516278303_d_img_d18_x02560_y85760.png,0.3328,513.7,345.59,519.95,352.16
ch2_ohr_ncp_20241111T0516278303_d_img_d18_x02560_y85760.png,0.3184,404.77,283.05,412.1,289.53
ch2_ohr_ncp_20241111T0516278303_d_img_d18_x02560_y85760.png,0.3182,502.58,386.5,509.31,393.13
ch2_ohr_ncp_20241111T0516278303_d_img_d18_x02560_y85760.png,0.3126,557.43,0.0,569.62,5.12
ch2_ohr_ncp_20241111T0516278303_d_img_d18_x02560_y85760.png,0.3057,582.5,227.62,587.22,233.31
ch2_ohr_ncp_20241111T0516278303_d_img_d18_x02560_y85760.png,0.2973,583.19,227.75,588.19,233.63
ch2_ohr_ncp_20241111T0516278303_d_img_d18_x02560_y85760.png,0.2861,246.22,524.0,252.02,530.18
ch2_ohr_ncp_20241111T0516278303_d_img_d18_x02560_y85760.png,0.271,235.7,517.22,240.75,524.0
ch2_ohr_ncp_20241111T0516278303_d_img_d18_x02560_y85760.png,0.2609,235.84,515.94,241.18,522.61
ch2_ohr_ncp_20241111T0516278303_d_img_d18_x02560_y85760.png,0.2574,504.71,459.81,512.62,467.42
ch2_ohr_ncp_20241111T0516278303_d_img_d18_x02560_y85760.png,0.2509,503.29,297.87,513.56,306.29
ch2_ohr_ncp_20241111T0516278303_d_img_d18_x02560_y85760.png,0.2439,584.27,92.79,588.76,100.0
ch2_ohr_ncp_20241111T0516278303_d_img_d18_x02560_y85760.png,0.2435,590.1,283.23,596.0,287.71
ch2_ohr_ncp_20241111T0516278303_d_img_d18_x02560_y85760.png,0.236,600.89,414.43,624.75,433.81
ch2_ohr_ncp_20241111T0516278303_d_img_d18_x02560_y85760.png,0.236,617.58,467.87,623.38,473.62
ch2_ohr_ncp_20241111T0516278303_d_img_d18_x02560_y85760.png,0.2212,556.92,451.43,564.0,457.93
ch2_ohr_ncp_20241111T0516278303_d_img_d18_x02560_y86400.png,0.2187,598.19,21.51,604.89,28.61
ch2_ohr_ncp_20241111T0516278303_d_img_d18_x02560_y87040.png,0.4528,597.92,190.59,606.24,199.38
ch2_ohr_ncp_20241111T0516278303_d_img_d18_x02560_y87040.png,0.3716,262.32,89.23,268.01,93.79
ch2_ohr_ncp_20241111T0516278303_d_img_d18_x02560_y87040.png,0.351,263.06,75.8,268.52,81.05
ch2_ohr_ncp_20241111T0516278303_d_img_d18_x02560_y87040.png,0.3237,305.23,73.88,309.35,77.8
ch2_ohr_ncp_20241111T0516278303_d_img_d18_x02560_y87040.png,0.3125,592.56,449.24,598.81,457.06
ch2_ohr_ncp_20241111T0516278303_d_img_d18_x02560_y87040.png,0.287,603.17,203.99,608.64,210.17
ch2_ohr_ncp_20241111T0516278303_d_img_d18_x02560_y87040.png,0.2815,622.31,531.97,628.03,537.11
ch2_ohr_ncp_20241111T0516278303_d_img_d18_x02560_y87040.png,0.2605,554.06,490.09,559.99,495.81
ch2_ohr_ncp_20241111T0516278303_d_img_d18_x02560_y87040.png,0.2296,574.36,379.98,580.0,384.54
ch2_ohr_ncp_20241111T0516278303_d_img_d18_x02560_y87040.png,0.223,259.92,25.34,285.72,57.03
ch2_ohr_ncp_20241111T0516278303_d_img_d18_x02560_y87040.png,0.2223,579.98,197.56,586.66,204.54
ch2_ohr_ncp_20241111T0516278303_d_img_d18_x02560_y87040.png,0.2125,635.42,208.1,639.51,213.33
ch2_ohr_ncp_20241111T0516278303_d_img_d18_x02560_y87040.png,0.2106,590.87,242.56,596.01,246.84
ch2_ohr_ncp_20241111T0516278303_d_img_d18_x02560_y87040.png,0.2042,536.0,494.13,541.02,500.15
ch2_ohr_ncp_20241111T0516278303_d_img_d18_x02560_y87040.png,0.2042,592.33,208.83,597.64,213.58
ch2_ohr_ncp_20241111T0516278303_d_img_d18_x02560_y87680.png,0.2492,488.16,26.04,494.0,32.06
ch2_ohr_ncp_20241111T0516278303_d_img_d18_x02560_y87680.png,0.2104,551.67,15.58,557.31,21.26
ch2_ohr_ncp_20241111T0516278303_d_img_d18_x03200_y73600.png,0.2042,289.12,172.11,354.76,254.46
ch2_ohr_ncp_20241111T0516278303_d_img_d18_x03200_y74240.png,0.3435,544.17,630.1,549.1,636.01
ch2_ohr_ncp_20241111T0516278303_d_img_d18_x03200_y74240.png,0.3378,591.72,599.13,596.61,604.03
ch2_ohr_ncp_20241111T0516278303_d_img_d18_x03200_y74240.png,0.3017,621.52,556.0,628.0,562.35
ch2_ohr_ncp_20241111T0516278303_d_img_d18_x03200_y74240.png,0.2894,579.99,607.93,584.95,612.15
ch2_ohr_ncp_20241111T0516278303_d_img_d18_x03200_y74240.png,0.2667,467.94,527.49,473.21,532.28
ch2_ohr_ncp_20241111T0516278303_d_img_d18_x03200_y74240.png,0.2469,519.13,603.97,527.98,612.26
ch2_ohr_ncp_20241111T0516278303_d_img_d18_x03200_y74240.png,0.2341,590.88,523.03,596.79,529.87
ch2_ohr_ncp_20241111T0516278303_d_img_d18_x03200_y74240.png,0.2231,510.78,603.93,517.18,610.47
ch2_ohr_ncp_20241111T0516278303_d_img_d18_x03200_y74880.png,0.2835,580.12,437.58,587.23,446.47
ch2_ohr_ncp_20241111T0516278303_d_img_d18_x03200_y74880.png,0.2377,536.01,619.34,541.64,625.17
ch2_ohr_ncp_20241111T0516278303_d_img_d18_x03200_y75520.png,0.4023,613.46,542.88,620.58,549.83
ch2_ohr_ncp_20241111T0516278303_d_img_d18_x03200_y75520.png,0.3905,597.9,616.49,604.01,622.17
ch2_ohr_ncp_20241111T0516278303_d_img_d18_x03200_y75520.png,0.2726,609.83,578.05,615.16,583.07
ch2_ohr_ncp_20241111T0516278303_d_img_d18_x03200_y76160.png,0.3404,611.97,392.67,617.97,398.59
ch2_ohr_ncp_20241111T0516278303_d_img_d18_x03200_y76160.png,0.333,610.25,634.61,616.16,639.34
ch2_ohr_ncp_20241111T0516278303_d_img_d18_x03200_y76160.png,0.3172,561.49,600.8,572.15,609.9
ch2_ohr_ncp_20241111T0516278303_d_img_d18_x03200_y76160.png,0.2861,566.77,394.19,573.17,399.77
ch2_ohr_ncp_20241111T0516278303_d_img_d18_x03200_y76160.png,0.2746,594.53,557.37,604.47,568.01
ch2_ohr_ncp_20241111T0516278303_d_img_d18_x03200_y76160.png,0.2587,613.06,325.75,618.72,331.9
ch2_ohr_ncp_20241111T0516278303_d_img_d18_x03200_y76160.png,0.2257,517.7,364.0,524.01,369.99
ch2_ohr_ncp_20241111T0516278303_d_img_d18_x03200_y76160.png,0.2023,542.84,438.72,548.03,444.0
ch2_ohr_ncp_20241111T0516278303_d_img_d18_x03200_y76800.png,0.5841,435.49,184.17,440.62,189.59
ch2_ohr_ncp_20241111T0516278303_d_img_d18_x03200_y76800.png,0.5237,413.61,170.48,421.62,178.37
ch2_ohr_ncp_20241111T0516278303_d_img_d18_x03200_y76800.png,0.4876,619.89,166.59,626.9,172.86
ch2_ohr_ncp_20241111T0516278303_d_img_d18_x03200_y76800.png,0.4724,383.5,395.22,393.97,404.12
ch2_ohr_ncp_20241111T0516278303_d_img_d18_x03200_y76800.png,0.4625,555.52,139.99,560.81,145.59
ch2_ohr_ncp_20241111T0516278303_d_img_d18_x03200_y76800.png,0.441,565.68,467.84,572.03,473.46
ch2_ohr_ncp_20241111T0516278303_d_img_d18_x03200_y76800.png,0.3727,598.59,470.97,604.18,476.63
ch2_ohr_ncp_20241111T0516278303_d_img_d18_x03200_y76800.png,0.3614,557.61,483.8,564.06,489.9
ch2_ohr_ncp_20241111T0516278303_d_img_d18_x03200_y76800.png,0.354,536.07,608.16,541.65,613.39
ch2_ohr_ncp_20241111T0516278303_d_img_d18_x03200_y76800.png,0.3437,599.29,240.3,609.49,251.09
ch2_ohr_ncp_20241111T0516278303_d_img_d18_x03200_y76800.png,0.3407,553.8,0.0,561.37,5.46
ch2_ohr_ncp_20241111T0516278303_d_img_d18_x03200_y76800.png,0.3343,567.64,491.62,573.1,497.15
ch2_ohr_ncp_20241111T0516278303_d_img_d18_x03200_y76800.png,0.3237,455.35,258.07,460.67,262.7
ch2_ohr_ncp_20241111T0516278303_d_img_d18_x03200_y76800.png,0.3224,278.96,604.27,289.6,615.06
ch2_ohr_ncp_20241111T0516278303_d_img_d18_x03200_y76800.png,0.3006,421.25,309.5,427.04,314.54
ch2_ohr_ncp_20241111T0516278303_d_img_d18_x03200_y76800.png,0.2962,583.33,32.1,610.45,55.56
ch2_ohr_ncp_20241111T0516278303_d_img_d18_x03200_y76800.png,0.2838,552.04,19.98,559.32,26.92
ch2_ohr_ncp_20241111T0516278303_d_img_d18_x03200_y76800.png,0.2768,420.98,266.77,428.0,272.09
ch2_ohr_ncp_20241111T0516278303_d_img_d18_x03200_y76800.png,0.2687,489.53,523.96,523.71,559.19
ch2_ohr_ncp_20241111T0516278303_d_img_d18_x03200_y76800.png,0.2451,495.57,359.99,501.36,365.52
ch2_ohr_ncp_20241111T0516278303_d_img_d18_x03200_y76800.png,0.2399,443.74,96.15,452.56,103.88
ch2_ohr_ncp_20241111T0516278303_d_img_d18_x03200_y76800.png,0.2158,368.29,331.86,375.21,337.95
ch2_ohr_ncp_20241111T0516278303_d_img_d18_x03200_y76800.png,0.2129,420.0,266.72,426.43,271.76
ch2_ohr_ncp_20241111T0516278303_d_img_d18_x03200_y76800.png,0.2096,412.42,627.87,423.33,638.05
ch2_ohr_ncp_20241111T0516278303_d_img_d18_x03200_y77440.png,0.7037,603.96,296.5,611.77,304.51
ch2_ohr_ncp_20241111T0516278303_d_img_d18_x03200_y77440.png,0.5704,461.99,105.34,468.41,111.54
ch2_ohr_ncp_20241111T0516278303_d_img_d18_x03200_y77440.png,0.538,555.94,24.13,561.87,30.02
ch2_ohr_ncp_20241111T0516278303_d_img_d18_x03200_y77440.png,0.5227,283.8,108.0,289.13,114.35
ch2_ohr_ncp_20241111T0516278303_d_img_d18_x03200_y77440.png,0.4014,315.98,272.7,322.3,279.54
ch2_ohr_ncp_20241111T0516278303_d_img_d18_x03200_y77440.png,0.3962,533.05,627.99,540.0,634.2
ch2_ohr_ncp_20241111T0516278303_d_img_d18_x03200_y77440.png,0.3954,463.88,86.69,469.31,93.06
ch2_ohr_ncp_20241111T0516278303_d_img_d18_x03200_y77440.png,0.395,453.88,395.88,464.0,407.48
ch2_ohr_ncp_20241111T0516278303_d_img_d18_x03200_y77440.png,0.3925,445.44,435.99,452.01,442.29
ch2_ohr_ncp_20241111T0516278303_d_img_d18_x03200_y77440.png,0.3571,435.03,210.35,440.36,215.61
ch2_ohr_ncp_20241111T0516278303_d_img_d18_x03200_y77440.png,0.3531,504.78,256.8,509.82,261.55
ch2_ohr_ncp_20241111T0516278303_d_img_d18_x03200_y77440.png,0.3469,527.47,343.17,536.83,352.89
ch2_ohr_ncp_20241111T0516278303_d_img_d18_x03200_y77440.png,0.345,570.96,178.21,580.21,188.21
ch2_ohr_ncp_20241111T0516278303_d_img_d18_x03200_y77440.png,0.3307,580.6,314.15,588.72,323.41
ch2_ohr_ncp_20241111T0516278303_d_img_d18_x03200_y77440.png,0.3045,543.11,36.0,548.13,42.45
ch2_ohr_ncp_20241111T0516278303_d_img_d18_x03200_y77440.png,0.2961,399.11,420.0,404.0,425.22
ch2_ohr_ncp_20241111T0516278303_d_img_d18_x03200_y77440.png,0.2922,335.7,334.99,340.46,340.06
ch2_ohr_ncp_20241111T0516278303_d_img_d18_x03200_y77440.png,0.287,518.66,430.6,524.01,436.03
ch2_ohr_ncp_20241111T0516278303_d_img_d18_x03200_y77440.png,0.2828,541.85,59.64,548.02,65.46
ch2_ohr_ncp_20241111T0516278303_d_img_d18_x03200_y77440.png,0.2787,615.38,255.13,621.97,262.7
ch2_ohr_ncp_20241111T0516278303_d_img_d18_x03200_y77440.png,0.2745,349.94,233.08,356.0,238.12
ch2_ohr_ncp_20241111T0516278303_d_img_d18_x03200_y77440.png,0.2721,464.4,490.37,470.33,496.36
ch2_ohr_ncp_20241111T0516278303_d_img_d18_x03200_y77440.png,0.2686,434.56,165.53,441.45,171.76
ch2_ohr_ncp_20241111T0516278303_d_img_d18_x03200_y77440.png,0.2607,530.65,240.37,535.32,245.12
ch2_ohr_ncp_20241111T0516278303_d_img_d18_x03200_y77440.png,0.2579,526.62,147.0,534.68,156.07
ch2_ohr_ncp_20241111T0516278303_d_img_d18_x03200_y77440.png,0.255,560.0,633.51,566.11,639.31
ch2_ohr_ncp_20241111T0516278303_d_img_d18_x03200_y77440.png,0.2521,358.31,174.79,364.01,180.02
ch2_ohr_ncp_20241111T0516278303_d_img_d18_x03200_y77440.png,0.2502,551.76,7.5,558.08,11.8
ch2_ohr_ncp_20241111T0516278303_d_img_d18_x03200_y77440.png,0.2391,531.19,342.1,540.09,349.99
ch2_ohr_ncp_20241111T0516278303_d_img_d18_x03200_y77440.png,0.2323,584.12,483.99,588.14,488.52
ch2_ohr_ncp_20241111T0516278303_d_img_d18_x03200_y77440.png,0.2309,444.0,435.99,451.01,442.19
ch2_ohr_ncp_20241111T0516278303_d_img_d18_x03200_y77440.png,0.2213,580.17,532.24,585.25,537.54
ch2_ohr_ncp_20241111T0516278303_d_img_d18_x03200_y77440.png,0.2209,501.91,185.67,508.0,190.31
ch2_ohr_ncp_20241111T0516278303_d_img_d18_x03200_y77440.png,0.2188,336.05,279.02,343.03,286.05
ch2_ohr_ncp_20241111T0516278303_d_img_d18_x03200_y77440.png,0.2171,445.84,436.71,452.01,444.02
ch2_ohr_ncp_20241111T0516278303_d_img_d18_x03200_y77440.png,0.2166,518.54,183.64,524.05,188.52
ch2_ohr_ncp_20241111T0516278303_d_img_d18_x03200_y77440.png,0.2147,472.3,395.99,477.87,402.53
ch2_ohr_ncp_20241111T0516278303_d_img_d18_x03200_y77440.png,0.2119,418.99,27.16,423.62,32.33
ch2_ohr_ncp_20241111T0516278303_d_img_d18_x03200_y77440.png,0.2119,549.85,373.67,554.78,378.63
ch2_ohr_ncp_20241111T0516278303_d_img_d18_x03200_y77440.png,0.2095,514.89,342.44,522.05,350.24
ch2_ohr_ncp_20241111T0516278303_d_img_d18_x03200_y77440.png,0.2042,405.81,491.57,412.0,496.51
ch2_ohr_ncp_20241111T0516278303_d_img_d18_x03200_y77440.png,0.2038,345.57,70.64,353.72,78.84
ch2_ohr_ncp_20241111T0516278303_d_img_d18_x03200_y77440.png,0.2011,580.86,312.0,588.82,322.32
ch2_ohr_ncp_20241111T0516278303_d_img_d18_x03200_y77440.png,0.2007,199.75,101.11,205.26,106.54
ch2_ohr_ncp_20241111T0516278303_d_img_d18_x03200_y78080.png,0.4487,609.29,292.0,613.37,297.27
ch2_ohr_ncp_20241111T0516278303_d_img_d18_x03200_y78080.png,0.4206,619.44,367.9,625.39,373.41
ch2_ohr_ncp_20241111T0516278303_d_img_d18_x03200_y78080.png,0.3541,451.24,171.96,455.67,178.05
ch2_ohr_ncp_20241111T0516278303_d_img_d18_x03200_y78080.png,0.3217,585.68,312.02,591.05,316.97
ch2_ohr_ncp_20241111T0516278303_d_img_d18_x03200_y78080.png,0.2961,491.4,265.53,500.0,272.72
ch2_ohr_ncp_20241111T0516278303_d_img_d18_x03200_y78080.png,0.2797,523.44,322.24,532.71,332.64
ch2_ohr_ncp_20241111T0516278303_d_img_d18_x03200_y78080.png,0.2729,610.05,293.14,616.01,297.19
ch2_ohr_ncp_20241111T0516278303_d_img_d18_x03200_y78080.png,0.2491,555.98,256.54,561.73,261.54
ch2_ohr_ncp_20241111T0516278303_d_img_d18_x03200_y78080.png,0.2368,583.25,136.86,589.77,142.57
ch2_ohr_ncp_20241111T0516278303_d_img_d18_x03200_y78080.png,0.2361,470.44,427.59,476.91,434.45
ch2_ohr_ncp_20241111T0516278303_d_img_d18_x03200_y78080.png,0.2269,599.97,180.68,606.33,186.49
ch2_ohr_ncp_20241111T0516278303_d_img_d18_x03200_y78080.png,0.21,487.91,97.56,494.15,103.85
ch2_ohr_ncp_20241111T0516278303_d_img_d18_x03200_y78720.png,0.3519,455.82,596.64,463.52,604.13
ch2_ohr_ncp_20241111T0516278303_d_img_d18_x03200_y78720.png,0.3129,489.79,611.22,494.26,616.25
ch2_ohr_ncp_20241111T0516278303_d_img_d18_x03200_y78720.png,0.2176,453.8,586.17,460.58,592.5
ch2_ohr_ncp_20241111T0516278303_d_img_d18_x03200_y79360.png,0.4778,597.78,297.07,604.0,302.86
ch2_ohr_ncp_20241111T0516278303_d_img_d18_x03200_y79360.png,0.3463,576.91,320.45,585.12,328.04
ch2_ohr_ncp_20241111T0516278303_d_img_d18_x03200_y79360.png,0.3421,603.97,412.0,609.2,418.4
ch2_ohr_ncp_20241111T0516278303_d_img_d18_x03200_y79360.png,0.3164,603.68,413.8,608.7,420.0
ch2_ohr_ncp_20241111T0516278303_d_img_d18_x03200_y79360.png,0.2624,618.71,399.94,624.21,405.24
ch2_ohr_ncp_20241111T0516278303_d_img_d18_x03200_y79360.png,0.2511,598.2,296.0,602.92,302.71
ch2_ohr_ncp_20241111T0516278303_d_img_d18_x03200_y79360.png,0.2506,17.76,562.87,24.96,571.38
ch2_ohr_ncp_20241111T0516278303_d_img_d18_x03200_y79360.png,0.2481,583.09,461.19,588.95,468.0
ch2_ohr_ncp_20241111T0516278303_d_img_d18_x03200_y79360.png,0.2476,416.12,256.44,422.73,262.61
ch2_ohr_ncp_20241111T0516278303_d_img_d18_x03200_y79360.png,0.2423,11.86,542.42,17.41,548.02
ch2_ohr_ncp_20241111T0516278303_d_img_d18_x03200_y79360.png,0.2358,273.48,74.0,279.0,80.03
ch2_ohr_ncp_20241111T0516278303_d_img_d18_x03200_y79360.png,0.2332,478.69,395.21,484.01,400.39
ch2_ohr_ncp_20241111T0516278303_d_img_d18_x03200_y79360.png,0.2252,583.13,460.0,589.02,466.71
ch2_ohr_ncp_20241111T0516278303_d_img_d18_x03200_y79360.png,0.2147,632.91,443.99,638.83,450.15
ch2_ohr_ncp_20241111T0516278303_d_img_d18_x03200_y79360.png,0.2108,621.24,284.09,628.42,292.5
ch2_ohr_ncp_20241111T0516278303_d_img_d18_x03200_y79360.png,0.2095,27.76,560.35,33.39,565.97
ch2_ohr_ncp_20241111T0516278303_d_img_d18_x03200_y79360.png,0.2012,391.97,7.14,398.73,16.38
ch2_ohr_ncp_20241111T0516278303_d_img_d18_x03200_y80640.png,0.5578,19.07,579.96,26.33,586.82
ch2_ohr_ncp_20241111T0516278303_d_img_d18_x03200_y80640.png,0.5124,535.53,121.34,544.43,129.32
ch2_ohr_ncp_20241111T0516278303_d_img_d18_x03200_y80640.png,0.4309,592.52,251.3,598.46,257.93
ch2_ohr_ncp_20241111T0516278303_d_img_d18_x03200_y80640.png,0.4116,41.72,499.95,47.27,505.58
ch2_ohr_ncp_20241111T0516278303_d_img_d18_x03200_y80640.png,0.3663,610.1,121.47,615.66,127.46
ch2_ohr_ncp_20241111T0516278303_d_img_d18_x03200_y80640.png,0.3541,39.96,631.87,46.81,638.63
ch2_ohr_ncp_20241111T0516278303_d_img_d18_x03200_y80640.png,0.3333,19.91,579.77,28.0,586.49
ch2_ohr_ncp_20241111T0516278303_d_img_d18_x03200_y80640.png,0.3308,67.35,462.99,72.97,469.21
ch2_ohr_ncp_20241111T0516278303_d_img_d18_x03200_y80640.png,0.3274,209.44,573.51,219.75,582.39
ch2_ohr_ncp_20241111T0516278303_d_img_d18_x03200_y80640.png,0.3271,72.52,472.36,77.57,478.06
ch2_ohr_ncp_20241111T0516278303_d_img_d18_x03200_y80640.png,0.2946,502.99,118.87,508.01,124.0
ch2_ohr_ncp_20241111T0516278303_d_img_d18_x03200_y80640.png,0.2847,516.24,171.92,524.0,178.41
ch2_ohr_ncp_20241111T0516278303_d_img_d18_x03200_y80640.png,0.2782,591.67,362.85,597.94,369.68
ch2_ohr_ncp_20241111T0516278303_d_img_d18_x03200_y80640.png,0.2646,38.74,6.63,44.54,12.51
ch2_ohr_ncp_20241111T0516278303_d_img_d18_x03200_y80640.png,0.2492,16.04,461.8,21.82,468.0
ch2_ohr_ncp_20241111T0516278303_d_img_d18_x03200_y80640.png,0.2452,478.14,128.58,484.0,132.85
ch2_ohr_ncp_20241111T0516278303_d_img_d18_x03200_y80640.png,0.2272,82.47,591.18,88.52,597.08
ch2_ohr_ncp_20241111T0516278303_d_img_d18_x03200_y80640.png,0.2177,567.99,22.52,573.26,27.48
ch2_ohr_ncp_20241111T0516278303_d_img_d18_x03200_y80640.png,0.2131,16.87,432.04,22.99,438.27
ch2_ohr_ncp_20241111T0516278303_d_img_d18_x03200_y80640.png,0.2075,520.82,18.3,525.55,23.1
ch2_ohr_ncp_20241111T0516278303_d_img_d18_x03200_y80640.png,0.2047,62.6,517.96,68.01,524.0
ch2_ohr_ncp_20241111T0516278303_d_img_d18_x03200_y81280.png,0.2428,151.74,59.99,159.72,67.73
ch2_ohr_ncp_20241111T0516278303_d_img_d18_x03200_y82560.png,0.6687,31.57,97.01,36.58,102.55
ch2_ohr_ncp_20241111T0516278303_d_img_d18_x03200_y82560.png,0.5279,51.57,37.27,57.01,43.11
ch2_ohr_ncp_20241111T0516278303_d_img_d18_x03200_y82560.png,0.4915,40.74,527.0,47.52,533.65
ch2_ohr_ncp_20241111T0516278303_d_img_d18_x03200_y82560.png,0.4753,50.73,37.28,56.34,44.0
ch2_ohr_ncp_20241111T0516278303_d_img_d18_x03200_y82560.png,0.4149,0.01,521.68,4.93,526.83
ch2_ohr_ncp_20241111T0516278303_d_img_d18_x03200_y82560.png,0.3953,108.0,16.84,113.58,21.53
ch2_ohr_ncp_20241111T0516278303_d_img_d18_x03200_y82560.png,0.3841,0.05,564.69,5.76,574.9
ch2_ohr_ncp_20241111T0516278303_d_img_d18_x03200_y82560.png,0.3813,371.93,30.11,378.98,36.75
ch2_ohr_ncp_20241111T0516278303_d_img_d18_x03200_y82560.png,0.3372,60.0,517.6,68.13,526.12
ch2_ohr_ncp_20241111T0516278303_d_img_d18_x03200_y82560.png,0.3214,51.52,520.2,56.99,526.34
ch2_ohr_ncp_20241111T0516278303_d_img_d18_x03200_y82560.png,0.2971,287.41,281.87,293.55,289.32
ch2_ohr_ncp_20241111T0516278303_d_img_d18_x03200_y82560.png,0.2908,351.1,0.0,361.8,8.4
ch2_ohr_ncp_20241111T0516278303_d_img_d18_x03200_y82560.png,0.2852,1.59,611.93,7.39,617.16
ch2_ohr_ncp_20241111T0516278303_d_img_d18_x03200_y82560.png,0.2615,17.85,586.19,22.88,591.06
ch2_ohr_ncp_20241111T0516278303_d_img_d18_x03200_y82560.png,0.2457,180.0,74.97,186.12,80.19
ch2_ohr_ncp_20241111T0516278303_d_img_d18_x03200_y82560.png,0.2454,278.86,100.81,286.23,108.53
ch2_ohr_ncp_20241111T0516278303_d_img_d18_x03200_y82560.png,0.2391,181.45,75.06,188.0,80.32
ch2_ohr_ncp_20241111T0516278303_d_img_d18_x03200_y82560.png,0.2363,82.72,322.07,89.04,328.47
ch2_ohr_ncp_20241111T0516278303_d_img_d18_x03200_y82560.png,0.23,213.92,369.33,220.01,375.19
ch2_ohr_ncp_20241111T0516278303_d_img_d18_x03200_y82560.png,0.2131,181.52,0.0,188.0,4.03
ch2_ohr_ncp_20241111T0516278303_d_img_d18_x03200_y82560.png,0.2092,179.99,0.01,186.24,4.07
ch2_ohr_ncp_20241111T0516278303_d_img_d18_x03200_y82560.png,0.2042,57.58,421.63,63.7,428.07
ch2_ohr_ncp_20241111T0516278303_d_img_d18_x03200_y82560.png,0.203,187.99,376.96,192.59,382.55
ch2_ohr_ncp_20241111T0516278303_d_img_d18_x03200_y82560.png,0.2023,268.82,206.21,277.05,213.7
ch2_ohr_ncp_20241111T0516278303_d_img_d18_x03200_y82560.png,0.2005,109.92,336.69,127.02,355.13
ch2_ohr_ncp_20241111T0516278303_d_img_d18_x03200_y83200.png,0.7227,602.34,265.35,607.53,270.74
ch2_ohr_ncp_20241111T0516278303_d_img_d18_x03200_y83200.png,0.6664,633.18,46.59,639.21,53.25
ch2_ohr_ncp_20241111T0516278303_d_img_d18_x03200_y83200.png,0.6539,613.15,202.96,620.19,210.01
ch2_ohr_ncp_20241111T0516278303_d_img_d18_x03200_y83200.png,0.647,615.26,99.48,621.01,104.81
ch2_ohr_ncp_20241111T0516278303_d_img_d18_x03200_y83200.png,0.6309,598.25,44.98,604.04,52.0
ch2_ohr_ncp_20241111T0516278303_d_img_d18_x03200_y83200.png,0.6033,343.09,257.87,349.54,263.06
ch2_ohr_ncp_20241111T0516278303_d_img_d18_x03200_y83200.png,0.5981,586.23,315.16,593.09,321.18
ch2_ohr_ncp_20241111T0516278303_d_img_d18_x03200_y83200.png,0.5926,446.46,615.74,461.28,630.38
ch2_ohr_ncp_20241111T0516278303_d_img_d18_x03200_y83200.png,0.5826,478.19,127.06,484.01,132.15
ch2_ohr_ncp_20241111T0516278303_d_img_d18_x03200_y83200.png,0.567,601.1,128.56,606.92,134.24
ch2_ohr_ncp_20241111T0516278303_d_img_d18_x03200_y83200.png,0.5566,356.13,194.4,364.33,202.73
ch2_ohr_ncp_20241111T0516278303_d_img_d18_x03200_y83200.png,0.5514,285.72,439.51,292.22,446.73
ch2_ohr_ncp_20241111T0516278303_d_img_d18_x03200_y83200.png,0.5474,353.21,171.55,359.41,178.14
ch2_ohr_ncp_20241111T0516278303_d_img_d18_x03200_y83200.png,0.5429,586.49,233.34,593.76,241.06
ch2_ohr_ncp_20241111T0516278303_d_img_d18_x03200_y83200.png,0.5404,630.53,256.5,636.13,262.17
ch2_ohr_ncp_20241111T0516278303_d_img_d18_x03200_y83200.png,0.5399,611.97,342.01,619.06,348.7
ch2_ohr_ncp_20241111T0516278303_d_img_d18_x03200_y83200.png,0.5095,617.9,155.81,629.41,165.71
ch2_ohr_ncp_20241111T0516278303_d_img_d18_x03200_y83200.png,0.4993,599.61,343.17,604.1,348.04
ch2_ohr_ncp_20241111T0516278303_d_img_d18_x03200_y83200.png,0.4982,415.34,394.46,422.39,401.9
ch2_ohr_ncp_20241111T0516278303_d_img_d18_x03200_y83200.png,0.4897,556.18,402.28,568.1,416.31
ch2_ohr_ncp_20241111T0516278303_d_img_d18_x03200_y83200.png,0.4741,441.27,303.45,446.8,308.26
ch2_ohr_ncp_20241111T0516278303_d_img_d18_x03200_y83200.png,0.4579,470.83,66.05,476.21,71.26
ch2_ohr_ncp_20241111T0516278303_d_img_d18_x03200_y83200.png,0.4526,524.0,341.34,531.09,348.12
ch2_ohr_ncp_20241111T0516278303_d_img_d18_x03200_y83200.png,0.4459,381.45,349.22,388.03,356.01
ch2_ohr_ncp_20241111T0516278303_d_img_d18_x03200_y83200.png,0.4312,566.04,272.86,572.01,278.36
ch2_ohr_ncp_20241111T0516278303_d_img_d18_x03200_y83200.png,0.4293,627.69,239.28,632.93,244.83
ch2_ohr_ncp_20241111T0516278303_d_img_d18_x03200_y83200.png,0.42,362.86,219.28,370.69,226.78
ch2_ohr_ncp_20241111T0516278303_d_img_d18_x03200_y83200.png,0.4175,403.69,227.11,408.93,232.85
ch2_ohr_ncp_20241111T0516278303_d_img_d18_x03200_y83200.png,0.4148,558.02,91.93,564.11,97.83
ch2_ohr_ncp_20241111T0516278303_d_img_d18_x03200_y83200.png,0.4129,490.8,631.03,497.61,637.31
ch2_ohr_ncp_20241111T0516278303_d_img_d18_x03200_y83200.png,0.4121,592.82,0.0,598.19,4.15
ch2_ohr_ncp_20241111T0516278303_d_img_d18_x03200_y83200.png,0.3972,378.96,336.92,384.51,343.62
ch2_ohr_ncp_20241111T0516278303_d_img_d18_x03200_y83200.png,0.3969,266.24,597.84,274.0,604.16
ch2_ohr_ncp_20241111T0516278303_d_img_d18_x03200_y83200.png,0.3932,459.44,574.55,467.12,583.02
ch2_ohr_ncp_20241111T0516278303_d_img_d18_x03200_y83200.png,0.3921,583.93,262.99,591.1,269.31
ch2_ohr_ncp_20241111T0516278303_d_img_d18_x03200_y83200.png,0.3658,626.32,315.72,634.92,323.5
ch2_ohr_ncp_20241111T0516278303_d_img_d18_x03200_y83200.png,0.3638,426.22,15.96,432.26,22.71
ch2_ohr_ncp_20241111T0516278303_d_img_d18_x03200_y83200.png,0.357,347.99,137.97,355.44,145.61
ch2_ohr_ncp_20241111T0516278303_d_img_d18_x03200_y83200.png,0.3554,452.0,60.56,458.13,68.01
ch2_ohr_ncp_20241111T0516278303_d_img_d18_x03200_y83200.png,0.3543,594.67,358.77,604.06,366.94
ch2_ohr_ncp_20241111T0516278303_d_img_d18_x03200_y83200.png,0.3535,381.22,347.97,388.02,354.87
ch2_ohr_ncp_20241111T0516278303_d_img_d18_x03200_y83200.png,0.3513,276.0,285.98,282.58,292.13
ch2_ohr_ncp_20241111T0516278303_d_img_d18_x03200_y83200.png,0.3355,509.5,64.07,517.08,70.65
ch2_ohr_ncp_20241111T0516278303_d_img_d18_x03200_y83200.png,0.3272,373.5,557.43,380.01,564.0
ch2_ohr_ncp_20241111T0516278303_d_img_d18_x03200_y83200.png,0.3083,453.83,59.98,460.0,66.99
ch2_ohr_ncp_20241111T0516278303_d_img_d18_x03200_y83200.png,0.3075,565.3,362.17,574.48,372.18
ch2_ohr_ncp_20241111T0516278303_d_img_d18_x03200_y83200.png,0.2992,472.09,369.56,478.45,375.42
ch2_ohr_ncp_20241111T0516278303_d_img_d18_x03200_y83200.png,0.2899,279.69,310.72,284.19,316.02
ch2_ohr_ncp_20241111T0516278303_d_img_d18_x03200_y83200.png,0.2841,459.36,108.5,468.56,116.13
ch2_ohr_ncp_20241111T0516278303_d_img_d18_x03200_y83200.png,0.2833,610.19,323.99,614.58,328.82
ch2_ohr_ncp_20241111T0516278303_d_img_d18_x03200_y83200.png,0.2829,326.45,153.99,333.99,164.19
ch2_ohr_ncp_20241111T0516278303_d_img_d18_x03200_y83200.png,0.2766,407.82,367.76,415.48,377.51
ch2_ohr_ncp_20241111T0516278303_d_img_d18_x03200_y83200.png,0.2743,339.42,467.99,345.03,474.72
ch2_ohr_ncp_20241111T0516278303_d_img_d18_x03200_y83200.png,0.2684,528.43,475.57,536.11,483.54
ch2_ohr_ncp_20241111T0516278303_d_img_d18_x03200_y83200.png,0.2574,352.98,565.76,358.67,572.01
ch2_ohr_ncp_20241111T0516278303_d_img_d18_x03200_y83200.png,0.2531,610.33,324.66,616.01,328.67
ch2_ohr_ncp_20241111T0516278303_d_img_d18_x03200_y83200.png,0.2515,371.83,214.66,376.41,220.05
ch2_ohr_ncp_20241111T0516278303_d_img_d18_x03200_y83200.png,0.2507,273.13,575.8,278.55,581.19
ch2_ohr_ncp_20241111T0516278303_d_img_d18_x03200_y83200.png,0.2492,345.6,354.61,349.58,359.79
ch2_ohr_ncp_20241111T0516278303_d_img_d18_x03200_y83200.png,0.249,499.75,77.96,504.82,84.0
ch2_ohr_ncp_20241111T0516278303_d_img_d18_x03200_y83200.png,0.2463,585.85,217.18,595.88,227.59
ch2_ohr_ncp_20241111T0516278303_d_img_d18_x03200_y83200.png,0.2435,475.19,83.84,479.08,88.32
ch2_ohr_ncp_20241111T0516278303_d_img_d18_x03200_y83200.png,0.2421,369.94,445.74,375.25,452.0
ch2_ohr_ncp_20241111T0516278303_d_img_d18_x03200_y83200.png,0.2409,290.18,582.02,298.96,590.22
ch2_ohr_ncp_20241111T0516278303_d_img_d18_x03200_y83200.png,0.2363,506.26,321.66,510.56,325.58
ch2_ohr_ncp_20241111T0516278303_d_img_d18_x03200_y83200.png,0.2329,625.49,226.37,629.67,230.73
ch2_ohr_ncp_20241111T0516278303_d_img_d18_x03200_y83200.png,0.2325,224.15,333.36,228.89,340.0
ch2_ohr_ncp_20241111T0516278303_d_img_d18_x03200_y83200.png,0.2276,490.97,72.5,494.81,76.29
ch2_ohr_ncp_20241111T0516278303_d_img_d18_x03200_y83200.png,0.2266,339.06,468.84,344.46,476.0
ch2_ohr_ncp_20241111T0516278303_d_img_d18_x03200_y83200.png,0.2258,617.25,334.0,622.4,340.0
ch2_ohr_ncp_20241111T0516278303_d_img_d18_x03200_y83200.png,0.2253,530.81,425.94,536.84,435.51
ch2_ohr_ncp_20241111T0516278303_d_img_d18_x03200_y83200.png,0.2204,290.31,465.86,300.69,478.21
ch2_ohr_ncp_20241111T0516278303_d_img_d18_x03200_y83200.png,0.2035,441.4,10.33,446.31,15.27
ch2_ohr_ncp_20241111T0516278303_d_img_d18_x03200_y83200.png,0.2004,383.94,524.86,418.58,561.85
ch2_ohr_ncp_20241111T0516278303_d_img_d18_x03200_y83840.png,0.3715,572.0,72.46,578.18,78.69
ch2_ohr_ncp_20241111T0516278303_d_img_d18_x03200_y83840.png,0.3317,606.62,67.62,613.28,74.45
ch2_ohr_ncp_20241111T0516278303_d_img_d18_x03200_y83840.png,0.2511,504.89,4.0,510.12,10.09
ch2_ohr_ncp_20241111T0516278303_d_img_d18_x03200_y83840.png,0.2113,573.3,72.46,580.0,78.41
ch2_ohr_ncp_20241111T0516278303_d_img_d18_x03200_y84480.png,0.5641,33.77,408.42,40.05,415.62
ch2_ohr_ncp_20241111T0516278303_d_img_d18_x03200_y84480.png,0.4564,85.59,382.52,92.78,389.19
ch2_ohr_ncp_20241111T0516278303_d_img_d18_x03200_y84480.png,0.438,391.49,461.74,396.05,468.0
ch2_ohr_ncp_20241111T0516278303_d_img_d18_x03200_y84480.png,0.4089,0.0,451.78,9.29,465.87
ch2_ohr_ncp_20241111T0516278303_d_img_d18_x03200_y84480.png,0.4018,19.82,450.75,24.97,456.09
ch2_ohr_ncp_20241111T0516278303_d_img_d18_x03200_y84480.png,0.3252,457.37,5.61,466.61,13.09
ch2_ohr_ncp_20241111T0516278303_d_img_d18_x03200_y84480.png,0.2729,306.05,333.48,365.05,389.63
ch2_ohr_ncp_20241111T0516278303_d_img_d18_x03200_y84480.png,0.264,39.63,538.37,45.49,544.85
ch2_ohr_ncp_20241111T0516278303_d_img_d18_x03200_y84480.png,0.2612,38.6,69.95,44.89,76.01
ch2_ohr_ncp_20241111T0516278303_d_img_d18_x03200_y84480.png,0.2548,67.29,395.24,84.24,410.49
ch2_ohr_ncp_20241111T0516278303_d_img_d18_x03200_y84480.png,0.2472,15.66,507.41,20.3,512.04
ch2_ohr_ncp_20241111T0516278303_d_img_d18_x03200_y84480.png,0.2387,510.13,30.83,516.84,36.48
ch2_ohr_ncp_20241111T0516278303_d_img_d18_x03200_y84480.png,0.2354,34.4,358.41,40.08,364.53
ch2_ohr_ncp_20241111T0516278303_d_img_d18_x03200_y84480.png,0.2354,53.14,378.63,60.01,385.11
ch2_ohr_ncp_20241111T0516278303_d_img_d18_x03200_y84480.png,0.2248,363.96,284.41,372.46,294.79
ch2_ohr_ncp_20241111T0516278303_d_img_d18_x03200_y84480.png,0.2119,631.17,198.42,637.36,204.12
ch2_ohr_ncp_20241111T0516278303_d_img_d18_x03200_y84480.png,0.2113,84.0,382.76,92.09,389.62
ch2_ohr_ncp_20241111T0516278303_d_img_d18_x03200_y84480.png,0.211,282.46,31.94,290.51,40.42
ch2_ohr_ncp_20241111T0516278303_d_img_d18_x03200_y84480.png,0.2095,597.08,69.27,602.85,74.57
ch2_ohr_ncp_20241111T0516278303_d_img_d18_x03200_y84480.png,0.2007,90.55,435.27,96.75,442.36
ch2_ohr_ncp_20241111T0516278303_d_img_d18_x03200_y84480.png,0.2002,311.38,333.55,366.44,374.43
ch2_ohr_ncp_20241111T0516278303_d_img_d18_x03200_y85120.png,0.6411,70.61,311.34,76.0,316.07
ch2_ohr_ncp_20241111T0516278303_d_img_d18_x03200_y85120.png,0.6298,7.55,625.15,12.92,630.7
ch2_ohr_ncp_20241111T0516278303_d_img_d18_x03200_y85120.png,0.6043,175.51,466.34,180.32,472.33
ch2_ohr_ncp_20241111T0516278303_d_img_d18_x03200_y85120.png,0.5925,19.47,509.04,27.73,516.09
ch2_ohr_ncp_20241111T0516278303_d_img_d18_x03200_y85120.png,0.5179,196.0,417.83,201.9,423.17
ch2_ohr_ncp_20241111T0516278303_d_img_d18_x03200_y85120.png,0.4955,59.84,423.76,65.16,429.15
ch2_ohr_ncp_20241111T0516278303_d_img_d18_x03200_y85120.png,0.4833,18.62,559.19,29.58,571.95
ch2_ohr_ncp_20241111T0516278303_d_img_d18_x03200_y85120.png,0.476,149.06,308.9,157.47,318.9
ch2_ohr_ncp_20241111T0516278303_d_img_d18_x03200_y85120.png,0.4574,38.82,517.1,44.32,525.46
ch2_ohr_ncp_20241111T0516278303_d_img_d18_x03200_y85120.png,0.4547,43.97,446.02,50.88,452.83
ch2_ohr_ncp_20241111T0516278303_d_img_d18_x03200_y85120.png,0.4226,15.52,328.49,20.95,334.57
ch2_ohr_ncp_20241111T0516278303_d_img_d18_x03200_y85120.png,0.3999,88.04,325.09,99.59,336.76
ch2_ohr_ncp_20241111T0516278303_d_img_d18_x03200_y85120.png,0.3964,80.95,473.19,87.11,479.91
ch2_ohr_ncp_20241111T0516278303_d_img_d18_x03200_y85120.png,0.3593,0.0,449.87,5.7,458.2
ch2_ohr_ncp_20241111T0516278303_d_img_d18_x03200_y85120.png,0.3082,93.74,459.69,101.0,467.49
ch2_ohr_ncp_20241111T0516278303_d_img_d18_x03200_y85120.png,0.2941,191.51,394.16,197.7,400.6
ch2_ohr_ncp_20241111T0516278303_d_img_d18_x03200_y85120.png,0.2891,117.98,179.92,124.01,185.43
ch2_ohr_ncp_20241111T0516278303_d_img_d18_x03200_y85120.png,0.2754,87.7,154.59,92.2,159.48
ch2_ohr_ncp_20241111T0516278303_d_img_d18_x03200_y85120.png,0.2698,17.55,91.09,23.11,97.36
ch2_ohr_ncp_20241111T0516278303_d_img_d18_x03200_y85120.png,0.2696,94.51,283.97,100.13,289.92
ch2_ohr_ncp_20241111T0516278303_d_img_d18_x03200_y85120.png,0.2673,51.37,447.83,56.0,453.98
ch2_ohr_ncp_20241111T0516278303_d_img_d18_x03200_y85120.png,0.2647,185.68,411.93,189.05,416.22
ch2_ohr_ncp_20241111T0516278303_d_img_d18_x03200_y85120.png,0.2627,225.62,424.33,231.46,430.22
ch2_ohr_ncp_20241111T0516278303_d_img_d18_x03200_y85120.png,0.2528,155.86,287.9,160.98,292.94
ch2_ohr_ncp_20241111T0516278303_d_img_d18_x03200_y85120.png,0.2319,44.0,567.52,50.01,572.12
ch2_ohr_ncp_20241111T0516278303_d_img_d18_x03200_y85120.png,0.2288,247.72,387.88,255.62,395.81
ch2_ohr_ncp_20241111T0516278303_d_img_d18_x03200_y85120.png,0.2276,347.62,575.27,352.3,580.68
ch2_ohr_ncp_20241111T0516278303_d_img_d18_x03200_y85120.png,0.2192,145.93,539.27,150.2,543.75
ch2_ohr_ncp_20241111T0516278303_d_img_d18_x03200_y85120.png,0.2068,196.8,417.66,204.0,423.36
ch2_ohr_ncp_20241111T0516278303_d_img_d18_x03200_y85120.png,0.2067,62.48,352.67,68.01,357.73
ch2_ohr_ncp_20241111T0516278303_d_img_d18_x03200_y85120.png,0.2028,155.6,432.0,160.14,437.23
ch2_ohr_ncp_20241111T0516278303_d_img_d18_x03200_y85120.png,0.2018,20.54,576.19,28.02,583.43
ch2_ohr_ncp_20241111T0516278303_d_img_d18_x03200_y85120.png,0.201,2.74,364.0,8.81,370.94
ch2_ohr_ncp_20241111T0516278303_d_img_d18_x03200_y85760.png,0.7755,25.0,370.79,30.31,376.34
ch2_ohr_ncp_20241111T0516278303_d_img_d18_x03200_y85760.png,0.7129,413.09,96.6,420.77,104.49
ch2_ohr_ncp_20241111T0516278303_d_img_d18_x03200_y85760.png,0.6077,341.75,155.14,348.04,160.73
ch2_ohr_ncp_20241111T0516278303_d_img_d18_x03200_y85760.png,0.6039,75.14,224.75,79.53,229.65
ch2_ohr_ncp_20241111T0516278303_d_img_d18_x03200_y85760.png,0.5831,199.16,43.68,207.2,52.15
ch2_ohr_ncp_20241111T0516278303_d_img_d18_x03200_y85760.png,0.5686,0.0,315.99,4.06,321.93
ch2_ohr_ncp_20241111T0516278303_d_img_d18_x03200_y85760.png,0.56,47.89,283.09,52.64,288.1
ch2_ohr_ncp_20241111T0516278303_d_img_d18_x03200_y85760.png,0.5232,35.25,110.97,40.95,116.85
ch2_ohr_ncp_20241111T0516278303_d_img_d18_x03200_y85760.png,0.4951,327.92,184.68,334.09,190.05
ch2_ohr_ncp_20241111T0516278303_d_img_d18_x03200_y85760.png,0.4789,0.74,297.75,6.99,303.97
ch2_ohr_ncp_20241111T0516278303_d_img_d18_x03200_y85760.png,0.4779,147.96,268.0,153.35,273.81
ch2_ohr_ncp_20241111T0516278303_d_img_d18_x03200_y85760.png,0.4233,331.96,234.05,343.3,245.16
ch2_ohr_ncp_20241111T0516278303_d_img_d18_x03200_y85760.png,0.4199,107.37,326.68,114.23,333.74
ch2_ohr_ncp_20241111T0516278303_d_img_d18_x03200_y85760.png,0.4093,86.84,128.66,92.97,134.66
ch2_ohr_ncp_20241111T0516278303_d_img_d18_x03200_y85760.png,0.4024,329.44,194.67,336.47,201.75
ch2_ohr_ncp_20241111T0516278303_d_img_d18_x03200_y85760.png,0.3979,59.49,234.83,63.81,239.28
ch2_ohr_ncp_20241111T0516278303_d_img_d18_x03200_y85760.png,0.3921,21.78,305.27,28.05,311.41
ch2_ohr_ncp_20241111T0516278303_d_img_d18_x03200_y85760.png,0.3918,157.01,358.1,164.79,365.48
ch2_ohr_ncp_20241111T0516278303_d_img_d18_x03200_y85760.png,0.3876,357.59,77.75,367.35,86.03
ch2_ohr_ncp_20241111T0516278303_d_img_d18_x03200_y85760.png,0.3811,313.82,191.7,318.63,196.54
ch2_ohr_ncp_20241111T0516278303_d_img_d18_x03200_y85760.png,0.3643,169.9,353.73,178.99,362.1
ch2_ohr_ncp_20241111T0516278303_d_img_d18_x03200_y85760.png,0.3617,15.91,88.36,27.66,98.75
ch2_ohr_ncp_20241111T0516278303_d_img_d18_x03200_y85760.png,0.3542,376.71,201.15,382.74,207.63
ch2_ohr_ncp_20241111T0516278303_d_img_d18_x03200_y85760.png,0.342,35.73,184.11,41.33,189.03
ch2_ohr_ncp_20241111T0516278303_d_img_d18_x03200_y85760.png,0.3205,25.21,19.63,36.18,31.28
ch2_ohr_ncp_20241111T0516278303_d_img_d18_x03200_y85760.png,0.3171,298.09,214.7,307.72,225.41
ch2_ohr_ncp_20241111T0516278303_d_img_d18_x03200_y85760.png,0.3034,24.0,371.05,29.65,376.42
ch2_ohr_ncp_20241111T0516278303_d_img_d18_x03200_y85760.png,0.2982,57.58,40.08,63.61,45.47
ch2_ohr_ncp_20241111T0516278303_d_img_d18_x03200_y85760.png,0.2974,432.62,378.55,437.04,383.59
ch2_ohr_ncp_20241111T0516278303_d_img_d18_x03200_y85760.png,0.278,171.01,270.13,179.85,277.26
ch2_ohr_ncp_20241111T0516278303_d_img_d18_x03200_y85760.png,0.2775,278.38,128.81,286.08,137.36
ch2_ohr_ncp_20241111T0516278303_d_img_d18_x03200_y85760.png,0.2757,418.89,7.98,425.43,14.26
ch2_ohr_ncp_20241111T0516278303_d_img_d18_x03200_y85760.png,0.2754,270.14,464.73,276.0,470.38
ch2_ohr_ncp_20241111T0516278303_d_img_d18_x03200_y85760.png,0.2748,161.68,20.14,169.54,27.46
ch2_ohr_ncp_20241111T0516278303_d_img_d18_x03200_y85760.png,0.2622,262.09,444.0,268.0,450.28
ch2_ohr_ncp_20241111T0516278303_d_img_d18_x03200_y85760.png,0.2614,171.06,270.56,181.78,279.64
ch2_ohr_ncp_20241111T0516278303_d_img_d18_x03200_y85760.png,0.2605,241.16,385.81,245.72,391.06
ch2_ohr_ncp_20241111T0516278303_d_img_d18_x03200_y85760.png,0.2598,96.98,342.29,103.32,348.2
ch2_ohr_ncp_20241111T0516278303_d_img_d18_x03200_y85760.png,0.2411,103.3,439.72,109.03,444.73
ch2_ohr_ncp_20241111T0516278303_d_img_d18_x03200_y85760.png,0.2369,472.45,627.42,476.74,631.7
ch2_ohr_ncp_20241111T0516278303_d_img_d18_x03200_y85760.png,0.2297,131.97,337.65,136.52,341.96
ch2_ohr_ncp_20241111T0516278303_d_img_d18_x03200_y85760.png,0.225,322.76,203.07,328.16,209.38
ch2_ohr_ncp_20241111T0516278303_d_img_d18_x03200_y85760.png,0.2226,303.66,465.31,310.22,472.57
ch2_ohr_ncp_20241111T0516278303_d_img_d18_x03200_y85760.png,0.2196,1.17,212.85,8.07,219.26
ch2_ohr_ncp_20241111T0516278303_d_img_d18_x03200_y85760.png,0.2177,523.2,148.0,528.79,153.95
ch2_ohr_ncp_20241111T0516278303_d_img_d18_x03200_y85760.png,0.2094,0.08,316.78,4.03,324.0
ch2_ohr_ncp_20241111T0516278303_d_img_d18_x03200_y85760.png,0.2088,398.98,304.48,406.71,312.72
ch2_ohr_ncp_20241111T0516278303_d_img_d18_x03200_y85760.png,0.2048,384.87,620.0,389.29,625.15
ch2_ohr_ncp_20241111T0516278303_d_img_d18_x03200_y86400.png,0.7155,585.09,168.99,591.45,175.82
ch2_ohr_ncp_20241111T0516278303_d_img_d18_x03200_y86400.png,0.6573,563.25,342.96,568.25,348.88
ch2_ohr_ncp_20241111T0516278303_d_img_d18_x03200_y86400.png,0.6546,603.47,387.52,626.61,413.53
ch2_ohr_ncp_20241111T0516278303_d_img_d18_x03200_y86400.png,0.6093,467.97,100.95,473.24,106.35
ch2_ohr_ncp_20241111T0516278303_d_img_d18_x03200_y86400.png,0.6026,246.28,219.99,252.7,226.38
ch2_ohr_ncp_20241111T0516278303_d_img_d18_x03200_y86400.png,0.5859,373.99,50.46,384.64,60.53
ch2_ohr_ncp_20241111T0516278303_d_img_d18_x03200_y86400.png,0.5802,550.51,135.53,556.11,140.98
ch2_ohr_ncp_20241111T0516278303_d_img_d18_x03200_y86400.png,0.5796,210.28,106.73,218.26,114.41
ch2_ohr_ncp_20241111T0516278303_d_img_d18_x03200_y86400.png,0.5622,567.69,83.97,573.27,90.05
ch2_ohr_ncp_20241111T0516278303_d_img_d18_x03200_y86400.png,0.5617,560.68,100.0,565.74,105.81
ch2_ohr_ncp_20241111T0516278303_d_img_d18_x03200_y86400.png,0.5614,206.13,41.28,212.68,47.08
ch2_ohr_ncp_20241111T0516278303_d_img_d18_x03200_y86400.png,0.557,443.86,299.45,449.31,304.56
ch2_ohr_ncp_20241111T0516278303_d_img_d18_x03200_y86400.png,0.5451,447.57,312.29,455.17,319.72
ch2_ohr_ncp_20241111T0516278303_d_img_d18_x03200_y86400.png,0.5347,581.01,603.22,619.49,638.83
ch2_ohr_ncp_20241111T0516278303_d_img_d18_x03200_y86400.png,0.5318,630.88,7.48,638.59,17.68
ch2_ohr_ncp_20241111T0516278303_d_img_d18_x03200_y86400.png,0.4921,594.72,264.84,599.35,270.54
ch2_ohr_ncp_20241111T0516278303_d_img_d18_x03200_y86400.png,0.4872,405.22,597.5,410.32,604.26
ch2_ohr_ncp_20241111T0516278303_d_img_d18_x03200_y86400.png,0.4825,425.08,258.63,435.83,269.38
ch2_ohr_ncp_20241111T0516278303_d_img_d18_x03200_y86400.png,0.4714,451.3,26.52,456.99,33.61
ch2_ohr_ncp_20241111T0516278303_d_img_d18_x03200_y86400.png,0.4699,529.45,23.7,533.54,28.27
ch2_ohr_ncp_20241111T0516278303_d_img_d18_x03200_y86400.png,0.4693,532.0,53.43,538.29,60.29
ch2_ohr_ncp_20241111T0516278303_d_img_d18_x03200_y86400.png,0.4672,463.91,312.24,470.4,318.18
ch2_ohr_ncp_20241111T0516278303_d_img_d18_x03200_y86400.png,0.4662,414.76,606.81,422.77,614.43
ch2_ohr_ncp_20241111T0516278303_d_img_d18_x03200_y86400.png,0.4646,413.65,37.75,420.01,44.02
ch2_ohr_ncp_20241111T0516278303_d_img_d18_x03200_y86400.png,0.4601,438.91,183.83,444.01,188.22
ch2_ohr_ncp_20241111T0516278303_d_img_d18_x03200_y86400.png,0.4423,456.64,154.9,462.84,161.61
ch2_ohr_ncp_20241111T0516278303_d_img_d18_x03200_y86400.png,0.4391,472.42,178.66,482.92,188.46
ch2_ohr_ncp_20241111T0516278303_d_img_d18_x03200_y86400.png,0.4359,322.79,129.49,328.0,135.34
ch2_ohr_ncp_20241111T0516278303_d_img_d18_x03200_y86400.png,0.4319,236.81,243.97,244.05,251.25
ch2_ohr_ncp_20241111T0516278303_d_img_d18_x03200_y86400.png,0.4261,593.98,393.85,600.46,402.96
ch2_ohr_ncp_20241111T0516278303_d_img_d18_x03200_y86400.png,0.4229,528.9,148.04,539.46,158.79
ch2_ohr_ncp_20241111T0516278303_d_img_d18_x03200_y86400.png,0.4157,203.98,193.58,210.37,199.51
ch2_ohr_ncp_20241111T0516278303_d_img_d18_x03200_y86400.png,0.4128,571.58,120.4,580.09,129.24
ch2_ohr_ncp_20241111T0516278303_d_img_d18_x03200_y86400.png,0.4082,507.62,316.0,511.77,321.48
ch2_ohr_ncp_20241111T0516278303_d_img_d18_x03200_y86400.png,0.389,561.46,52.83,568.61,60.32
ch2_ohr_ncp_20241111T0516278303_d_img_d18_x03200_y86400.png,0.3887,475.16,409.53,480.79,415.52
ch2_ohr_ncp_20241111T0516278303_d_img_d18_x03200_y86400.png,0.3839,299.36,113.33,304.89,119.92
ch2_ohr_ncp_20241111T0516278303_d_img_d18_x03200_y86400.png,0.3794,512.64,88.85,517.45,94.09
ch2_ohr_ncp_20241111T0516278303_d_img_d18_x03200_y86400.png,0.3766,605.69,334.35,612.0,340.01
ch2_ohr_ncp_20241111T0516278303_d_img_d18_x03200_y86400.png,0.3751,171.14,280.34,177.35,286.69
ch2_ohr_ncp_20241111T0516278303_d_img_d18_x03200_y86400.png,0.375,599.91,485.49,605.35,490.91
ch2_ohr_ncp_20241111T0516278303_d_img_d18_x03200_y86400.png,0.3742,426.87,223.11,432.73,228.75
ch2_ohr_ncp_20241111T0516278303_d_img_d18_x03200_y86400.png,0.3728,495.73,558.96,504.32,568.46
ch2_ohr_ncp_20241111T0516278303_d_img_d18_x03200_y86400.png,0.3683,571.81,60.87,577.51,68.01
ch2_ohr_ncp_20241111T0516278303_d_img_d18_x03200_y86400.png,0.3486,451.55,355.88,456.64,361.04
ch2_ohr_ncp_20241111T0516278303_d_img_d18_x03200_y86400.png,0.3471,461.8,190.41,469.49,198.09
ch2_ohr_ncp_20241111T0516278303_d_img_d18_x03200_y86400.png,0.3442,31.81,174.38,38.25,180.56
ch2_ohr_ncp_20241111T0516278303_d_img_d18_x03200_y86400.png,0.3401,360.69,145.83,366.31,151.65
ch2_ohr_ncp_20241111T0516278303_d_img_d18_x03200_y86400.png,0.3389,604.0,334.31,610.48,340.01
ch2_ohr_ncp_20241111T0516278303_d_img_d18_x03200_y86400.png,0.3346,519.47,586.05,525.82,591.81
ch2_ohr_ncp_20241111T0516278303_d_img_d18_x03200_y86400.png,0.327,491.76,162.67,495.98,166.95
ch2_ohr_ncp_20241111T0516278303_d_img_d18_x03200_y86400.png,0.324,467.3,137.26,471.61,141.77
ch2_ohr_ncp_20241111T0516278303_d_img_d18_x03200_y86400.png,0.3234,404.0,597.79,409.7,604.28
ch2_ohr_ncp_20241111T0516278303_d_img_d18_x03200_y86400.png,0.3228,627.71,440.55,635.63,449.03
ch2_ohr_ncp_20241111T0516278303_d_img_d18_x03200_y86400.png,0.3136,395.07,381.13,403.4,388.6
ch2_ohr_ncp_20241111T0516278303_d_img_d18_x03200_y86400.png,0.311,467.67,101.13,472.66,108.0
ch2_ohr_ncp_20241111T0516278303_d_img_d18_x03200_y86400.png,0.3103,86.23,266.94,92.7,273.46
ch2_ohr_ncp_20241111T0516278303_d_img_d18_x03200_y86400.png,0.3098,488.57,104.18,494.73,110.04
ch2_ohr_ncp_20241111T0516278303_d_img_d18_x03200_y86400.png,0.3059,442.09,604.99,448.06,612.05
ch2_ohr_ncp_20241111T0516278303_d_img_d18_x03200_y86400.png,0.2918,449.74,190.49,454.85,196.01
ch2_ohr_ncp_20241111T0516278303_d_img_d18_x03200_y86400.png,0.2888,197.35,148.73,203.58,156.23
ch2_ohr_ncp_20241111T0516278303_d_img_d18_x03200_y86400.png,0.2883,310.78,85.33,316.94,91.2
ch2_ohr_ncp_20241111T0516278303_d_img_d18_x03200_y86400.png,0.2834,391.12,150.85,397.15,157.78
ch2_ohr_ncp_20241111T0516278303_d_img_d18_x03200_y86400.png,0.2831,130.15,305.79,140.02,312.25
ch2_ohr_ncp_20241111T0516278303_d_img_d18_x03200_y86400.png,0.2815,48.85,158.82,55.44,166.46
ch2_ohr_ncp_20241111T0516278303_d_img_d18_x03200_y86400.png,0.2803,412.0,37.81,419.05,44.01
ch2_ohr_ncp_20241111T0516278303_d_img_d18_x03200_y86400.png,0.275,563.96,522.72,573.08,533.58
ch2_ohr_ncp_20241111T0516278303_d_img_d18_x03200_y86400.png,0.2732,566.09,262.01,574.9,268.76
ch2_ohr_ncp_20241111T0516278303_d_img_d18_x03200_y86400.png,0.2731,427.95,410.28,433.41,415.72
ch2_ohr_ncp_20241111T0516278303_d_img_d18_x03200_y86400.png,0.2701,474.36,270.62,479.54,276.01
ch2_ohr_ncp_20241111T0516278303_d_img_d18_x03200_y86400.png,0.2694,590.05,245.24,597.25,252.48
ch2_ohr_ncp_20241111T0516278303_d_img_d18_x03200_y86400.png,0.2676,571.37,44.43,586.6,59.69
ch2_ohr_ncp_20241111T0516278303_d_img_d18_x03200_y86400.png,0.266,600.33,484.0,605.66,490.61
ch2_ohr_ncp_20241111T0516278303_d_img_d18_x03200_y86400.png,0.2656,583.99,168.0,590.6,175.42
ch2_ohr_ncp_20241111T0516278303_d_img_d18_x03200_y86400.png,0.2609,381.85,197.57,388.01,204.01
ch2_ohr_ncp_20241111T0516278303_d_img_d18_x03200_y86400.png,0.2592,5.75,148.78,11.45,153.99
ch2_ohr_ncp_20241111T0516278303_d_img_d18_x03200_y86400.png,0.2571,622.28,235.97,628.02,240.97
ch2_ohr_ncp_20241111T0516278303_d_img_d18_x03200_y86400.png,0.2567,579.81,35.97,585.09,42.22
ch2_ohr_ncp_20241111T0516278303_d_img_d18_x03200_y86400.png,0.2553,464.27,4.0,470.53,10.84
ch2_ohr_ncp_20241111T0516278303_d_img_d18_x03200_y86400.png,0.2553,455.0,140.0,460.03,145.64
ch2_ohr_ncp_20241111T0516278303_d_img_d18_x03200_y86400.png,0.2549,559.3,555.99,565.33,562.14
ch2_ohr_ncp_20241111T0516278303_d_img_d18_x03200_y86400.png,0.2527,354.36,9.88,359.3,15.34
ch2_ohr_ncp_20241111T0516278303_d_img_d18_x03200_y86400.png,0.2518,523.04,400.0,528.18,405.61
ch2_ohr_ncp_20241111T0516278303_d_img_d18_x03200_y86400.png,0.2483,532.87,53.5,540.0,60.52
ch2_ohr_ncp_20241111T0516278303_d_img_d18_x03200_y86400.png,0.243,113.88,195.54,125.53,205.86
ch2_ohr_ncp_20241111T0516278303_d_img_d18_x03200_y86400.png,0.2413,37.96,123.22,45.48,131.04
ch2_ohr_ncp_20241111T0516278303_d_img_d18_x03200_y86400.png,0.2393,618.85,497.14,623.5,502.78
ch2_ohr_ncp_20241111T0516278303_d_img_d18_x03200_y86400.png,0.2325,413.64,36.0,420.01,43.17
ch2_ohr_ncp_20241111T0516278303_d_img_d18_x03200_y86400.png,0.2321,464.3,4.86,472.01,10.63
ch2_ohr_ncp_20241111T0516278303_d_img_d18_x03200_y86400.png,0.2313,37.57,123.99,44.46,132.03
ch2_ohr_ncp_20241111T0516278303_d_img_d18_x03200_y86400.png,0.2301,503.42,272.7,510.51,279.41
ch2_ohr_ncp_20241111T0516278303_d_img_d18_x03200_y86400.png,0.226,196.0,149.36,202.95,156.09
ch2_ohr_ncp_20241111T0516278303_d_img_d18_x03200_y86400.png,0.225,624.99,618.54,639.46,639.33
ch2_ohr_ncp_20241111T0516278303_d_img_d18_x03200_y86400.png,0.2207,272.36,308.0,278.05,314.86
ch2_ohr_ncp_20241111T0516278303_d_img_d18_x03200_y86400.png,0.2204,204.59,193.31,212.0,199.72
ch2_ohr_ncp_20241111T0516278303_d_img_d18_x03200_y86400.png,0.2178,43.98,203.35,49.07,207.9
ch2_ohr_ncp_20241111T0516278303_d_img_d18_x03200_y86400.png,0.2169,271.92,309.21,277.16,316.0
ch2_ohr_ncp_20241111T0516278303_d_img_d18_x03200_y86400.png,0.2139,235.37,161.35,241.53,167.35
ch2_ohr_ncp_20241111T0516278303_d_img_d18_x03200_y86400.png,0.2129,574.43,45.65,588.05,59.19
ch2_ohr_ncp_20241111T0516278303_d_img_d18_x03200_y86400.png,0.2127,601.28,387.94,623.67,418.42
ch2_ohr_ncp_20241111T0516278303_d_img_d18_x03200_y86400.png,0.2109,305.6,185.83,312.25,192.31
ch2_ohr_ncp_20241111T0516278303_d_img_d18_x03200_y86400.png,0.2088,379.19,255.98,384.0,260.91
ch2_ohr_ncp_20241111T0516278303_d_img_d18_x03200_y86400.png,0.2051,552.59,539.1,558.53,544.29
ch2_ohr_ncp_20241111T0516278303_d_img_d18_x03200_y86400.png,0.2046,129.07,307.4,135.48,312.96
ch2_ohr_ncp_20241111T0516278303_d_img_d18_x03200_y86400.png,0.2036,188.69,86.38,196.47,94.5
ch2_ohr_ncp_20241111T0516278303_d_img_d18_x03200_y87040.png,0.6814,586.55,103.16,591.77,109.5
ch2_ohr_ncp_20241111T0516278303_d_img_d18_x03200_y87040.png,0.6768,454.22,126.89,461.42,135.13
ch2_ohr_ncp_20241111T0516278303_d_img_d18_x03200_y87040.png,0.5609,487.38,11.07,492.99,16.37
ch2_ohr_ncp_20241111T0516278303_d_img_d18_x03200_y87040.png,0.5283,616.17,75.28,621.93,81.51
ch2_ohr_ncp_20241111T0516278303_d_img_d18_x03200_y87040.png,0.5258,511.76,212.0,518.53,218.42
ch2_ohr_ncp_20241111T0516278303_d_img_d18_x03200_y87040.png,0.5132,330.31,403.94,334.43,408.66
ch2_ohr_ncp_20241111T0516278303_d_img_d18_x03200_y87040.png,0.4754,608.82,129.97,614.7,135.79
ch2_ohr_ncp_20241111T0516278303_d_img_d18_x03200_y87040.png,0.4692,488.14,125.91,492.19,132.08
ch2_ohr_ncp_20241111T0516278303_d_img_d18_x03200_y87040.png,0.4591,530.57,442.21,534.9,446.89
ch2_ohr_ncp_20241111T0516278303_d_img_d18_x03200_y87040.png,0.4454,512.26,212.92,520.0,218.73
ch2_ohr_ncp_20241111T0516278303_d_img_d18_x03200_y87040.png,0.4448,385.42,329.77,390.74,335.4
ch2_ohr_ncp_20241111T0516278303_d_img_d18_x03200_y87040.png,0.4421,537.85,132.0,542.57,137.95
ch2_ohr_ncp_20241111T0516278303_d_img_d18_x03200_y87040.png,0.4044,437.55,595.73,444.0,601.1
ch2_ohr_ncp_20241111T0516278303_d_img_d18_x03200_y87040.png,0.3694,458.26,223.26,463.85,228.42
ch2_ohr_ncp_20241111T0516278303_d_img_d18_x03200_y87040.png,0.3556,607.08,83.99,612.04,89.11
ch2_ohr_ncp_20241111T0516278303_d_img_d18_x03200_y87040.png,0.3336,613.35,279.13,620.05,285.44
ch2_ohr_ncp_20241111T0516278303_d_img_d18_x03200_y87040.png,0.3334,451.95,549.56,458.31,556.65
ch2_ohr_ncp_20241111T0516278303_d_img_d18_x03200_y87040.png,0.3272,535.08,173.78,540.33,180.0
ch2_ohr_ncp_20241111T0516278303_d_img_d18_x03200_y87040.png,0.319,463.75,587.99,468.22,593.68
ch2_ohr_ncp_20241111T0516278303_d_img_d18_x03200_y87040.png,0.3111,454.21,568.84,460.01,573.83
ch2_ohr_ncp_20241111T0516278303_d_img_d18_x03200_y87040.png,0.3056,511.85,212.97,518.45,220.0
ch2_ohr_ncp_20241111T0516278303_d_img_d18_x03200_y87040.png,0.3045,497.25,0.92,502.61,5.67
ch2_ohr_ncp_20241111T0516278303_d_img_d18_x03200_y87040.png,0.3039,614.72,0.0,634.93,15.19
ch2_ohr_ncp_20241111T0516278303_d_img_d18_x03200_y87040.png,0.3029,436.0,595.8,442.64,601.05
ch2_ohr_ncp_20241111T0516278303_d_img_d18_x03200_y87040.png,0.3024,545.39,43.38,551.39,49.77
ch2_ohr_ncp_20241111T0516278303_d_img_d18_x03200_y87040.png,0.2976,502.44,443.87,508.0,448.92
ch2_ohr_ncp_20241111T0516278303_d_img_d18_x03200_y87040.png,0.2862,590.02,59.53,596.0,63.89
ch2_ohr_ncp_20241111T0516278303_d_img_d18_x03200_y87040.png,0.2826,411.99,575.3,417.17,580.07
ch2_ohr_ncp_20241111T0516278303_d_img_d18_x03200_y87040.png,0.2813,552.26,103.35,562.96,113.26
ch2_ohr_ncp_20241111T0516278303_d_img_d18_x03200_y87040.png,0.2808,470.8,601.53,476.28,607.13
ch2_ohr_ncp_20241111T0516278303_d_img_d18_x03200_y87040.png,0.2725,619.92,0.12,635.44,13.1
ch2_ohr_ncp_20241111T0516278303_d_img_d18_x03200_y87040.png,0.2602,493.37,618.36,500.01,624.53
ch2_ohr_ncp_20241111T0516278303_d_img_d18_x03200_y87040.png,0.243,495.78,168.52,501.02,173.34
ch2_ohr_ncp_20241111T0516278303_d_img_d18_x03200_y87040.png,0.2387,588.0,59.5,593.76,64.19
ch2_ohr_ncp_20241111T0516278303_d_img_d18_x03200_y87040.png,0.2357,448.35,1.67,463.39,18.15
ch2_ohr_ncp_20241111T0516278303_d_img_d18_x03200_y87040.png,0.2265,589.54,95.79,596.01,101.52
ch2_ohr_ncp_20241111T0516278303_d_img_d18_x03200_y87040.png,0.2118,491.99,618.39,498.43,624.82
ch2_ohr_ncp_20241111T0516278303_d_img_d18_x03200_y87040.png,0.2077,631.11,227.66,636.99,233.47
ch2_ohr_ncp_20241111T0516278303_d_img_d18_x03200_y87040.png,0.2077,452.91,548.0,460.02,556.44
ch2_ohr_ncp_20241111T0516278303_d_img_d18_x03200_y87040.png,0.2052,453.63,124.0,461.84,135.31
ch2_ohr_ncp_20241111T0516278303_d_img_d18_x03200_y87040.png,0.201,479.58,634.46,485.34,639.48
ch2_ohr_ncp_20241111T0516278303_d_img_d18_x03200_y87040.png,0.2004,466.66,292.0,472.26,298.6
ch2_ohr_ncp_20241111T0516278303_d_img_d18_x03200_y87040.png,0.2001,586.96,264.09,591.47,268.62
ch2_ohr_ncp_20241111T0516278303_d_img_d18_x03200_y87680.png,0.352,137.06,628.0,142.49,634.27
ch2_ohr_ncp_20241111T0516278303_d_img_d18_x03200_y87680.png,0.3123,72.09,611.88,77.39,616.77
ch2_ohr_ncp_20241111T0516278303_d_img_d18_x03200_y87680.png,0.2727,509.95,236.0,516.0,241.75
ch2_ohr_ncp_20241111T0516278303_d_img_d18_x03200_y87680.png,0.2721,480.09,81.92,523.99,120.45
ch2_ohr_ncp_20241111T0516278303_d_img_d18_x03200_y87680.png,0.2571,32.24,481.57,38.68,487.41
ch2_ohr_ncp_20241111T0516278303_d_img_d18_x03200_y87680.png,0.2442,319.62,92.0,324.83,98.48
ch2_ohr_ncp_20241111T0516278303_d_img_d18_x03200_y87680.png,0.2305,402.43,281.74,407.07,286.8
ch2_ohr_ncp_20241111T0516278303_d_img_d18_x03200_y87680.png,0.2305,39.9,613.31,45.38,618.81
ch2_ohr_ncp_20241111T0516278303_d_img_d18_x03200_y87680.png,0.2304,302.13,28.88,326.22,51.15
ch2_ohr_ncp_20241111T0516278303_d_img_d18_x03200_y87680.png,0.225,403.95,255.63,409.79,262.04
ch2_ohr_ncp_20241111T0516278303_d_img_d18_x03200_y87680.png,0.2132,510.1,140.0,516.04,147.4
ch2_ohr_ncp_20241111T0516278303_d_img_d18_x03200_y87680.png,0.2056,482.5,84.34,510.72,120.14
ch2_ohr_ncp_20241111T0516278303_d_img_d18_x03200_y87680.png,0.2055,475.55,286.22,479.77,292.0
ch2_ohr_ncp_20241111T0516278303_d_img_d18_x03200_y88320.png,0.6147,514.17,176.99,521.42,183.77
ch2_ohr_ncp_20241111T0516278303_d_img_d18_x03200_y88320.png,0.6133,587.96,40.15,594.31,46.19
ch2_ohr_ncp_20241111T0516278303_d_img_d18_x03200_y88320.png,0.5333,581.43,146.99,587.79,153.76
ch2_ohr_ncp_20241111T0516278303_d_img_d18_x03200_y88320.png,0.511,422.14,181.68,428.12,189.19
ch2_ohr_ncp_20241111T0516278303_d_img_d18_x03200_y88320.png,0.4994,617.56,193.85,624.54,199.71
ch2_ohr_ncp_20241111T0516278303_d_img_d18_x03200_y88320.png,0.4932,495.53,124.92,506.0,137.34
ch2_ohr_ncp_20241111T0516278303_d_img_d18_x03200_y88320.png,0.4903,589.13,583.26,605.97,597.71
ch2_ohr_ncp_20241111T0516278303_d_img_d18_x03200_y88320.png,0.4638,510.7,38.27,516.57,44.0
ch2_ohr_ncp_20241111T0516278303_d_img_d18_x03200_y88320.png,0.4599,595.79,242.86,604.11,250.37
ch2_ohr_ncp_20241111T0516278303_d_img_d18_x03200_y88320.png,0.4432,610.76,26.08,614.46,30.01
ch2_ohr_ncp_20241111T0516278303_d_img_d18_x03200_y88320.png,0.4422,542.86,153.7,549.55,159.58
ch2_ohr_ncp_20241111T0516278303_d_img_d18_x03200_y88320.png,0.437,544.96,632.69,550.55,638.42
ch2_ohr_ncp_20241111T0516278303_d_img_d18_x03200_y88320.png,0.4202,547.71,71.95,552.81,78.24
ch2_ohr_ncp_20241111T0516278303_d_img_d18_x03200_y88320.png,0.4199,602.56,287.91,607.78,293.71
ch2_ohr_ncp_20241111T0516278303_d_img_d18_x03200_y88320.png,0.4095,581.7,75.63,588.04,81.5
ch2_ohr_ncp_20241111T0516278303_d_img_d18_x03200_y88320.png,0.4046,633.89,93.48,639.37,100.01
ch2_ohr_ncp_20241111T0516278303_d_img_d18_x03200_y88320.png,0.3993,629.0,81.89,638.26,91.78
ch2_ohr_ncp_20241111T0516278303_d_img_d18_x03200_y88320.png,0.3914,485.6,10.7,492.97,17.61
ch2_ohr_ncp_20241111T0516278303_d_img_d18_x03200_y88320.png,0.3742,631.31,7.83,638.72,15.8
ch2_ohr_ncp_20241111T0516278303_d_img_d18_x03200_y88320.png,0.3704,406.44,349.68,412.43,356.09
ch2_ohr_ncp_20241111T0516278303_d_img_d18_x03200_y88320.png,0.3448,449.46,255.55,453.91,260.49
ch2_ohr_ncp_20241111T0516278303_d_img_d18_x03200_y88320.png,0.3364,610.95,192.73,616.16,197.5
ch2_ohr_ncp_20241111T0516278303_d_img_d18_x03200_y88320.png,0.3145,609.64,219.47,613.34,223.73
ch2_ohr_ncp_20241111T0516278303_d_img_d18_x03200_y88320.png,0.3079,568.12,415.02,602.23,451.77
ch2_ohr_ncp_20241111T0516278303_d_img_d18_x03200_y88320.png,0.3053,524.0,41.34,530.67,46.65
ch2_ohr_ncp_20241111T0516278303_d_img_d18_x03200_y88320.png,0.303,565.86,21.19,576.55,30.07
ch2_ohr_ncp_20241111T0516278303_d_img_d18_x03200_y88320.png,0.2885,416.16,316.0,420.91,321.89
ch2_ohr_ncp_20241111T0516278303_d_img_d18_x03200_y88320.png,0.2826,580.0,75.71,587.31,81.48
ch2_ohr_ncp_20241111T0516278303_d_img_d18_x03200_y88320.png,0.2756,488.0,212.39,493.8,217.28
ch2_ohr_ncp_20241111T0516278303_d_img_d18_x03200_y88320.png,0.2715,432.17,261.48,436.26,268.0
ch2_ohr_ncp_20241111T0516278303_d_img_d18_x03200_y88320.png,0.2706,563.93,52.04,568.97,57.15
ch2_ohr_ncp_20241111T0516278303_d_img_d18_x03200_y88320.png,0.2541,526.0,96.1,532.0,101.71
ch2_ohr_ncp_20241111T0516278303_d_img_d18_x03200_y88320.png,0.2539,627.17,540.0,632.28,545.59
ch2_ohr_ncp_20241111T0516278303_d_img_d18_x03200_y88320.png,0.2485,381.77,363.99,388.0,370.44
ch2_ohr_ncp_20241111T0516278303_d_img_d18_x03200_y88320.png,0.2479,515.6,467.99,519.9,472.99
ch2_ohr_ncp_20241111T0516278303_d_img_d18_x03200_y88320.png,0.2462,513.1,577.44,520.79,584.92
ch2_ohr_ncp_20241111T0516278303_d_img_d18_x03200_y88320.png,0.2449,524.0,96.3,530.59,101.7
ch2_ohr_ncp_20241111T0516278303_d_img_d18_x03200_y88320.png,0.2428,487.08,136.72,492.1,142.06
ch2_ohr_ncp_20241111T0516278303_d_img_d18_x03200_y88320.png,0.2406,470.6,566.25,476.07,572.98
ch2_ohr_ncp_20241111T0516278303_d_img_d18_x03200_y88320.png,0.2401,527.08,87.37,532.72,92.97
ch2_ohr_ncp_20241111T0516278303_d_img_d18_x03200_y88320.png,0.2389,564.0,474.92,569.94,481.28
ch2_ohr_ncp_20241111T0516278303_d_img_d18_x03200_y88320.png,0.2382,489.15,211.97,494.32,217.33
ch2_ohr_ncp_20241111T0516278303_d_img_d18_x03200_y88320.png,0.2294,469.37,617.55,476.01,622.78
ch2_ohr_ncp_20241111T0516278303_d_img_d18_x03200_y88320.png,0.2241,561.98,60.68,568.14,68.01
ch2_ohr_ncp_20241111T0516278303_d_img_d18_x03200_y88320.png,0.2192,478.52,248.84,485.28,255.13
ch2_ohr_ncp_20241111T0516278303_d_img_d18_x03200_y88320.png,0.2172,528.97,334.18,537.29,342.52
ch2_ohr_ncp_20241111T0516278303_d_img_d18_x03200_y88320.png,0.2149,588.57,454.21,596.83,461.06
ch2_ohr_ncp_20241111T0516278303_d_img_d18_x03200_y88320.png,0.2149,451.77,347.38,456.88,353.1
ch2_ohr_ncp_20241111T0516278303_d_img_d18_x03200_y88320.png,0.2111,522.67,142.48,527.94,148.01
ch2_ohr_ncp_20241111T0516278303_d_img_d18_x03200_y88320.png,0.2054,547.09,85.78,554.38,92.1
ch2_ohr_ncp_20241111T0516278303_d_img_d18_x03200_y88320.png,0.2007,587.1,9.77,591.54,15.74
ch2_ohr_ncp_20241111T0516278303_d_img_d18_x03200_y89600.png,0.3765,611.95,548.92,639.79,587.25
ch2_ohr_ncp_20241111T0516278303_d_img_d18_x03200_y89600.png,0.3201,614.53,498.54,638.8,526.67
ch2_ohr_ncp_20241111T0516278303_d_img_d18_x03200_y89600.png,0.2577,591.95,590.8,596.77,596.05
ch2_ohr_ncp_20241111T0516278303_d_img_d18_x03200_y90240.png,0.3236,19.2,55.86,25.54,62.96
ch2_ohr_ncp_20241111T0516278303_d_img_d18_x03840_y24960.png,0.281,240.2,595.12,245.71,599.68
ch2_ohr_ncp_20241111T0516278303_d_img_d18_x03840_y36480.png,0.2099,2.32,502.52,51.87,552.26
ch2_ohr_ncp_20241111T0516278303_d_img_d18_x03840_y37760.png,0.3675,605.6,4.0,612.78,10.87
ch2_ohr_ncp_20241111T0516278303_d_img_d18_x03840_y37760.png,0.2956,605.74,5.28,612.41,12.01
ch2_ohr_ncp_20241111T0516278303_d_img_d18_x03840_y37760.png,0.294,585.54,262.88,590.91,268.04
ch2_ohr_ncp_20241111T0516278303_d_img_d18_x03840_y37760.png,0.2584,591.58,46.91,598.24,53.13
ch2_ohr_ncp_20241111T0516278303_d_img_d18_x03840_y37760.png,0.2312,619.4,98.83,624.24,103.08
ch2_ohr_ncp_20241111T0516278303_d_img_d18_x03840_y72320.png,0.6323,251.7,601.54,258.44,608.48
ch2_ohr_ncp_20241111T0516278303_d_img_d18_x03840_y72320.png,0.5957,238.47,631.07,244.47,636.95
ch2_ohr_ncp_20241111T0516278303_d_img_d18_x03840_y72320.png,0.477,248.99,521.74,254.71,526.95
ch2_ohr_ncp_20241111T0516278303_d_img_d18_x03840_y72320.png,0.4576,233.52,539.66,238.95,547.18
ch2_ohr_ncp_20241111T0516278303_d_img_d18_x03840_y72320.png,0.3934,312.03,544.45,317.52,550.32
ch2_ohr_ncp_20241111T0516278303_d_img_d18_x03840_y72320.png,0.3748,571.57,203.26,612.33,241.83
ch2_ohr_ncp_20241111T0516278303_d_img_d18_x03840_y72320.png,0.3646,234.15,539.99,238.37,548.04
ch2_ohr_ncp_20241111T0516278303_d_img_d18_x03840_y72320.png,0.357,216.27,603.98,223.23,610.64
ch2_ohr_ncp_20241111T0516278303_d_img_d18_x03840_y72320.png,0.351,326.33,571.99,333.09,579.19
ch2_ohr_ncp_20241111T0516278303_d_img_d18_x03840_y72320.png,0.3449,269.59,491.97,276.0,497.41
ch2_ohr_ncp_20241111T0516278303_d_img_d18_x03840_y72320.png,0.3325,537.1,216.24,546.67,225.16
ch2_ohr_ncp_20241111T0516278303_d_img_d18_x03840_y72320.png,0.2097,583.87,253.53,588.28,260.0
ch2_ohr_ncp_20241111T0516278303_d_img_d18_x03840_y72960.png,0.3681,587.44,83.94,594.12,89.9
ch2_ohr_ncp_20241111T0516278303_d_img_d18_x03840_y72960.png,0.3091,555.11,5.93,578.69,32.08
ch2_ohr_ncp_20241111T0516278303_d_img_d18_x03840_y72960.png,0.2593,614.72,12.0,621.76,19.19
ch2_ohr_ncp_20241111T0516278303_d_img_d18_x03840_y72960.png,0.256,615.07,13.77,621.46,20.07
ch2_ohr_ncp_20241111T0516278303_d_img_d18_x03840_y72960.png,0.244,615.47,21.42,621.22,28.0
ch2_ohr_ncp_20241111T0516278303_d_img_d18_x03840_y72960.png,0.2092,552.23,154.86,559.43,160.95
ch2_ohr_ncp_20241111T0516278303_d_img_d18_x03840_y72960.png,0.2065,538.51,24.81,544.06,29.96
ch2_ohr_ncp_20241111T0516278303_d_img_d18_x03840_y73600.png,0.6594,605.86,33.27,612.64,39.22
ch2_ohr_ncp_20241111T0516278303_d_img_d18_x03840_y73600.png,0.5217,560.59,57.91,565.45,62.24
ch2_ohr_ncp_20241111T0516278303_d_img_d18_x03840_y73600.png,0.4787,536.71,47.43,543.77,57.37
ch2_ohr_ncp_20241111T0516278303_d_img_d18_x03840_y73600.png,0.467,519.71,26.73,527.07,36.78
ch2_ohr_ncp_20241111T0516278303_d_img_d18_x03840_y73600.png,0.3984,576.39,4.0,582.1,10.01
ch2_ohr_ncp_20241111T0516278303_d_img_d18_x03840_y73600.png,0.3983,619.53,116.0,624.39,122.67
ch2_ohr_ncp_20241111T0516278303_d_img_d18_x03840_y73600.png,0.2511,579.63,217.44,585.39,223.62
ch2_ohr_ncp_20241111T0516278303_d_img_d18_x03840_y73600.png,0.2393,619.99,547.98,625.28,553.81
ch2_ohr_ncp_20241111T0516278303_d_img_d18_x03840_y73600.png,0.2328,455.89,597.53,461.0,604.0
ch2_ohr_ncp_20241111T0516278303_d_img_d18_x03840_y73600.png,0.2118,619.42,117.52,624.25,124.01
ch2_ohr_ncp_20241111T0516278303_d_img_d18_x03840_y74240.png,0.4946,595.96,623.57,600.13,628.62
ch2_ohr_ncp_20241111T0516278303_d_img_d18_x03840_y74240.png,0.442,631.48,626.93,639.68,637.09
ch2_ohr_ncp_20241111T0516278303_d_img_d18_x03840_y74240.png,0.3798,402.87,590.03,411.8,600.67
ch2_ohr_ncp_20241111T0516278303_d_img_d18_x03840_y74240.png,0.3197,590.34,606.03,596.0,612.0
ch2_ohr_ncp_20241111T0516278303_d_img_d18_x03840_y74240.png,0.2753,517.76,590.85,524.05,596.12
ch2_ohr_ncp_20241111T0516278303_d_img_d18_x03840_y74240.png,0.2481,485.53,619.76,492.01,625.36
ch2_ohr_ncp_20241111T0516278303_d_img_d18_x03840_y74240.png,0.2254,547.49,363.86,556.45,371.57
ch2_ohr_ncp_20241111T0516278303_d_img_d18_x03840_y75520.png,0.3082,624.7,315.92,629.58,320.77
ch2_ohr_ncp_20241111T0516278303_d_img_d18_x03840_y76160.png,0.4709,446.78,327.77,452.04,332.35
ch2_ohr_ncp_20241111T0516278303_d_img_d18_x03840_y76160.png,0.4411,527.32,275.59,532.19,281.2
ch2_ohr_ncp_20241111T0516278303_d_img_d18_x03840_y76160.png,0.3766,590.96,315.29,600.85,324.14
ch2_ohr_ncp_20241111T0516278303_d_img_d18_x03840_y76160.png,0.3395,443.1,305.48,454.43,315.85
ch2_ohr_ncp_20241111T0516278303_d_img_d18_x03840_y76160.png,0.3317,511.23,175.59,516.88,180.93
ch2_ohr_ncp_20241111T0516278303_d_img_d18_x03840_y76160.png,0.3249,542.7,281.69,548.01,286.22
ch2_ohr_ncp_20241111T0516278303_d_img_d18_x03840_y76160.png,0.3155,615.68,507.17,620.18,512.4
ch2_ohr_ncp_20241111T0516278303_d_img_d18_x03840_y76160.png,0.3035,626.6,427.98,630.97,433.44
ch2_ohr_ncp_20241111T0516278303_d_img_d18_x03840_y76160.png,0.2984,609.73,584.24,614.86,589.54
ch2_ohr_ncp_20241111T0516278303_d_img_d18_x03840_y76160.png,0.2727,628.57,3.45,640.0,23.79
ch2_ohr_ncp_20241111T0516278303_d_img_d18_x03840_y76160.png,0.2522,585.96,265.61,593.36,272.54
ch2_ohr_ncp_20241111T0516278303_d_img_d18_x03840_y76160.png,0.2222,633.39,255.98,639.35,262.68
ch2_ohr_ncp_20241111T0516278303_d_img_d18_x03840_y76160.png,0.2095,532.12,270.15,540.13,276.69
ch2_ohr_ncp_20241111T0516278303_d_img_d18_x03840_y76800.png,0.346,563.95,45.41,570.22,52.12
ch2_ohr_ncp_20241111T0516278303_d_img_d18_x03840_y76800.png,0.2174,464.43,207.02,471.33,215.19
ch2_ohr_ncp_20241111T0516278303_d_img_d18_x03840_y77440.png,0.2424,571.74,75.1,577.27,81.08
ch2_ohr_ncp_20241111T0516278303_d_img_d18_x03840_y82560.png,0.2427,15.51,370.72,50.25,411.07
ch2_ohr_ncp_20241111T0516278303_d_img_d18_x03840_y83200.png,0.2584,14.8,616.71,20.0,620.94
ch2_ohr_ncp_20241111T0516278303_d_img_d18_x03840_y83200.png,0.2125,581.81,624.22,589.04,631.52
ch2_ohr_ncp_20241111T0516278303_d_img_d18_x03840_y83200.png,0.2059,126.68,1.69,133.93,8.72
ch2_ohr_ncp_20241111T0516278303_d_img_d18_x03840_y83840.png,0.4459,5.82,571.93,12.0,577.05
ch2_ohr_ncp_20241111T0516278303_d_img_d18_x03840_y83840.png,0.4379,13.89,336.03,25.07,350.04
ch2_ohr_ncp_20241111T0516278303_d_img_d18_x03840_y83840.png,0.4211,109.77,319.63,126.68,337.62
ch2_ohr_ncp_20241111T0516278303_d_img_d18_x03840_y83840.png,0.3862,11.8,408.61,16.86,415.52
ch2_ohr_ncp_20241111T0516278303_d_img_d18_x03840_y83840.png,0.2909,53.43,204.53,62.28,212.73
ch2_ohr_ncp_20241111T0516278303_d_img_d18_x03840_y83840.png,0.2788,24.42,279.85,30.55,286.46
ch2_ohr_ncp_20241111T0516278303_d_img_d18_x03840_y83840.png,0.2743,78.8,531.08,84.01,535.92
ch2_ohr_ncp_20241111T0516278303_d_img_d18_x03840_y83840.png,0.2469,606.99,619.9,612.01,624.6
ch2_ohr_ncp_20241111T0516278303_d_img_d18_x03840_y83840.png,0.2368,4.0,571.98,10.34,577.44
ch2_ohr_ncp_20241111T0516278303_d_img_d18_x03840_y83840.png,0.2031,11.79,442.87,17.21,447.88
ch2_ohr_ncp_20241111T0516278303_d_img_d18_x03840_y84480.png,0.4943,560.27,201.79,565.3,207.03
ch2_ohr_ncp_20241111T0516278303_d_img_d18_x03840_y84480.png,0.4073,618.72,289.49,622.99,293.91
ch2_ohr_ncp_20241111T0516278303_d_img_d18_x03840_y84480.png,0.3309,502.05,122.16,508.0,128.57
ch2_ohr_ncp_20241111T0516278303_d_img_d18_x03840_y84480.png,0.3201,526.38,488.39,554.2,514.49
ch2_ohr_ncp_20241111T0516278303_d_img_d18_x03840_y84480.png,0.311,629.52,269.64,639.98,289.2
ch2_ohr_ncp_20241111T0516278303_d_img_d18_x03840_y84480.png,0.2922,500.0,123.43,506.17,128.76
ch2_ohr_ncp_20241111T0516278303_d_img_d18_x03840_y84480.png,0.2843,582.07,34.52,588.0,39.26
ch2_ohr_ncp_20241111T0516278303_d_img_d18_x03840_y84480.png,0.2839,588.0,195.27,594.11,200.15
ch2_ohr_ncp_20241111T0516278303_d_img_d18_x03840_y84480.png,0.2314,583.69,183.24,589.06,188.78
ch2_ohr_ncp_20241111T0516278303_d_img_d18_x03840_y84480.png,0.2102,611.98,191.3,617.27,196.23
ch2_ohr_ncp_20241111T0516278303_d_img_d18_x03840_y84480.png,0.2073,587.17,520.05,592.54,525.54
ch2_ohr_ncp_20241111T0516278303_d_img_d18_x03840_y84480.png,0.2007,585.65,527.31,611.47,557.01
ch2_ohr_ncp_20241111T0516278303_d_img_d18_x03840_y85120.png,0.3744,493.92,204.94,500.14,212.0
ch2_ohr_ncp_20241111T0516278303_d_img_d18_x03840_y85120.png,0.2589,188.41,429.17,243.33,526.13
ch2_ohr_ncp_20241111T0516278303_d_img_d18_x03840_y85120.png,0.2242,593.16,163.99,598.26,169.73
ch2_ohr_ncp_20241111T0516278303_d_img_d18_x03840_y85760.png,0.3563,584.92,580.0,590.38,587.04
ch2_ohr_ncp_20241111T0516278303_d_img_d18_x03840_y85760.png,0.3528,584.49,581.63,589.79,588.0
ch2_ohr_ncp_20241111T0516278303_d_img_d18_x03840_y85760.png,0.3228,588.0,604.0,593.78,609.98
ch2_ohr_ncp_20241111T0516278303_d_img_d18_x03840_y85760.png,0.3005,589.59,604.0,596.0,609.61
ch2_ohr_ncp_20241111T0516278303_d_img_d18_x03840_y85760.png,0.2483,603.89,559.84,609.79,565.57
ch2_ohr_ncp_20241111T0516278303_d_img_d18_x03840_y85760.png,0.2461,628.0,493.65,635.86,500.04
ch2_ohr_ncp_20241111T0516278303_d_img_d18_x03840_y85760.png,0.2321,606.29,570.97,612.0,575.56
ch2_ohr_ncp_20241111T0516278303_d_img_d18_x03840_y85760.png,0.232,285.52,306.63,292.79,314.02
ch2_ohr_ncp_20241111T0516278303_d_img_d18_x03840_y85760.png,0.2094,614.79,634.23,621.51,639.54
ch2_ohr_ncp_20241111T0516278303_d_img_d18_x03840_y86400.png,0.4152,598.82,246.45,604.06,252.01
ch2_ohr_ncp_20241111T0516278303_d_img_d18_x03840_y86400.png,0.3949,545.87,272.03,551.37,278.84
ch2_ohr_ncp_20241111T0516278303_d_img_d18_x03840_y86400.png,0.378,606.17,102.74,612.03,108.06
ch2_ohr_ncp_20241111T0516278303_d_img_d18_x03840_y86400.png,0.3731,595.5,129.11,601.95,135.35
ch2_ohr_ncp_20241111T0516278303_d_img_d18_x03840_y86400.png,0.3721,327.87,180.49,333.47,186.35
ch2_ohr_ncp_20241111T0516278303_d_img_d18_x03840_y86400.png,0.2989,552.18,535.43,557.92,540.9
ch2_ohr_ncp_20241111T0516278303_d_img_d18_x03840_y86400.png,0.2733,335.94,626.34,340.92,631.44
ch2_ohr_ncp_20241111T0516278303_d_img_d18_x03840_y86400.png,0.2594,574.75,411.99,580.03,417.31
ch2_ohr_ncp_20241111T0516278303_d_img_d18_x03840_y86400.png,0.2555,601.43,16.8,606.71,21.66
ch2_ohr_ncp_20241111T0516278303_d_img_d18_x03840_y86400.png,0.2518,401.61,296.81,412.68,308.21
ch2_ohr_ncp_20241111T0516278303_d_img_d18_x03840_y86400.png,0.2429,491.99,496.96,498.0,502.33
ch2_ohr_ncp_20241111T0516278303_d_img_d18_x03840_y86400.png,0.2429,630.29,91.09,636.01,95.77
ch2_ohr_ncp_20241111T0516278303_d_img_d18_x03840_y86400.png,0.2417,591.85,420.0,596.7,426.08
ch2_ohr_ncp_20241111T0516278303_d_img_d18_x03840_y86400.png,0.2211,545.34,32.77,552.12,40.27
ch2_ohr_ncp_20241111T0516278303_d_img_d18_x03840_y86400.png,0.2103,478.3,84.27,491.43,96.95
ch2_ohr_ncp_20241111T0516278303_d_img_d18_x03840_y86400.png,0.2082,28.0,566.38,33.62,572.01
ch2_ohr_ncp_20241111T0516278303_d_img_d18_x03840_y86400.png,0.2055,561.57,63.79,566.81,68.73
ch2_ohr_ncp_20241111T0516278303_d_img_d18_x03840_y87040.png,0.527,541.15,171.55,548.78,179.47
ch2_ohr_ncp_20241111T0516278303_d_img_d18_x03840_y87040.png,0.5157,534.63,264.39,540.02,269.56
ch2_ohr_ncp_20241111T0516278303_d_img_d18_x03840_y87040.png,0.4566,610.92,543.09,617.67,549.75
ch2_ohr_ncp_20241111T0516278303_d_img_d18_x03840_y87040.png,0.4327,23.8,405.55,28.18,412.0
ch2_ohr_ncp_20241111T0516278303_d_img_d18_x03840_y87040.png,0.4216,576.07,301.91,582.85,308.75
ch2_ohr_ncp_20241111T0516278303_d_img_d18_x03840_y87040.png,0.3641,477.88,539.85,484.01,545.38
ch2_ohr_ncp_20241111T0516278303_d_img_d18_x03840_y87040.png,0.3507,560.51,433.63,565.68,438.43
ch2_ohr_ncp_20241111T0516278303_d_img_d18_x03840_y87040.png,0.33,553.11,617.07,559.33,624.95
ch2_ohr_ncp_20241111T0516278303_d_img_d18_x03840_y87040.png,0.3269,494.94,483.75,500.56,488.56
ch2_ohr_ncp_20241111T0516278303_d_img_d18_x03840_y87040.png,0.3166,576.08,263.03,582.99,269.53
ch2_ohr_ncp_20241111T0516278303_d_img_d18_x03840_y87040.png,0.2982,563.02,277.81,568.04,282.36
ch2_ohr_ncp_20241111T0516278303_d_img_d18_x03840_y87040.png,0.2688,523.35,409.02,528.3,414.43
ch2_ohr_ncp_20241111T0516278303_d_img_d18_x03840_y87040.png,0.2245,562.75,276.0,567.59,282.23
ch2_ohr_ncp_20241111T0516278303_d_img_d18_x03840_y87040.png,0.2132,13.8,326.09,20.74,333.22
ch2_ohr_ncp_20241111T0516278303_d_img_d18_x03840_y87040.png,0.2113,480.3,409.14,485.86,414.88
ch2_ohr_ncp_20241111T0516278303_d_img_d18_x03840_y87040.png,0.2051,354.72,630.39,362.77,637.55
ch2_ohr_ncp_20241111T0516278303_d_img_d18_x03840_y87040.png,0.2017,612.65,292.7,616.8,297.48
ch2_ohr_ncp_20241111T0516278303_d_img_d18_x03840_y88320.png,0.7176,30.24,597.23,36.53,604.01
ch2_ohr_ncp_20241111T0516278303_d_img_d18_x03840_y88320.png,0.6395,6.57,529.56,19.38,540.17
ch2_ohr_ncp_20241111T0516278303_d_img_d18_x03840_y88320.png,0.4587,85.32,613.45,91.05,619.63
ch2_ohr_ncp_20241111T0516278303_d_img_d18_x03840_y88320.png,0.4442,67.64,549.53,75.46,556.47
ch2_ohr_ncp_20241111T0516278303_d_img_d18_x03840_y88320.png,0.4442,55.96,546.21,60.72,551.15
ch2_ohr_ncp_20241111T0516278303_d_img_d18_x03840_y88320.png,0.3932,43.84,604.0,48.33,610.37
ch2_ohr_ncp_20241111T0516278303_d_img_d18_x03840_y88320.png,0.3601,76.0,575.86,81.36,581.02
ch2_ohr_ncp_20241111T0516278303_d_img_d18_x03840_y88320.png,0.3586,84.0,613.59,90.49,620.03
ch2_ohr_ncp_20241111T0516278303_d_img_d18_x03840_y88320.png,0.3385,43.46,605.65,48.07,612.0
ch2_ohr_ncp_20241111T0516278303_d_img_d18_x03840_y88320.png,0.28,107.72,18.11,119.01,29.87
ch2_ohr_ncp_20241111T0516278303_d_img_d18_x03840_y88320.png,0.2735,41.6,590.52,45.89,596.01
ch2_ohr_ncp_20241111T0516278303_d_img_d18_x03840_y88320.png,0.2516,27.7,498.69,32.86,503.61
ch2_ohr_ncp_20241111T0516278303_d_img_d18_x03840_y88320.png,0.2325,84.0,588.0,88.99,594.16
ch2_ohr_ncp_20241111T0516278303_d_img_d18_x03840_y88320.png,0.2113,5.78,363.93,12.0,368.93
ch2_ohr_ncp_20241111T0516278303_d_img_d18_x03840_y88960.png,0.6653,616.34,600.97,639.29,639.48
ch2_ohr_ncp_20241111T0516278303_d_img_d18_x03840_y88960.png,0.5734,575.51,634.39,581.3,639.48
ch2_ohr_ncp_20241111T0516278303_d_img_d18_x03840_y88960.png,0.4873,547.63,528.28,552.47,533.36
ch2_ohr_ncp_20241111T0516278303_d_img_d18_x03840_y88960.png,0.4655,629.0,367.52,636.03,374.61
ch2_ohr_ncp_20241111T0516278303_d_img_d18_x03840_y88960.png,0.4605,578.19,527.28,584.05,533.34
ch2_ohr_ncp_20241111T0516278303_d_img_d18_x03840_y88960.png,0.427,503.24,596.27,508.43,601.32
ch2_ohr_ncp_20241111T0516278303_d_img_d18_x03840_y88960.png,0.3902,606.48,431.58,614.19,440.07
ch2_ohr_ncp_20241111T0516278303_d_img_d18_x03840_y88960.png,0.386,581.27,277.39,588.55,284.16
ch2_ohr_ncp_20241111T0516278303_d_img_d18_x03840_y88960.png,0.3797,587.61,487.74,592.14,492.63
ch2_ohr_ncp_20241111T0516278303_d_img_d18_x03840_y88960.png,0.3788,403.99,600.49,408.45,605.12
ch2_ohr_ncp_20241111T0516278303_d_img_d18_x03840_y88960.png,0.371,596.75,17.36,603.05,25.15
ch2_ohr_ncp_20241111T0516278303_d_img_d18_x03840_y88960.png,0.3705,577.13,576.75,582.63,581.34
ch2_ohr_ncp_20241111T0516278303_d_img_d18_x03840_y88960.png,0.37,599.07,515.07,604.1,520.1
ch2_ohr_ncp_20241111T0516278303_d_img_d18_x03840_y88960.png,0.3606,541.34,619.25,548.01,624.84
ch2_ohr_ncp_20241111T0516278303_d_img_d18_x03840_y88960.png,0.3492,517.61,575.85,527.79,585.85
ch2_ohr_ncp_20241111T0516278303_d_img_d18_x03840_y88960.png,0.3447,547.46,486.71,553.79,492.02
ch2_ohr_ncp_20241111T0516278303_d_img_d18_x03840_y88960.png,0.3432,626.61,459.82,633.21,466.32
ch2_ohr_ncp_20241111T0516278303_d_img_d18_x03840_y88960.png,0.3408,579.13,298.24,585.06,304.36
ch2_ohr_ncp_20241111T0516278303_d_img_d18_x03840_y88960.png,0.3121,499.32,606.45,506.25,613.09
ch2_ohr_ncp_20241111T0516278303_d_img_d18_x03840_y88960.png,0.3075,612.0,255.0,617.13,260.01
ch2_ohr_ncp_20241111T0516278303_d_img_d18_x03840_y88960.png,0.2856,628.26,367.74,635.6,376.01
ch2_ohr_ncp_20241111T0516278303_d_img_d18_x03840_y88960.png,0.2799,443.75,513.85,448.92,518.77
ch2_ohr_ncp_20241111T0516278303_d_img_d18_x03840_y88960.png,0.2789,453.31,255.02,479.27,276.13
ch2_ohr_ncp_20241111T0516278303_d_img_d18_x03840_y88960.png,0.2689,587.57,106.44,595.17,113.36
ch2_ohr_ncp_20241111T0516278303_d_img_d18_x03840_y88960.png,0.2642,476.0,503.81,481.95,509.23
ch2_ohr_ncp_20241111T0516278303_d_img_d18_x03840_y88960.png,0.2547,543.9,572.0,548.27,578.4
ch2_ohr_ncp_20241111T0516278303_d_img_d18_x03840_y88960.png,0.2387,560.68,564.0,565.01,568.47
ch2_ohr_ncp_20241111T0516278303_d_img_d18_x03840_y88960.png,0.2373,507.54,611.94,512.64,616.78
ch2_ohr_ncp_20241111T0516278303_d_img_d18_x03840_y88960.png,0.2277,485.12,86.62,490.0,92.07
ch2_ohr_ncp_20241111T0516278303_d_img_d18_x03840_y88960.png,0.2231,533.43,94.09,541.03,101.73
ch2_ohr_ncp_20241111T0516278303_d_img_d18_x03840_y88960.png,0.2143,567.22,291.99,572.02,297.14
ch2_ohr_ncp_20241111T0516278303_d_img_d18_x03840_y88960.png,0.2122,567.0,411.06,572.02,415.38
ch2_ohr_ncp_20241111T0516278303_d_img_d18_x03840_y88960.png,0.2069,475.84,152.74,483.44,161.36
ch2_ohr_ncp_20241111T0516278303_d_img_d18_x03840_y88960.png,0.2052,480.28,96.02,485.08,101.09
ch2_ohr_ncp_20241111T0516278303_d_img_d18_x03840_y89600.png,0.2496,6.55,454.19,13.4,461.02
ch2_ohr_ncp_20241111T0516278303_d_img_d18_x04480_y18560.png,0.2661,26.91,631.41,34.65,638.59
ch2_ohr_ncp_20241111T0516278303_d_img_d18_x04480_y19200.png,0.3987,628.77,304.35,639.26,332.48
ch2_ohr_ncp_20241111T0516278303_d_img_d18_x04480_y21120.png,0.2035,558.02,372.96,566.28,382.43
ch2_ohr_ncp_20241111T0516278303_d_img_d18_x04480_y23680.png,0.3192,78.76,75.78,171.34,144.36
ch2_ohr_ncp_20241111T0516278303_d_img_d18_x04480_y23680.png,0.3026,97.34,79.97,167.56,140.52
ch2_ohr_ncp_20241111T0516278303_d_img_d18_x04480_y35200.png,0.255,474.19,8.75,530.51,45.99
ch2_ohr_ncp_20241111T0516278303_d_img_d18_x04480_y36480.png,0.2464,590.76,331.35,596.05,336.77
ch2_ohr_ncp_20241111T0516278303_d_img_d18_x04480_y37120.png,0.3064,27.37,506.48,31.62,511.58
ch2_ohr_ncp_20241111T0516278303_d_img_d18_x04480_y37120.png,0.2119,26.17,467.7,31.28,473.18
ch2_ohr_ncp_20241111T0516278303_d_img_d18_x04480_y37760.png,0.2629,18.69,249.69,25.89,256.14
ch2_ohr_ncp_20241111T0516278303_d_img_d18_x04480_y69120.png,0.371,439.34,162.99,527.59,233.96
ch2_ohr_ncp_20241111T0516278303_d_img_d18_x04480_y69120.png,0.2847,423.17,162.51,524.93,250.41
ch2_ohr_ncp_20241111T0516278303_d_img_d18_x04480_y69760.png,0.6077,517.71,539.43,525.09,546.12
ch2_ohr_ncp_20241111T0516278303_d_img_d18_x04480_y69760.png,0.546,574.09,519.86,580.0,524.39
ch2_ohr_ncp_20241111T0516278303_d_img_d18_x04480_y69760.png,0.4984,602.6,505.3,607.28,510.04
ch2_ohr_ncp_20241111T0516278303_d_img_d18_x04480_y69760.png,0.3173,616.96,503.47,621.52,508.25
ch2_ohr_ncp_20241111T0516278303_d_img_d18_x04480_y69760.png,0.3005,545.83,624.8,561.56,637.89
ch2_ohr_ncp_20241111T0516278303_d_img_d18_x04480_y69760.png,0.2975,512.9,487.18,517.92,492.03
ch2_ohr_ncp_20241111T0516278303_d_img_d18_x04480_y69760.png,0.2868,590.8,499.95,596.02,504.87
ch2_ohr_ncp_20241111T0516278303_d_img_d18_x04480_y69760.png,0.2701,513.38,505.65,518.89,510.74
ch2_ohr_ncp_20241111T0516278303_d_img_d18_x04480_y69760.png,0.2592,598.84,619.98,606.28,626.47
ch2_ohr_ncp_20241111T0516278303_d_img_d18_x04480_y69760.png,0.2434,281.76,350.28,406.84,408.24
ch2_ohr_ncp_20241111T0516278303_d_img_d18_x04480_y69760.png,0.2395,566.32,199.17,575.58,207.67
ch2_ohr_ncp_20241111T0516278303_d_img_d18_x04480_y69760.png,0.2378,548.18,482.22,560.25,495.06
ch2_ohr_ncp_20241111T0516278303_d_img_d18_x04480_y69760.png,0.2277,615.92,70.97,622.71,78.39
ch2_ohr_ncp_20241111T0516278303_d_img_d18_x04480_y69760.png,0.2263,623.18,587.97,628.41,594.17
ch2_ohr_ncp_20241111T0516278303_d_img_d18_x04480_y69760.png,0.2203,443.69,108.13,466.08,131.09
ch2_ohr_ncp_20241111T0516278303_d_img_d18_x04480_y69760.png,0.2156,502.35,91.2,508.03,96.87
ch2_ohr_ncp_20241111T0516278303_d_img_d18_x04480_y69760.png,0.2017,572.0,519.98,578.55,524.34
ch2_ohr_ncp_20241111T0516278303_d_img_d18_x04480_y70400.png,0.5797,387.99,610.69,393.45,616.29
ch2_ohr_ncp_20241111T0516278303_d_img_d18_x04480_y70400.png,0.5083,582.96,267.98,588.91,274.12
ch2_ohr_ncp_20241111T0516278303_d_img_d18_x04480_y70400.png,0.4661,368.68,603.27,374.09,609.25
ch2_ohr_ncp_20241111T0516278303_d_img_d18_x04480_y70400.png,0.3948,358.39,460.0,364.06,465.86
ch2_ohr_ncp_20241111T0516278303_d_img_d18_x04480_y70400.png,0.3774,584.69,299.57,592.64,306.57
ch2_ohr_ncp_20241111T0516278303_d_img_d18_x04480_y70400.png,0.2446,338.53,536.92,344.26,541.96
ch2_ohr_ncp_20241111T0516278303_d_img_d18_x04480_y70400.png,0.2395,290.91,518.67,298.44,526.06
ch2_ohr_ncp_20241111T0516278303_d_img_d18_x04480_y70400.png,0.2341,609.45,293.27,616.3,299.74
ch2_ohr_ncp_20241111T0516278303_d_img_d18_x04480_y70400.png,0.2168,407.36,596.83,414.52,604.08
ch2_ohr_ncp_20241111T0516278303_d_img_d18_x04480_y70400.png,0.207,557.44,246.1,565.22,252.45
ch2_ohr_ncp_20241111T0516278303_d_img_d18_x04480_y71040.png,0.738,536.33,270.2,542.27,276.6
ch2_ohr_ncp_20241111T0516278303_d_img_d18_x04480_y71040.png,0.7038,345.05,431.89,353.05,438.25
ch2_ohr_ncp_20241111T0516278303_d_img_d18_x04480_y71040.png,0.6171,494.75,184.57,500.04,189.74
ch2_ohr_ncp_20241111T0516278303_d_img_d18_x04480_y71040.png,0.6164,627.18,182.81,633.51,188.57
ch2_ohr_ncp_20241111T0516278303_d_img_d18_x04480_y71040.png,0.5946,612.25,377.97,622.01,387.91
ch2_ohr_ncp_20241111T0516278303_d_img_d18_x04480_y71040.png,0.5802,532.73,109.48,575.66,152.94
ch2_ohr_ncp_20241111T0516278303_d_img_d18_x04480_y71040.png,0.5709,447.85,199.35,454.98,206.39
ch2_ohr_ncp_20241111T0516278303_d_img_d18_x04480_y71040.png,0.5588,614.15,223.0,629.24,237.19
ch2_ohr_ncp_20241111T0516278303_d_img_d18_x04480_y71040.png,0.5534,169.51,531.99,175.08,538.39
ch2_ohr_ncp_20241111T0516278303_d_img_d18_x04480_y71040.png,0.5449,576.18,391.41,584.25,400.35
ch2_ohr_ncp_20241111T0516278303_d_img_d18_x04480_y71040.png,0.5223,335.62,467.45,340.52,472.57
ch2_ohr_ncp_20241111T0516278303_d_img_d18_x04480_y71040.png,0.5086,583.67,182.44,591.33,190.86
ch2_ohr_ncp_20241111T0516278303_d_img_d18_x04480_y71040.png,0.5049,613.71,166.3,624.15,174.82
ch2_ohr_ncp_20241111T0516278303_d_img_d18_x04480_y71040.png,0.5008,445.2,394.56,453.45,401.96
ch2_ohr_ncp_20241111T0516278303_d_img_d18_x04480_y71040.png,0.4877,419.66,370.15,426.02,375.76
ch2_ohr_ncp_20241111T0516278303_d_img_d18_x04480_y71040.png,0.4786,467.78,247.99,477.84,257.33
ch2_ohr_ncp_20241111T0516278303_d_img_d18_x04480_y71040.png,0.4623,615.28,215.67,622.3,222.61
ch2_ohr_ncp_20241111T0516278303_d_img_d18_x04480_y71040.png,0.4556,244.82,445.34,253.39,452.64
ch2_ohr_ncp_20241111T0516278303_d_img_d18_x04480_y71040.png,0.4486,340.83,443.31,348.08,449.53
ch2_ohr_ncp_20241111T0516278303_d_img_d18_x04480_y71040.png,0.4476,561.18,62.26,565.2,68.01
ch2_ohr_ncp_20241111T0516278303_d_img_d18_x04480_y71040.png,0.4468,263.83,627.0,274.85,635.35
ch2_ohr_ncp_20241111T0516278303_d_img_d18_x04480_y71040.png,0.4452,262.58,510.62,269.27,516.18
ch2_ohr_ncp_20241111T0516278303_d_img_d18_x04480_y71040.png,0.4422,21.61,608.19,28.73,617.05
ch2_ohr_ncp_20241111T0516278303_d_img_d18_x04480_y71040.png,0.4373,452.0,438.73,458.67,444.1
ch2_ohr_ncp_20241111T0516278303_d_img_d18_x04480_y71040.png,0.4362,567.73,413.88,576.24,422.74
ch2_ohr_ncp_20241111T0516278303_d_img_d18_x04480_y71040.png,0.427,453.36,438.65,460.01,444.06
ch2_ohr_ncp_20241111T0516278303_d_img_d18_x04480_y71040.png,0.4267,544.37,10.32,558.95,25.47
ch2_ohr_ncp_20241111T0516278303_d_img_d18_x04480_y71040.png,0.4229,549.41,163.96,554.46,169.28
ch2_ohr_ncp_20241111T0516278303_d_img_d18_x04480_y71040.png,0.4145,457.82,171.92,463.78,177.33
ch2_ohr_ncp_20241111T0516278303_d_img_d18_x04480_y71040.png,0.4113,111.65,444.95,131.71,463.12
ch2_ohr_ncp_20241111T0516278303_d_img_d18_x04480_y71040.png,0.4057,499.19,77.92,508.53,87.99
ch2_ohr_ncp_20241111T0516278303_d_img_d18_x04480_y71040.png,0.3983,591.69,148.0,597.27,154.61
ch2_ohr_ncp_20241111T0516278303_d_img_d18_x04480_y71040.png,0.3943,285.64,347.63,292.01,353.4
ch2_ohr_ncp_20241111T0516278303_d_img_d18_x04480_y71040.png,0.3933,264.77,356.52,284.1,372.07
ch2_ohr_ncp_20241111T0516278303_d_img_d18_x04480_y71040.png,0.3838,419.96,537.07,426.21,542.97
ch2_ohr_ncp_20241111T0516278303_d_img_d18_x04480_y71040.png,0.3721,225.05,466.68,233.58,474.7
ch2_ohr_ncp_20241111T0516278303_d_img_d18_x04480_y71040.png,0.3699,191.18,476.0,197.24,482.45
ch2_ohr_ncp_20241111T0516278303_d_img_d18_x04480_y71040.png,0.3575,453.13,438.33,458.79,443.5
ch2_ohr_ncp_20241111T0516278303_d_img_d18_x04480_y71040.png,0.3563,168.0,532.67,174.46,538.37
ch2_ohr_ncp_20241111T0516278303_d_img_d18_x04480_y71040.png,0.3485,320.41,228.15,356.74,265.31
ch2_ohr_ncp_20241111T0516278303_d_img_d18_x04480_y71040.png,0.3417,371.19,572.0,376.57,577.86
ch2_ohr_ncp_20241111T0516278303_d_img_d18_x04480_y71040.png,0.3375,545.72,568.94,552.16,575.03
ch2_ohr_ncp_20241111T0516278303_d_img_d18_x04480_y71040.png,0.3341,421.19,450.43,426.58,456.44
ch2_ohr_ncp_20241111T0516278303_d_img_d18_x04480_y71040.png,0.331,22.53,608.36,29.32,615.94
ch2_ohr_ncp_20241111T0516278303_d_img_d18_x04480_y71040.png,0.3188,301.83,419.03,320.8,432.25
ch2_ohr_ncp_20241111T0516278303_d_img_d18_x04480_y71040.png,0.3032,549.64,163.87,556.0,169.06
ch2_ohr_ncp_20241111T0516278303_d_img_d18_x04480_y71040.png,0.299,633.03,408.15,637.79,412.62
ch2_ohr_ncp_20241111T0516278303_d_img_d18_x04480_y71040.png,0.2788,446.82,187.99,455.33,197.25
ch2_ohr_ncp_20241111T0516278303_d_img_d18_x04480_y71040.png,0.2768,221.02,371.29,228.7,378.68
ch2_ohr_ncp_20241111T0516278303_d_img_d18_x04480_y71040.png,0.2761,576.01,5.47,581.34,12.01
ch2_ohr_ncp_20241111T0516278303_d_img_d18_x04480_y71040.png,0.2757,293.67,346.89,300.05,352.98
ch2_ohr_ncp_20241111T0516278303_d_img_d18_x04480_y71040.png,0.2739,361.99,314.03,368.96,321.76
ch2_ohr_ncp_20241111T0516278303_d_img_d18_x04480_y71040.png,0.2736,194.69,389.41,201.57,396.09
ch2_ohr_ncp_20241111T0516278303_d_img_d18_x04480_y71040.png,0.2709,221.07,328.21,247.28,358.72
ch2_ohr_ncp_20241111T0516278303_d_img_d18_x04480_y71040.png,0.2687,343.18,331.06,349.41,336.56
ch2_ohr_ncp_20241111T0516278303_d_img_d18_x04480_y71040.png,0.2613,590.31,9.19,600.54,20.06
ch2_ohr_ncp_20241111T0516278303_d_img_d18_x04480_y71040.png,0.2596,372.41,388.35,378.05,394.24
ch2_ohr_ncp_20241111T0516278303_d_img_d18_x04480_y71040.png,0.2507,505.47,96.27,510.98,102.05
ch2_ohr_ncp_20241111T0516278303_d_img_d18_x04480_y71040.png,0.2468,600.04,367.69,605.8,372.84
ch2_ohr_ncp_20241111T0516278303_d_img_d18_x04480_y71040.png,0.2459,496.43,213.49,501.25,220.0
ch2_ohr_ncp_20241111T0516278303_d_img_d18_x04480_y71040.png,0.2439,195.79,383.22,202.12,388.21
ch2_ohr_ncp_20241111T0516278303_d_img_d18_x04480_y71040.png,0.2438,576.13,452.0,581.07,458.37
ch2_ohr_ncp_20241111T0516278303_d_img_d18_x04480_y71040.png,0.2398,563.98,570.03,568.65,574.4
ch2_ohr_ncp_20241111T0516278303_d_img_d18_x04480_y71040.png,0.2392,182.26,588.16,207.69,613.64
ch2_ohr_ncp_20241111T0516278303_d_img_d18_x04480_y71040.png,0.234,338.12,298.14,342.55,302.63
ch2_ohr_ncp_20241111T0516278303_d_img_d18_x04480_y71040.png,0.2321,571.09,286.36,576.48,292.4
ch2_ohr_ncp_20241111T0516278303_d_img_d18_x04480_y71040.png,0.2244,612.83,376.0,622.13,386.81
ch2_ohr_ncp_20241111T0516278303_d_img_d18_x04480_y71040.png,0.2204,455.09,83.09,460.94,88.59
ch2_ohr_ncp_20241111T0516278303_d_img_d18_x04480_y71040.png,0.2182,438.05,311.25,445.29,317.53
ch2_ohr_ncp_20241111T0516278303_d_img_d18_x04480_y71040.png,0.2164,601.36,143.77,605.81,148.74
ch2_ohr_ncp_20241111T0516278303_d_img_d18_x04480_y71040.png,0.2099,327.18,548.87,344.48,564.26
ch2_ohr_ncp_20241111T0516278303_d_img_d18_x04480_y71040.png,0.2074,392.25,293.67,402.59,303.87
ch2_ohr_ncp_20241111T0516278303_d_img_d18_x04480_y72320.png,0.5833,606.92,299.55,613.28,306.03
ch2_ohr_ncp_20241111T0516278303_d_img_d18_x04480_y72320.png,0.4859,111.94,605.21,121.07,613.2
ch2_ohr_ncp_20241111T0516278303_d_img_d18_x04480_y72320.png,0.4213,114.55,633.01,121.01,639.02
ch2_ohr_ncp_20241111T0516278303_d_img_d18_x04480_y72320.png,0.4093,611.85,175.74,617.33,181.53
ch2_ohr_ncp_20241111T0516278303_d_img_d18_x04480_y72320.png,0.3654,587.34,301.64,592.72,308.01
ch2_ohr_ncp_20241111T0516278303_d_img_d18_x04480_y72320.png,0.3653,587.46,300.0,592.94,306.87
ch2_ohr_ncp_20241111T0516278303_d_img_d18_x04480_y72320.png,0.3546,567.66,163.11,572.61,168.02
ch2_ohr_ncp_20241111T0516278303_d_img_d18_x04480_y72320.png,0.3334,107.66,597.62,113.23,604.01
ch2_ohr_ncp_20241111T0516278303_d_img_d18_x04480_y72320.png,0.3041,534.97,413.53,540.36,420.0
ch2_ohr_ncp_20241111T0516278303_d_img_d18_x04480_y72320.png,0.3041,547.96,361.99,553.86,368.07
ch2_ohr_ncp_20241111T0516278303_d_img_d18_x04480_y72320.png,0.285,577.52,316.0,582.22,322.4
ch2_ohr_ncp_20241111T0516278303_d_img_d18_x04480_y72320.png,0.2802,49.81,635.65,57.29,639.78
ch2_ohr_ncp_20241111T0516278303_d_img_d18_x04480_y72320.png,0.2705,534.95,412.0,540.24,418.43
ch2_ohr_ncp_20241111T0516278303_d_img_d18_x04480_y72320.png,0.2551,575.88,149.99,581.62,156.01
ch2_ohr_ncp_20241111T0516278303_d_img_d18_x04480_y72320.png,0.2535,599.35,87.37,606.84,93.27
ch2_ohr_ncp_20241111T0516278303_d_img_d18_x04480_y72320.png,0.2281,591.28,342.5,598.71,349.56
ch2_ohr_ncp_20241111T0516278303_d_img_d18_x04480_y72320.png,0.2195,563.98,104.93,569.41,109.75
ch2_ohr_ncp_20241111T0516278303_d_img_d18_x04480_y72320.png,0.2156,597.06,261.99,607.88,272.87
ch2_ohr_ncp_20241111T0516278303_d_img_d18_x04480_y72320.png,0.2107,604.0,299.29,613.03,305.58
ch2_ohr_ncp_20241111T0516278303_d_img_d18_x04480_y72320.png,0.2083,557.65,226.14,564.01,231.24
ch2_ohr_ncp_20241111T0516278303_d_img_d18_x04480_y72320.png,0.2006,599.99,214.15,604.69,218.14
ch2_ohr_ncp_20241111T0516278303_d_img_d18_x04480_y72960.png,0.5737,382.63,5.64,392.73,15.71
ch2_ohr_ncp_20241111T0516278303_d_img_d18_x04480_y72960.png,0.5611,388.45,43.75,396.72,51.56
ch2_ohr_ncp_20241111T0516278303_d_img_d18_x04480_y72960.png,0.5138,366.5,39.13,372.04,44.19
ch2_ohr_ncp_20241111T0516278303_d_img_d18_x04480_y72960.png,0.4919,9.87,6.58,21.49,17.28
ch2_ohr_ncp_20241111T0516278303_d_img_d18_x04480_y72960.png,0.4681,488.32,259.18,492.92,264.69
ch2_ohr_ncp_20241111T0516278303_d_img_d18_x04480_y72960.png,0.3821,377.83,99.19,384.32,105.15
ch2_ohr_ncp_20241111T0516278303_d_img_d18_x04480_y72960.png,0.3805,463.35,109.55,469.74,116.0
ch2_ohr_ncp_20241111T0516278303_d_img_d18_x04480_y72960.png,0.3717,0.0,57.65,7.83,68.74
ch2_ohr_ncp_20241111T0516278303_d_img_d18_x04480_y72960.png,0.3699,49.64,0.0,57.08,4.01
ch2_ohr_ncp_20241111T0516278303_d_img_d18_x04480_y72960.png,0.3569,542.93,45.53,559.02,63.26
ch2_ohr_ncp_20241111T0516278303_d_img_d18_x04480_y72960.png,0.3483,91.9,6.39,97.57,12.03
ch2_ohr_ncp_20241111T0516278303_d_img_d18_x04480_y72960.png,0.3403,62.17,627.59,70.19,634.48
ch2_ohr_ncp_20241111T0516278303_d_img_d18_x04480_y72960.png,0.3395,408.27,43.32,412.68,47.99
ch2_ohr_ncp_20241111T0516278303_d_img_d18_x04480_y72960.png,0.3355,542.98,46.32,554.98,63.95
ch2_ohr_ncp_20241111T0516278303_d_img_d18_x04480_y72960.png,0.333,506.75,0.45,541.96,27.83
ch2_ohr_ncp_20241111T0516278303_d_img_d18_x04480_y72960.png,0.3218,16.17,49.46,34.05,64.65
ch2_ohr_ncp_20241111T0516278303_d_img_d18_x04480_y72960.png,0.3101,455.79,15.98,466.2,28.46
ch2_ohr_ncp_20241111T0516278303_d_img_d18_x04480_y72960.png,0.3069,70.22,602.95,76.01,607.61
ch2_ohr_ncp_20241111T0516278303_d_img_d18_x04480_y72960.png,0.3059,125.91,40.05,132.11,46.36
ch2_ohr_ncp_20241111T0516278303_d_img_d18_x04480_y72960.png,0.2955,46.29,13.7,54.82,20.83
ch2_ohr_ncp_20241111T0516278303_d_img_d18_x04480_y72960.png,0.2883,364.0,105.89,370.2,110.96
ch2_ohr_ncp_20241111T0516278303_d_img_d18_x04480_y72960.png,0.2873,99.12,42.71,105.25,50.37
ch2_ohr_ncp_20241111T0516278303_d_img_d18_x04480_y72960.png,0.2389,377.49,39.05,382.98,44.1
ch2_ohr_ncp_20241111T0516278303_d_img_d18_x04480_y72960.png,0.2351,463.32,108.0,469.74,114.94
ch2_ohr_ncp_20241111T0516278303_d_img_d18_x04480_y72960.png,0.2304,364.96,106.15,372.0,111.22
ch2_ohr_ncp_20241111T0516278303_d_img_d18_x04480_y72960.png,0.205,588.9,111.88,600.2,122.57
ch2_ohr_ncp_20241111T0516278303_d_img_d18_x04480_y72960.png,0.2022,21.62,0.13,28.08,4.82
ch2_ohr_ncp_20241111T0516278303_d_img_d18_x04480_y74240.png,0.2307,0.29,450.25,30.5,496.35
ch2_ohr_ncp_20241111T0516278303_d_img_d18_x04480_y76800.png,0.3387,10.25,75.98,14.15,80.41
ch2_ohr_ncp_20241111T0516278303_d_img_d18_x04480_y76800.png,0.224,104.15,28.0,108.72,33.63
ch2_ohr_ncp_20241111T0516278303_d_img_d18_x04480_y78720.png,0.2853,595.87,238.91,636.74,283.91
ch2_ohr_ncp_20241111T0516278303_d_img_d18_x04480_y80640.png,0.3568,398.64,605.13,404.03,612.0
ch2_ohr_ncp_20241111T0516278303_d_img_d18_x04480_y80640.png,0.2248,329.87,21.4,341.22,31.34
ch2_ohr_ncp_20241111T0516278303_d_img_d18_x04480_y80640.png,0.2059,140.0,611.96,145.98,617.24
ch2_ohr_ncp_20241111T0516278303_d_img_d18_x04480_y81280.png,0.3456,39.0,486.52,44.11,492.01
ch2_ohr_ncp_20241111T0516278303_d_img_d18_x04480_y81280.png,0.2764,38.61,611.99,44.03,618.44
ch2_ohr_ncp_20241111T0516278303_d_img_d18_x04480_y82560.png,0.6296,575.97,73.97,582.27,80.35
ch2_ohr_ncp_20241111T0516278303_d_img_d18_x04480_y82560.png,0.4593,25.12,493.59,30.6,500.12
ch2_ohr_ncp_20241111T0516278303_d_img_d18_x04480_y82560.png,0.388,55.0,565.67,61.76,572.41
ch2_ohr_ncp_20241111T0516278303_d_img_d18_x04480_y82560.png,0.3636,51.13,589.36,58.37,596.51
ch2_ohr_ncp_20241111T0516278303_d_img_d18_x04480_y82560.png,0.3497,29.93,473.25,36.03,478.94
ch2_ohr_ncp_20241111T0516278303_d_img_d18_x04480_y82560.png,0.3227,22.81,410.45,32.38,420.08
ch2_ohr_ncp_20241111T0516278303_d_img_d18_x04480_y82560.png,0.2828,110.55,498.07,116.02,503.68
ch2_ohr_ncp_20241111T0516278303_d_img_d18_x04480_y82560.png,0.2785,424.09,227.99,428.84,233.8
ch2_ohr_ncp_20241111T0516278303_d_img_d18_x04480_y82560.png,0.274,536.3,331.44,544.55,339.51
ch2_ohr_ncp_20241111T0516278303_d_img_d18_x04480_y82560.png,0.2589,86.49,298.18,93.86,305.2
ch2_ohr_ncp_20241111T0516278303_d_img_d18_x04480_y82560.png,0.2502,92.0,552.39,98.08,557.43
ch2_ohr_ncp_20241111T0516278303_d_img_d18_x04480_y82560.png,0.2307,0.01,286.09,8.22,303.0
ch2_ohr_ncp_20241111T0516278303_d_img_d18_x04480_y82560.png,0.228,9.04,301.22,19.06,310.17
ch2_ohr_ncp_20241111T0516278303_d_img_d18_x04480_y82560.png,0.228,390.15,284.0,396.01,290.3
ch2_ohr_ncp_20241111T0516278303_d_img_d18_x04480_y82560.png,0.2239,481.91,370.53,486.73,375.83
ch2_ohr_ncp_20241111T0516278303_d_img_d18_x04480_y82560.png,0.2237,93.55,552.46,100.0,557.38
ch2_ohr_ncp_20241111T0516278303_d_img_d18_x04480_y83200.png,0.2465,501.37,0.0,633.46,96.33
ch2_ohr_ncp_20241111T0516278303_d_img_d18_x04480_y83840.png,0.2623,549.27,490.33,558.33,503.3
ch2_ohr_ncp_20241111T0516278303_d_img_d18_x04480_y83840.png,0.211,243.2,52.62,290.27,114.85
ch2_ohr_ncp_20241111T0516278303_d_img_d18_x04480_y84480.png,0.2387,519.31,606.12,524.28,612.0
ch2_ohr_ncp_20241111T0516278303_d_img_d18_x04480_y85760.png,0.3518,543.9,45.3,549.38,52.0
ch2_ohr_ncp_20241111T0516278303_d_img_d18_x04480_y85760.png,0.2129,350.23,24.7,356.97,30.54
ch2_ohr_ncp_20241111T0516278303_d_img_d18_x04480_y86400.png,0.2341,301.45,8.16,308.41,15.31
ch2_ohr_ncp_20241111T0516278303_d_img_d18_x04480_y86400.png,0.2114,315.41,23.7,321.38,29.39
ch2_ohr_ncp_20241111T0516278303_d_img_d18_x04480_y90240.png,0.296,95.33,19.92,104.4,28.83
ch2_ohr_ncp_20241111T0516278303_d_img_d18_x04480_y90240.png,0.293,207.81,1.57,213.28,6.76
ch2_ohr_ncp_20241111T0516278303_d_img_d18_x04480_y90240.png,0.2468,270.84,9.41,278.83,18.77
ch2_ohr_ncp_20241111T0516278303_d_img_d18_x04480_y90240.png,0.2402,31.1,63.32,37.27,69.19
ch2_ohr_ncp_20241111T0516278303_d_img_d18_x04480_y90240.png,0.2176,52.33,31.38,65.53,41.75
ch2_ohr_ncp_20241111T0516278303_d_img_d18_x05120_y17920.png,0.2177,609.18,632.69,614.03,637.16
ch2_ohr_ncp_20241111T0516278303_d_img_d18_x05120_y21760.png,0.3022,607.05,400.59,612.03,405.83
ch2_ohr_ncp_20241111T0516278303_d_img_d18_x05120_y23040.png,0.2553,49.59,12.01,90.79,58.41
ch2_ohr_ncp_20241111T0516278303_d_img_d18_x05120_y69120.png,0.7121,439.39,10.97,445.8,17.18
ch2_ohr_ncp_20241111T0516278303_d_img_d18_x05120_y69120.png,0.4798,227.01,23.57,236.18,31.48
ch2_ohr_ncp_20241111T0516278303_d_img_d18_x05120_y69120.png,0.4558,320.3,44.0,325.97,50.68
ch2_ohr_ncp_20241111T0516278303_d_img_d18_x05120_y69120.png,0.3649,403.96,0.35,409.96,4.72
ch2_ohr_ncp_20241111T0516278303_d_img_d18_x05120_y69120.png,0.3412,320.15,45.21,325.93,52.0
ch2_ohr_ncp_20241111T0516278303_d_img_d18_x05120_y69120.png,0.273,630.25,380.0,636.06,386.22
ch2_ohr_ncp_20241111T0516278303_d_img_d18_x05120_y69120.png,0.272,142.34,355.97,148.99,361.73
ch2_ohr_ncp_20241111T0516278303_d_img_d18_x05120_y69120.png,0.2588,286.99,67.32,292.79,72.51
ch2_ohr_ncp_20241111T0516278303_d_img_d18_x05120_y69120.png,0.2548,448.38,610.8,454.26,616.14
ch2_ohr_ncp_20241111T0516278303_d_img_d18_x05120_y69120.png,0.2266,392.73,0.0,397.56,4.03
ch2_ohr_ncp_20241111T0516278303_d_img_d18_x05120_y69120.png,0.2263,249.35,20.0,255.24,26.45
ch2_ohr_ncp_20241111T0516278303_d_img_d18_x05120_y69120.png,0.215,603.97,480.08,610.73,486.45
ch2_ohr_ncp_20241111T0516278303_d_img_d18_x05120_y69760.png,0.253,35.06,616.57,41.15,623.13
ch2_ohr_ncp_20241111T0516278303_d_img_d18_x05120_y70400.png,0.5703,70.41,309.43,77.96,316.21
ch2_ohr_ncp_20241111T0516278303_d_img_d18_x05120_y70400.png,0.5612,31.07,421.93,37.13,428.95
ch2_ohr_ncp_20241111T0516278303_d_img_d18_x05120_y70400.png,0.4242,499.63,88.51,506.38,94.17
ch2_ohr_ncp_20241111T0516278303_d_img_d18_x05120_y70400.png,0.4145,288.82,558.78,295.68,565.24
ch2_ohr_ncp_20241111T0516278303_d_img_d18_x05120_y70400.png,0.4112,42.0,462.44,46.88,468.0
ch2_ohr_ncp_20241111T0516278303_d_img_d18_x05120_y70400.png,0.3475,390.87,618.67,400.26,627.65
ch2_ohr_ncp_20241111T0516278303_d_img_d18_x05120_y70400.png,0.319,35.98,403.47,42.04,408.49
ch2_ohr_ncp_20241111T0516278303_d_img_d18_x05120_y70400.png,0.2941,68.9,281.18,76.05,287.0
ch2_ohr_ncp_20241111T0516278303_d_img_d18_x05120_y70400.png,0.2674,312.69,547.7,318.0,552.6
ch2_ohr_ncp_20241111T0516278303_d_img_d18_x05120_y70400.png,0.2672,60.0,342.58,66.04,348.15
ch2_ohr_ncp_20241111T0516278303_d_img_d18_x05120_y70400.png,0.258,535.27,57.38,541.5,63.32
ch2_ohr_ncp_20241111T0516278303_d_img_d18_x05120_y70400.png,0.254,12.09,502.59,26.81,512.43
ch2_ohr_ncp_20241111T0516278303_d_img_d18_x05120_y70400.png,0.2449,73.55,379.7,80.55,385.74
ch2_ohr_ncp_20241111T0516278303_d_img_d18_x05120_y70400.png,0.2405,514.35,86.58,520.95,92.29
ch2_ohr_ncp_20241111T0516278303_d_img_d18_x05120_y70400.png,0.2289,11.97,334.81,17.66,340.08
ch2_ohr_ncp_20241111T0516278303_d_img_d18_x05120_y70400.png,0.2193,258.87,548.0,263.89,553.33
ch2_ohr_ncp_20241111T0516278303_d_img_d18_x05120_y70400.png,0.202,46.08,518.25,85.83,558.49
ch2_ohr_ncp_20241111T0516278303_d_img_d18_x05120_y70400.png,0.2008,115.6,343.06,120.84,348.1
ch2_ohr_ncp_20241111T0516278303_d_img_d18_x05120_y71040.png,0.6688,30.27,162.33,37.05,168.27
ch2_ohr_ncp_20241111T0516278303_d_img_d18_x05120_y71040.png,0.5508,24.49,231.68,31.28,237.77
ch2_ohr_ncp_20241111T0516278303_d_img_d18_x05120_y71040.png,0.486,47.71,347.98,52.37,353.3
ch2_ohr_ncp_20241111T0516278303_d_img_d18_x05120_y71040.png,0.4836,180.8,350.11,190.36,359.21
ch2_ohr_ncp_20241111T0516278303_d_img_d18_x05120_y71040.png,0.4831,211.71,594.86,217.31,600.13
ch2_ohr_ncp_20241111T0516278303_d_img_d18_x05120_y71040.png,0.4667,6.39,131.99,12.01,138.04
ch2_ohr_ncp_20241111T0516278303_d_img_d18_x05120_y71040.png,0.4601,123.31,346.73,133.67,357.5
ch2_ohr_ncp_20241111T0516278303_d_img_d18_x05120_y71040.png,0.4517,244.3,375.04,249.73,381.29
ch2_ohr_ncp_20241111T0516278303_d_img_d18_x05120_y71040.png,0.4347,287.55,417.79,293.83,423.13
ch2_ohr_ncp_20241111T0516278303_d_img_d18_x05120_y71040.png,0.4098,152.29,233.96,158.73,240.28
ch2_ohr_ncp_20241111T0516278303_d_img_d18_x05120_y71040.png,0.4002,295.98,238.83,302.38,245.5
ch2_ohr_ncp_20241111T0516278303_d_img_d18_x05120_y71040.png,0.3948,96.72,250.77,102.1,256.07
ch2_ohr_ncp_20241111T0516278303_d_img_d18_x05120_y71040.png,0.3809,164.91,35.64,173.17,43.1
ch2_ohr_ncp_20241111T0516278303_d_img_d18_x05120_y71040.png,0.362,27.91,212.0,33.06,217.87
ch2_ohr_ncp_20241111T0516278303_d_img_d18_x05120_y71040.png,0.3543,202.74,151.54,207.97,157.34
ch2_ohr_ncp_20241111T0516278303_d_img_d18_x05120_y71040.png,0.3517,217.51,321.98,222.66,327.93
ch2_ohr_ncp_20241111T0516278303_d_img_d18_x05120_y71040.png,0.3468,165.09,327.98,171.44,334.22
ch2_ohr_ncp_20241111T0516278303_d_img_d18_x05120_y71040.png,0.3447,137.96,441.15,143.81,447.74
ch2_ohr_ncp_20241111T0516278303_d_img_d18_x05120_y71040.png,0.3331,171.87,583.11,177.95,588.93
ch2_ohr_ncp_20241111T0516278303_d_img_d18_x05120_y71040.png,0.3322,338.99,545.81,343.69,550.78
ch2_ohr_ncp_20241111T0516278303_d_img_d18_x05120_y71040.png,0.3269,178.53,152.11,184.85,157.95
ch2_ohr_ncp_20241111T0516278303_d_img_d18_x05120_y71040.png,0.3121,205.95,500.52,212.99,508.11
ch2_ohr_ncp_20241111T0516278303_d_img_d18_x05120_y71040.png,0.3075,10.69,470.5,77.5,530.18
ch2_ohr_ncp_20241111T0516278303_d_img_d18_x05120_y71040.png,0.2996,138.28,226.89,144.91,232.61
ch2_ohr_ncp_20241111T0516278303_d_img_d18_x05120_y71040.png,0.2835,18.12,163.96,22.13,168.13
ch2_ohr_ncp_20241111T0516278303_d_img_d18_x05120_y71040.png,0.2824,182.61,195.89,188.1,201.24
ch2_ohr_ncp_20241111T0516278303_d_img_d18_x05120_y71040.png,0.2818,403.22,597.46,465.45,639.59
ch2_ohr_ncp_20241111T0516278303_d_img_d18_x05120_y71040.png,0.279,112.16,142.08,116.36,148.0
ch2_ohr_ncp_20241111T0516278303_d_img_d18_x05120_y71040.png,0.265,74.78,325.43,83.41,333.86
ch2_ohr_ncp_20241111T0516278303_d_img_d18_x05120_y71040.png,0.2629,242.18,85.19,248.8,90.08
ch2_ohr_ncp_20241111T0516278303_d_img_d18_x05120_y71040.png,0.2581,52.26,283.2,67.06,294.3
ch2_ohr_ncp_20241111T0516278303_d_img_d18_x05120_y71040.png,0.2546,151.04,343.93,157.19,349.51
ch2_ohr_ncp_20241111T0516278303_d_img_d18_x05120_y71040.png,0.2485,151.61,232.0,158.31,240.0
ch2_ohr_ncp_20241111T0516278303_d_img_d18_x05120_y71040.png,0.2457,9.06,144.84,13.6,149.79
ch2_ohr_ncp_20241111T0516278303_d_img_d18_x05120_y71040.png,0.243,152.8,21.77,158.64,28.0
ch2_ohr_ncp_20241111T0516278303_d_img_d18_x05120_y71040.png,0.2419,252.93,376.66,261.74,385.59
ch2_ohr_ncp_20241111T0516278303_d_img_d18_x05120_y71040.png,0.2382,175.65,413.29,183.68,420.13
ch2_ohr_ncp_20241111T0516278303_d_img_d18_x05120_y71040.png,0.2371,254.15,167.79,260.0,172.78
ch2_ohr_ncp_20241111T0516278303_d_img_d18_x05120_y71040.png,0.2358,135.43,42.14,147.7,52.53
ch2_ohr_ncp_20241111T0516278303_d_img_d18_x05120_y71040.png,0.2294,167.71,9.56,175.6,16.99
ch2_ohr_ncp_20241111T0516278303_d_img_d18_x05120_y71040.png,0.2292,239.58,570.41,244.79,575.68
ch2_ohr_ncp_20241111T0516278303_d_img_d18_x05120_y71040.png,0.2255,216.0,322.7,222.01,328.28
ch2_ohr_ncp_20241111T0516278303_d_img_d18_x05120_y71040.png,0.2228,343.12,73.87,348.17,79.18
ch2_ohr_ncp_20241111T0516278303_d_img_d18_x05120_y71040.png,0.2146,316.19,334.39,332.23,351.6
ch2_ohr_ncp_20241111T0516278303_d_img_d18_x05120_y71040.png,0.2123,319.97,172.16,328.68,180.5
ch2_ohr_ncp_20241111T0516278303_d_img_d18_x05120_y71040.png,0.2122,254.97,284.13,277.85,303.68
ch2_ohr_ncp_20241111T0516278303_d_img_d18_x05120_y71040.png,0.2099,407.18,12.0,412.99,18.01
ch2_ohr_ncp_20241111T0516278303_d_img_d18_x05120_y71040.png,0.2096,223.45,29.46,231.44,36.39
ch2_ohr_ncp_20241111T0516278303_d_img_d18_x05120_y71040.png,0.2094,151.79,135.96,157.03,140.96
ch2_ohr_ncp_20241111T0516278303_d_img_d18_x05120_y71040.png,0.2029,6.54,133.31,12.01,140.0
ch2_ohr_ncp_20241111T0516278303_d_img_d18_x05120_y71680.png,0.2162,575.8,585.6,580.88,591.12
ch2_ohr_ncp_20241111T0516278303_d_img_d18_x05120_y71680.png,0.2126,635.21,14.49,639.76,20.34
ch2_ohr_ncp_20241111T0516278303_d_img_d18_x05120_y72320.png,0.2542,0.0,0.0,60.91,43.52
ch2_ohr_ncp_20241111T0516278303_d_img_d18_x05120_y72320.png,0.2246,615.69,405.79,621.47,410.83
ch2_ohr_ncp_20241111T0516278303_d_img_d18_x05120_y83840.png,0.2074,30.44,282.46,37.06,288.75
ch2_ohr_ncp_20241111T0516278303_d_img_d18_x05120_y84480.png,0.5439,50.06,123.38,55.55,128.91
ch2_ohr_ncp_20241111T0516278303_d_img_d18_x05120_y84480.png,0.4686,123.06,21.23,129.95,28.01
ch2_ohr_ncp_20241111T0516278303_d_img_d18_x05120_y84480.png,0.3978,82.18,219.94,87.94,226.74
ch2_ohr_ncp_20241111T0516278303_d_img_d18_x05120_y84480.png,0.3319,48.35,51.58,55.49,57.83
ch2_ohr_ncp_20241111T0516278303_d_img_d18_x05120_y84480.png,0.3264,65.03,155.97,70.56,161.32
ch2_ohr_ncp_20241111T0516278303_d_img_d18_x05120_y84480.png,0.3205,81.84,221.06,87.43,228.02
ch2_ohr_ncp_20241111T0516278303_d_img_d18_x05120_y84480.png,0.3149,161.87,213.22,168.33,219.62
ch2_ohr_ncp_20241111T0516278303_d_img_d18_x05120_y84480.png,0.3106,87.35,125.41,92.49,132.0
ch2_ohr_ncp_20241111T0516278303_d_img_d18_x05120_y84480.png,0.2983,0.0,119.22,14.2,139.78
ch2_ohr_ncp_20241111T0516278303_d_img_d18_x05120_y84480.png,0.2787,18.27,202.94,24.14,209.65
ch2_ohr_ncp_20241111T0516278303_d_img_d18_x05120_y84480.png,0.2493,266.4,165.91,274.72,174.19
ch2_ohr_ncp_20241111T0516278303_d_img_d18_x05120_y84480.png,0.2191,25.2,285.25,36.7,298.88
ch2_ohr_ncp_20241111T0516278303_d_img_d18_x05120_y84480.png,0.2058,151.01,33.99,156.32,39.04
ch2_ohr_ncp_20241111T0516278303_d_img_d18_x05120_y84480.png,0.2052,293.91,25.61,300.14,31.21
ch2_ohr_ncp_20241111T0516278303_d_img_d18_x05120_y84480.png,0.2022,81.57,34.95,87.13,40.47
ch2_ohr_ncp_20241111T0516278303_d_img_d18_x05120_y84480.png,0.2016,145.2,0.0,156.0,7.43
ch2_ohr_ncp_20241111T0516278303_d_img_d18_x05120_y85120.png,0.6884,185.31,378.02,190.61,383.9
ch2_ohr_ncp_20241111T0516278303_d_img_d18_x05120_y85120.png,0.5649,126.87,322.82,132.39,327.89
ch2_ohr_ncp_20241111T0516278303_d_img_d18_x05120_y85120.png,0.5116,8.93,363.97,13.16,368.97
ch2_ohr_ncp_20241111T0516278303_d_img_d18_x05120_y85120.png,0.509,16.59,555.99,22.32,563.01
ch2_ohr_ncp_20241111T0516278303_d_img_d18_x05120_y85120.png,0.4689,7.12,346.76,12.17,351.67
ch2_ohr_ncp_20241111T0516278303_d_img_d18_x05120_y85120.png,0.3526,206.98,575.92,213.05,582.38
ch2_ohr_ncp_20241111T0516278303_d_img_d18_x05120_y85120.png,0.286,224.28,229.85,233.6,237.28
ch2_ohr_ncp_20241111T0516278303_d_img_d18_x05120_y85120.png,0.2768,181.66,158.21,188.01,164.33
ch2_ohr_ncp_20241111T0516278303_d_img_d18_x05120_y85120.png,0.2724,325.38,356.07,333.81,365.47
ch2_ohr_ncp_20241111T0516278303_d_img_d18_x05120_y85120.png,0.2632,275.3,281.49,281.88,288.84
ch2_ohr_ncp_20241111T0516278303_d_img_d18_x05120_y85120.png,0.2612,16.22,556.93,21.99,564.01
ch2_ohr_ncp_20241111T0516278303_d_img_d18_x05120_y85120.png,0.2367,170.92,283.84,176.31,289.76
ch2_ohr_ncp_20241111T0516278303_d_img_d18_x05120_y85120.png,0.2097,141.36,408.36,148.63,415.71
ch2_ohr_ncp_20241111T0516278303_d_img_d18_x05120_y85120.png,0.2057,144.52,58.32,150.27,65.33
ch2_ohr_ncp_20241111T0516278303_d_img_d18_x05120_y85120.png,0.2047,237.1,411.67,244.08,418.71
ch2_ohr_ncp_20241111T0516278303_d_img_d18_x05120_y85760.png,0.5044,140.7,69.02,160.23,101.52
ch2_ohr_ncp_20241111T0516278303_d_img_d18_x05120_y85760.png,0.4079,169.47,560.75,174.71,566.62
ch2_ohr_ncp_20241111T0516278303_d_img_d18_x05120_y85760.png,0.3764,3.53,532.58,9.05,538.85
ch2_ohr_ncp_20241111T0516278303_d_img_d18_x05120_y85760.png,0.3667,0.0,470.04,6.37,481.62
ch2_ohr_ncp_20241111T0516278303_d_img_d18_x05120_y85760.png,0.3381,16.16,470.46,22.75,477.51
ch2_ohr_ncp_20241111T0516278303_d_img_d18_x05120_y85760.png,0.3152,54.61,518.03,60.66,524.82
ch2_ohr_ncp_20241111T0516278303_d_img_d18_x05120_y85760.png,0.2701,217.93,530.96,222.09,535.58
ch2_ohr_ncp_20241111T0516278303_d_img_d18_x05120_y86400.png,0.4227,257.02,24.7,263.56,30.6
ch2_ohr_ncp_20241111T0516278303_d_img_d18_x05120_y86400.png,0.3256,183.42,66.97,189.4,73.58
ch2_ohr_ncp_20241111T0516278303_d_img_d18_x05120_y86400.png,0.2928,99.97,144.44,106.55,152.2
ch2_ohr_ncp_20241111T0516278303_d_img_d18_x05120_y86400.png,0.233,271.48,45.68,277.61,52.32
ch2_ohr_ncp_20241111T0516278303_d_img_d18_x05120_y87040.png,0.5556,71.0,299.05,76.78,305.35
ch2_ohr_ncp_20241111T0516278303_d_img_d18_x05120_y87040.png,0.492,102.95,297.0,108.94,302.42
ch2_ohr_ncp_20241111T0516278303_d_img_d18_x05120_y87040.png,0.3029,14.34,227.66,21.65,235.58
ch2_ohr_ncp_20241111T0516278303_d_img_d18_x05120_y87040.png,0.2504,30.9,611.87,36.13,617.07
ch2_ohr_ncp_20241111T0516278303_d_img_d18_x05120_y87040.png,0.2389,203.72,27.96,211.0,35.38
ch2_ohr_ncp_20241111T0516278303_d_img_d18_x05120_y87040.png,0.2151,103.96,276.0,108.1,282.09
ch2_ohr_ncp_20241111T0516278303_d_img_d18_x05120_y87040.png,0.2026,74.22,443.04,81.48,449.98
ch2_ohr_ncp_20241111T0516278303_d_img_d18_x05120_y87040.png,0.2021,85.39,293.68,89.81,298.33
ch2_ohr_ncp_20241111T0516278303_d_img_d18_x05120_y87680.png,0.3081,26.29,162.13,30.98,167.29
ch2_ohr_ncp_20241111T0516278303_d_img_d18_x05120_y87680.png,0.2534,41.75,569.69,46.47,575.08
ch2_ohr_ncp_20241111T0516278303_d_img_d18_x05120_y88960.png,0.342,95.07,207.78,101.19,214.3
ch2_ohr_ncp_20241111T0516278303_d_img_d18_x05120_y88960.png,0.2286,37.6,346.92,44.8,354.42
ch2_ohr_ncp_20241111T0516278303_d_img_d18_x05120_y88960.png,0.2265,15.04,623.26,20.7,628.79
ch2_ohr_ncp_20241111T0516278303_d_img_d18_x05760_y17280.png,0.4669,16.52,596.0,22.12,602.29
ch2_ohr_ncp_20241111T0516278303_d_img_d18_x05760_y17280.png,0.2672,278.85,589.05,284.98,596.02
ch2_ohr_ncp_20241111T0516278303_d_img_d18_x05760_y17280.png,0.2571,36.0,628.0,40.93,633.05
ch2_ohr_ncp_20241111T0516278303_d_img_d18_x05760_y19840.png,0.276,625.33,467.87,629.99,472.31
ch2_ohr_ncp_20241111T0516278303_d_img_d18_x05760_y19840.png,0.2614,635.66,440.35,639.48,445.42
ch2_ohr_ncp_20241111T0516278303_d_img_d18_x05760_y19840.png,0.2369,620.0,452.0,625.12,458.26
ch2_ohr_ncp_20241111T0516278303_d_img_d18_x05760_y20480.png,0.2042,41.59,622.22,47.81,628.6
ch2_ohr_ncp_20241111T0516278303_d_img_d18_x05760_y21120.png,0.5752,134.55,363.6,143.72,371.6
ch2_ohr_ncp_20241111T0516278303_d_img_d18_x05760_y21120.png,0.5698,70.94,621.05,76.67,628.0
ch2_ohr_ncp_20241111T0516278303_d_img_d18_x05760_y21120.png,0.5177,214.7,507.24,221.1,513.2
ch2_ohr_ncp_20241111T0516278303_d_img_d18_x05760_y21120.png,0.4929,107.94,616.53,113.36,622.02
ch2_ohr_ncp_20241111T0516278303_d_img_d18_x05760_y21120.png,0.4727,25.41,544.59,31.82,550.82
ch2_ohr_ncp_20241111T0516278303_d_img_d18_x05760_y21120.png,0.459,189.22,630.02,196.04,636.12
ch2_ohr_ncp_20241111T0516278303_d_img_d18_x05760_y21120.png,0.4333,131.4,559.34,136.86,564.85
ch2_ohr_ncp_20241111T0516278303_d_img_d18_x05760_y21120.png,0.4181,161.45,587.25,165.72,592.45
ch2_ohr_ncp_20241111T0516278303_d_img_d18_x05760_y21120.png,0.3913,71.12,620.0,76.87,626.92
ch2_ohr_ncp_20241111T0516278303_d_img_d18_x05760_y21120.png,0.3761,295.0,555.99,301.2,562.85
ch2_ohr_ncp_20241111T0516278303_d_img_d18_x05760_y21120.png,0.3758,23.97,564.55,31.83,571.45
ch2_ohr_ncp_20241111T0516278303_d_img_d18_x05760_y21120.png,0.3647,103.29,557.71,109.98,564.02
ch2_ohr_ncp_20241111T0516278303_d_img_d18_x05760_y21120.png,0.3432,66.22,404.16,76.23,412.11
ch2_ohr_ncp_20241111T0516278303_d_img_d18_x05760_y21120.png,0.3408,0.0,541.62,7.51,556.16
ch2_ohr_ncp_20241111T0516278303_d_img_d18_x05760_y21120.png,0.3117,102.93,556.0,110.37,563.81
ch2_ohr_ncp_20241111T0516278303_d_img_d18_x05760_y21120.png,0.2985,43.39,426.01,48.7,430.86
ch2_ohr_ncp_20241111T0516278303_d_img_d18_x05760_y21120.png,0.2971,80.36,597.66,89.04,607.93
ch2_ohr_ncp_20241111T0516278303_d_img_d18_x05760_y21120.png,0.295,26.7,554.62,32.79,560.2
ch2_ohr_ncp_20241111T0516278303_d_img_d18_x05760_y21120.png,0.2863,201.28,318.93,211.27,326.83
ch2_ohr_ncp_20241111T0516278303_d_img_d18_x05760_y21120.png,0.2739,39.9,613.24,45.27,618.39
ch2_ohr_ncp_20241111T0516278303_d_img_d18_x05760_y21120.png,0.2731,213.79,615.98,218.09,620.87
ch2_ohr_ncp_20241111T0516278303_d_img_d18_x05760_y21120.png,0.2695,36.51,235.93,44.02,241.59
ch2_ohr_ncp_20241111T0516278303_d_img_d18_x05760_y21120.png,0.2614,171.98,618.9,179.44,626.48
ch2_ohr_ncp_20241111T0516278303_d_img_d18_x05760_y21120.png,0.2553,0.07,283.32,7.78,291.99
ch2_ohr_ncp_20241111T0516278303_d_img_d18_x05760_y21120.png,0.2408,9.38,251.17,16.44,258.96
ch2_ohr_ncp_20241111T0516278303_d_img_d18_x05760_y21120.png,0.2239,75.77,508.0,80.75,514.46
ch2_ohr_ncp_20241111T0516278303_d_img_d18_x05760_y21120.png,0.2104,212.0,616.39,217.81,621.01
ch2_ohr_ncp_20241111T0516278303_d_img_d18_x05760_y21120.png,0.2097,137.28,382.64,144.37,388.99
ch2_ohr_ncp_20241111T0516278303_d_img_d18_x05760_y21120.png,0.2059,171.73,619.59,178.84,628.0
ch2_ohr_ncp_20241111T0516278303_d_img_d18_x05760_y21120.png,0.2023,1.52,542.99,12.01,555.23
ch2_ohr_ncp_20241111T0516278303_d_img_d18_x05760_y22400.png,0.3072,631.76,628.67,638.65,637.7
ch2_ohr_ncp_20241111T0516278303_d_img_d18_x05760_y23680.png,0.3851,586.68,59.78,593.47,65.76
ch2_ohr_ncp_20241111T0516278303_d_img_d18_x05760_y33280.png,0.2798,308.25,8.01,340.55,38.72
ch2_ohr_ncp_20241111T0516278303_d_img_d18_x05760_y65280.png,0.239,466.38,351.7,471.75,356.15
ch2_ohr_ncp_20241111T0516278303_d_img_d18_x05760_y65280.png,0.2146,359.03,356.09,380.76,370.78
ch2_ohr_ncp_20241111T0516278303_d_img_d18_x05760_y65280.png,0.2114,533.73,387.16,640.0,434.86
ch2_ohr_ncp_20241111T0516278303_d_img_d18_x05760_y67200.png,0.3742,487.08,162.28,492.01,167.52
ch2_ohr_ncp_20241111T0516278303_d_img_d18_x05760_y67200.png,0.2516,575.59,341.12,581.04,348.0
ch2_ohr_ncp_20241111T0516278303_d_img_d18_x05760_y67840.png,0.6339,616.06,615.44,624.39,624.88
ch2_ohr_ncp_20241111T0516278303_d_img_d18_x05760_y67840.png,0.41,628.0,521.06,634.61,525.95
ch2_ohr_ncp_20241111T0516278303_d_img_d18_x05760_y67840.png,0.407,582.6,343.82,593.83,352.1
ch2_ohr_ncp_20241111T0516278303_d_img_d18_x05760_y67840.png,0.3892,501.45,254.85,510.13,262.41
ch2_ohr_ncp_20241111T0516278303_d_img_d18_x05760_y67840.png,0.2801,627.91,604.0,634.27,610.46
ch2_ohr_ncp_20241111T0516278303_d_img_d18_x05760_y67840.png,0.2546,580.19,22.47,640.0,66.9
ch2_ohr_ncp_20241111T0516278303_d_img_d18_x05760_y67840.png,0.2503,543.16,273.34,550.77,281.12
ch2_ohr_ncp_20241111T0516278303_d_img_d18_x05760_y67840.png,0.2348,358.73,630.2,365.27,636.03
ch2_ohr_ncp_20241111T0516278303_d_img_d18_x05760_y67840.png,0.2223,446.54,514.7,452.03,518.69
ch2_ohr_ncp_20241111T0516278303_d_img_d18_x05760_y68480.png,0.6973,617.88,263.97,623.86,269.57
ch2_ohr_ncp_20241111T0516278303_d_img_d18_x05760_y68480.png,0.5791,523.53,261.58,530.67,268.01
ch2_ohr_ncp_20241111T0516278303_d_img_d18_x05760_y68480.png,0.5471,624.59,537.06,631.4,543.43
ch2_ohr_ncp_20241111T0516278303_d_img_d18_x05760_y68480.png,0.5428,482.89,250.32,489.28,257.01
ch2_ohr_ncp_20241111T0516278303_d_img_d18_x05760_y68480.png,0.5064,438.45,283.7,444.02,288.32
ch2_ohr_ncp_20241111T0516278303_d_img_d18_x05760_y68480.png,0.4974,513.28,440.63,518.17,445.37
ch2_ohr_ncp_20241111T0516278303_d_img_d18_x05760_y68480.png,0.4844,288.7,587.1,295.42,592.5
ch2_ohr_ncp_20241111T0516278303_d_img_d18_x05760_y68480.png,0.4768,483.71,597.08,489.35,602.81
ch2_ohr_ncp_20241111T0516278303_d_img_d18_x05760_y68480.png,0.4613,513.5,612.0,519.29,618.39
ch2_ohr_ncp_20241111T0516278303_d_img_d18_x05760_y68480.png,0.4531,491.19,614.0,498.77,620.5
ch2_ohr_ncp_20241111T0516278303_d_img_d18_x05760_y68480.png,0.4242,445.92,403.61,452.05,409.28
ch2_ohr_ncp_20241111T0516278303_d_img_d18_x05760_y68480.png,0.4186,333.74,355.84,341.15,362.22
ch2_ohr_ncp_20241111T0516278303_d_img_d18_x05760_y68480.png,0.4149,575.73,201.49,586.19,209.98
ch2_ohr_ncp_20241111T0516278303_d_img_d18_x05760_y68480.png,0.4025,577.94,251.6,584.21,257.29
ch2_ohr_ncp_20241111T0516278303_d_img_d18_x05760_y68480.png,0.3892,482.95,597.47,488.91,604.01
ch2_ohr_ncp_20241111T0516278303_d_img_d18_x05760_y68480.png,0.382,261.41,572.74,269.29,580.89
ch2_ohr_ncp_20241111T0516278303_d_img_d18_x05760_y68480.png,0.3801,340.34,627.73,352.33,636.44
ch2_ohr_ncp_20241111T0516278303_d_img_d18_x05760_y68480.png,0.3734,632.94,347.87,638.74,353.28
ch2_ohr_ncp_20241111T0516278303_d_img_d18_x05760_y68480.png,0.3684,374.86,558.72,388.75,570.32
ch2_ohr_ncp_20241111T0516278303_d_img_d18_x05760_y68480.png,0.3457,462.4,267.75,470.28,275.16
ch2_ohr_ncp_20241111T0516278303_d_img_d18_x05760_y68480.png,0.3358,407.42,588.0,412.88,594.23
ch2_ohr_ncp_20241111T0516278303_d_img_d18_x05760_y68480.png,0.3227,584.18,265.23,588.45,269.6
ch2_ohr_ncp_20241111T0516278303_d_img_d18_x05760_y68480.png,0.32,492.01,614.02,500.06,622.19
ch2_ohr_ncp_20241111T0516278303_d_img_d18_x05760_y68480.png,0.3188,497.02,323.61,501.88,328.25
ch2_ohr_ncp_20241111T0516278303_d_img_d18_x05760_y68480.png,0.3054,457.12,241.06,469.13,251.51
ch2_ohr_ncp_20241111T0516278303_d_img_d18_x05760_y68480.png,0.2964,464.11,215.71,476.01,225.56
ch2_ohr_ncp_20241111T0516278303_d_img_d18_x05760_y68480.png,0.2911,323.57,603.5,328.69,608.48
ch2_ohr_ncp_20241111T0516278303_d_img_d18_x05760_y68480.png,0.2893,573.35,188.0,580.0,194.5
ch2_ohr_ncp_20241111T0516278303_d_img_d18_x05760_y68480.png,0.2856,285.45,573.98,292.1,580.02
ch2_ohr_ncp_20241111T0516278303_d_img_d18_x05760_y68480.png,0.2734,296.38,603.13,305.96,611.15
ch2_ohr_ncp_20241111T0516278303_d_img_d18_x05760_y68480.png,0.27,263.61,600.41,268.62,605.11
ch2_ohr_ncp_20241111T0516278303_d_img_d18_x05760_y68480.png,0.2635,301.48,553.91,310.46,561.54
ch2_ohr_ncp_20241111T0516278303_d_img_d18_x05760_y68480.png,0.261,513.32,613.43,518.99,620.0
ch2_ohr_ncp_20241111T0516278303_d_img_d18_x05760_y68480.png,0.2596,279.41,585.76,285.16,591.12
ch2_ohr_ncp_20241111T0516278303_d_img_d18_x05760_y68480.png,0.2576,513.56,613.31,520.03,618.59
ch2_ohr_ncp_20241111T0516278303_d_img_d18_x05760_y68480.png,0.2465,531.9,621.56,544.04,635.09
ch2_ohr_ncp_20241111T0516278303_d_img_d18_x05760_y68480.png,0.2458,521.73,302.07,527.29,308.0
ch2_ohr_ncp_20241111T0516278303_d_img_d18_x05760_y68480.png,0.243,630.23,179.86,637.24,187.28
ch2_ohr_ncp_20241111T0516278303_d_img_d18_x05760_y68480.png,0.242,523.72,260.0,530.49,267.33
ch2_ohr_ncp_20241111T0516278303_d_img_d18_x05760_y68480.png,0.2316,472.57,563.39,482.95,574.49
ch2_ohr_ncp_20241111T0516278303_d_img_d18_x05760_y68480.png,0.2286,450.34,31.69,457.83,38.98
ch2_ohr_ncp_20241111T0516278303_d_img_d18_x05760_y68480.png,0.2228,363.98,384.88,369.59,390.11
ch2_ohr_ncp_20241111T0516278303_d_img_d18_x05760_y68480.png,0.2221,402.2,367.3,411.0,375.38
ch2_ohr_ncp_20241111T0516278303_d_img_d18_x05760_y68480.png,0.213,572.0,188.0,578.41,194.35
ch2_ohr_ncp_20241111T0516278303_d_img_d18_x05760_y68480.png,0.2099,573.86,189.3,580.01,196.0
ch2_ohr_ncp_20241111T0516278303_d_img_d18_x05760_y68480.png,0.2089,497.54,238.12,502.62,244.0
ch2_ohr_ncp_20241111T0516278303_d_img_d18_x05760_y68480.png,0.2054,297.89,603.63,308.04,612.18
ch2_ohr_ncp_20241111T0516278303_d_img_d18_x05760_y68480.png,0.2018,568.58,253.89,575.64,261.22
ch2_ohr_ncp_20241111T0516278303_d_img_d18_x05760_y69760.png,0.2674,532.92,152.15,582.48,203.22
ch2_ohr_ncp_20241111T0516278303_d_img_d18_x05760_y70400.png,0.6199,613.04,610.53,620.87,617.7
ch2_ohr_ncp_20241111T0516278303_d_img_d18_x05760_y70400.png,0.5595,585.19,587.08,589.59,591.61
ch2_ohr_ncp_20241111T0516278303_d_img_d18_x05760_y70400.png,0.4753,587.95,550.85,596.83,560.62
ch2_ohr_ncp_20241111T0516278303_d_img_d18_x05760_y70400.png,0.4735,302.41,585.23,309.8,591.9
ch2_ohr_ncp_20241111T0516278303_d_img_d18_x05760_y70400.png,0.4353,549.0,611.17,555.86,618.03
ch2_ohr_ncp_20241111T0516278303_d_img_d18_x05760_y70400.png,0.2911,546.32,438.27,555.81,445.69
ch2_ohr_ncp_20241111T0516278303_d_img_d18_x05760_y70400.png,0.2887,526.6,507.92,549.79,530.19
ch2_ohr_ncp_20241111T0516278303_d_img_d18_x05760_y70400.png,0.2807,602.19,603.86,608.62,610.28
ch2_ohr_ncp_20241111T0516278303_d_img_d18_x05760_y70400.png,0.2699,442.13,537.61,447.86,543.3
ch2_ohr_ncp_20241111T0516278303_d_img_d18_x05760_y70400.png,0.2143,624.77,529.99,632.01,536.03
ch2_ohr_ncp_20241111T0516278303_d_img_d18_x05760_y71040.png,0.2239,629.45,615.84,639.91,638.47
ch2_ohr_ncp_20241111T0516278303_d_img_d18_x05760_y71680.png,0.2921,186.9,275.15,278.83,327.39
ch2_ohr_ncp_20241111T0516278303_d_img_d18_x05760_y81920.png,0.387,51.86,133.91,57.22,139.23
ch2_ohr_ncp_20241111T0516278303_d_img_d18_x05760_y81920.png,0.3139,69.7,273.2,76.01,278.7
ch2_ohr_ncp_20241111T0516278303_d_img_d18_x05760_y81920.png,0.2674,42.73,113.99,47.33,119.17
ch2_ohr_ncp_20241111T0516278303_d_img_d18_x05760_y81920.png,0.2292,88.31,291.83,92.88,296.92
ch2_ohr_ncp_20241111T0516278303_d_img_d18_x05760_y82560.png,0.4996,23.02,500.31,30.77,506.85
ch2_ohr_ncp_20241111T0516278303_d_img_d18_x05760_y82560.png,0.3545,184.05,286.93,191.86,293.91
ch2_ohr_ncp_20241111T0516278303_d_img_d18_x05760_y82560.png,0.3387,48.24,283.99,54.93,291.43
ch2_ohr_ncp_20241111T0516278303_d_img_d18_x05760_y82560.png,0.334,8.78,467.13,14.57,472.45
ch2_ohr_ncp_20241111T0516278303_d_img_d18_x05760_y82560.png,0.243,206.06,347.18,217.07,359.03
ch2_ohr_ncp_20241111T0516278303_d_img_d18_x05760_y82560.png,0.2117,24.15,491.66,30.72,497.54
ch2_ohr_ncp_20241111T0516278303_d_img_d18_x05760_y82560.png,0.2015,75.46,539.18,81.41,545.25
ch2_ohr_ncp_20241111T0516278303_d_img_d18_x05760_y83840.png,0.4128,98.11,403.24,104.92,409.29
ch2_ohr_ncp_20241111T0516278303_d_img_d18_x05760_y83840.png,0.2721,53.92,371.6,59.24,376.93
ch2_ohr_ncp_20241111T0516278303_d_img_d18_x05760_y83840.png,0.2177,59.71,506.37,65.92,512.79
ch2_ohr_ncp_20241111T0516278303_d_img_d18_x06400_y15360.png,0.2097,627.99,582.79,635.78,591.4
ch2_ohr_ncp_20241111T0516278303_d_img_d18_x06400_y17280.png,0.2399,16.86,323.97,22.11,329.82
ch2_ohr_ncp_20241111T0516278303_d_img_d18_x06400_y18560.png,0.201,602.77,624.4,608.46,630.87
ch2_ohr_ncp_20241111T0516278303_d_img_d18_x06400_y19200.png,0.2085,12.0,344.46,17.75,349.35
ch2_ohr_ncp_20241111T0516278303_d_img_d18_x06400_y19840.png,0.2984,631.61,267.99,636.9,274.1
ch2_ohr_ncp_20241111T0516278303_d_img_d18_x06400_y21120.png,0.2521,89.35,175.67,94.72,181.42
ch2_ohr_ncp_20241111T0516278303_d_img_d18_x06400_y21120.png,0.236,21.86,171.96,28.0,177.23
ch2_ohr_ncp_20241111T0516278303_d_img_d18_x06400_y33920.png,0.2702,615.28,322.45,622.01,329.68
ch2_ohr_ncp_20241111T0516278303_d_img_d18_x06400_y65920.png,0.6665,513.12,374.41,519.4,380.79
ch2_ohr_ncp_20241111T0516278303_d_img_d18_x06400_y65920.png,0.6348,503.2,598.98,509.08,604.75
ch2_ohr_ncp_20241111T0516278303_d_img_d18_x06400_y65920.png,0.5404,561.87,559.12,567.04,564.13
ch2_ohr_ncp_20241111T0516278303_d_img_d18_x06400_y65920.png,0.4383,497.17,353.05,505.01,361.51
ch2_ohr_ncp_20241111T0516278303_d_img_d18_x06400_y65920.png,0.4087,615.31,495.02,620.88,501.19
ch2_ohr_ncp_20241111T0516278303_d_img_d18_x06400_y65920.png,0.4086,575.57,516.0,581.13,522.8
ch2_ohr_ncp_20241111T0516278303_d_img_d18_x06400_y65920.png,0.406,387.73,327.74,392.8,333.07
ch2_ohr_ncp_20241111T0516278303_d_img_d18_x06400_y65920.png,0.4023,192.39,461.51,198.98,468.84
ch2_ohr_ncp_20241111T0516278303_d_img_d18_x06400_y65920.png,0.3948,602.39,338.2,611.34,348.61
ch2_ohr_ncp_20241111T0516278303_d_img_d18_x06400_y65920.png,0.363,575.55,517.3,581.11,524.0
ch2_ohr_ncp_20241111T0516278303_d_img_d18_x06400_y65920.png,0.3628,482.34,351.97,488.7,360.58
ch2_ohr_ncp_20241111T0516278303_d_img_d18_x06400_y65920.png,0.333,596.0,366.97,602.1,372.04
ch2_ohr_ncp_20241111T0516278303_d_img_d18_x06400_y65920.png,0.3123,275.46,557.51,282.99,564.2
ch2_ohr_ncp_20241111T0516278303_d_img_d18_x06400_y65920.png,0.3118,507.79,342.56,514.98,350.54
ch2_ohr_ncp_20241111T0516278303_d_img_d18_x06400_y65920.png,0.3082,291.16,551.53,297.52,557.3
ch2_ohr_ncp_20241111T0516278303_d_img_d18_x06400_y65920.png,0.3072,627.99,441.14,633.33,445.74
ch2_ohr_ncp_20241111T0516278303_d_img_d18_x06400_y65920.png,0.3071,260.0,572.0,265.52,578.05
ch2_ohr_ncp_20241111T0516278303_d_img_d18_x06400_y65920.png,0.3054,559.66,388.0,564.47,393.87
ch2_ohr_ncp_20241111T0516278303_d_img_d18_x06400_y65920.png,0.2772,508.12,342.26,516.85,350.99
ch2_ohr_ncp_20241111T0516278303_d_img_d18_x06400_y65920.png,0.2748,532.0,399.24,537.76,404.08
ch2_ohr_ncp_20241111T0516278303_d_img_d18_x06400_y65920.png,0.2614,589.18,441.2,596.1,446.8
ch2_ohr_ncp_20241111T0516278303_d_img_d18_x06400_y65920.png,0.2258,552.45,360.08,557.45,366.28
ch2_ohr_ncp_20241111T0516278303_d_img_d18_x06400_y65920.png,0.22,447.64,478.89,453.26,484.01
ch2_ohr_ncp_20241111T0516278303_d_img_d18_x06400_y65920.png,0.2198,497.55,352.65,508.06,360.81
ch2_ohr_ncp_20241111T0516278303_d_img_d18_x06400_y65920.png,0.2106,207.65,478.71,212.8,485.37
ch2_ohr_ncp_20241111T0516278303_d_img_d18_x06400_y65920.png,0.2029,467.99,446.27,474.07,452.28
ch2_ohr_ncp_20241111T0516278303_d_img_d18_x06400_y65920.png,0.2015,631.04,450.9,636.04,455.91
ch2_ohr_ncp_20241111T0516278303_d_img_d18_x06400_y67200.png,0.4113,127.62,586.27,133.24,591.88
ch2_ohr_ncp_20241111T0516278303_d_img_d18_x06400_y69120.png,0.2641,486.24,391.7,493.14,398.4
ch2_ohr_ncp_20241111T0516278303_d_img_d18_x06400_y69120.png,0.2094,610.95,627.99,625.94,638.99
ch2_ohr_ncp_20241111T0516278303_d_img_d18_x06400_y69760.png,0.2331,630.13,194.63,639.0,203.25
ch2_ohr_ncp_20241111T0516278303_d_img_d18_x06400_y72320.png,0.2709,2.8,409.05,114.47,481.78
ch2_ohr_ncp_20241111T0516278303_d_img_d18_x06400_y72320.png,0.2039,27.15,407.33,113.13,475.16
ch2_ohr_ncp_20241111T0516278303_d_img_d18_x06400_y77440.png,0.2915,35.61,617.32,40.51,622.2
ch2_ohr_ncp_20241111T0516278303_d_img_d18_x06400_y77440.png,0.2073,42.61,579.12,48.27,585.17
ch2_ohr_ncp_20241111T0516278303_d_img_d18_x06400_y79360.png,0.2251,163.21,611.44,167.64,616.18
ch2_ohr_ncp_20241111T0516278303_d_img_d18_x07040_y14080.png,0.5257,607.24,83.27,612.02,87.4
ch2_ohr_ncp_20241111T0516278303_d_img_d18_x07040_y14080.png,0.27,524.05,49.22,542.16,87.95
ch2_ohr_ncp_20241111T0516278303_d_img_d18_x07040_y14080.png,0.242,623.76,219.99,629.15,226.61
ch2_ohr_ncp_20241111T0516278303_d_img_d18_x07040_y14080.png,0.2158,592.39,187.07,597.77,192.2
ch2_ohr_ncp_20241111T0516278303_d_img_d18_x07040_y14080.png,0.209,620.0,75.99,627.17,82.21
ch2_ohr_ncp_20241111T0516278303_d_img_d18_x07040_y15360.png,0.2776,17.51,231.55,45.65,273.4
ch2_ohr_ncp_20241111T0516278303_d_img_d18_x07040_y21120.png,0.4047,630.75,259.99,636.27,265.93
ch2_ohr_ncp_20241111T0516278303_d_img_d18_x07040_y21120.png,0.2341,238.92,595.4,295.47,640.0
ch2_ohr_ncp_20241111T0516278303_d_img_d18_x07040_y64640.png,0.6604,614.68,384.7,621.48,390.69
ch2_ohr_ncp_20241111T0516278303_d_img_d18_x07040_y64640.png,0.5979,609.93,421.55,615.33,428.02
ch2_ohr_ncp_20241111T0516278303_d_img_d18_x07040_y64640.png,0.5556,574.32,384.71,580.02,389.55
ch2_ohr_ncp_20241111T0516278303_d_img_d18_x07040_y64640.png,0.5493,578.65,632.34,586.17,638.92
ch2_ohr_ncp_20241111T0516278303_d_img_d18_x07040_y64640.png,0.5207,599.93,293.55,605.53,298.93
ch2_ohr_ncp_20241111T0516278303_d_img_d18_x07040_y64640.png,0.4886,619.06,450.31,630.85,461.29
ch2_ohr_ncp_20241111T0516278303_d_img_d18_x07040_y64640.png,0.4763,625.13,532.0,629.78,538.48
ch2_ohr_ncp_20241111T0516278303_d_img_d18_x07040_y64640.png,0.449,623.95,606.77,628.45,612.01
ch2_ohr_ncp_20241111T0516278303_d_img_d18_x07040_y64640.png,0.4314,610.0,420.0,615.5,427.34
ch2_ohr_ncp_20241111T0516278303_d_img_d18_x07040_y64640.png,0.3996,588.59,575.46,598.28,583.99
ch2_ohr_ncp_20241111T0516278303_d_img_d18_x07040_y64640.png,0.3934,530.74,486.3,539.54,493.4
ch2_ohr_ncp_20241111T0516278303_d_img_d18_x07040_y64640.png,0.3867,531.46,495.62,541.21,505.43
ch2_ohr_ncp_20241111T0516278303_d_img_d18_x07040_y64640.png,0.3646,573.02,550.3,580.07,558.81
ch2_ohr_ncp_20241111T0516278303_d_img_d18_x07040_y64640.png,0.3565,576.45,472.74,583.21,478.52
ch2_ohr_ncp_20241111T0516278303_d_img_d18_x07040_y64640.png,0.3543,466.68,624.01,477.57,632.76
ch2_ohr_ncp_20241111T0516278303_d_img_d18_x07040_y64640.png,0.3193,522.26,334.12,528.58,341.12
ch2_ohr_ncp_20241111T0516278303_d_img_d18_x07040_y64640.png,0.3019,439.69,628.53,446.36,634.83
ch2_ohr_ncp_20241111T0516278303_d_img_d18_x07040_y64640.png,0.297,422.51,343.5,430.76,350.9
ch2_ohr_ncp_20241111T0516278303_d_img_d18_x07040_y64640.png,0.2896,487.99,498.5,495.27,506.34
ch2_ohr_ncp_20241111T0516278303_d_img_d18_x07040_y64640.png,0.2895,522.61,593.7,527.63,599.3
ch2_ohr_ncp_20241111T0516278303_d_img_d18_x07040_y64640.png,0.2803,528.17,377.8,533.62,384.58
ch2_ohr_ncp_20241111T0516278303_d_img_d18_x07040_y64640.png,0.2742,445.11,463.22,452.05,469.33
ch2_ohr_ncp_20241111T0516278303_d_img_d18_x07040_y64640.png,0.2648,546.26,626.39,551.14,632.17
ch2_ohr_ncp_20241111T0516278303_d_img_d18_x07040_y64640.png,0.2618,453.82,511.59,460.0,516.34
ch2_ohr_ncp_20241111T0516278303_d_img_d18_x07040_y64640.png,0.251,600.6,292.0,605.82,298.71
ch2_ohr_ncp_20241111T0516278303_d_img_d18_x07040_y64640.png,0.2508,472.12,598.95,477.17,604.28
ch2_ohr_ncp_20241111T0516278303_d_img_d18_x07040_y64640.png,0.2293,629.73,489.72,640.0,504.93
ch2_ohr_ncp_20241111T0516278303_d_img_d18_x07040_y64640.png,0.2216,466.53,464.74,472.89,470.29
ch2_ohr_ncp_20241111T0516278303_d_img_d18_x07040_y64640.png,0.2213,625.02,533.23,629.91,540.0
ch2_ohr_ncp_20241111T0516278303_d_img_d18_x07040_y64640.png,0.2155,389.04,633.97,396.02,639.44
ch2_ohr_ncp_20241111T0516278303_d_img_d18_x07040_y64640.png,0.2059,398.08,633.43,404.32,639.26
ch2_ohr_ncp_20241111T0516278303_d_img_d18_x07040_y65280.png,0.512,614.53,520.72,620.97,526.16
ch2_ohr_ncp_20241111T0516278303_d_img_d18_x07040_y65280.png,0.4924,559.16,512.62,564.78,517.73
ch2_ohr_ncp_20241111T0516278303_d_img_d18_x07040_y65280.png,0.4908,606.27,520.09,612.06,526.59
ch2_ohr_ncp_20241111T0516278303_d_img_d18_x07040_y65280.png,0.3861,630.77,490.36,638.5,497.94
ch2_ohr_ncp_20241111T0516278303_d_img_d18_x07040_y65280.png,0.3687,595.09,555.99,601.3,561.78
ch2_ohr_ncp_20241111T0516278303_d_img_d18_x07040_y65280.png,0.3088,631.96,517.74,637.63,523.91
ch2_ohr_ncp_20241111T0516278303_d_img_d18_x07040_y65280.png,0.24,630.78,608.52,636.87,613.76
ch2_ohr_ncp_20241111T0516278303_d_img_d18_x07040_y65920.png,0.6401,357.42,603.99,364.27,610.8
ch2_ohr_ncp_20241111T0516278303_d_img_d18_x07040_y65920.png,0.6213,430.89,569.1,437.49,577.03
ch2_ohr_ncp_20241111T0516278303_d_img_d18_x07040_y65920.png,0.5865,480.29,11.15,487.77,17.9
ch2_ohr_ncp_20241111T0516278303_d_img_d18_x07040_y65920.png,0.5596,306.86,521.09,314.52,529.1
ch2_ohr_ncp_20241111T0516278303_d_img_d18_x07040_y65920.png,0.5341,337.55,594.79,342.99,599.72
ch2_ohr_ncp_20241111T0516278303_d_img_d18_x07040_y65920.png,0.4933,308.13,562.52,315.28,569.44
ch2_ohr_ncp_20241111T0516278303_d_img_d18_x07040_y65920.png,0.4814,383.31,601.81,390.43,609.0
ch2_ohr_ncp_20241111T0516278303_d_img_d18_x07040_y65920.png,0.4786,465.27,49.41,479.14,60.6
ch2_ohr_ncp_20241111T0516278303_d_img_d18_x07040_y65920.png,0.477,449.64,533.84,455.39,540.14
ch2_ohr_ncp_20241111T0516278303_d_img_d18_x07040_y65920.png,0.4706,473.54,1.32,480.79,7.34
ch2_ohr_ncp_20241111T0516278303_d_img_d18_x07040_y65920.png,0.4687,373.26,559.27,381.52,566.87
ch2_ohr_ncp_20241111T0516278303_d_img_d18_x07040_y65920.png,0.4459,533.79,586.08,540.0,591.37
ch2_ohr_ncp_20241111T0516278303_d_img_d18_x07040_y65920.png,0.4452,521.45,603.94,526.81,609.14
ch2_ohr_ncp_20241111T0516278303_d_img_d18_x07040_y65920.png,0.433,634.34,182.87,639.87,189.76
ch2_ohr_ncp_20241111T0516278303_d_img_d18_x07040_y65920.png,0.4262,178.08,597.06,184.25,603.15
ch2_ohr_ncp_20241111T0516278303_d_img_d18_x07040_y65920.png,0.4221,561.39,581.58,570.12,589.81
ch2_ohr_ncp_20241111T0516278303_d_img_d18_x07040_y65920.png,0.4211,30.15,621.62,36.18,628.0
ch2_ohr_ncp_20241111T0516278303_d_img_d18_x07040_y65920.png,0.4168,377.04,399.86,383.36,406.42
ch2_ohr_ncp_20241111T0516278303_d_img_d18_x07040_y65920.png,0.4161,390.69,330.3,398.19,336.9
ch2_ohr_ncp_20241111T0516278303_d_img_d18_x07040_y65920.png,0.4146,297.24,611.99,313.46,624.95
ch2_ohr_ncp_20241111T0516278303_d_img_d18_x07040_y65920.png,0.4089,262.26,206.0,268.05,212.01
ch2_ohr_ncp_20241111T0516278303_d_img_d18_x07040_y65920.png,0.3953,240.99,446.77,246.27,453.02
ch2_ohr_ncp_20241111T0516278303_d_img_d18_x07040_y65920.png,0.3867,633.89,626.66,640.0,636.19
ch2_ohr_ncp_20241111T0516278303_d_img_d18_x07040_y65920.png,0.3839,164.07,617.07,182.92,634.58
ch2_ohr_ncp_20241111T0516278303_d_img_d18_x07040_y65920.png,0.3618,571.52,424.98,576.05,429.61
ch2_ohr_ncp_20241111T0516278303_d_img_d18_x07040_y65920.png,0.361,467.72,526.27,476.65,534.88
ch2_ohr_ncp_20241111T0516278303_d_img_d18_x07040_y65920.png,0.3591,583.45,578.34,594.65,589.39
ch2_ohr_ncp_20241111T0516278303_d_img_d18_x07040_y65920.png,0.359,629.05,590.26,636.56,597.95
ch2_ohr_ncp_20241111T0516278303_d_img_d18_x07040_y65920.png,0.3565,382.91,540.0,391.6,548.13
ch2_ohr_ncp_20241111T0516278303_d_img_d18_x07040_y65920.png,0.3535,600.21,462.32,606.89,469.79
ch2_ohr_ncp_20241111T0516278303_d_img_d18_x07040_y65920.png,0.3395,31.23,597.95,36.28,604.0
ch2_ohr_ncp_20241111T0516278303_d_img_d18_x07040_y65920.png,0.3328,539.45,16.34,545.12,22.88
ch2_ohr_ncp_20241111T0516278303_d_img_d18_x07040_y65920.png,0.3311,533.02,0.0,541.74,4.14
ch2_ohr_ncp_20241111T0516278303_d_img_d18_x07040_y65920.png,0.3283,529.73,494.82,536.56,501.24
ch2_ohr_ncp_20241111T0516278303_d_img_d18_x07040_y65920.png,0.3187,529.41,596.0,534.36,601.31
ch2_ohr_ncp_20241111T0516278303_d_img_d18_x07040_y65920.png,0.3102,455.28,440.3,465.43,450.67
ch2_ohr_ncp_20241111T0516278303_d_img_d18_x07040_y65920.png,0.3047,546.36,243.41,551.46,248.29
ch2_ohr_ncp_20241111T0516278303_d_img_d18_x07040_y65920.png,0.2948,608.55,52.77,616.09,58.95
ch2_ohr_ncp_20241111T0516278303_d_img_d18_x07040_y65920.png,0.2863,530.45,577.57,535.82,584.34
ch2_ohr_ncp_20241111T0516278303_d_img_d18_x07040_y65920.png,0.2803,543.68,322.49,549.87,328.38
ch2_ohr_ncp_20241111T0516278303_d_img_d18_x07040_y65920.png,0.2647,262.26,385.19,302.76,419.4
ch2_ohr_ncp_20241111T0516278303_d_img_d18_x07040_y65920.png,0.2645,615.33,635.13,620.45,639.65
ch2_ohr_ncp_20241111T0516278303_d_img_d18_x07040_y65920.png,0.2557,554.18,144.34,559.99,149.78
ch2_ohr_ncp_20241111T0516278303_d_img_d18_x07040_y65920.png,0.2357,569.55,542.11,574.41,548.0
ch2_ohr_ncp_20241111T0516278303_d_img_d18_x07040_y65920.png,0.2261,609.47,492.0,614.72,497.86
ch2_ohr_ncp_20241111T0516278303_d_img_d18_x07040_y65920.png,0.2211,317.3,412.19,326.77,420.12
ch2_ohr_ncp_20241111T0516278303_d_img_d18_x07040_y65920.png,0.2166,230.11,399.07,242.62,413.0
ch2_ohr_ncp_20241111T0516278303_d_img_d18_x07040_y65920.png,0.215,72.43,633.96,79.07,639.37
ch2_ohr_ncp_20241111T0516278303_d_img_d18_x07040_y65920.png,0.2145,634.55,163.08,639.6,168.46
ch2_ohr_ncp_20241111T0516278303_d_img_d18_x07040_y65920.png,0.2143,100.38,543.42,108.23,550.09
ch2_ohr_ncp_20241111T0516278303_d_img_d18_x07040_y65920.png,0.2134,551.83,7.99,559.94,17.33
ch2_ohr_ncp_20241111T0516278303_d_img_d18_x07040_y65920.png,0.2113,1.79,621.7,9.89,628.0
ch2_ohr_ncp_20241111T0516278303_d_img_d18_x07040_y65920.png,0.203,326.07,625.97,332.42,632.54
ch2_ohr_ncp_20241111T0516278303_d_img_d18_x07040_y65920.png,0.2019,612.0,511.75,618.24,517.21
ch2_ohr_ncp_20241111T0516278303_d_img_d18_x07040_y67200.png,0.4942,462.44,593.53,469.02,599.77
ch2_ohr_ncp_20241111T0516278303_d_img_d18_x07040_y67200.png,0.4262,547.23,611.61,553.43,617.07
ch2_ohr_ncp_20241111T0516278303_d_img_d18_x07040_y67200.png,0.4228,502.21,310.68,508.04,316.13
ch2_ohr_ncp_20241111T0516278303_d_img_d18_x07040_y67200.png,0.2969,620.55,303.36,632.44,312.99
ch2_ohr_ncp_20241111T0516278303_d_img_d18_x07040_y67200.png,0.2702,524.45,619.0,567.87,640.0
ch2_ohr_ncp_20241111T0516278303_d_img_d18_x07040_y67200.png,0.2574,620.27,363.95,628.96,371.35
ch2_ohr_ncp_20241111T0516278303_d_img_d18_x07040_y67200.png,0.2509,500.0,310.89,506.78,316.11
ch2_ohr_ncp_20241111T0516278303_d_img_d18_x07040_y67200.png,0.2261,349.52,629.88,356.03,636.15
ch2_ohr_ncp_20241111T0516278303_d_img_d18_x07040_y67200.png,0.2224,482.79,606.66,487.69,612.01
ch2_ohr_ncp_20241111T0516278303_d_img_d18_x07040_y67840.png,0.4923,626.73,139.22,633.0,145.53
ch2_ohr_ncp_20241111T0516278303_d_img_d18_x07040_y69120.png,0.2106,0.0,428.92,53.36,504.62
ch2_ohr_ncp_20241111T0516278303_d_img_d18_x07040_y69760.png,0.2025,633.21,220.0,637.99,226.51
ch2_ohr_ncp_20241111T0516278303_d_img_d18_x07040_y74240.png,0.253,123.25,472.17,229.88,544.24
ch2_ohr_ncp_20241111T0516278303_d_img_d18_x07040_y74880.png,0.5446,0.05,602.01,5.22,608.03
ch2_ohr_ncp_20241111T0516278303_d_img_d18_x07040_y74880.png,0.3893,43.99,614.45,49.95,620.15
ch2_ohr_ncp_20241111T0516278303_d_img_d18_x07040_y75520.png,0.6751,104.7,41.18,110.16,48.37
ch2_ohr_ncp_20241111T0516278303_d_img_d18_x07040_y75520.png,0.3401,0.07,72.9,6.42,84.75
ch2_ohr_ncp_20241111T0516278303_d_img_d18_x07040_y75520.png,0.34,158.87,285.58,165.02,292.01
ch2_ohr_ncp_20241111T0516278303_d_img_d18_x07040_y75520.png,0.3013,185.14,54.23,190.87,60.05
ch2_ohr_ncp_20241111T0516278303_d_img_d18_x07040_y75520.png,0.3,0.0,73.64,4.7,84.71
ch2_ohr_ncp_20241111T0516278303_d_img_d18_x07040_y75520.png,0.2143,103.91,40.0,109.73,48.33
ch2_ohr_ncp_20241111T0516278303_d_img_d18_x07040_y76160.png,0.462,41.22,363.94,47.34,370.11
ch2_ohr_ncp_20241111T0516278303_d_img_d18_x07040_y76160.png,0.3297,238.89,168.24,245.19,174.35
ch2_ohr_ncp_20241111T0516278303_d_img_d18_x07680_y17920.png,0.3359,614.22,270.29,620.06,276.01
ch2_ohr_ncp_20241111T0516278303_d_img_d18_x07680_y17920.png,0.323,509.54,611.98,516.15,617.88
ch2_ohr_ncp_20241111T0516278303_d_img_d18_x07680_y17920.png,0.2063,488.27,625.42,494.08,630.8
ch2_ohr_ncp_20241111T0516278303_d_img_d18_x07680_y18560.png,0.4354,582.93,220.0,588.26,226.43
ch2_ohr_ncp_20241111T0516278303_d_img_d18_x07680_y64000.png,0.4708,550.24,21.23,558.1,29.48
ch2_ohr_ncp_20241111T0516278303_d_img_d18_x07680_y64000.png,0.3425,608.82,57.01,614.13,61.54
ch2_ohr_ncp_20241111T0516278303_d_img_d18_x07680_y64000.png,0.2507,599.4,59.76,604.15,64.07
ch2_ohr_ncp_20241111T0516278303_d_img_d18_x07680_y64000.png,0.2492,527.75,547.64,538.75,557.25
ch2_ohr_ncp_20241111T0516278303_d_img_d18_x07680_y64000.png,0.2179,562.14,71.08,569.93,78.52
ch2_ohr_ncp_20241111T0516278303_d_img_d18_x07680_y64640.png,0.39,476.59,594.94,519.25,637.07
ch2_ohr_ncp_20241111T0516278303_d_img_d18_x07680_y65280.png,0.2334,492.69,372.13,535.84,418.35
ch2_ohr_ncp_20241111T0516278303_d_img_d18_x07680_y65280.png,0.2272,325.65,408.76,332.02,414.94
ch2_ohr_ncp_20241111T0516278303_d_img_d18_x07680_y65280.png,0.2218,271.84,619.07,276.81,624.13
ch2_ohr_ncp_20241111T0516278303_d_img_d18_x07680_y65280.png,0.2126,111.46,474.12,117.0,480.12
ch2_ohr_ncp_20241111T0516278303_d_img_d18_x07680_y65920.png,0.3177,1.12,0.0,24.3,11.38
ch2_ohr_ncp_20241111T0516278303_d_img_d18_x07680_y65920.png,0.3048,1.7,51.36,8.02,56.38
ch2_ohr_ncp_20241111T0516278303_d_img_d18_x07680_y65920.png,0.2572,42.93,116.0,48.31,121.79
ch2_ohr_ncp_20241111T0516278303_d_img_d18_x07680_y66560.png,0.2221,0.0,578.73,85.48,640.0
ch2_ohr_ncp_20241111T0516278303_d_img_d18_x07680_y72320.png,0.351,50.8,575.02,114.2,640.0
ch2_ohr_ncp_20241111T0516278303_d_img_d18_x07680_y73600.png,0.3281,27.27,262.35,31.9,268.01
ch2_ohr_ncp_20241111T0516278303_d_img_d18_x07680_y73600.png,0.2843,112.87,601.9,117.96,606.59
ch2_ohr_ncp_20241111T0516278303_d_img_d18_x07680_y73600.png,0.2383,251.83,264.65,259.19,271.51
ch2_ohr_ncp_20241111T0516278303_d_img_d18_x07680_y74240.png,0.4995,23.17,517.79,29.3,524.08
ch2_ohr_ncp_20241111T0516278303_d_img_d18_x08320_y14080.png,0.2099,495.14,82.72,522.83,123.56
ch2_ohr_ncp_20241111T0516278303_d_img_d18_x08320_y17920.png,0.2348,583.66,0.12,640.0,41.92
ch2_ohr_ncp_20241111T0516278303_d_img_d18_x08320_y19200.png,0.253,526.66,112.38,558.27,154.58
ch2_ohr_ncp_20241111T0516278303_d_img_d18_x08320_y19200.png,0.2393,619.61,157.65,623.99,164.0
ch2_ohr_ncp_20241111T0516278303_d_img_d18_x08320_y20480.png,0.4257,258.57,514.29,283.04,555.04
ch2_ohr_ncp_20241111T0516278303_d_img_d18_x08320_y20480.png,0.3447,293.97,615.99,298.73,622.25
ch2_ohr_ncp_20241111T0516278303_d_img_d18_x08320_y21760.png,0.3456,629.63,148.0,636.01,154.86
ch2_ohr_ncp_20241111T0516278303_d_img_d18_x08320_y21760.png,0.201,628.0,148.0,634.65,154.84
ch2_ohr_ncp_20241111T0516278303_d_img_d18_x08320_y24960.png,0.2019,630.86,313.48,639.1,323.0
ch2_ohr_ncp_20241111T0516278303_d_img_d18_x08320_y26240.png,0.2502,0.03,280.43,11.24,305.33
ch2_ohr_ncp_20241111T0516278303_d_img_d18_x08320_y61440.png,0.2839,0.0,555.3,47.42,625.74
ch2_ohr_ncp_20241111T0516278303_d_img_d18_x08320_y64000.png,0.2933,187.62,632.91,193.27,638.25
ch2_ohr_ncp_20241111T0516278303_d_img_d18_x08320_y64000.png,0.2784,91.37,522.9,125.12,567.33
ch2_ohr_ncp_20241111T0516278303_d_img_d18_x08320_y64000.png,0.2647,91.0,519.61,139.71,566.09
ch2_ohr_ncp_20241111T0516278303_d_img_d18_x08320_y64640.png,0.332,398.21,39.16,406.16,46.71
ch2_ohr_ncp_20241111T0516278303_d_img_d18_x08320_y65280.png,0.381,611.31,382.83,618.06,390.53
ch2_ohr_ncp_20241111T0516278303_d_img_d18_x08320_y65280.png,0.3768,521.49,273.15,526.98,278.54
ch2_ohr_ncp_20241111T0516278303_d_img_d18_x08320_y65280.png,0.3363,579.65,223.0,604.6,248.48
ch2_ohr_ncp_20241111T0516278303_d_img_d18_x08320_y65280.png,0.2527,523.97,280.31,529.15,285.08
ch2_ohr_ncp_20241111T0516278303_d_img_d18_x08320_y65920.png,0.227,529.83,270.61,540.28,278.02
ch2_ohr_ncp_20241111T0516278303_d_img_d18_x08320_y70400.png,0.3195,16.61,630.12,27.2,638.61
ch2_ohr_ncp_20241111T0516278303_d_img_d18_x08320_y70400.png,0.2509,22.39,507.98,28.01,513.84
ch2_ohr_ncp_20241111T0516278303_d_img_d18_x08320_y71680.png,0.3137,283.98,45.42,290.81,52.02
ch2_ohr_ncp_20241111T0516278303_d_img_d18_x08320_y71680.png,0.2225,159.92,73.54,165.12,78.66
ch2_ohr_ncp_20241111T0516278303_d_img_d18_x08960_y15360.png,0.242,342.29,630.49,348.02,636.01
ch2_ohr_ncp_20241111T0516278303_d_img_d18_x08960_y18560.png,0.3005,301.02,235.46,308.39,242.49
ch2_ohr_ncp_20241111T0516278303_d_img_d18_x08960_y18560.png,0.2305,391.57,233.13,465.74,286.34
ch2_ohr_ncp_20241111T0516278303_d_img_d18_x08960_y20480.png,0.2225,579.94,460.0,584.9,465.95
ch2_ohr_ncp_20241111T0516278303_d_img_d18_x08960_y21120.png,0.3431,594.16,273.8,599.13,279.35
ch2_ohr_ncp_20241111T0516278303_d_img_d18_x08960_y23680.png,0.2438,569.61,507.87,576.32,513.77
ch2_ohr_ncp_20241111T0516278303_d_img_d18_x08960_y62720.png,0.2168,573.52,400.35,580.43,406.14
ch2_ohr_ncp_20241111T0516278303_d_img_d18_x08960_y64640.png,0.2957,286.97,618.77,293.07,625.23
ch2_ohr_ncp_20241111T0516278303_d_img_d18_x08960_y64640.png,0.2934,607.29,166.71,612.05,172.05
ch2_ohr_ncp_20241111T0516278303_d_img_d18_x08960_y64640.png,0.2368,382.15,597.24,388.14,604.0
ch2_ohr_ncp_20241111T0516278303_d_img_d18_x08960_y71040.png,0.3005,26.29,344.9,32.25,350.95
ch2_ohr_ncp_20241111T0516278303_d_img_d18_x08960_y71040.png,0.2471,35.66,587.99,41.85,594.95
ch2_ohr_ncp_20241111T0516278303_d_img_d18_x09600_y19840.png,0.6079,631.05,324.0,636.05,330.21
ch2_ohr_ncp_20241111T0516278303_d_img_d18_x09600_y19840.png,0.3354,383.7,370.66,388.51,375.22
ch2_ohr_ncp_20241111T0516278303_d_img_d18_x09600_y19840.png,0.3142,453.8,243.87,459.39,249.02
ch2_ohr_ncp_20241111T0516278303_d_img_d18_x09600_y19840.png,0.3093,401.27,568.33,433.65,611.18
ch2_ohr_ncp_20241111T0516278303_d_img_d18_x09600_y19840.png,0.2718,447.6,266.74,453.64,274.57
ch2_ohr_ncp_20241111T0516278303_d_img_d18_x09600_y19840.png,0.2517,332.21,552.46,340.01,560.52
ch2_ohr_ncp_20241111T0516278303_d_img_d18_x09600_y19840.png,0.2266,572.79,362.36,580.55,371.34
ch2_ohr_ncp_20241111T0516278303_d_img_d18_x09600_y20480.png,0.2071,0.08,9.25,17.04,32.83
ch2_ohr_ncp_20241111T0516278303_d_img_d18_x09600_y21120.png,0.2717,0.08,292.0,4.07,298.32
ch2_ohr_ncp_20241111T0516278303_d_img_d18_x09600_y24320.png,0.2074,9.91,573.48,52.08,625.0
ch2_ohr_ncp_20241111T0516278303_d_img_d18_x09600_y61440.png,0.3267,502.9,627.99,508.35,633.85
ch2_ohr_ncp_20241111T0516278303_d_img_d18_x09600_y61440.png,0.3262,583.15,479.77,589.74,485.34
ch2_ohr_ncp_20241111T0516278303_d_img_d18_x09600_y61440.png,0.3117,452.32,573.82,460.01,580.32
ch2_ohr_ncp_20241111T0516278303_d_img_d18_x09600_y61440.png,0.3001,630.48,75.99,637.87,81.89
ch2_ohr_ncp_20241111T0516278303_d_img_d18_x09600_y62720.png,0.2674,522.88,291.02,568.26,364.06
ch2_ohr_ncp_20241111T0516278303_d_img_d18_x09600_y63360.png,0.4654,518.7,409.48,525.21,415.17
ch2_ohr_ncp_20241111T0516278303_d_img_d18_x09600_y63360.png,0.2238,561.92,337.79,570.01,345.39
ch2_ohr_ncp_20241111T0516278303_d_img_d18_x09600_y64000.png,0.2401,271.42,0.0,361.57,38.68
ch2_ohr_ncp_20241111T0516278303_d_img_d18_x09600_y68480.png,0.2431,42.24,363.96,48.04,369.71
ch2_ohr_ncp_20241111T0516278303_d_img_d18_x09600_y69120.png,0.5866,22.45,551.06,28.05,556.62
ch2_ohr_ncp_20241111T0516278303_d_img_d18_x10240_y21120.png,0.2788,0.0,618.88,4.08,624.02
ch2_ohr_ncp_20241111T0516278303_d_img_d18_x10240_y21760.png,0.2283,631.78,364.0,636.53,371.2
ch2_ohr_ncp_20241111T0516278303_d_img_d18_x10240_y60800.png,0.324,366.14,151.32,372.08,156.42
ch2_ohr_ncp_20241111T0516278303_d_img_d18_x10240_y60800.png,0.3014,5.73,387.99,12.04,394.05
ch2_ohr_ncp_20241111T0516278303_d_img_d18_x10240_y67840.png,0.3151,31.64,219.75,41.74,230.21
ch2_ohr_ncp_20241111T0516278303_d_img_d18_x10880_y59520.png,0.3562,335.5,395.26,344.17,403.07
ch2_ohr_ncp_20241111T0516278303_d_img_d18_x10880_y59520.png,0.2952,591.93,336.77,601.03,343.03
ch2_ohr_ncp_20241111T0516278303_d_img_d18_x10880_y59520.png,0.2748,297.27,317.91,305.19,324.09
ch2_ohr_ncp_20241111T0516278303_d_img_d18_x10880_y59520.png,0.251,547.4,305.84,553.13,311.62
ch2_ohr_ncp_20241111T0516278303_d_img_d18_x10880_y59520.png,0.2364,389.57,137.93,397.19,145.32
ch2_ohr_ncp_20241111T0516278303_d_img_d18_x10880_y59520.png,0.2165,546.58,584.33,554.8,593.03
ch2_ohr_ncp_20241111T0516278303_d_img_d18_x10880_y59520.png,0.2126,525.37,279.88,532.97,286.68
ch2_ohr_ncp_20241111T0516278303_d_img_d18_x10880_y59520.png,0.2017,521.41,347.47,528.54,356.02
ch2_ohr_ncp_20241111T0516278303_d_img_d18_x10880_y64000.png,0.221,555.49,512.64,607.51,562.04
ch2_ohr_ncp_20241111T0516278303_d_img_d18_x10880_y67200.png,0.4436,310.89,53.57,318.26,60.03
ch2_ohr_ncp_20241111T0516278303_d_img_d18_x10880_y67200.png,0.2595,351.16,19.33,357.51,24.88
ch2_ohr_ncp_20241111T0516278303_d_img_d18_x10880_y67200.png,0.2554,73.88,128.02,79.41,133.46
ch2_ohr_ncp_20241111T0516278303_d_img_d18_x10880_y67200.png,0.2201,75.15,110.9,88.12,122.14
ch2_ohr_ncp_20241111T0516278303_d_img_d18_x10880_y67200.png,0.2063,26.43,49.19,33.59,55.78
ch2_ohr_ncp_20241111T0516278303_d_img_d18_x11520_y58880.png,0.3984,0.69,506.76,7.69,514.24
ch2_ohr_ncp_20241111T0516278303_d_img_d18_x11520_y58880.png,0.2717,7.51,574.43,20.53,589.57
ch2_ohr_ncp_20241111T0516278303_d_img_d18_x11520_y58880.png,0.2417,14.59,460.0,20.69,466.2
ch2_ohr_ncp_20241111T0516278303_d_img_d18_x11520_y58880.png,0.2164,56.07,396.37,61.99,404.11
ch2_ohr_ncp_20241111T0516278303_d_img_d18_x11520_y60160.png,0.3926,145.58,309.68,157.49,319.89
ch2_ohr_ncp_20241111T0516278303_d_img_d18_x11520_y60160.png,0.2487,186.45,388.89,204.92,403.7
ch2_ohr_ncp_20241111T0516278303_d_img_d18_x11520_y60160.png,0.2163,297.78,317.65,304.22,324.08
ch2_ohr_ncp_20241111T0516278303_d_img_d18_x11520_y60800.png,0.3634,453.42,106.06,471.45,124.02
ch2_ohr_ncp_20241111T0516278303_d_img_d18_x11520_y60800.png,0.2372,143.14,51.93,151.96,59.83
ch2_ohr_ncp_20241111T0516278303_d_img_d18_x11520_y61440.png,0.5802,42.45,34.44,51.76,42.39
ch2_ohr_ncp_20241111T0516278303_d_img_d18_x11520_y61440.png,0.4712,25.29,389.56,36.39,400.91
ch2_ohr_ncp_20241111T0516278303_d_img_d18_x11520_y61440.png,0.4655,142.06,219.98,148.04,226.0
ch2_ohr_ncp_20241111T0516278303_d_img_d18_x11520_y61440.png,0.4046,72.4,285.97,81.18,294.18
ch2_ohr_ncp_20241111T0516278303_d_img_d18_x11520_y61440.png,0.3344,99.03,0.0,108.08,4.99
ch2_ohr_ncp_20241111T0516278303_d_img_d18_x11520_y61440.png,0.3277,146.42,544.61,155.38,552.2
ch2_ohr_ncp_20241111T0516278303_d_img_d18_x11520_y61440.png,0.3214,186.98,157.25,194.32,164.02
ch2_ohr_ncp_20241111T0516278303_d_img_d18_x11520_y61440.png,0.3076,168.31,489.2,174.89,494.89
ch2_ohr_ncp_20241111T0516278303_d_img_d18_x11520_y61440.png,0.2725,158.92,522.43,167.02,531.46
ch2_ohr_ncp_20241111T0516278303_d_img_d18_x11520_y61440.png,0.2697,122.15,619.32,129.49,625.54
ch2_ohr_ncp_20241111T0516278303_d_img_d18_x11520_y61440.png,0.2464,27.74,611.09,36.01,618.3
ch2_ohr_ncp_20241111T0516278303_d_img_d18_x11520_y61440.png,0.2172,303.59,267.29,311.87,275.13
ch2_ohr_ncp_20241111T0516278303_d_img_d18_x11520_y61440.png,0.211,336.79,95.01,348.04,104.39
ch2_ohr_ncp_20241111T0516278303_d_img_d18_x11520_y61440.png,0.2084,421.13,35.83,428.03,42.22
ch2_ohr_ncp_20241111T0516278303_d_img_d18_x11520_y61440.png,0.2074,216.58,543.05,225.11,552.79
ch2_ohr_ncp_20241111T0516278303_d_img_d18_x11520_y62080.png,0.4318,149.25,95.36,156.04,101.1
ch2_ohr_ncp_20241111T0516278303_d_img_d18_x11520_y62080.png,0.3909,163.85,111.95,169.45,117.22
ch2_ohr_ncp_20241111T0516278303_d_img_d18_x11520_y62080.png,0.3772,152.77,77.61,159.62,84.08
ch2_ohr_ncp_20241111T0516278303_d_img_d18_x11520_y62080.png,0.334,82.95,353.38,89.25,359.7
ch2_ohr_ncp_20241111T0516278303_d_img_d18_x11520_y62080.png,0.3223,145.56,263.0,154.36,272.0
ch2_ohr_ncp_20241111T0516278303_d_img_d18_x11520_y62080.png,0.2826,95.15,320.18,101.86,331.96
ch2_ohr_ncp_20241111T0516278303_d_img_d18_x11520_y62080.png,0.2537,10.88,503.77,21.59,512.42
ch2_ohr_ncp_20241111T0516278303_d_img_d18_x11520_y62080.png,0.2504,147.99,95.47,155.24,101.4
ch2_ohr_ncp_20241111T0516278303_d_img_d18_x11520_y62080.png,0.2219,193.93,207.28,203.73,216.52
ch2_ohr_ncp_20241111T0516278303_d_img_d18_x11520_y62720.png,0.6743,138.61,120.07,146.25,127.28
ch2_ohr_ncp_20241111T0516278303_d_img_d18_x11520_y62720.png,0.6397,11.65,265.38,18.22,271.89
ch2_ohr_ncp_20241111T0516278303_d_img_d18_x11520_y62720.png,0.4662,39.79,101.43,47.13,108.61
ch2_ohr_ncp_20241111T0516278303_d_img_d18_x11520_y62720.png,0.418,131.74,60.51,179.55,110.26
ch2_ohr_ncp_20241111T0516278303_d_img_d18_x11520_y62720.png,0.2617,132.23,65.0,168.0,113.14
ch2_ohr_ncp_20241111T0516278303_d_img_d18_x11520_y62720.png,0.246,24.29,296.32,42.48,312.91
ch2_ohr_ncp_20241111T0516278303_d_img_d18_x11520_y62720.png,0.238,51.43,295.04,57.12,300.54
ch2_ohr_ncp_20241111T0516278303_d_img_d18_x11520_y62720.png,0.2287,139.17,119.6,148.0,126.86
ch2_ohr_ncp_20241111T0516278303_d_img_d18_x11520_y62720.png,0.2226,130.31,55.32,191.63,106.65
ch2_ohr_ncp_20241111T0516278303_d_img_d18_x11520_y62720.png,0.2222,167.09,210.17,177.57,220.79
ch2_ohr_ncp_20241111T0516278303_d_img_d18_x11520_y62720.png,0.2104,136.49,145.87,143.76,152.42
ch2_ohr_ncp_20241111T0516278303_d_img_d18_x11520_y63360.png,0.4344,434.91,292.74,442.12,300.12
ch2_ohr_ncp_20241111T0516278303_d_img_d18_x11520_y63360.png,0.395,65.27,256.61,74.58,264.92
ch2_ohr_ncp_20241111T0516278303_d_img_d18_x11520_y63360.png,0.2423,66.52,256.15,76.01,264.52
ch2_ohr_ncp_20241111T0516278303_d_img_d18_x11520_y63360.png,0.2008,57.11,626.26,62.56,631.51
ch2_ohr_ncp_20241111T0516278303_d_img_d18_x11520_y64000.png,0.5163,236.83,598.12,244.61,606.21
ch2_ohr_ncp_20241111T0516278303_d_img_d18_x11520_y64000.png,0.2407,45.46,177.74,52.03,184.28
ch2_ohr_ncp_20241111T0516278303_d_img_d18_x11520_y64000.png,0.2402,403.86,335.12,414.82,346.26
ch2_ohr_ncp_20241111T0516278303_d_img_d18_x11520_y64000.png,0.2331,14.17,575.96,22.65,583.25
ch2_ohr_ncp_20241111T0516278303_d_img_d18_x11520_y64000.png,0.2271,193.75,271.2,225.39,303.93
ch2_ohr_ncp_20241111T0516278303_d_img_d18_x11520_y64640.png,0.4092,69.41,95.36,76.09,101.91
ch2_ohr_ncp_20241111T0516278303_d_img_d18_x11520_y64640.png,0.3004,223.77,327.28,232.86,336.78
ch2_ohr_ncp_20241111T0516278303_d_img_d18_x11520_y64640.png,0.2626,257.63,85.99,264.78,93.08
ch2_ohr_ncp_20241111T0516278303_d_img_d18_x11520_y64640.png,0.2506,295.06,27.56,303.58,34.81
ch2_ohr_ncp_20241111T0516278303_d_img_d18_x11520_y64640.png,0.2436,380.05,383.76,390.04,393.04
ch2_ohr_ncp_20241111T0516278303_d_img_d18_x11520_y65920.png,0.5722,45.34,431.24,53.45,438.58
ch2_ohr_ncp_20241111T0516278303_d_img_d18_x11520_y65920.png,0.4048,43.98,431.99,52.43,439.14
ch2_ohr_ncp_20241115T1326321339_d_img_d18_x00000_y64640.png,0.3295,610.43,297.81,615.15,303.43
ch2_ohr_ncp_20241115T1326321339_d_img_d18_x00000_y67840.png,0.2005,161.01,220.57,218.71,296.75
ch2_ohr_ncp_20241115T1326321339_d_img_d18_x00000_y69120.png,0.3849,611.18,615.23,616.17,620.04
ch2_ohr_ncp_20241115T1326321339_d_img_d18_x00000_y69120.png,0.3582,38.48,627.97,44.08,634.18
ch2_ohr_ncp_20241115T1326321339_d_img_d18_x00000_y69120.png,0.3029,570.06,619.19,575.25,624.21
ch2_ohr_ncp_20241115T1326321339_d_img_d18_x00000_y69120.png,0.2985,599.37,463.65,610.49,474.01
ch2_ohr_ncp_20241115T1326321339_d_img_d18_x00000_y69760.png,0.3249,343.94,41.84,350.62,49.39
ch2_ohr_ncp_20241115T1326321339_d_img_d18_x00000_y69760.png,0.2897,627.06,90.87,633.69,98.26
ch2_ohr_ncp_20241115T1326321339_d_img_d18_x00000_y69760.png,0.2763,574.33,28.31,586.56,40.44
ch2_ohr_ncp_20241115T1326321339_d_img_d18_x00000_y69760.png,0.2456,539.27,154.42,543.41,158.78
ch2_ohr_ncp_20241115T1326321339_d_img_d18_x00000_y69760.png,0.2319,631.48,11.16,637.17,17.7
ch2_ohr_ncp_20241115T1326321339_d_img_d18_x00000_y69760.png,0.2101,107.41,65.85,157.23,141.94
ch2_ohr_ncp_20241115T1326321339_d_img_d18_x00000_y69760.png,0.2069,526.43,153.48,532.0,158.65
ch2_ohr_ncp_20241115T1326321339_d_img_d18_x00000_y71040.png,0.2499,144.67,217.19,151.2,225.52
ch2_ohr_ncp_20241115T1326321339_d_img_d18_x00640_y62720.png,0.2027,292.12,181.95,350.02,252.05
ch2_ohr_ncp_20241115T1326321339_d_img_d18_x00640_y65920.png,0.2625,17.74,122.51,96.79,186.21
ch2_ohr_ncp_20241115T1326321339_d_img_d18_x00640_y67200.png,0.294,610.6,2.89,614.8,7.2
ch2_ohr_ncp_20241115T1326321339_d_img_d18_x00640_y67200.png,0.2728,147.56,29.29,249.29,104.84
ch2_ohr_ncp_20241115T1326321339_d_img_d18_x00640_y68480.png,0.4363,601.9,592.15,607.55,597.7
ch2_ohr_ncp_20241115T1326321339_d_img_d18_x00640_y68480.png,0.4356,511.17,578.77,516.03,583.59
ch2_ohr_ncp_20241115T1326321339_d_img_d18_x00640_y68480.png,0.3485,587.41,627.92,593.01,634.01
ch2_ohr_ncp_20241115T1326321339_d_img_d18_x00640_y68480.png,0.231,595.69,600.22,599.75,604.99
ch2_ohr_ncp_20241115T1326321339_d_img_d18_x00640_y68480.png,0.2031,455.02,631.46,464.05,639.01
ch2_ohr_ncp_20241115T1326321339_d_img_d18_x00640_y69120.png,0.2557,624.1,234.83,629.76,239.81
ch2_ohr_ncp_20241115T1326321339_d_img_d18_x00640_y71040.png,0.3416,29.64,597.13,36.01,604.0
ch2_ohr_ncp_20241115T1326321339_d_img_d18_x00640_y71040.png,0.3322,28.0,595.98,34.44,602.56
ch2_ohr_ncp_20241115T1326321339_d_img_d18_x00640_y71040.png,0.2621,91.58,594.72,98.05,601.45
ch2_ohr_ncp_20241115T1326321339_d_img_d18_x00640_y71040.png,0.2585,86.95,552.13,92.17,557.64
ch2_ohr_ncp_20241115T1326321339_d_img_d18_x00640_y71040.png,0.2499,29.42,595.97,36.0,602.85
ch2_ohr_ncp_20241115T1326321339_d_img_d18_x00640_y72320.png,0.2358,323.09,137.82,328.11,143.33
ch2_ohr_ncp_20241115T1326321339_d_img_d18_x00640_y72960.png,0.3243,174.66,595.65,181.31,602.3
ch2_ohr_ncp_20241115T1326321339_d_img_d18_x00640_y74880.png,0.2861,624.28,347.98,629.13,353.07
ch2_ohr_ncp_20241115T1326321339_d_img_d18_x00640_y74880.png,0.2201,629.54,368.4,636.28,374.71
ch2_ohr_ncp_20241115T1326321339_d_img_d18_x01280_y63360.png,0.318,607.29,70.51,612.02,76.0
ch2_ohr_ncp_20241115T1326321339_d_img_d18_x01280_y64000.png,0.3517,392.35,69.92,453.21,129.68
ch2_ohr_ncp_20241115T1326321339_d_img_d18_x01280_y64000.png,0.3379,289.58,199.55,367.91,263.07
ch2_ohr_ncp_20241115T1326321339_d_img_d18_x01280_y65280.png,0.3355,0.19,32.46,6.91,39.33
ch2_ohr_ncp_20241115T1326321339_d_img_d18_x01280_y67200.png,0.3292,589.66,556.0,596.11,562.77
ch2_ohr_ncp_20241115T1326321339_d_img_d18_x01280_y67200.png,0.2304,579.83,610.19,584.13,615.96
ch2_ohr_ncp_20241115T1326321339_d_img_d18_x01280_y67200.png,0.2165,627.34,505.12,633.95,511.97
ch2_ohr_ncp_20241115T1326321339_d_img_d18_x01280_y67200.png,0.2094,580.87,611.86,585.2,616.76
ch2_ohr_ncp_20241115T1326321339_d_img_d18_x01280_y67840.png,0.274,23.37,571.84,28.93,576.92
ch2_ohr_ncp_20241115T1326321339_d_img_d18_x01280_y70400.png,0.5851,618.35,499.05,622.36,503.98
ch2_ohr_ncp_20241115T1326321339_d_img_d18_x01280_y70400.png,0.5635,586.57,482.0,590.82,486.7
ch2_ohr_ncp_20241115T1326321339_d_img_d18_x01280_y70400.png,0.5171,566.12,594.35,572.22,599.57
ch2_ohr_ncp_20241115T1326321339_d_img_d18_x01280_y70400.png,0.4934,607.67,491.99,612.05,496.77
ch2_ohr_ncp_20241115T1326321339_d_img_d18_x01280_y70400.png,0.4912,576.82,579.04,581.17,583.85
ch2_ohr_ncp_20241115T1326321339_d_img_d18_x01280_y70400.png,0.4705,520.41,428.0,525.43,434.53
ch2_ohr_ncp_20241115T1326321339_d_img_d18_x01280_y70400.png,0.4376,597.21,369.09,604.02,375.72
ch2_ohr_ncp_20241115T1326321339_d_img_d18_x01280_y70400.png,0.4282,586.29,390.9,591.14,396.45
ch2_ohr_ncp_20241115T1326321339_d_img_d18_x01280_y70400.png,0.4225,625.38,406.18,630.96,413.15
ch2_ohr_ncp_20241115T1326321339_d_img_d18_x01280_y70400.png,0.4122,615.59,342.52,620.51,347.83
ch2_ohr_ncp_20241115T1326321339_d_img_d18_x01280_y70400.png,0.4073,570.07,628.76,579.12,636.59
ch2_ohr_ncp_20241115T1326321339_d_img_d18_x01280_y70400.png,0.4066,603.25,315.76,612.6,327.26
ch2_ohr_ncp_20241115T1326321339_d_img_d18_x01280_y70400.png,0.3843,607.49,259.07,614.34,267.01
ch2_ohr_ncp_20241115T1326321339_d_img_d18_x01280_y70400.png,0.3623,504.81,523.99,508.87,529.43
ch2_ohr_ncp_20241115T1326321339_d_img_d18_x01280_y70400.png,0.3612,564.37,500.37,569.98,506.24
ch2_ohr_ncp_20241115T1326321339_d_img_d18_x01280_y70400.png,0.3474,603.66,631.86,608.23,636.1
ch2_ohr_ncp_20241115T1326321339_d_img_d18_x01280_y70400.png,0.3461,627.07,580.14,635.67,588.19
ch2_ohr_ncp_20241115T1326321339_d_img_d18_x01280_y70400.png,0.3356,587.39,289.04,593.01,293.7
ch2_ohr_ncp_20241115T1326321339_d_img_d18_x01280_y70400.png,0.332,598.59,347.02,604.04,351.47
ch2_ohr_ncp_20241115T1326321339_d_img_d18_x01280_y70400.png,0.3283,554.87,452.55,563.69,463.96
ch2_ohr_ncp_20241115T1326321339_d_img_d18_x01280_y70400.png,0.3276,558.66,295.39,569.22,306.13
ch2_ohr_ncp_20241115T1326321339_d_img_d18_x01280_y70400.png,0.3244,562.24,196.5,568.36,204.1
ch2_ohr_ncp_20241115T1326321339_d_img_d18_x01280_y70400.png,0.314,544.44,259.29,551.45,266.81
ch2_ohr_ncp_20241115T1326321339_d_img_d18_x01280_y70400.png,0.3062,495.77,254.53,500.05,260.0
ch2_ohr_ncp_20241115T1326321339_d_img_d18_x01280_y70400.png,0.3057,585.86,524.0,589.44,529.04
ch2_ohr_ncp_20241115T1326321339_d_img_d18_x01280_y70400.png,0.3019,570.71,353.41,574.94,357.52
ch2_ohr_ncp_20241115T1326321339_d_img_d18_x01280_y70400.png,0.3003,488.5,530.09,492.58,534.76
ch2_ohr_ncp_20241115T1326321339_d_img_d18_x01280_y70400.png,0.3,596.0,369.25,603.06,375.47
ch2_ohr_ncp_20241115T1326321339_d_img_d18_x01280_y70400.png,0.2998,632.27,345.93,638.98,353.62
ch2_ohr_ncp_20241115T1326321339_d_img_d18_x01280_y70400.png,0.2839,608.7,524.0,613.31,529.74
ch2_ohr_ncp_20241115T1326321339_d_img_d18_x01280_y70400.png,0.2747,550.26,197.98,558.96,205.48
ch2_ohr_ncp_20241115T1326321339_d_img_d18_x01280_y70400.png,0.2716,529.08,592.1,536.19,600.01
ch2_ohr_ncp_20241115T1326321339_d_img_d18_x01280_y70400.png,0.2667,375.7,494.85,380.11,500.0
ch2_ohr_ncp_20241115T1326321339_d_img_d18_x01280_y70400.png,0.259,431.51,342.5,436.95,349.17
ch2_ohr_ncp_20241115T1326321339_d_img_d18_x01280_y70400.png,0.2574,594.82,326.62,598.68,332.0
ch2_ohr_ncp_20241115T1326321339_d_img_d18_x01280_y70400.png,0.2376,481.61,125.91,486.68,132.01
ch2_ohr_ncp_20241115T1326321339_d_img_d18_x01280_y70400.png,0.2333,468.0,140.0,473.88,146.08
ch2_ohr_ncp_20241115T1326321339_d_img_d18_x01280_y70400.png,0.2295,633.36,524.0,638.63,529.88
ch2_ohr_ncp_20241115T1326321339_d_img_d18_x01280_y70400.png,0.2279,632.15,285.15,639.77,296.89
ch2_ohr_ncp_20241115T1326321339_d_img_d18_x01280_y70400.png,0.2277,615.61,340.0,620.5,347.87
ch2_ohr_ncp_20241115T1326321339_d_img_d18_x01280_y70400.png,0.2248,175.93,108.0,180.25,114.41
ch2_ohr_ncp_20241115T1326321339_d_img_d18_x01280_y70400.png,0.221,419.79,368.49,426.11,373.82
ch2_ohr_ncp_20241115T1326321339_d_img_d18_x01280_y70400.png,0.2203,612.15,292.93,616.36,297.02
ch2_ohr_ncp_20241115T1326321339_d_img_d18_x01280_y70400.png,0.2156,498.88,291.72,504.77,297.66
ch2_ohr_ncp_20241115T1326321339_d_img_d18_x01280_y70400.png,0.2126,503.96,580.89,509.07,586.97
ch2_ohr_ncp_20241115T1326321339_d_img_d18_x01280_y70400.png,0.2093,625.39,402.47,631.93,413.15
ch2_ohr_ncp_20241115T1326321339_d_img_d18_x01280_y70400.png,0.2029,526.59,345.2,537.22,357.93
ch2_ohr_ncp_20241115T1326321339_d_img_d18_x01280_y71040.png,0.2012,580.57,548.01,606.99,577.67
ch2_ohr_ncp_20241115T1326321339_d_img_d18_x01280_y72320.png,0.214,13.47,0.0,54.8,31.04
ch2_ohr_ncp_20241115T1326321339_d_img_d18_x01280_y72960.png,0.2275,590.32,597.16,596.07,604.0
ch2_ohr_ncp_20241115T1326321339_d_img_d18_x01280_y74880.png,0.2852,445.97,314.4,452.0,318.93
ch2_ohr_ncp_20241115T1326321339_d_img_d18_x01280_y74880.png,0.2413,287.47,635.15,293.33,639.42
ch2_ohr_ncp_20241115T1326321339_d_img_d18_x01280_y75520.png,0.2172,630.24,489.31,636.01,494.29
ch2_ohr_ncp_20241115T1326321339_d_img_d18_x01280_y89600.png,0.3079,478.98,431.59,549.44,501.51
ch2_ohr_ncp_20241115T1326321339_d_img_d18_x01920_y62080.png,0.2305,321.89,79.04,382.19,147.06
ch2_ohr_ncp_20241115T1326321339_d_img_d18_x01920_y62720.png,0.2258,423.8,300.0,428.03,306.02
ch2_ohr_ncp_20241115T1326321339_d_img_d18_x01920_y64000.png,0.3386,62.23,613.65,68.16,620.01
ch2_ohr_ncp_20241115T1326321339_d_img_d18_x01920_y64000.png,0.2199,0.14,538.66,4.57,544.85
ch2_ohr_ncp_20241115T1326321339_d_img_d18_x01920_y64000.png,0.2064,303.33,17.55,337.76,58.75
ch2_ohr_ncp_20241115T1326321339_d_img_d18_x01920_y65280.png,0.454,480.28,625.68,485.35,631.68
ch2_ohr_ncp_20241115T1326321339_d_img_d18_x01920_y65280.png,0.2167,343.3,601.16,348.98,607.78
ch2_ohr_ncp_20241115T1326321339_d_img_d18_x01920_y65920.png,0.2621,367.08,270.12,437.23,344.19
ch2_ohr_ncp_20241115T1326321339_d_img_d18_x01920_y69120.png,0.2206,399.06,6.77,468.09,59.57
ch2_ohr_ncp_20241115T1326321339_d_img_d18_x01920_y71680.png,0.4153,455.11,623.03,460.17,628.01
ch2_ohr_ncp_20241115T1326321339_d_img_d18_x01920_y71680.png,0.3551,424.01,606.41,429.09,612.0
ch2_ohr_ncp_20241115T1326321339_d_img_d18_x01920_y71680.png,0.2568,511.41,620.0,516.03,626.02
ch2_ohr_ncp_20241115T1326321339_d_img_d18_x01920_y71680.png,0.2562,574.82,569.32,580.37,575.53
ch2_ohr_ncp_20241115T1326321339_d_img_d18_x01920_y71680.png,0.2208,562.26,464.57,570.56,472.77
ch2_ohr_ncp_20241115T1326321339_d_img_d18_x01920_y72320.png,0.2065,18.56,476.0,22.72,480.92
ch2_ohr_ncp_20241115T1326321339_d_img_d18_x01920_y74240.png,0.2097,29.87,634.52,36.27,639.36
ch2_ohr_ncp_20241115T1326321339_d_img_d18_x01920_y74240.png,0.2063,114.12,191.9,162.97,230.64
ch2_ohr_ncp_20241115T1326321339_d_img_d18_x02560_y62080.png,0.3622,463.07,297.63,468.75,304.25
ch2_ohr_ncp_20241115T1326321339_d_img_d18_x02560_y62080.png,0.3069,103.07,545.18,110.14,552.91
ch2_ohr_ncp_20241115T1326321339_d_img_d18_x02560_y62080.png,0.2926,544.11,628.0,549.05,633.88
ch2_ohr_ncp_20241115T1326321339_d_img_d18_x02560_y62080.png,0.2587,450.32,291.66,455.55,296.31
ch2_ohr_ncp_20241115T1326321339_d_img_d18_x02560_y63360.png,0.4283,98.87,73.45,103.75,79.03
ch2_ohr_ncp_20241115T1326321339_d_img_d18_x02560_y63360.png,0.3265,32.39,138.96,36.49,144.13
ch2_ohr_ncp_20241115T1326321339_d_img_d18_x02560_y63360.png,0.2988,23.19,221.5,28.05,228.0
ch2_ohr_ncp_20241115T1326321339_d_img_d18_x02560_y63360.png,0.2873,25.65,208.63,31.52,214.87
ch2_ohr_ncp_20241115T1326321339_d_img_d18_x02560_y63360.png,0.2747,9.48,113.45,13.44,117.71
ch2_ohr_ncp_20241115T1326321339_d_img_d18_x02560_y63360.png,0.2339,23.07,220.0,28.2,226.66
ch2_ohr_ncp_20241115T1326321339_d_img_d18_x02560_y64000.png,0.2296,634.75,25.69,639.59,32.3
ch2_ohr_ncp_20241115T1326321339_d_img_d18_x02560_y64000.png,0.2267,0.03,499.54,4.23,506.2
ch2_ohr_ncp_20241115T1326321339_d_img_d18_x02560_y64640.png,0.3859,328.51,313.53,374.48,367.36
ch2_ohr_ncp_20241115T1326321339_d_img_d18_x02560_y65920.png,0.2585,360.97,409.99,399.15,438.34
ch2_ohr_ncp_20241115T1326321339_d_img_d18_x02560_y65920.png,0.2264,3.64,127.25,18.13,144.14
ch2_ohr_ncp_20241115T1326321339_d_img_d18_x02560_y65920.png,0.2055,429.59,625.09,438.86,634.67
ch2_ohr_ncp_20241115T1326321339_d_img_d18_x02560_y65920.png,0.2024,595.02,512.19,600.83,518.76
ch2_ohr_ncp_20241115T1326321339_d_img_d18_x02560_y66560.png,0.272,0.0,61.28,27.22,95.25
ch2_ohr_ncp_20241115T1326321339_d_img_d18_x02560_y69120.png,0.3029,446.92,470.78,464.78,489.45
ch2_ohr_ncp_20241115T1326321339_d_img_d18_x02560_y69120.png,0.2132,0.0,509.79,44.23,560.31
ch2_ohr_ncp_20241115T1326321339_d_img_d18_x02560_y69760.png,0.434,574.84,407.47,593.13,431.52
ch2_ohr_ncp_20241115T1326321339_d_img_d18_x02560_y69760.png,0.3297,582.11,410.01,596.08,435.25
ch2_ohr_ncp_20241115T1326321339_d_img_d18_x02560_y69760.png,0.3051,574.16,403.48,594.3,426.48
ch2_ohr_ncp_20241115T1326321339_d_img_d18_x02560_y70400.png,0.3209,518.61,508.73,524.78,516.07
ch2_ohr_ncp_20241115T1326321339_d_img_d18_x02560_y71680.png,0.3799,600.46,387.88,606.24,394.16
ch2_ohr_ncp_20241115T1326321339_d_img_d18_x02560_y71680.png,0.2699,606.54,362.84,612.01,367.07
ch2_ohr_ncp_20241115T1326321339_d_img_d18_x02560_y72960.png,0.2412,136.62,466.59,186.25,516.24
ch2_ohr_ncp_20241115T1326321339_d_img_d18_x02560_y89600.png,0.3871,305.44,71.54,359.25,130.57
ch2_ohr_ncp_20241115T1326321339_d_img_d18_x02560_y89600.png,0.2862,253.33,217.34,328.6,272.27
ch2_ohr_ncp_20241115T1326321339_d_img_d18_x02560_y89600.png,0.2536,310.36,71.54,359.81,117.23
ch2_ohr_ncp_20241115T1326321339_d_img_d18_x02560_y89600.png,0.2512,263.92,218.95,325.28,265.6
ch2_ohr_ncp_20241115T1326321339_d_img_d18_x03200_y58240.png,0.2329,498.63,633.34,504.6,638.64
ch2_ohr_ncp_20241115T1326321339_d_img_d18_x03200_y58240.png,0.2318,537.92,633.13,546.36,639.45
ch2_ohr_ncp_20241115T1326321339_d_img_d18_x03200_y58240.png,0.2298,559.9,624.61,566.55,631.12
ch2_ohr_ncp_20241115T1326321339_d_img_d18_x03200_y61440.png,0.2733,257.2,622.42,263.27,629.25
ch2_ohr_ncp_20241115T1326321339_d_img_d18_x03200_y62080.png,0.2151,190.01,30.99,212.56,54.11
ch2_ohr_ncp_20241115T1326321339_d_img_d18_x03200_y62720.png,0.3043,584.87,10.72,590.05,16.22
ch2_ohr_ncp_20241115T1326321339_d_img_d18_x03200_y64000.png,0.2041,112.28,602.54,118.7,609.7
ch2_ohr_ncp_20241115T1326321339_d_img_d18_x03200_y66560.png,0.2489,78.5,540.59,123.48,579.53
ch2_ohr_ncp_20241115T1326321339_d_img_d18_x03200_y69120.png,0.2122,632.5,43.3,637.78,48.57
ch2_ohr_ncp_20241115T1326321339_d_img_d18_x03200_y71680.png,0.2214,22.42,406.97,28.03,413.0
ch2_ohr_ncp_20241115T1326321339_d_img_d18_x03200_y72320.png,0.3082,6.42,51.99,12.13,58.45
ch2_ohr_ncp_20241115T1326321339_d_img_d18_x03200_y72320.png,0.2361,6.39,53.05,12.27,60.01
ch2_ohr_ncp_20241115T1326321339_d_img_d18_x03200_y72960.png,0.2213,119.86,28.28,139.63,49.68
ch2_ohr_ncp_20241115T1326321339_d_img_d18_x03840_y54400.png,0.242,271.45,49.4,341.16,121.43
ch2_ohr_ncp_20241115T1326321339_d_img_d18_x03840_y57600.png,0.386,537.14,31.95,608.29,98.53
ch2_ohr_ncp_20241115T1326321339_d_img_d18_x03840_y57600.png,0.3394,208.51,116.62,267.99,178.86
ch2_ohr_ncp_20241115T1326321339_d_img_d18_x03840_y57600.png,0.3339,30.62,125.53,89.69,195.13
ch2_ohr_ncp_20241115T1326321339_d_img_d18_x03840_y57600.png,0.322,221.01,59.54,290.98,110.26
ch2_ohr_ncp_20241115T1326321339_d_img_d18_x03840_y57600.png,0.2982,337.99,31.23,376.94,88.68
ch2_ohr_ncp_20241115T1326321339_d_img_d18_x03840_y57600.png,0.2509,334.66,28.34,381.11,98.43
ch2_ohr_ncp_20241115T1326321339_d_img_d18_x03840_y57600.png,0.2427,548.9,29.69,611.55,91.24
ch2_ohr_ncp_20241115T1326321339_d_img_d18_x03840_y57600.png,0.2046,556.48,33.55,603.55,84.52
ch2_ohr_ncp_20241115T1326321339_d_img_d18_x03840_y57600.png,0.2014,435.45,114.04,493.15,183.91
ch2_ohr_ncp_20241115T1326321339_d_img_d18_x03840_y59520.png,0.2076,139.5,379.29,143.94,383.87
ch2_ohr_ncp_20241115T1326321339_d_img_d18_x03840_y64000.png,0.4753,597.67,620.68,630.71,640.0
ch2_ohr_ncp_20241115T1326321339_d_img_d18_x03840_y65920.png,0.4965,0.0,167.11,30.77,205.46
ch2_ohr_ncp_20241115T1326321339_d_img_d18_x03840_y65920.png,0.387,0.05,170.0,21.52,205.47
ch2_ohr_ncp_20241115T1326321339_d_img_d18_x03840_y65920.png,0.2576,47.94,566.97,52.12,572.01
ch2_ohr_ncp_20241115T1326321339_d_img_d18_x03840_y67840.png,0.2407,502.34,157.13,526.34,188.15
ch2_ohr_ncp_20241115T1326321339_d_img_d18_x03840_y69760.png,0.3388,523.61,585.17,566.62,627.9
ch2_ohr_ncp_20241115T1326321339_d_img_d18_x03840_y71680.png,0.2102,608.93,138.95,614.37,144.84
ch2_ohr_ncp_20241115T1326321339_d_img_d18_x03840_y72320.png,0.2145,22.31,583.75,28.17,589.01
ch2_ohr_ncp_20241115T1326321339_d_img_d18_x03840_y74240.png,0.4628,592.93,410.01,597.09,415.11
ch2_ohr_ncp_20241115T1326321339_d_img_d18_x03840_y89600.png,0.2381,634.44,604.0,639.12,609.47
ch2_ohr_ncp_20241115T1326321339_d_img_d18_x04480_y58240.png,0.2187,544.16,2.33,550.0,8.08
ch2_ohr_ncp_20241115T1326321339_d_img_d18_x04480_y60800.png,0.2974,415.53,2.5,420.76,6.91
ch2_ohr_ncp_20241115T1326321339_d_img_d18_x04480_y60800.png,0.2216,578.85,258.19,583.42,262.68
ch2_ohr_ncp_20241115T1326321339_d_img_d18_x04480_y63360.png,0.472,613.18,395.12,634.16,418.68
ch2_ohr_ncp_20241115T1326321339_d_img_d18_x04480_y64000.png,0.311,224.22,595.43,258.59,633.9
ch2_ohr_ncp_20241115T1326321339_d_img_d18_x04480_y64000.png,0.2655,132.42,0.0,197.35,39.16
ch2_ohr_ncp_20241115T1326321339_d_img_d18_x04480_y68480.png,0.2055,530.6,569.26,640.0,640.0
ch2_ohr_ncp_20241115T1326321339_d_img_d18_x04480_y71040.png,0.2053,1.25,632.48,6.87,637.97
ch2_ohr_ncp_20241115T1326321339_d_img_d18_x04480_y73600.png,0.2904,623.68,622.52,628.7,628.02
ch2_ohr_ncp_20241115T1326321339_d_img_d18_x05120_y53760.png,0.282,305.54,48.08,365.33,113.54
ch2_ohr_ncp_20241115T1326321339_d_img_d18_x05120_y53760.png,0.2199,325.01,51.83,363.21,97.61
ch2_ohr_ncp_20241115T1326321339_d_img_d18_x05120_y58880.png,0.5185,594.19,590.27,640.0,637.16
ch2_ohr_ncp_20241115T1326321339_d_img_d18_x05120_y60160.png,0.311,322.3,0.0,384.52,67.76
ch2_ohr_ncp_20241115T1326321339_d_img_d18_x05120_y67200.png,0.2939,0.0,549.87,31.54,592.78
ch2_ohr_ncp_20241115T1326321339_d_img_d18_x05120_y67200.png,0.2319,445.3,520.79,485.73,560.06
ch2_ohr_ncp_20241115T1326321339_d_img_d18_x05120_y70400.png,0.2433,141.01,146.96,197.55,208.11
ch2_ohr_ncp_20241115T1326321339_d_img_d18_x05120_y70400.png,0.2045,143.77,159.01,193.0,206.52
ch2_ohr_ncp_20241115T1326321339_d_img_d18_x05120_y72320.png,0.2587,630.69,347.95,636.03,353.2
ch2_ohr_ncp_20241115T1326321339_d_img_d18_x05120_y90880.png,0.2015,584.77,600.12,591.12,608.34
ch2_ohr_ncp_20241115T1326321339_d_img_d18_x05120_y92160.png,0.2962,14.16,49.2,47.33,73.06
ch2_ohr_ncp_20241115T1326321339_d_img_d18_x05760_y56960.png,0.534,55.17,470.33,103.17,507.98
ch2_ohr_ncp_20241115T1326321339_d_img_d18_x05760_y56960.png,0.4542,56.01,580.0,60.6,585.92
ch2_ohr_ncp_20241115T1326321339_d_img_d18_x05760_y56960.png,0.3161,11.77,599.2,19.47,607.13
ch2_ohr_ncp_20241115T1326321339_d_img_d18_x05760_y56960.png,0.2248,55.97,580.93,60.75,588.0
ch2_ohr_ncp_20241115T1326321339_d_img_d18_x05760_y58240.png,0.2135,632.91,393.44,639.06,400.37
ch2_ohr_ncp_20241115T1326321339_d_img_d18_x05760_y59520.png,0.2609,606.14,511.74,640.0,565.23
ch2_ohr_ncp_20241115T1326321339_d_img_d18_x05760_y60160.png,0.6265,608.25,621.7,612.39,628.0
ch2_ohr_ncp_20241115T1326321339_d_img_d18_x05760_y65280.png,0.3462,633.96,356.0,638.71,363.16
ch2_ohr_ncp_20241115T1326321339_d_img_d18_x05760_y65280.png,0.243,201.62,443.37,219.18,468.77
ch2_ohr_ncp_20241115T1326321339_d_img_d18_x05760_y65920.png,0.2669,0.0,536.35,36.1,593.71
ch2_ohr_ncp_20241115T1326321339_d_img_d18_x05760_y66560.png,0.3419,344.22,221.45,348.55,228.0
ch2_ohr_ncp_20241115T1326321339_d_img_d18_x05760_y66560.png,0.2513,344.13,220.0,348.83,226.46
ch2_ohr_ncp_20241115T1326321339_d_img_d18_x05760_y89600.png,0.2047,8.43,1.24,14.24,6.66
ch2_ohr_ncp_20241115T1326321339_d_img_d18_x05760_y93440.png,0.3026,137.94,54.49,182.79,117.93
ch2_ohr_ncp_20241115T1326321339_d_img_d18_x05760_y94080.png,0.2966,191.55,542.02,265.18,605.69
ch2_ohr_ncp_20241115T1326321339_d_img_d18_x05760_y94720.png,0.2889,589.36,0.08,596.74,4.24
ch2_ohr_ncp_20241115T1326321339_d_img_d18_x06400_y53120.png,0.2474,443.65,267.04,571.54,335.17
ch2_ohr_ncp_20241115T1326321339_d_img_d18_x06400_y57600.png,0.2121,264.38,11.99,269.76,17.98
ch2_ohr_ncp_20241115T1326321339_d_img_d18_x06400_y63360.png,0.3969,480.0,93.12,539.82,132.83
ch2_ohr_ncp_20241115T1326321339_d_img_d18_x06400_y64640.png,0.7719,78.85,513.6,102.67,543.85
ch2_ohr_ncp_20241115T1326321339_d_img_d18_x06400_y65920.png,0.43,472.26,605.4,476.84,612.0
ch2_ohr_ncp_20241115T1326321339_d_img_d18_x06400_y65920.png,0.3547,471.92,604.0,477.07,611.15
ch2_ohr_ncp_20241115T1326321339_d_img_d18_x06400_y65920.png,0.2014,468.43,578.78,508.68,616.41
ch2_ohr_ncp_20241115T1326321339_d_img_d18_x06400_y69120.png,0.2355,32.31,596.0,36.81,601.9
ch2_ohr_ncp_20241115T1326321339_d_img_d18_x06400_y69760.png,0.2875,597.6,583.29,605.41,592.0
ch2_ohr_ncp_20241115T1326321339_d_img_d18_x06400_y69760.png,0.2583,15.04,507.53,20.02,512.18
ch2_ohr_ncp_20241115T1326321339_d_img_d18_x06400_y86400.png,0.2304,595.13,343.1,620.41,384.22
ch2_ohr_ncp_20241115T1326321339_d_img_d18_x06400_y90240.png,0.2262,7.84,412.0,12.81,418.13
ch2_ohr_ncp_20241115T1326321339_d_img_d18_x06400_y94080.png,0.2653,7.34,567.1,12.3,572.28
ch2_ohr_ncp_20241115T1326321339_d_img_d18_x06400_y94080.png,0.2078,20.0,565.9,31.85,576.7
ch2_ohr_ncp_20241115T1326321339_d_img_d18_x07040_y55040.png,0.3415,566.78,627.98,573.18,634.79
ch2_ohr_ncp_20241115T1326321339_d_img_d18_x07040_y56960.png,0.331,535.49,28.0,540.14,34.31
ch2_ohr_ncp_20241115T1326321339_d_img_d18_x07040_y56960.png,0.2035,535.49,29.19,540.2,36.0
ch2_ohr_ncp_20241115T1326321339_d_img_d18_x07040_y58240.png,0.2044,630.33,348.0,636.05,354.64
ch2_ohr_ncp_20241115T1326321339_d_img_d18_x07040_y58880.png,0.6395,574.33,58.99,607.05,87.91
ch2_ohr_ncp_20241115T1326321339_d_img_d18_x07040_y62720.png,0.3928,0.0,10.46,32.83,42.85
ch2_ohr_ncp_20241115T1326321339_d_img_d18_x07040_y64640.png,0.3695,21.83,145.31,61.56,189.08
ch2_ohr_ncp_20241115T1326321339_d_img_d18_x07040_y65280.png,0.3927,12.37,267.82,45.88,305.54
ch2_ohr_ncp_20241115T1326321339_d_img_d18_x07040_y65920.png,0.2647,552.57,60.0,557.49,67.27
ch2_ohr_ncp_20241115T1326321339_d_img_d18_x07040_y65920.png,0.264,552.29,61.48,557.32,68.0
ch2_ohr_ncp_20241115T1326321339_d_img_d18_x07040_y65920.png,0.2314,554.14,81.53,560.05,88.31
ch2_ohr_ncp_20241115T1326321339_d_img_d18_x07040_y72320.png,0.209,116.12,11.31,152.28,49.65
ch2_ohr_ncp_20241115T1326321339_d_img_d18_x07040_y72960.png,0.2261,27.28,331.03,57.32,369.22
ch2_ohr_ncp_20241115T1326321339_d_img_d18_x07040_y88960.png,0.2389,599.04,621.03,604.7,628.0
ch2_ohr_ncp_20241115T1326321339_d_img_d18_x07040_y94720.png,0.2361,195.46,269.62,275.25,336.33
ch2_ohr_ncp_20241115T1326321339_d_img_d18_x07680_y51200.png,0.226,280.83,608.65,286.86,615.58
ch2_ohr_ncp_20241115T1326321339_d_img_d18_x07680_y54400.png,0.2438,215.86,4.0,221.1,10.41
ch2_ohr_ncp_20241115T1326321339_d_img_d18_x07680_y55680.png,0.3342,618.94,410.5,623.97,415.7
ch2_ohr_ncp_20241115T1326321339_d_img_d18_x07680_y59520.png,0.2991,530.61,261.17,581.02,307.64
ch2_ohr_ncp_20241115T1326321339_d_img_d18_x07680_y59520.png,0.2169,18.04,286.28,98.02,359.66
ch2_ohr_ncp_20241115T1326321339_d_img_d18_x07680_y60160.png,0.2323,22.16,587.81,38.68,609.35
ch2_ohr_ncp_20241115T1326321339_d_img_d18_x07680_y62720.png,0.2122,3.92,0.0,31.17,19.08
ch2_ohr_ncp_20241115T1326321339_d_img_d18_x07680_y63360.png,0.2873,165.78,108.72,187.05,138.25
ch2_ohr_ncp_20241115T1326321339_d_img_d18_x07680_y71040.png,0.3366,482.95,25.33,514.81,70.76
ch2_ohr_ncp_20241115T1326321339_d_img_d18_x07680_y85120.png,0.2378,24.9,9.55,30.85,16.41
ch2_ohr_ncp_20241115T1326321339_d_img_d18_x07680_y90880.png,0.4029,7.25,630.08,12.04,636.0
ch2_ohr_ncp_20241115T1326321339_d_img_d18_x08320_y56320.png,0.2684,632.8,468.0,638.15,474.66
ch2_ohr_ncp_20241115T1326321339_d_img_d18_x08320_y60160.png,0.5565,431.12,565.13,487.48,617.66
ch2_ohr_ncp_20241115T1326321339_d_img_d18_x08320_y60800.png,0.2979,0.85,176.35,26.44,209.78
ch2_ohr_ncp_20241115T1326321339_d_img_d18_x08320_y61440.png,0.3614,599.63,616.27,640.0,640.0
ch2_ohr_ncp_20241115T1326321339_d_img_d18_x08320_y64000.png,0.2255,152.23,317.21,156.25,324.0
ch2_ohr_ncp_20241115T1326321339_d_img_d18_x08320_y64000.png,0.2024,151.92,316.0,156.13,322.36
ch2_ohr_ncp_20241115T1326321339_d_img_d18_x08320_y64640.png,0.2567,619.86,1.66,624.54,6.6
ch2_ohr_ncp_20241115T1326321339_d_img_d18_x08320_y66560.png,0.2443,239.65,592.64,274.92,635.24
ch2_ohr_ncp_20241115T1326321339_d_img_d18_x08320_y67840.png,0.2676,624.91,347.6,638.05,368.54
ch2_ohr_ncp_20241115T1326321339_d_img_d18_x08320_y68480.png,0.3322,14.27,622.78,22.95,633.11
ch2_ohr_ncp_20241115T1326321339_d_img_d18_x08320_y69120.png,0.444,615.38,593.93,620.12,599.27
ch2_ohr_ncp_20241115T1326321339_d_img_d18_x08320_y69120.png,0.3559,592.16,595.87,600.9,604.55
ch2_ohr_ncp_20241115T1326321339_d_img_d18_x08320_y69120.png,0.2163,607.37,528.3,612.46,533.63
ch2_ohr_ncp_20241115T1326321339_d_img_d18_x08320_y85760.png,0.2852,447.66,320.09,509.38,399.86
ch2_ohr_ncp_20241115T1326321339_d_img_d18_x08320_y92160.png,0.4678,626.55,625.11,631.29,630.28
ch2_ohr_ncp_20241115T1326321339_d_img_d18_x08320_y93440.png,0.2031,631.08,268.0,636.02,274.11
ch2_ohr_ncp_20241115T1326321339_d_img_d18_x08320_y94080.png,0.2209,24.32,618.23,28.72,622.6
ch2_ohr_ncp_20241115T1326321339_d_img_d18_x08320_y94720.png,0.3061,231.07,392.14,282.64,452.29
ch2_ohr_ncp_20241115T1326321339_d_img_d18_x08320_y94720.png,0.2016,226.97,372.86,288.12,454.38
ch2_ohr_ncp_20241115T1326321339_d_img_d18_x08960_y48000.png,0.3936,489.29,626.57,493.66,630.48
ch2_ohr_ncp_20241115T1326321339_d_img_d18_x08960_y48640.png,0.2182,0.0,418.83,37.04,482.06
ch2_ohr_ncp_20241115T1326321339_d_img_d18_x08960_y58240.png,0.2269,490.58,598.91,521.1,634.72
ch2_ohr_ncp_20241115T1326321339_d_img_d18_x08960_y63360.png,0.3278,264.26,370.52,284.18,398.62
ch2_ohr_ncp_20241115T1326321339_d_img_d18_x08960_y71040.png,0.2711,585.46,0.17,619.58,34.92
ch2_ohr_ncp_20241115T1326321339_d_img_d18_x08960_y90240.png,0.2863,310.12,580.72,369.7,633.61
ch2_ohr_ncp_20241115T1326321339_d_img_d18_x08960_y97920.png,0.2184,370.85,239.53,436.12,274.9
ch2_ohr_ncp_20241115T1326321339_d_img_d18_x09600_y46080.png,0.2973,606.11,3.37,638.59,40.67
ch2_ohr_ncp_20241115T1326321339_d_img_d18_x09600_y56960.png,0.2063,626.08,0.18,630.7,4.21
ch2_ohr_ncp_20241115T1326321339_d_img_d18_x09600_y56960.png,0.2059,537.3,96.05,597.97,151.35
ch2_ohr_ncp_20241115T1326321339_d_img_d18_x09600_y61440.png,0.2061,83.68,381.85,108.1,411.84
ch2_ohr_ncp_20241115T1326321339_d_img_d18_x09600_y63360.png,0.213,631.25,308.0,636.11,314.44
ch2_ohr_ncp_20241115T1326321339_d_img_d18_x09600_y65280.png,0.202,471.63,299.99,476.31,306.08
ch2_ohr_ncp_20241115T1326321339_d_img_d18_x09600_y71040.png,0.3203,307.22,109.19,353.14,152.03
ch2_ohr_ncp_20241115T1326321339_d_img_d18_x09600_y72960.png,0.2487,21.57,7.57,26.06,12.55
ch2_ohr_ncp_20241115T1326321339_d_img_d18_x09600_y90240.png,0.2577,621.16,625.23,638.45,639.1
ch2_ohr_ncp_20241115T1326321339_d_img_d18_x10240_y41600.png,0.3136,633.47,4.0,638.12,9.79
ch2_ohr_ncp_20241115T1326321339_d_img_d18_x10240_y48640.png,0.2203,11.36,3.21,15.21,7.4
ch2_ohr_ncp_20241115T1326321339_d_img_d18_x10240_y59520.png,0.225,568.25,77.21,573.24,84.0
ch2_ohr_ncp_20241115T1326321339_d_img_d18_x10240_y63360.png,0.2154,248.9,519.23,287.67,556.95
ch2_ohr_ncp_20241115T1326321339_d_img_d18_x10240_y71680.png,0.2276,35.59,21.39,71.26,61.76
ch2_ohr_ncp_20241115T1326321339_d_img_d18_x10240_y96000.png,0.3546,613.41,85.7,638.63,123.52
ch2_ohr_ncp_20241115T1326321339_d_img_d18_x10880_y42240.png,0.201,0.0,88.58,44.67,147.9
ch2_ohr_ncp_20241115T1326321339_d_img_d18_x10880_y57600.png,0.3131,97.18,608.67,126.81,639.72
ch2_ohr_ncp_20241115T1326321339_d_img_d18_x10880_y60160.png,0.3566,197.11,100.92,245.36,147.3
ch2_ohr_ncp_20241115T1326321339_d_img_d18_x10880_y69760.png,0.2336,379.91,0.0,434.55,41.15
ch2_ohr_ncp_20241115T1326321339_d_img_d18_x11520_y53120.png,0.2229,5.91,339.67,12.01,345.03
ch2_ohr_ncp_20241115T1326321339_d_img_d18_x11520_y58240.png,0.227,50.02,429.27,110.08,503.12
ch2_ohr_ncp_20241115T1326321339_d_img_d18_x11520_y95360.png,0.2098,75.69,397.37,183.84,457.67
ch2_ohr_ncp_20241115T1525004388_d_img_d18_x00000_y87040.png,0.2005,611.5,3.16,615.38,7.1
ch2_ohr_ncp_20241115T1525004388_d_img_d18_x00640_y67840.png,0.2336,200.02,176.5,258.81,250.4
ch2_ohr_ncp_20241115T1525004388_d_img_d18_x00640_y68480.png,0.2241,24.93,623.93,29.55,628.93
ch2_ohr_ncp_20241115T1525004388_d_img_d18_x00640_y73600.png,0.2521,631.35,318.76,636.05,324.0
ch2_ohr_ncp_20241115T1525004388_d_img_d18_x01280_y61440.png,0.2252,0.11,436.0,6.06,447.81
ch2_ohr_ncp_20241115T1525004388_d_img_d18_x01280_y61440.png,0.2113,6.93,439.84,12.91,446.95
ch2_ohr_ncp_20241115T1525004388_d_img_d18_x01280_y65920.png,0.2411,3.59,120.18,22.29,144.16
ch2_ohr_ncp_20241115T1525004388_d_img_d18_x01280_y69120.png,0.2435,188.2,496.75,220.99,530.42
ch2_ohr_ncp_20241115T1525004388_d_img_d18_x01280_y72960.png,0.2043,599.57,275.75,604.02,279.74
ch2_ohr_ncp_20241115T1525004388_d_img_d18_x01920_y59520.png,0.5854,631.47,576.39,638.5,584.49
ch2_ohr_ncp_20241115T1525004388_d_img_d18_x01920_y63360.png,0.3207,12.0,587.96,17.94,593.59
ch2_ohr_ncp_20241115T1525004388_d_img_d18_x01920_y63360.png,0.3183,560.82,11.97,565.21,17.58
ch2_ohr_ncp_20241115T1525004388_d_img_d18_x01920_y63360.png,0.2863,612.0,58.54,617.13,62.58
ch2_ohr_ncp_20241115T1525004388_d_img_d18_x01920_y63360.png,0.2527,600.8,69.57,606.38,76.02
ch2_ohr_ncp_20241115T1525004388_d_img_d18_x01920_y64000.png,0.2323,348.13,337.28,378.95,369.9
ch2_ohr_ncp_20241115T1525004388_d_img_d18_x01920_y64640.png,0.3632,569.27,331.98,573.71,337.43
ch2_ohr_ncp_20241115T1525004388_d_img_d18_x01920_y65280.png,0.3163,594.16,0.0,632.63,40.12
ch2_ohr_ncp_20241115T1525004388_d_img_d18_x01920_y65280.png,0.2242,593.25,0.0,638.35,29.11
ch2_ohr_ncp_20241115T1525004388_d_img_d18_x01920_y68480.png,0.3786,592.33,634.29,597.45,639.36
ch2_ohr_ncp_20241115T1525004388_d_img_d18_x01920_y70400.png,0.214,134.75,144.84,163.57,176.89
ch2_ohr_ncp_20241115T1525004388_d_img_d18_x01920_y87040.png,0.3493,183.89,70.77,248.79,133.56
ch2_ohr_ncp_20241115T1525004388_d_img_d18_x01920_y87040.png,0.24,195.94,71.81,250.14,123.69
ch2_ohr_ncp_20241115T1525004388_d_img_d18_x02560_y62720.png,0.2848,595.78,624.69,602.02,630.79
ch2_ohr_ncp_20241115T1525004388_d_img_d18_x02560_y63360.png,0.2535,279.59,630.75,284.24,636.02
ch2_ohr_ncp_20241115T1525004388_d_img_d18_x02560_y66560.png,0.229,0.0,593.19,40.86,640.0
ch2_ohr_ncp_20241115T1525004388_d_img_d18_x02560_y66560.png,0.214,0.0,581.57,38.73,640.0
ch2_ohr_ncp_20241115T1525004388_d_img_d18_x02560_y69760.png,0.3422,0.0,0.0,39.49,46.54
ch2_ohr_ncp_20241115T1525004388_d_img_d18_x02560_y69760.png,0.2139,0.0,15.45,28.93,41.55
ch2_ohr_ncp_20241115T1525004388_d_img_d18_x02560_y71040.png,0.2984,115.48,23.02,148.96,64.84
ch2_ohr_ncp_20241115T1525004388_d_img_d18_x02560_y71040.png,0.2291,113.53,12.98,152.01,63.56
ch2_ohr_ncp_20241115T1525004388_d_img_d18_x02560_y74880.png,0.2647,9.7,0.0,14.31,4.0
ch2_ohr_ncp_20241115T1525004388_d_img_d18_x02560_y87040.png,0.3035,19.08,427.57,88.69,494.45
ch2_ohr_ncp_20241115T1525004388_d_img_d18_x03200_y58880.png,0.3615,275.52,500.72,328.31,544.37
ch2_ohr_ncp_20241115T1525004388_d_img_d18_x03200_y64000.png,0.2434,634.21,632.18,639.82,638.45
ch2_ohr_ncp_20241115T1525004388_d_img_d18_x03200_y70400.png,0.2347,608.93,616.95,612.63,621.47
ch2_ohr_ncp_20241115T1525004388_d_img_d18_x03200_y71680.png,0.2616,19.98,624.27,24.8,629.39
ch2_ohr_ncp_20241115T1525004388_d_img_d18_x03200_y85760.png,0.2954,387.52,577.83,414.03,607.71
ch2_ohr_ncp_20241115T1525004388_d_img_d18_x03200_y85760.png,0.2379,83.51,601.92,88.23,606.85
ch2_ohr_ncp_20241115T1525004388_d_img_d18_x03200_y87680.png,0.359,0.0,184.6,49.59,250.68
ch2_ohr_ncp_20241115T1525004388_d_img_d18_x03840_y55040.png,0.5022,440.2,102.95,500.68,160.92
ch2_ohr_ncp_20241115T1525004388_d_img_d18_x03840_y55040.png,0.3684,428.72,101.95,502.94,173.02
ch2_ohr_ncp_20241115T1525004388_d_img_d18_x03840_y55040.png,0.2669,452.22,104.66,501.17,155.0
ch2_ohr_ncp_20241115T1525004388_d_img_d18_x03840_y55680.png,0.5017,462.12,85.59,530.85,133.1
ch2_ohr_ncp_20241115T1525004388_d_img_d18_x03840_y63360.png,0.2278,327.14,2.97,332.01,6.73
ch2_ohr_ncp_20241115T1525004388_d_img_d18_x03840_y65920.png,0.2433,52.87,124.22,103.81,165.11
ch2_ohr_ncp_20241115T1525004388_d_img_d18_x03840_y66560.png,0.2521,0.0,491.97,51.86,574.72
ch2_ohr_ncp_20241115T1525004388_d_img_d18_x03840_y73600.png,0.2111,542.66,556.0,548.06,561.91
ch2_ohr_ncp_20241115T1525004388_d_img_d18_x04480_y59520.png,0.2688,592.1,195.99,596.04,201.61
ch2_ohr_ncp_20241115T1525004388_d_img_d18_x04480_y59520.png,0.2585,596.0,209.54,601.03,214.33
ch2_ohr_ncp_20241115T1525004388_d_img_d18_x04480_y66560.png,0.335,456.17,366.01,461.25,372.0
ch2_ohr_ncp_20241115T1525004388_d_img_d18_x04480_y71680.png,0.2067,0.0,546.89,29.34,622.9
ch2_ohr_ncp_20241115T1525004388_d_img_d18_x04480_y72960.png,0.2232,509.33,3.91,516.03,9.57
ch2_ohr_ncp_20241115T1525004388_d_img_d18_x04480_y74240.png,0.3042,623.16,614.88,628.01,620.01
ch2_ohr_ncp_20241115T1525004388_d_img_d18_x04480_y85120.png,0.2127,62.52,4.0,68.03,10.42
ch2_ohr_ncp_20241115T1525004388_d_img_d18_x05120_y51200.png,0.2713,271.31,131.05,333.44,194.15
ch2_ohr_ncp_20241115T1525004388_d_img_d18_x05120_y51840.png,0.2544,229.08,234.03,250.87,275.91
ch2_ohr_ncp_20241115T1525004388_d_img_d18_x05120_y51840.png,0.2205,570.06,0.25,577.16,6.5
ch2_ohr_ncp_20241115T1525004388_d_img_d18_x05120_y55040.png,0.5949,588.12,86.49,636.31,131.36
ch2_ohr_ncp_20241115T1525004388_d_img_d18_x05120_y55040.png,0.2328,609.11,202.82,613.59,207.79
ch2_ohr_ncp_20241115T1525004388_d_img_d18_x05120_y65920.png,0.2669,132.0,457.2,139.68,463.0
ch2_ohr_ncp_20241115T1525004388_d_img_d18_x05120_y72320.png,0.284,373.86,3.1,452.5,66.64
ch2_ohr_ncp_20241115T1525004388_d_img_d18_x05120_y74240.png,0.3735,452.0,9.36,460.26,15.94
ch2_ohr_ncp_20241115T1525004388_d_img_d18_x05120_y74240.png,0.206,454.08,9.35,461.12,16.34
ch2_ohr_ncp_20241115T1525004388_d_img_d18_x05120_y87040.png,0.2478,0.0,58.4,37.51,119.4
ch2_ohr_ncp_20241115T1525004388_d_img_d18_x05120_y87680.png,0.2775,10.58,131.37,14.77,135.92
ch2_ohr_ncp_20241115T1525004388_d_img_d18_x05760_y54400.png,0.2136,238.75,599.95,311.64,639.92
ch2_ohr_ncp_20241115T1525004388_d_img_d18_x05760_y63360.png,0.8026,438.71,372.84,459.76,399.82
ch2_ohr_ncp_20241115T1525004388_d_img_d18_x05760_y63360.png,0.2805,438.49,372.34,467.16,404.85
ch2_ohr_ncp_20241115T1525004388_d_img_d18_x05760_y88960.png,0.2035,0.0,0.0,43.47,48.69
ch2_ohr_ncp_20241115T1525004388_d_img_d18_x06400_y49920.png,0.3277,563.31,224.95,603.3,293.99
ch2_ohr_ncp_20241115T1525004388_d_img_d18_x06400_y57600.png,0.2783,195.06,0.33,243.05,44.84
ch2_ohr_ncp_20241115T1525004388_d_img_d18_x06400_y66560.png,0.2096,0.0,605.35,47.38,640.0
ch2_ohr_ncp_20241115T1525004388_d_img_d18_x06400_y74240.png,0.2104,608.19,37.81,639.71,89.86
ch2_ohr_ncp_20241115T1525004388_d_img_d18_x06400_y92800.png,0.3151,25.63,161.24,91.41,219.57
ch2_ohr_ncp_20241115T1525004388_d_img_d18_x07040_y51200.png,0.2826,226.36,198.67,283.13,259.5
ch2_ohr_ncp_20241115T1525004388_d_img_d18_x07040_y52480.png,0.2096,305.79,599.27,311.37,604.79
ch2_ohr_ncp_20241115T1525004388_d_img_d18_x07040_y53760.png,0.2541,0.0,428.3,29.78,487.25
ch2_ohr_ncp_20241115T1525004388_d_img_d18_x07040_y60800.png,0.8308,133.77,258.57,161.4,283.57
ch2_ohr_ncp_20241115T1525004388_d_img_d18_x07040_y66560.png,0.2188,124.35,595.31,180.46,632.21
ch2_ohr_ncp_20241115T1525004388_d_img_d18_x07040_y69760.png,0.3138,392.38,427.92,441.18,467.98
ch2_ohr_ncp_20241115T1525004388_d_img_d18_x07040_y83840.png,0.3014,25.41,595.45,32.42,602.58
ch2_ohr_ncp_20241115T1525004388_d_img_d18_x07680_y51840.png,0.2003,52.53,567.62,127.67,618.27
ch2_ohr_ncp_20241115T1525004388_d_img_d18_x07680_y53760.png,0.2462,593.3,269.55,640.0,314.87
ch2_ohr_ncp_20241115T1525004388_d_img_d18_x07680_y53760.png,0.2367,590.62,626.79,598.22,634.1
ch2_ohr_ncp_20241115T1525004388_d_img_d18_x07680_y55040.png,0.2482,75.97,9.78,80.69,14.81
ch2_ohr_ncp_20241115T1525004388_d_img_d18_x08320_y55680.png,0.2244,348.34,75.48,440.57,122.04
ch2_ohr_ncp_20241115T1525004388_d_img_d18_x08320_y58880.png,0.7044,233.51,580.64,289.57,628.4
ch2_ohr_ncp_20241115T1525004388_d_img_d18_x08320_y65280.png,0.2372,630.52,36.0,636.01,41.61
ch2_ohr_ncp_20241115T1525004388_d_img_d18_x08960_y55040.png,0.233,206.15,49.15,274.26,121.98
ch2_ohr_ncp_20241115T1525004388_d_img_d18_x08960_y56960.png,0.2095,329.36,554.55,364.79,595.78
ch2_ohr_ncp_20241115T1525004388_d_img_d18_x08960_y65280.png,0.3878,601.33,363.78,607.5,370.44
ch2_ohr_ncp_20241115T1525004388_d_img_d18_x08960_y94080.png,0.237,446.94,0.0,484.09,34.63
ch2_ohr_ncp_20241115T1525004388_d_img_d18_x09600_y48000.png,0.2525,257.27,0.0,327.99,24.3
ch2_ohr_ncp_20241115T1525004388_d_img_d18_x09600_y54400.png,0.2674,318.65,554.73,341.96,585.2
ch2_ohr_ncp_20241115T1525004388_d_img_d18_x09600_y62080.png,0.212,1.31,364.9,31.73,399.98
ch2_ohr_ncp_20241115T1525004388_d_img_d18_x09600_y87040.png,0.2659,627.94,531.28,632.56,536.29
ch2_ohr_ncp_20241115T1525004388_d_img_d18_x09600_y99200.png,0.21,208.39,591.53,243.53,637.08
ch2_ohr_ncp_20241115T1525004388_d_img_d18_x09600_y99840.png,0.2163,576.16,1.74,583.08,9.7
ch2_ohr_ncp_20241115T1525004388_d_img_d18_x10240_y40320.png,0.2044,245.87,471.77,292.9,538.51
ch2_ohr_ncp_20241115T1525004388_d_img_d18_x10240_y44160.png,0.211,0.0,467.85,31.78,535.81
ch2_ohr_ncp_20241115T1525004388_d_img_d18_x10240_y45440.png,0.2638,106.72,582.35,154.31,621.77
ch2_ohr_ncp_20241115T1525004388_d_img_d18_x10240_y56960.png,0.5439,581.22,263.61,607.22,295.27
ch2_ohr_ncp_20241115T1525004388_d_img_d18_x10880_y53120.png,0.4343,446.69,170.4,467.63,195.45
ch2_ohr_ncp_20241115T1525004388_d_img_d18_x10880_y55680.png,0.2226,287.67,404.16,310.38,440.23
ch2_ohr_ncp_20241115T1525004388_d_img_d18_x10880_y96000.png,0.2703,37.64,598.4,89.7,638.02
ch2_ohr_ncp_20241115T1525004388_d_img_d18_x10880_y96000.png,0.2325,24.3,595.4,92.26,640.0
ch2_ohr_ncp_20241115T1525004388_d_img_d18_x11520_y60160.png,0.3255,8.14,1.59,14.25,8.13
ch2_ohr_ncp_20241115T1525004388_d_img_d18_x11520_y66560.png,0.2385,39.64,3.21,44.81,8.61
ch2_ohr_ncp_20241115T1525004388_d_img_d18_x11520_y70400.png,0.4125,418.4,478.39,467.26,523.29
ch2_ohr_ncp_20250123T0750012833_d_img_d18_x00000_y52480.png,0.302,0.0,294.74,85.38,358.82
ch2_ohr_ncp_20250123T0750012833_d_img_d18_x00000_y64640.png,0.2089,632.86,603.99,637.25,608.88
ch2_ohr_ncp_20250123T0750012833_d_img_d18_x00000_y70400.png,0.2692,38.15,176.26,47.59,184.16
ch2_ohr_ncp_20250123T0750012833_d_img_d18_x00640_y01280.png,0.2163,182.62,0.0,263.05,40.03
ch2_ohr_ncp_20250123T0750012833_d_img_d18_x00640_y01920.png,0.2108,213.23,0.0,292.73,32.44
ch2_ohr_ncp_20250123T0750012833_d_img_d18_x00640_y44800.png,0.2658,152.28,289.52,239.69,358.9
ch2_ohr_ncp_20250123T0750012833_d_img_d18_x00640_y57600.png,0.3914,121.23,174.51,155.96,213.58
ch2_ohr_ncp_20250123T0750012833_d_img_d18_x00640_y70400.png,0.2213,0.0,312.33,66.64,379.72
ch2_ohr_ncp_20250123T0750012833_d_img_d18_x00640_y72320.png,0.202,358.44,73.72,466.09,141.52
ch2_ohr_ncp_20250123T0750012833_d_img_d18_x00640_y73600.png,0.2426,439.97,85.32,512.67,149.56
ch2_ohr_ncp_20250123T0750012833_d_img_d18_x00640_y73600.png,0.2307,449.2,85.86,512.4,136.57
ch2_ohr_ncp_20250123T0750012833_d_img_d18_x00640_y74240.png,0.2979,285.98,0.0,380.27,38.83
ch2_ohr_ncp_20250123T0750012833_d_img_d18_x00640_y74880.png,0.3501,499.57,547.04,535.84,585.27
ch2_ohr_ncp_20250123T0750012833_d_img_d18_x01280_y00640.png,0.2998,0.0,0.0,39.12,54.04
ch2_ohr_ncp_20250123T0750012833_d_img_d18_x01280_y49920.png,0.2287,414.66,0.0,425.61,13.69
ch2_ohr_ncp_20250123T0750012833_d_img_d18_x01280_y56960.png,0.3103,112.44,120.7,186.01,189.96
ch2_ohr_ncp_20250123T0750012833_d_img_d18_x01280_y60800.png,0.2897,633.38,130.45,639.94,138.68
ch2_ohr_ncp_20250123T0750012833_d_img_d18_x01280_y69120.png,0.2979,622.72,443.1,629.16,452.02
ch2_ohr_ncp_20250123T0750012833_d_img_d18_x01280_y69120.png,0.2561,614.93,443.59,621.55,452.02
ch2_ohr_ncp_20250123T0750012833_d_img_d18_x01920_y02560.png,0.2049,0.0,173.8,36.37,251.51
ch2_ohr_ncp_20250123T0750012833_d_img_d18_x01920_y45440.png,0.3198,447.8,319.48,476.23,356.83
ch2_ohr_ncp_20250123T0750012833_d_img_d18_x01920_y58240.png,0.2174,510.59,330.15,596.75,415.0
ch2_ohr_ncp_20250123T0750012833_d_img_d18_x01920_y60160.png,0.2334,292.72,0.0,363.12,31.06
ch2_ohr_ncp_20250123T0750012833_d_img_d18_x01920_y69120.png,0.27,0.0,261.07,41.41,335.6
ch2_ohr_ncp_20250123T0750012833_d_img_d18_x02560_y40960.png,0.2675,0.0,549.34,39.99,616.7
ch2_ohr_ncp_20250123T0750012833_d_img_d18_x02560_y40960.png,0.2004,0.0,545.76,33.48,599.78
ch2_ohr_ncp_20250123T0750012833_d_img_d18_x02560_y43520.png,0.2464,83.88,361.25,170.02,434.47
ch2_ohr_ncp_20250123T0750012833_d_img_d18_x02560_y45440.png,0.238,557.15,529.98,637.54,605.38
ch2_ohr_ncp_20250123T0750012833_d_img_d18_x02560_y46080.png,0.2073,0.0,592.63,71.67,640.0
ch2_ohr_ncp_20250123T0750012833_d_img_d18_x02560_y56960.png,0.2132,272.68,557.85,374.97,628.44
ch2_ohr_ncp_20250123T0750012833_d_img_d18_x02560_y67840.png,0.2479,189.09,270.06,256.8,349.02
ch2_ohr_ncp_20250123T0750012833_d_img_d18_x02560_y75520.png,0.2545,0.0,271.38,69.1,346.18
ch2_ohr_ncp_20250123T0750012833_d_img_d18_x03200_y44800.png,0.2634,400.11,21.05,474.32,86.46
ch2_ohr_ncp_20250123T0750012833_d_img_d18_x03200_y45440.png,0.2013,306.98,588.75,405.8,640.0
ch2_ohr_ncp_20250123T0750012833_d_img_d18_x03200_y46080.png,0.2133,0.0,424.19,39.44,495.54
ch2_ohr_ncp_20250123T0750012833_d_img_d18_x03200_y47360.png,0.2102,523.02,126.82,579.42,181.57
ch2_ohr_ncp_20250123T0750012833_d_img_d18_x03200_y50560.png,0.2196,6.91,177.57,103.83,266.03
ch2_ohr_ncp_20250123T0750012833_d_img_d18_x03200_y53120.png,0.2052,101.71,395.18,170.05,470.28
ch2_ohr_ncp_20250123T0750012833_d_img_d18_x03200_y58240.png,0.2145,0.0,322.7,53.41,389.65
ch2_ohr_ncp_20250123T0750012833_d_img_d18_x03200_y67200.png,0.2535,0.0,541.12,38.45,589.97
ch2_ohr_ncp_20250123T0750012833_d_img_d18_x03840_y40960.png,0.2152,0.0,512.27,47.81,580.21
ch2_ohr_ncp_20250123T0750012833_d_img_d18_x03840_y46720.png,0.2188,291.05,221.77,388.02,293.09
ch2_ohr_ncp_20250123T0750012833_d_img_d18_x03840_y47360.png,0.2006,0.0,494.57,32.22,583.93
ch2_ohr_ncp_20250123T0750012833_d_img_d18_x03840_y49280.png,0.3249,515.68,117.52,568.15,161.17
ch2_ohr_ncp_20250123T0750012833_d_img_d18_x03840_y53760.png,0.2297,77.08,158.34,169.47,230.41
ch2_ohr_ncp_20250123T0750012833_d_img_d18_x03840_y56960.png,0.2015,0.0,406.28,46.64,480.14
ch2_ohr_ncp_20250123T0750012833_d_img_d18_x03840_y67840.png,0.2115,550.04,179.73,636.39,251.48
ch2_ohr_ncp_20250123T0750012833_d_img_d18_x03840_y67840.png,0.2043,0.0,229.73,47.99,300.47
ch2_ohr_ncp_20250123T0750012833_d_img_d18_x03840_y70400.png,0.2212,0.0,594.81,6.14,601.56
ch2_ohr_ncp_20250123T0750012833_d_img_d18_x04480_y02560.png,0.2127,115.35,590.01,229.39,640.0
ch2_ohr_ncp_20250123T0750012833_d_img_d18_x04480_y03840.png,0.2121,497.51,356.49,590.88,428.47
ch2_ohr_ncp_20250123T0750012833_d_img_d18_x04480_y05120.png,0.2404,352.93,530.28,447.42,610.05
ch2_ohr_ncp_20250123T0750012833_d_img_d18_x04480_y40960.png,0.2428,280.78,3.96,285.57,9.0
ch2_ohr_ncp_20250123T0750012833_d_img_d18_x04480_y42880.png,0.2143,94.0,0.0,184.51,32.53
ch2_ohr_ncp_20250123T0750012833_d_img_d18_x04480_y46720.png,0.2337,535.88,0.0,619.14,33.94
ch2_ohr_ncp_20250123T0750012833_d_img_d18_x04480_y53760.png,0.2328,222.09,229.95,314.36,296.62
ch2_ohr_ncp_20250123T0750012833_d_img_d18_x04480_y67200.png,0.2482,523.72,0.0,608.83,29.12
ch2_ohr_ncp_20250123T0750012833_d_img_d18_x04480_y71680.png,0.2006,0.0,418.19,52.69,498.28
ch2_ohr_ncp_20250123T0750012833_d_img_d18_x04480_y72960.png,0.223,22.32,0.0,119.52,54.37
ch2_ohr_ncp_20250123T0750012833_d_img_d18_x04480_y74880.png,0.2068,243.02,468.52,325.98,533.41
ch2_ohr_ncp_20250123T0750012833_d_img_d18_x05120_y00640.png,0.2286,215.38,253.57,301.91,330.08
ch2_ohr_ncp_20250123T0750012833_d_img_d18_x05120_y03840.png,0.2095,134.39,0.0,202.67,27.51
ch2_ohr_ncp_20250123T0750012833_d_img_d18_x05120_y05760.png,0.2436,93.39,552.25,178.74,630.44
ch2_ohr_ncp_20250123T0750012833_d_img_d18_x05120_y10240.png,0.2263,373.6,278.74,449.05,344.48
ch2_ohr_ncp_20250123T0750012833_d_img_d18_x05120_y46080.png,0.2135,0.0,19.45,43.14,91.33
ch2_ohr_ncp_20250123T0750012833_d_img_d18_x05120_y46080.png,0.2045,0.0,14.92,34.14,85.7
ch2_ohr_ncp_20250123T0750012833_d_img_d18_x05120_y47360.png,0.2102,2.47,531.23,78.44,601.3
ch2_ohr_ncp_20250123T0750012833_d_img_d18_x05120_y75520.png,0.2144,439.33,0.0,505.61,24.37
ch2_ohr_ncp_20250123T0750012833_d_img_d18_x05760_y01280.png,0.2837,383.37,284.36,471.44,361.16
ch2_ohr_ncp_20250123T0750012833_d_img_d18_x05760_y03840.png,0.2423,303.07,17.24,373.21,87.49
ch2_ohr_ncp_20250123T0750012833_d_img_d18_x05760_y07040.png,0.2196,161.13,0.03,243.02,25.33
ch2_ohr_ncp_20250123T0750012833_d_img_d18_x05760_y11520.png,0.2564,110.03,499.82,181.09,564.4
ch2_ohr_ncp_20250123T0750012833_d_img_d18_x05760_y11520.png,0.2189,104.29,484.37,183.9,552.02
ch2_ohr_ncp_20250123T0750012833_d_img_d18_x05760_y48000.png,0.2519,28.69,546.52,115.75,615.07
ch2_ohr_ncp_20250123T0750012833_d_img_d18_x05760_y53120.png,0.2147,8.2,605.69,13.11,612.0
ch2_ohr_ncp_20250123T0750012833_d_img_d18_x05760_y56320.png,0.2009,203.09,326.79,282.08,391.44
ch2_ohr_ncp_20250123T0750012833_d_img_d18_x05760_y58240.png,0.2651,1.36,595.41,42.39,627.92
ch2_ohr_ncp_20250123T0750012833_d_img_d18_x05760_y63360.png,0.3884,623.68,250.51,639.55,276.93
ch2_ohr_ncp_20250123T0750012833_d_img_d18_x05760_y69120.png,0.2099,0.0,486.36,29.99,545.84
ch2_ohr_ncp_20250123T0750012833_d_img_d18_x06400_y06400.png,0.2084,550.29,360.71,640.0,436.92
ch2_ohr_ncp_20250123T0750012833_d_img_d18_x06400_y10240.png,0.2383,230.02,550.9,291.38,607.36
ch2_ohr_ncp_20250123T0750012833_d_img_d18_x06400_y11520.png,0.2016,473.15,382.21,544.66,435.16
ch2_ohr_ncp_20250123T0750012833_d_img_d18_x06400_y14080.png,0.2086,344.1,108.42,421.19,183.31
ch2_ohr_ncp_20250123T0750012833_d_img_d18_x06400_y16640.png,0.2438,569.06,369.92,574.5,374.85
ch2_ohr_ncp_20250123T0750012833_d_img_d18_x06400_y16640.png,0.2274,596.79,516.62,603.73,522.89
ch2_ohr_ncp_20250123T0750012833_d_img_d18_x06400_y49920.png,0.6231,452.76,576.36,460.01,583.51
ch2_ohr_ncp_20250123T0750012833_d_img_d18_x06400_y49920.png,0.4916,451.96,576.92,458.34,583.34
ch2_ohr_ncp_20250123T0750012833_d_img_d18_x06400_y60160.png,0.2947,631.12,32.11,640.0,44.91
ch2_ohr_ncp_20250123T0750012833_d_img_d18_x06400_y67840.png,0.2517,167.51,369.06,267.27,437.43
ch2_ohr_ncp_20250123T0750012833_d_img_d18_x06400_y74240.png,0.2479,531.32,77.14,593.76,132.97
ch2_ohr_ncp_20250123T0750012833_d_img_d18_x06400_y74880.png,0.2154,70.3,445.29,120.86,498.35
ch2_ohr_ncp_20250123T0750012833_d_img_d18_x07040_y07040.png,0.3897,397.12,10.45,449.89,55.77
ch2_ohr_ncp_20250123T0750012833_d_img_d18_x07040_y10240.png,0.2197,513.89,0.0,625.89,56.41
ch2_ohr_ncp_20250123T0750012833_d_img_d18_x07040_y41600.png,0.2026,95.73,634.87,100.78,638.97
ch2_ohr_ncp_20250123T0750012833_d_img_d18_x07040_y49920.png,0.3155,0.02,601.61,6.06,608.69
ch2_ohr_ncp_20250123T0750012833_d_img_d18_x07040_y63360.png,0.2308,224.74,308.67,307.27,373.82
ch2_ohr_ncp_20250123T0750012833_d_img_d18_x07040_y67200.png,0.386,633.61,331.98,639.18,338.34
ch2_ohr_ncp_20250123T0750012833_d_img_d18_x07680_y01920.png,0.216,400.4,15.48,489.54,86.14
ch2_ohr_ncp_20250123T0750012833_d_img_d18_x07680_y09600.png,0.222,422.77,58.91,523.84,120.98
ch2_ohr_ncp_20250123T0750012833_d_img_d18_x07680_y10240.png,0.2143,372.36,0.0,455.8,34.92
ch2_ohr_ncp_20250123T0750012833_d_img_d18_x07680_y10240.png,0.208,377.85,0.0,449.86,32.29
ch2_ohr_ncp_20250123T0750012833_d_img_d18_x07680_y15360.png,0.6294,0.0,25.14,30.45,59.46
ch2_ohr_ncp_20250123T0750012833_d_img_d18_x07680_y44800.png,0.321,51.73,406.24,97.37,440.63
ch2_ohr_ncp_20250123T0750012833_d_img_d18_x07680_y67200.png,0.7193,619.34,402.18,638.93,427.15
ch2_ohr_ncp_20250123T0750012833_d_img_d18_x07680_y67840.png,0.2468,344.43,585.44,457.29,640.0
ch2_ohr_ncp_20250123T0750012833_d_img_d18_x08320_y09600.png,0.2018,0.0,81.75,43.11,145.58
ch2_ohr_ncp_20250123T0750012833_d_img_d18_x08320_y10880.png,0.2362,283.11,356.59,357.04,417.31
ch2_ohr_ncp_20250123T0750012833_d_img_d18_x08320_y12800.png,0.2461,342.74,406.93,397.53,448.43
ch2_ohr_ncp_20250123T0750012833_d_img_d18_x08320_y46080.png,0.4462,115.02,71.05,153.71,107.44
ch2_ohr_ncp_20250123T0750012833_d_img_d18_x08320_y46080.png,0.2131,261.49,307.41,333.56,365.39
ch2_ohr_ncp_20250123T0750012833_d_img_d18_x08320_y48000.png,0.2223,0.0,215.92,43.81,284.08
ch2_ohr_ncp_20250123T0750012833_d_img_d18_x08320_y54400.png,0.2393,30.25,616.85,39.02,628.04
ch2_ohr_ncp_20250123T0750012833_d_img_d18_x08320_y74880.png,0.3303,614.07,0.75,639.1,16.98
ch2_ohr_ncp_20250123T0750012833_d_img_d18_x08960_y13440.png,0.2259,482.75,591.87,586.43,640.0
ch2_ohr_ncp_20250123T0750012833_d_img_d18_x08960_y13440.png,0.2225,278.76,386.43,365.26,453.26
ch2_ohr_ncp_20250123T0750012833_d_img_d18_x08960_y13440.png,0.2081,346.27,589.65,414.89,640.0
ch2_ohr_ncp_20250123T0750012833_d_img_d18_x08960_y58240.png,0.2847,321.38,592.24,355.03,628.87
ch2_ohr_ncp_20250123T0750012833_d_img_d18_x08960_y71680.png,0.2024,437.31,35.61,513.5,100.56
ch2_ohr_ncp_20250123T0750012833_d_img_d18_x08960_y72320.png,0.3291,0.04,91.83,27.81,138.77
ch2_ohr_ncp_20250123T0750012833_d_img_d18_x08960_y76160.png,0.2892,548.02,3.34,556.78,9.03
ch2_ohr_ncp_20250123T0750012833_d_img_d18_x09600_y07040.png,0.2819,93.06,627.91,100.94,635.49
ch2_ohr_ncp_20250123T0750012833_d_img_d18_x09600_y13440.png,0.3478,236.0,142.18,333.82,218.56
ch2_ohr_ncp_20250123T0750012833_d_img_d18_x09600_y13440.png,0.2145,88.59,0.0,203.16,34.08
ch2_ohr_ncp_20250123T0750012833_d_img_d18_x09600_y14080.png,0.2343,0.0,486.09,48.9,552.28
ch2_ohr_ncp_20250123T0750012833_d_img_d18_x09600_y14080.png,0.225,472.9,276.56,547.99,333.97
ch2_ohr_ncp_20250123T0750012833_d_img_d18_x09600_y14080.png,0.2025,0.0,485.9,41.06,542.19
ch2_ohr_ncp_20250123T0750012833_d_img_d18_x09600_y50560.png,0.2316,483.84,87.87,546.14,151.79
ch2_ohr_ncp_20250123T0750012833_d_img_d18_x09600_y51840.png,0.2198,196.68,246.62,273.92,314.54
ch2_ohr_ncp_20250123T0750012833_d_img_d18_x09600_y53120.png,0.2549,562.71,89.88,568.67,96.77
ch2_ohr_ncp_20250123T0750012833_d_img_d18_x09600_y54400.png,0.2001,10.5,42.66,104.4,110.12
ch2_ohr_ncp_20250123T0750012833_d_img_d18_x09600_y56320.png,0.2441,64.28,91.35,143.55,159.19
ch2_ohr_ncp_20250123T0750012833_d_img_d18_x09600_y65280.png,0.2003,0.0,45.07,39.55,106.44
ch2_ohr_ncp_20250123T0750012833_d_img_d18_x09600_y70400.png,0.2253,0.04,34.59,28.74,83.36
ch2_ohr_ncp_20250123T0750012833_d_img_d18_x09600_y72320.png,0.23,323.63,413.2,423.4,481.29
ch2_ohr_ncp_20250123T0750012833_d_img_d18_x09600_y74240.png,0.2066,0.0,159.94,37.73,232.28
ch2_ohr_ncp_20250123T0750012833_d_img_d18_x10240_y08320.png,0.2027,0.0,364.28,47.87,428.38
ch2_ohr_ncp_20250123T0750012833_d_img_d18_x10240_y09600.png,0.2052,0.0,69.82,42.02,136.02
ch2_ohr_ncp_20250123T0750012833_d_img_d18_x10240_y10240.png,0.2013,360.77,2.6,365.67,6.78
ch2_ohr_ncp_20250123T0750012833_d_img_d18_x10240_y14720.png,0.2111,0.0,230.52,39.08,298.45
ch2_ohr_ncp_20250123T0750012833_d_img_d18_x10240_y15360.png,0.2249,76.26,0.0,159.75,28.96
ch2_ohr_ncp_20250123T0750012833_d_img_d18_x10240_y17920.png,0.2945,602.0,572.0,606.68,578.0
ch2_ohr_ncp_20250123T0750012833_d_img_d18_x10240_y17920.png,0.2519,128.51,148.23,195.31,215.1
ch2_ohr_ncp_20250123T0750012833_d_img_d18_x10240_y72960.png,0.2339,341.1,0.0,415.67,24.76
ch2_ohr_ncp_20250123T0750012833_d_img_d18_x10880_y08320.png,0.2661,419.24,611.3,425.37,617.93
ch2_ohr_ncp_20250123T0750012833_d_img_d18_x10880_y09600.png,0.3269,479.47,611.98,493.45,625.77
ch2_ohr_ncp_20250123T0750012833_d_img_d18_x10880_y09600.png,0.2821,481.72,602.94,491.55,610.24
ch2_ohr_ncp_20250123T0750012833_d_img_d18_x10880_y18560.png,0.2395,0.0,412.64,37.04,468.17
ch2_ohr_ncp_20250123T0750012833_d_img_d18_x10880_y18560.png,0.2388,0.0,432.22,35.27,503.63
ch2_ohr_ncp_20250123T0750012833_d_img_d18_x10880_y60800.png,0.2023,314.85,0.0,377.62,29.08
ch2_ohr_ncp_20250123T0750012833_d_img_d18_x10880_y64000.png,0.3338,0.0,555.38,65.86,610.64
ch2_ohr_ncp_20250123T0750012833_d_img_d18_x10880_y64000.png,0.2575,15.31,567.87,64.33,607.86
ch2_ohr_ncp_20250123T0750012833_d_img_d18_x11520_y50560.png,0.207,2.99,433.66,53.22,480.65
ch2_ohr_ncp_20250123T0750012833_d_img_d18_x11520_y61440.png,0.2873,19.2,263.79,23.69,268.39
ch2_ohr_ncp_20250123T0750012833_d_img_d18_x11520_y62080.png,0.2938,251.15,629.64,259.76,637.25
ch2_ohr_ncp_20250123T0750012833_d_img_d18_x11520_y62720.png,0.2073,4.55,535.59,12.01,542.51
ch2_ohr_ncp_20250123T0750012833_d_img_d18_x11520_y62720.png,0.2006,32.73,510.2,38.69,516.09
ch2_ohr_ncp_20250123T0750012833_d_img_d18_x11520_y69120.png,0.4167,91.86,555.76,98.08,562.32
ch2_ohr_ncp_20250123T0750012833_d_img_d18_x11520_y69120.png,0.2282,187.95,511.67,197.76,521.81
ch2_ohr_ncp_20250123T0750012833_d_img_d18_x11520_y71680.png,0.2549,464.11,0.93,486.82,17.32
ch2_ohr_ncp_20250227T1046517020_d_img_d18_x01920_y50560.png,0.2688,560.98,596.94,640.0,640.0
ch2_ohr_ncp_20250227T1046517020_d_img_d18_x09600_y51200.png,0.2239,634.4,14.38,638.29,20.01
ch2_ohr_ncp_20250227T1046517020_d_img_d18_x09600_y51840.png,0.3483,591.53,598.85,597.43,613.81
ch2_ohr_ncp_20250227T1046517020_d_img_d18_x10240_y51840.png,0.5361,47.49,614.24,52.75,620.0
ch2_ohr_ncp_20250227T1046517020_d_img_d18_x10240_y51840.png,0.3064,79.5,630.85,86.47,638.63
ch2_ohr_ncp_20250227T1046517020_d_img_d18_x10240_y51840.png,0.2815,59.41,599.11,65.86,605.07
ch2_ohr_ncp_20250227T1046517020_d_img_d18_x10240_y51840.png,0.2215,26.38,558.01,31.67,564.0
ch2_ohr_ncp_20250227T1046517020_d_img_d18_x10240_y51840.png,0.2014,18.26,570.84,22.7,575.58
ch2_ohr_ncp_20250227T1046517020_d_img_d18_x10240_y52480.png,0.3172,623.8,411.47,628.79,417.81
ch2_ohr_ncp_20250227T1046517020_d_img_d18_x11520_y78720.png,0.3701,49.88,635.96,57.57,640.0
ch2_ohr_ncp_20250227T1046517020_d_img_d18_x11520_y78720.png,0.3636,39.88,118.49,45.62,125.23
ch2_ohr_ncp_20250227T1046517020_d_img_d18_x11520_y78720.png,0.3317,46.59,339.91,54.08,346.85
ch2_ohr_ncp_20250227T1046517020_d_img_d18_x11520_y78720.png,0.2789,58.42,595.03,64.88,600.92
ch2_ohr_ncp_20250227T1046517020_d_img_d18_x11520_y78720.png,0.2348,39.81,43.31,44.02,48.4
ch2_ohr_ncp_20250227T1046517020_d_img_d18_x11520_y78720.png,0.2275,111.92,153.12,116.67,158.26
ch2_ohr_ncp_20250227T1046517020_d_img_d18_x11520_y78720.png,0.2234,35.74,31.32,41.67,36.24
ch2_ohr_ncp_20250227T1046517020_d_img_d18_x11520_y78720.png,0.2216,46.87,341.46,53.43,348.01
ch2_ohr_ncp_20250303T0915317317_d_img_d18_x00000_y76160.png,0.43,617.49,395.99,622.72,400.68
ch2_ohr_ncp_20250303T0915317317_d_img_d18_x00000_y76160.png,0.3777,554.43,427.93,560.81,434.15
ch2_ohr_ncp_20250303T0915317317_d_img_d18_x00000_y76160.png,0.2803,612.69,384.03,620.01,391.26
ch2_ohr_ncp_20250303T0915317317_d_img_d18_x00000_y76160.png,0.2447,611.94,384.46,618.73,391.81
ch2_ohr_ncp_20250303T0915317317_d_img_d18_x00000_y76160.png,0.229,635.76,282.3,639.9,288.49
ch2_ohr_ncp_20250303T0915317317_d_img_d18_x00000_y78080.png,0.2569,9.24,180.35,85.47,254.27
ch2_ohr_ncp_20250303T0915317317_d_img_d18_x00640_y47360.png,0.247,552.76,0.0,640.0,55.04
ch2_ohr_ncp_20250303T0915317317_d_img_d18_x01280_y49920.png,0.2745,353.78,633.72,360.15,639.36
ch2_ohr_ncp_20250303T0915317317_d_img_d18_x01920_y39680.png,0.2527,633.73,97.51,639.23,103.7
ch2_ohr_ncp_20250303T0915317317_d_img_d18_x02560_y36480.png,0.2107,550.68,195.28,556.41,201.1
ch2_ohr_ncp_20250303T0915317317_d_img_d18_x03200_y48640.png,0.2015,399.21,10.46,462.81,82.74
ch2_ohr_ncp_20250303T0915317317_d_img_d18_x03200_y74880.png,0.2023,20.84,326.71,27.23,333.17
ch2_ohr_ncp_20250303T0915317317_d_img_d18_x03840_y76800.png,0.2167,363.15,101.06,436.59,152.29
ch2_ohr_ncp_20250303T0915317317_d_img_d18_x05120_y74880.png,0.2185,28.22,0.0,105.78,18.72
ch2_ohr_ncp_20250303T0915317317_d_img_d18_x07040_y78080.png,0.2242,526.55,548.17,614.63,635.48
ch2_ohr_ncp_20250303T0915317317_d_img_d18_x07040_y78080.png,0.2111,344.15,41.31,417.65,110.08
ch2_ohr_ncp_20250303T0915317317_d_img_d18_x07680_y81920.png,0.2974,387.94,38.83,394.33,44.1
ch2_ohr_ncp_20250303T0915317317_d_img_d18_x07680_y81920.png,0.2255,389.31,38.77,396.01,44.14
ch2_ohr_ncp_20250303T0915317317_d_img_d18_x08960_y76800.png,0.2034,413.79,156.79,459.79,195.25
ch2_ohr_ncp_20250303T0915317317_d_img_d18_x08960_y82560.png,0.2149,230.48,4.9,236.37,10.25
ch2_ohr_ncp_20250303T0915317317_d_img_d18_x09600_y76800.png,0.5365,602.28,451.99,608.37,458.66
ch2_ohr_ncp_20250303T0915317317_d_img_d18_x09600_y76800.png,0.2373,609.16,581.86,616.06,586.8
ch2_ohr_ncp_20250303T0915317317_d_img_d18_x09600_y79360.png,0.2249,546.38,0.0,631.82,48.79
ch2_ohr_ncp_20250303T0915317317_d_img_d18_x09600_y82560.png,0.3557,615.43,16.41,625.26,24.65
ch2_ohr_ncp_20250303T0915317317_d_img_d18_x09600_y82560.png,0.2606,116.16,0.0,133.41,9.03
ch2_ohr_ncp_20250303T0915317317_d_img_d18_x09600_y82560.png,0.2121,0.04,25.96,9.29,36.44
ch2_ohr_ncp_20250303T0915317317_d_img_d18_x10240_y77440.png,0.2175,597.95,363.83,604.04,369.77
ch2_ohr_ncp_20250303T0915317317_d_img_d18_x10240_y77440.png,0.2043,445.97,0.0,521.01,23.61
ch2_ohr_ncp_20250303T0915317317_d_img_d18_x10240_y78080.png,0.2605,632.19,596.0,636.6,602.04
ch2_ohr_ncp_20250303T0915317317_d_img_d18_x10240_y82560.png,0.3315,10.58,16.5,16.39,21.36
ch2_ohr_ncp_20250303T0915317317_d_img_d18_x10880_y77440.png,0.4891,151.04,360.79,160.64,368.99
ch2_ohr_ncp_20250303T0915317317_d_img_d18_x10880_y77440.png,0.4393,36.72,498.14,45.14,505.95
ch2_ohr_ncp_20250303T0915317317_d_img_d18_x10880_y77440.png,0.3938,88.21,583.23,94.19,588.12
ch2_ohr_ncp_20250303T0915317317_d_img_d18_x10880_y77440.png,0.3565,88.32,597.55,94.35,604.0
ch2_ohr_ncp_20250303T0915317317_d_img_d18_x10880_y77440.png,0.3104,87.94,597.3,93.68,602.66
ch2_ohr_ncp_20250303T0915317317_d_img_d18_x10880_y77440.png,0.2712,35.71,583.24,40.45,587.77
ch2_ohr_ncp_20250303T0915317317_d_img_d18_x10880_y77440.png,0.2345,88.16,596.0,94.29,603.0
ch2_ohr_ncp_20250303T0915317317_d_img_d18_x10880_y77440.png,0.2344,18.88,599.06,24.72,605.78
ch2_ohr_ncp_20250303T0915317317_d_img_d18_x10880_y83200.png,0.5007,427.82,152.91,434.11,167.08
ch2_ohr_ncp_20250303T0915317317_d_img_d18_x11520_y78080.png,0.5078,3.04,452.38,10.54,458.41
ch2_ohr_ncp_20250303T0915317317_d_img_d18_x11520_y78080.png,0.3341,51.8,404.42,60.99,413.26
ch2_ohr_ncp_20250303T0915317317_d_img_d18_x11520_y78080.png,0.3079,8.54,387.25,15.69,394.27
ch2_ohr_ncp_20250303T0915317317_d_img_d18_x11520_y78080.png,0.307,35.94,305.79,41.3,310.99
ch2_ohr_ncp_20250303T0915317317_d_img_d18_x11520_y78080.png,0.2737,165.81,507.5,172.77,514.03
ch2_ohr_ncp_20250303T0915317317_d_img_d18_x11520_y78080.png,0.2637,69.98,555.36,76.03,560.81
ch2_ohr_ncp_20250303T0915317317_d_img_d18_x11520_y78080.png,0.2425,39.47,241.15,45.5,247.88
ch2_ohr_ncp_20250303T0915317317_d_img_d18_x11520_y78080.png,0.2371,60.61,598.26,74.89,610.65
ch2_ohr_ncp_20250303T0915317317_d_img_d18_x11520_y78080.png,0.2121,11.42,573.97,15.88,580.0
ch2_ohr_ncp_20250303T0915317317_d_img_d18_x11520_y79360.png,0.395,103.34,446.92,108.69,452.05
ch2_ohr_ncp_20250303T0915317317_d_img_d18_x11520_y80000.png,0.4632,72.01,432.66,77.44,438.02
ch2_ohr_ncp_20250303T0915317317_d_img_d18_x11520_y80000.png,0.4618,148.22,311.85,156.77,318.67
ch2_ohr_ncp_20250303T0915317317_d_img_d18_x11520_y80000.png,0.4615,65.14,331.05,72.12,337.55
ch2_ohr_ncp_20250303T0915317317_d_img_d18_x11520_y80000.png,0.384,206.81,635.19,212.5,639.64
ch2_ohr_ncp_20250303T0915317317_d_img_d18_x11520_y80000.png,0.362,116.87,435.53,121.81,440.19
ch2_ohr_ncp_20250303T0915317317_d_img_d18_x11520_y80000.png,0.2157,23.48,219.48,29.76,226.13
ch2_ohr_ncp_20250303T0915317317_d_img_d18_x11520_y80640.png,0.3674,19.61,377.18,30.38,386.99
ch2_ohr_ncp_20250303T0915317317_d_img_d18_x11520_y80640.png,0.3045,97.64,419.09,105.4,426.5
ch2_ohr_ncp_20250303T0915317317_d_img_d18_x11520_y80640.png,0.2243,54.46,256.22,60.0,261.04
ch2_ohr_ncp_20250303T0915317317_d_img_d18_x11520_y80640.png,0.2102,45.88,527.79,52.64,534.39
ch2_ohr_ncp_20250303T0915317317_d_img_d18_x11520_y80640.png,0.2091,4.15,0.15,47.88,18.41
ch2_ohr_ncp_20250303T0915317317_d_img_d18_x11520_y81280.png,0.5438,38.5,125.7,44.32,132.05
ch2_ohr_ncp_20250303T0915317317_d_img_d18_x11520_y81280.png,0.3128,27.99,11.7,34.61,18.54
ch2_ohr_ncp_20250303T0915317317_d_img_d18_x11520_y81280.png,0.2142,299.98,39.33,307.68,48.53
ch2_ohr_ncp_20250303T0915317317_d_img_d18_x11520_y81280.png,0.212,5.65,422.39,12.69,429.14
ch2_ohr_ncp_20250303T0915317317_d_img_d18_x11520_y81920.png,0.619,208.35,283.38,216.27,290.21
ch2_ohr_ncp_20250303T0915317317_d_img_d18_x11520_y81920.png,0.5877,237.61,3.03,244.18,9.04
ch2_ohr_ncp_20250303T0915317317_d_img_d18_x11520_y81920.png,0.5521,406.78,331.47,416.39,341.19
ch2_ohr_ncp_20250303T0915317317_d_img_d18_x11520_y81920.png,0.5341,234.14,284.04,244.51,292.72
ch2_ohr_ncp_20250303T0915317317_d_img_d18_x11520_y81920.png,0.5219,238.43,334.51,246.34,342.78
ch2_ohr_ncp_20250303T0915317317_d_img_d18_x11520_y81920.png,0.3822,27.89,0.06,35.04,4.15
ch2_ohr_ncp_20250303T0915317317_d_img_d18_x11520_y81920.png,0.3786,241.23,18.41,245.94,22.42
ch2_ohr_ncp_20250303T0915317317_d_img_d18_x11520_y81920.png,0.3719,80.79,87.98,90.44,97.44
ch2_ohr_ncp_20250303T0915317317_d_img_d18_x11520_y81920.png,0.3675,88.0,262.15,94.41,267.21
ch2_ohr_ncp_20250303T0915317317_d_img_d18_x11520_y81920.png,0.3657,59.67,391.31,67.13,397.32
ch2_ohr_ncp_20250303T0915317317_d_img_d18_x11520_y81920.png,0.3558,398.65,296.84,405.08,303.16
ch2_ohr_ncp_20250303T0915317317_d_img_d18_x11520_y81920.png,0.3286,89.46,261.88,94.65,268.0
ch2_ohr_ncp_20250303T0915317317_d_img_d18_x11520_y81920.png,0.2721,396.0,254.33,402.87,260.06
ch2_ohr_ncp_20250303T0915317317_d_img_d18_x11520_y81920.png,0.2707,397.62,254.11,404.01,260.03
ch2_ohr_ncp_20250303T0915317317_d_img_d18_x11520_y81920.png,0.2656,433.19,0.0,487.0,65.82
ch2_ohr_ncp_20250303T0915317317_d_img_d18_x11520_y81920.png,0.2343,113.96,95.82,118.84,100.28
ch2_ohr_ncp_20250303T0915317317_d_img_d18_x11520_y81920.png,0.2275,213.58,40.9,222.23,49.74
ch2_ohr_ncp_20250303T0915317317_d_img_d18_x11520_y81920.png,0.2265,234.82,342.42,241.13,348.11
ch2_ohr_ncp_20250303T0915317317_d_img_d18_x11520_y81920.png,0.2171,426.48,0.0,490.32,84.78
ch2_ohr_ncp_20250303T0915317317_d_img_d18_x11520_y81920.png,0.2008,71.96,117.59,78.07,122.93
ch2_ohr_ncp_20250303T0915317317_d_img_d18_x11520_y82560.png,0.2935,0.0,66.41,4.56,71.85
ch2_ohr_ncp_20250303T0915317317_d_img_d18_x11520_y82560.png,0.2511,400.03,353.06,406.11,359.5
ch2_ohr_ncp_20250303T1114102638_d_img_d18_x00000_y42880.png,0.2058,590.27,170.82,598.05,181.05
ch2_ohr_ncp_20250303T1114102638_d_img_d18_x00000_y83200.png,0.2697,631.57,627.29,637.88,634.35
ch2_ohr_ncp_20250303T1114102638_d_img_d18_x00640_y37120.png,0.3934,602.89,472.52,621.97,502.2
ch2_ohr_ncp_20250303T1114102638_d_img_d18_x00640_y37120.png,0.214,626.77,471.81,630.66,476.26
ch2_ohr_ncp_20250303T1114102638_d_img_d18_x00640_y42880.png,0.3189,610.45,625.17,615.36,630.49
ch2_ohr_ncp_20250303T1114102638_d_img_d18_x00640_y46080.png,0.2385,631.28,170.92,636.16,177.71
ch2_ohr_ncp_20250303T1114102638_d_img_d18_x00640_y46720.png,0.2166,624.1,24.96,628.01,28.76
ch2_ohr_ncp_20250303T1114102638_d_img_d18_x00640_y80640.png,0.205,0.26,510.92,32.77,553.46
ch2_ohr_ncp_20250303T1114102638_d_img_d18_x01280_y77440.png,0.5987,457.48,389.2,464.3,396.0
ch2_ohr_ncp_20250303T1114102638_d_img_d18_x01280_y77440.png,0.3331,582.77,356.81,588.56,363.0
ch2_ohr_ncp_20250303T1114102638_d_img_d18_x01280_y77440.png,0.2976,445.1,350.24,452.41,357.65
ch2_ohr_ncp_20250303T1114102638_d_img_d18_x01280_y77440.png,0.2804,456.0,389.37,463.86,395.27
ch2_ohr_ncp_20250303T1114102638_d_img_d18_x01280_y77440.png,0.2442,422.32,467.04,428.09,472.95
ch2_ohr_ncp_20250303T1114102638_d_img_d18_x01280_y77440.png,0.2258,634.89,419.98,639.61,424.93
ch2_ohr_ncp_20250303T1114102638_d_img_d18_x01280_y77440.png,0.2209,447.67,401.99,452.73,406.35
ch2_ohr_ncp_20250303T1114102638_d_img_d18_x01280_y77440.png,0.2101,585.68,304.09,591.55,310.56
ch2_ohr_ncp_20250303T1114102638_d_img_d18_x01280_y78080.png,0.3838,496.13,75.95,501.24,82.09
ch2_ohr_ncp_20250303T1114102638_d_img_d18_x01280_y78080.png,0.2699,478.12,63.46,484.83,71.33
ch2_ohr_ncp_20250303T1114102638_d_img_d18_x01280_y78720.png,0.248,557.16,350.48,564.83,359.47
ch2_ohr_ncp_20250303T1114102638_d_img_d18_x01920_y43520.png,0.2321,579.01,3.71,585.09,10.75
ch2_ohr_ncp_20250303T1114102638_d_img_d18_x01920_y53120.png,0.2119,16.26,633.85,21.35,639.16
ch2_ohr_ncp_20250303T1114102638_d_img_d18_x01920_y77440.png,0.2068,131.63,466.78,137.06,472.72
ch2_ohr_ncp_20250303T1114102638_d_img_d18_x01920_y81920.png,0.2193,57.53,503.05,170.19,564.07
ch2_ohr_ncp_20250303T1114102638_d_img_d18_x03840_y78080.png,0.2302,510.75,240.39,517.11,245.9
ch2_ohr_ncp_20250303T1114102638_d_img_d18_x03840_y85760.png,0.3486,329.37,15.68,334.48,21.01
ch2_ohr_ncp_20250303T1114102638_d_img_d18_x03840_y85760.png,0.2883,35.0,11.48,43.41,20.16
ch2_ohr_ncp_20250303T1114102638_d_img_d18_x08320_y87680.png,0.2198,375.66,0.05,381.9,5.23
ch2_ohr_ncp_20250303T1114102638_d_img_d18_x08960_y87680.png,0.3628,513.69,441.31,518.13,445.72
ch2_ohr_ncp_20250303T1114102638_d_img_d18_x08960_y87680.png,0.3052,631.52,470.64,639.07,478.5
ch2_ohr_ncp_20250303T1114102638_d_img_d18_x08960_y87680.png,0.2644,602.6,477.74,608.78,497.46
ch2_ohr_ncp_20250303T1114102638_d_img_d18_x09600_y80640.png,0.5648,581.45,617.49,590.64,627.38
ch2_ohr_ncp_20250303T1114102638_d_img_d18_x09600_y80640.png,0.3164,3.47,164.4,9.28,172.25
ch2_ohr_ncp_20250303T1114102638_d_img_d18_x09600_y80640.png,0.3131,575.16,254.71,581.61,262.69
ch2_ohr_ncp_20250303T1114102638_d_img_d18_x09600_y80640.png,0.2131,24.36,308.83,29.57,316.0
ch2_ohr_ncp_20250303T1114102638_d_img_d18_x09600_y80640.png,0.2086,74.63,312.89,80.43,318.74
ch2_ohr_ncp_20250303T1114102638_d_img_d18_x10240_y79360.png,0.2149,0.0,241.22,50.31,309.82
ch2_ohr_ncp_20250303T1114102638_d_img_d18_x10240_y80640.png,0.5518,187.67,584.75,192.45,589.9
ch2_ohr_ncp_20250303T1114102638_d_img_d18_x10240_y80640.png,0.4306,178.8,566.49,189.59,575.79
ch2_ohr_ncp_20250303T1114102638_d_img_d18_x10240_y80640.png,0.4048,184.99,604.0,188.91,609.48
ch2_ohr_ncp_20250303T1114102638_d_img_d18_x10240_y80640.png,0.4022,178.0,564.0,188.23,574.94
ch2_ohr_ncp_20250303T1114102638_d_img_d18_x10240_y80640.png,0.2695,57.72,584.77,64.36,590.47
ch2_ohr_ncp_20250303T1114102638_d_img_d18_x10240_y80640.png,0.2062,271.93,555.79,277.0,561.43
ch2_ohr_ncp_20250303T1114102638_d_img_d18_x10240_y88320.png,0.5407,590.66,283.6,597.96,291.71
ch2_ohr_ncp_20250303T1114102638_d_img_d18_x10240_y88320.png,0.4444,561.31,345.89,565.4,351.19
ch2_ohr_ncp_20250303T1114102638_d_img_d18_x10240_y88320.png,0.3896,4.0,111.23,10.07,116.01
ch2_ohr_ncp_20250303T1114102638_d_img_d18_x10240_y88320.png,0.3678,443.98,207.39,451.29,214.05
ch2_ohr_ncp_20250303T1114102638_d_img_d18_x10240_y88320.png,0.2965,5.86,111.26,12.0,116.01
ch2_ohr_ncp_20250303T1114102638_d_img_d18_x10240_y88320.png,0.2061,587.37,562.57,593.19,569.49
ch2_ohr_ncp_20250303T1114102638_d_img_d18_x10880_y80640.png,0.282,272.85,578.12,278.57,583.87
ch2_ohr_ncp_20250303T1114102638_d_img_d18_x10880_y80640.png,0.2512,329.08,475.99,335.5,481.98
ch2_ohr_ncp_20250303T1114102638_d_img_d18_x10880_y80640.png,0.2293,575.95,3.72,580.12,7.84
ch2_ohr_ncp_20250303T1114102638_d_img_d18_x10880_y80640.png,0.2155,218.24,615.34,223.31,620.29
ch2_ohr_ncp_20250303T1114102638_d_img_d18_x10880_y88960.png,0.2605,496.41,106.08,501.05,109.88
ch2_ohr_ncp_20250303T1114102638_d_img_d18_x11520_y81280.png,0.684,195.95,25.07,202.81,31.85
ch2_ohr_ncp_20250303T1114102638_d_img_d18_x11520_y81280.png,0.6434,102.7,8.67,108.02,13.66
ch2_ohr_ncp_20250303T1114102638_d_img_d18_x11520_y81280.png,0.6267,131.97,587.15,138.14,594.46
ch2_ohr_ncp_20250303T1114102638_d_img_d18_x11520_y81280.png,0.6007,123.7,192.92,129.17,199.35
ch2_ohr_ncp_20250303T1114102638_d_img_d18_x11520_y81280.png,0.5651,264.61,176.85,272.8,184.43
ch2_ohr_ncp_20250303T1114102638_d_img_d18_x11520_y81280.png,0.5555,155.97,215.24,161.04,220.09
ch2_ohr_ncp_20250303T1114102638_d_img_d18_x11520_y81280.png,0.5406,102.31,320.35,108.68,330.54
ch2_ohr_ncp_20250303T1114102638_d_img_d18_x11520_y81280.png,0.537,87.95,264.76,93.87,273.54
ch2_ohr_ncp_20250303T1114102638_d_img_d18_x11520_y81280.png,0.5305,32.37,499.63,37.53,505.03
ch2_ohr_ncp_20250303T1114102638_d_img_d18_x11520_y81280.png,0.5057,241.92,457.88,247.42,463.38
ch2_ohr_ncp_20250303T1114102638_d_img_d18_x11520_y81280.png,0.4917,8.54,469.48,12.47,476.0
ch2_ohr_ncp_20250303T1114102638_d_img_d18_x11520_y81280.png,0.4915,122.73,358.74,128.83,366.23
ch2_ohr_ncp_20250303T1114102638_d_img_d18_x11520_y81280.png,0.4652,137.59,358.34,142.82,364.0
ch2_ohr_ncp_20250303T1114102638_d_img_d18_x11520_y81280.png,0.4537,200.18,353.89,205.44,358.33
ch2_ohr_ncp_20250303T1114102638_d_img_d18_x11520_y81280.png,0.4522,35.99,50.94,42.18,58.12
ch2_ohr_ncp_20250303T1114102638_d_img_d18_x11520_y81280.png,0.4481,98.51,593.91,106.27,603.67
ch2_ohr_ncp_20250303T1114102638_d_img_d18_x11520_y81280.png,0.4451,216.66,13.37,221.8,20.0
ch2_ohr_ncp_20250303T1114102638_d_img_d18_x11520_y81280.png,0.4195,147.98,235.2,157.2,243.38
ch2_ohr_ncp_20250303T1114102638_d_img_d18_x11520_y81280.png,0.4117,263.95,495.53,270.36,501.28
ch2_ohr_ncp_20250303T1114102638_d_img_d18_x11520_y81280.png,0.402,281.85,30.26,291.27,39.83
ch2_ohr_ncp_20250303T1114102638_d_img_d18_x11520_y81280.png,0.4004,108.4,287.64,116.01,295.85
ch2_ohr_ncp_20250303T1114102638_d_img_d18_x11520_y81280.png,0.3858,216.73,12.0,221.88,18.7
ch2_ohr_ncp_20250303T1114102638_d_img_d18_x11520_y81280.png,0.3799,428.45,81.51,436.05,88.36
ch2_ohr_ncp_20250303T1114102638_d_img_d18_x11520_y81280.png,0.3546,31.01,73.44,36.01,78.05
ch2_ohr_ncp_20250303T1114102638_d_img_d18_x11520_y81280.png,0.3478,15.8,392.7,21.19,399.19
ch2_ohr_ncp_20250303T1114102638_d_img_d18_x11520_y81280.png,0.3458,33.99,398.95,41.46,405.94
ch2_ohr_ncp_20250303T1114102638_d_img_d18_x11520_y81280.png,0.3415,171.78,585.61,177.92,591.21
ch2_ohr_ncp_20250303T1114102638_d_img_d18_x11520_y81280.png,0.3314,99.97,383.84,105.61,388.2
ch2_ohr_ncp_20250303T1114102638_d_img_d18_x11520_y81280.png,0.3054,101.47,455.09,106.37,460.09
ch2_ohr_ncp_20250303T1114102638_d_img_d18_x11520_y81280.png,0.2878,419.4,85.02,424.83,90.5
ch2_ohr_ncp_20250303T1114102638_d_img_d18_x11520_y81280.png,0.2787,182.44,20.0,188.02,25.3
ch2_ohr_ncp_20250303T1114102638_d_img_d18_x11520_y81280.png,0.2779,153.47,233.23,159.28,240.23
ch2_ohr_ncp_20250303T1114102638_d_img_d18_x11520_y81280.png,0.272,194.84,160.92,198.92,165.33
ch2_ohr_ncp_20250303T1114102638_d_img_d18_x11520_y81280.png,0.2713,41.77,601.92,51.45,615.94
ch2_ohr_ncp_20250303T1114102638_d_img_d18_x11520_y81280.png,0.2712,379.99,21.62,386.61,28.13
ch2_ohr_ncp_20250303T1114102638_d_img_d18_x11520_y81280.png,0.2695,49.07,294.95,52.85,300.02
ch2_ohr_ncp_20250303T1114102638_d_img_d18_x11520_y81280.png,0.269,123.98,455.78,129.3,460.8
ch2_ohr_ncp_20250303T1114102638_d_img_d18_x11520_y81280.png,0.2649,115.71,11.86,125.66,19.35
ch2_ohr_ncp_20250303T1114102638_d_img_d18_x11520_y81280.png,0.2645,323.27,387.23,328.48,392.08
ch2_ohr_ncp_20250303T1114102638_d_img_d18_x11520_y81280.png,0.2536,86.25,6.88,93.81,15.79
ch2_ohr_ncp_20250303T1114102638_d_img_d18_x11520_y81280.png,0.2452,144.46,463.17,152.53,470.83
ch2_ohr_ncp_20250303T1114102638_d_img_d18_x11520_y81280.png,0.2347,78.1,341.73,84.49,348.06
ch2_ohr_ncp_20250303T1114102638_d_img_d18_x11520_y81280.png,0.2339,435.14,360.7,440.87,366.34
ch2_ohr_ncp_20250303T1114102638_d_img_d18_x11520_y81280.png,0.2304,197.64,182.93,203.52,189.21
ch2_ohr_ncp_20250303T1114102638_d_img_d18_x11520_y81280.png,0.2269,17.67,209.11,31.13,225.45
ch2_ohr_ncp_20250303T1114102638_d_img_d18_x11520_y81280.png,0.2114,322.58,386.96,327.86,391.59
ch2_ohr_ncp_20250303T1114102638_d_img_d18_x11520_y81280.png,0.2036,7.79,468.0,12.17,475.11
ch2_ohr_ncp_20250303T1114102638_d_img_d18_x11520_y81280.png,0.2019,282.74,390.53,292.57,399.1
ch2_ohr_ncp_20250303T1114102638_d_img_d18_x11520_y81280.png,0.2012,268.0,98.32,273.6,103.14
ch2_ohr_ncp_20250303T1114102638_d_img_d18_x11520_y81280.png,0.2001,75.56,35.85,79.73,40.21
ch2_ohr_ncp_20250303T1114102638_d_img_d18_x11520_y81920.png,0.7838,53.14,411.84,63.39,423.84
ch2_ohr_ncp_20250303T1114102638_d_img_d18_x11520_y81920.png,0.7735,59.92,155.41,65.76,162.33
ch2_ohr_ncp_20250303T1114102638_d_img_d18_x11520_y81920.png,0.6029,118.23,528.65,124.01,533.5
ch2_ohr_ncp_20250303T1114102638_d_img_d18_x11520_y81920.png,0.5922,67.23,272.08,72.61,277.59
ch2_ohr_ncp_20250303T1114102638_d_img_d18_x11520_y81920.png,0.4963,400.26,293.47,407.58,300.06
ch2_ohr_ncp_20250303T1114102638_d_img_d18_x11520_y81920.png,0.4942,130.11,497.2,135.09,502.94
ch2_ohr_ncp_20250303T1114102638_d_img_d18_x11520_y81920.png,0.4756,311.75,530.15,317.09,535.75
ch2_ohr_ncp_20250303T1114102638_d_img_d18_x11520_y81920.png,0.4614,72.7,356.83,79.06,364.01
ch2_ohr_ncp_20250303T1114102638_d_img_d18_x11520_y81920.png,0.4528,51.3,434.67,55.09,438.56
ch2_ohr_ncp_20250303T1114102638_d_img_d18_x11520_y81920.png,0.4495,178.58,183.18,184.42,188.97
ch2_ohr_ncp_20250303T1114102638_d_img_d18_x11520_y81920.png,0.424,363.96,609.7,370.68,617.57
ch2_ohr_ncp_20250303T1114102638_d_img_d18_x11520_y81920.png,0.4218,74.23,74.27,78.34,78.79
ch2_ohr_ncp_20250303T1114102638_d_img_d18_x11520_y81920.png,0.372,427.46,572.0,432.21,578.46
ch2_ohr_ncp_20250303T1114102638_d_img_d18_x11520_y81920.png,0.3455,160.02,566.12,166.68,574.33
ch2_ohr_ncp_20250303T1114102638_d_img_d18_x11520_y81920.png,0.3304,235.24,547.86,240.44,553.42
ch2_ohr_ncp_20250303T1114102638_d_img_d18_x11520_y81920.png,0.3203,456.7,565.43,462.59,572.02
ch2_ohr_ncp_20250303T1114102638_d_img_d18_x11520_y81920.png,0.3111,57.47,186.22,65.12,195.2
ch2_ohr_ncp_20250303T1114102638_d_img_d18_x11520_y81920.png,0.3082,67.32,379.88,76.77,390.21
ch2_ohr_ncp_20250303T1114102638_d_img_d18_x11520_y81920.png,0.3056,410.11,344.31,415.32,352.3
ch2_ohr_ncp_20250303T1114102638_d_img_d18_x11520_y81920.png,0.3008,118.4,148.31,123.63,153.92
ch2_ohr_ncp_20250303T1114102638_d_img_d18_x11520_y81920.png,0.2992,80.42,179.94,84.83,184.25
ch2_ohr_ncp_20250303T1114102638_d_img_d18_x11520_y81920.png,0.2863,365.08,609.6,372.0,617.42
ch2_ohr_ncp_20250303T1114102638_d_img_d18_x11520_y81920.png,0.2841,15.8,10.76,20.12,15.01
ch2_ohr_ncp_20250303T1114102638_d_img_d18_x11520_y81920.png,0.2809,199.21,539.47,206.56,548.02
ch2_ohr_ncp_20250303T1114102638_d_img_d18_x11520_y81920.png,0.2728,457.01,589.02,463.7,596.14
ch2_ohr_ncp_20250303T1114102638_d_img_d18_x11520_y81920.png,0.2551,145.5,3.66,169.72,30.22
ch2_ohr_ncp_20250303T1114102638_d_img_d18_x11520_y81920.png,0.2495,158.08,599.05,164.0,604.44
ch2_ohr_ncp_20250303T1114102638_d_img_d18_x11520_y81920.png,0.2386,400.5,292.0,407.78,299.42
ch2_ohr_ncp_20250303T1114102638_d_img_d18_x11520_y81920.png,0.2382,59.99,79.17,64.91,84.03
ch2_ohr_ncp_20250303T1114102638_d_img_d18_x11520_y81920.png,0.2244,73.9,95.44,80.66,102.88
ch2_ohr_ncp_20250303T1114102638_d_img_d18_x11520_y81920.png,0.2191,182.35,128.34,189.43,136.57
ch2_ohr_ncp_20250303T1114102638_d_img_d18_x11520_y81920.png,0.2189,18.96,616.43,28.07,627.88
ch2_ohr_ncp_20250303T1114102638_d_img_d18_x11520_y81920.png,0.2187,21.87,183.5,26.35,187.93
ch2_ohr_ncp_20250303T1114102638_d_img_d18_x11520_y81920.png,0.2142,44.0,7.49,50.4,12.34
ch2_ohr_ncp_20250303T1114102638_d_img_d18_x11520_y81920.png,0.2099,0.02,515.22,4.13,519.97
ch2_ohr_ncp_20250303T1114102638_d_img_d18_x11520_y81920.png,0.209,107.99,219.93,113.1,224.07
ch2_ohr_ncp_20250303T1114102638_d_img_d18_x11520_y81920.png,0.2079,5.23,608.69,13.28,618.19
ch2_ohr_ncp_20250303T1114102638_d_img_d18_x11520_y81920.png,0.2061,116.0,528.46,123.4,533.34
ch2_ohr_ncp_20250303T1114102638_d_img_d18_x11520_y82560.png,0.5641,73.13,241.31,77.96,247.06
ch2_ohr_ncp_20250303T1114102638_d_img_d18_x11520_y82560.png,0.5413,43.24,186.67,48.09,191.42
ch2_ohr_ncp_20250303T1114102638_d_img_d18_x11520_y82560.png,0.512,9.86,191.54,15.14,197.31
ch2_ohr_ncp_20250303T1114102638_d_img_d18_x11520_y82560.png,0.5046,113.4,338.92,120.91,348.3
ch2_ohr_ncp_20250303T1114102638_d_img_d18_x11520_y82560.png,0.4978,235.97,537.65,242.63,545.28
ch2_ohr_ncp_20250303T1114102638_d_img_d18_x11520_y82560.png,0.4526,322.77,58.79,329.85,69.44
ch2_ohr_ncp_20250303T1114102638_d_img_d18_x11520_y82560.png,0.4027,53.42,415.64,61.56,422.81
ch2_ohr_ncp_20250303T1114102638_d_img_d18_x11520_y82560.png,0.3895,97.0,232.01,109.84,244.01
ch2_ohr_ncp_20250303T1114102638_d_img_d18_x11520_y82560.png,0.3824,99.21,171.33,103.89,177.37
ch2_ohr_ncp_20250303T1114102638_d_img_d18_x11520_y82560.png,0.3761,12.0,497.88,16.98,502.19
ch2_ohr_ncp_20250303T1114102638_d_img_d18_x11520_y82560.png,0.3693,210.72,427.3,220.68,437.33
ch2_ohr_ncp_20250303T1114102638_d_img_d18_x11520_y82560.png,0.3435,83.44,109.58,88.26,116.01
ch2_ohr_ncp_20250303T1114102638_d_img_d18_x11520_y82560.png,0.3398,280.79,165.94,285.94,172.0
ch2_ohr_ncp_20250303T1114102638_d_img_d18_x11520_y82560.png,0.3271,183.15,481.61,188.16,486.52
ch2_ohr_ncp_20250303T1114102638_d_img_d18_x11520_y82560.png,0.324,257.18,203.23,262.19,208.5
ch2_ohr_ncp_20250303T1114102638_d_img_d18_x11520_y82560.png,0.3231,128.17,403.8,132.78,408.21
ch2_ohr_ncp_20250303T1114102638_d_img_d18_x11520_y82560.png,0.31,297.56,632.5,307.37,639.76
ch2_ohr_ncp_20250303T1114102638_d_img_d18_x11520_y82560.png,0.2964,280.0,166.16,285.75,170.94
ch2_ohr_ncp_20250303T1114102638_d_img_d18_x11520_y82560.png,0.2713,260.0,473.1,265.26,477.89
ch2_ohr_ncp_20250303T1114102638_d_img_d18_x11520_y82560.png,0.2677,67.98,119.28,72.75,124.01
ch2_ohr_ncp_20250303T1114102638_d_img_d18_x11520_y82560.png,0.2651,263.34,489.38,271.25,497.37
ch2_ohr_ncp_20250303T1114102638_d_img_d18_x11520_y82560.png,0.2629,111.23,433.99,116.11,438.89
ch2_ohr_ncp_20250303T1114102638_d_img_d18_x11520_y82560.png,0.2611,238.62,516.0,244.01,522.53
ch2_ohr_ncp_20250303T1114102638_d_img_d18_x11520_y82560.png,0.2509,14.74,232.4,20.0,236.66
ch2_ohr_ncp_20250303T1114102638_d_img_d18_x11520_y82560.png,0.247,0.01,326.39,4.01,332.0
ch2_ohr_ncp_20250303T1114102638_d_img_d18_x11520_y82560.png,0.2421,209.18,117.86,216.37,125.36
ch2_ohr_ncp_20250303T1114102638_d_img_d18_x11520_y82560.png,0.2406,258.86,385.55,263.48,390.39
ch2_ohr_ncp_20250303T1114102638_d_img_d18_x11520_y82560.png,0.2401,291.05,310.2,296.22,315.09
ch2_ohr_ncp_20250303T1114102638_d_img_d18_x11520_y82560.png,0.2216,96.51,400.12,103.37,405.88
ch2_ohr_ncp_20250303T1114102638_d_img_d18_x11520_y82560.png,0.2212,123.71,417.78,129.92,423.97
ch2_ohr_ncp_20250303T1114102638_d_img_d18_x11520_y82560.png,0.2149,80.78,7.33,86.26,13.34
ch2_ohr_ncp_20250303T1114102638_d_img_d18_x11520_y82560.png,0.2044,30.08,491.98,36.0,497.37
ch2_ohr_ncp_20250303T1114102638_d_img_d18_x11520_y83200.png,0.7428,23.83,73.69,28.75,79.48
ch2_ohr_ncp_20250303T1114102638_d_img_d18_x11520_y83200.png,0.633,122.14,511.45,128.5,517.89
ch2_ohr_ncp_20250303T1114102638_d_img_d18_x11520_y83200.png,0.6055,400.45,587.91,405.45,593.14
ch2_ohr_ncp_20250303T1114102638_d_img_d18_x11520_y83200.png,0.5925,174.01,622.86,194.08,639.94
ch2_ohr_ncp_20250303T1114102638_d_img_d18_x11520_y83200.png,0.5645,125.04,236.87,133.55,245.18
ch2_ohr_ncp_20250303T1114102638_d_img_d18_x11520_y83200.png,0.5575,122.58,323.74,129.0,330.14
ch2_ohr_ncp_20250303T1114102638_d_img_d18_x11520_y83200.png,0.529,369.8,337.13,376.87,344.27
ch2_ohr_ncp_20250303T1114102638_d_img_d18_x11520_y83200.png,0.5283,81.21,571.49,90.89,582.39
ch2_ohr_ncp_20250303T1114102638_d_img_d18_x11520_y83200.png,0.5225,71.54,458.88,79.06,466.15
ch2_ohr_ncp_20250303T1114102638_d_img_d18_x11520_y83200.png,0.4933,88.81,582.11,95.47,588.63
ch2_ohr_ncp_20250303T1114102638_d_img_d18_x11520_y83200.png,0.4924,130.09,563.27,135.48,568.48
ch2_ohr_ncp_20250303T1114102638_d_img_d18_x11520_y83200.png,0.4021,49.06,462.64,54.5,468.25
ch2_ohr_ncp_20250303T1114102638_d_img_d18_x11520_y83200.png,0.3615,111.95,538.4,117.02,543.05
ch2_ohr_ncp_20250303T1114102638_d_img_d18_x11520_y83200.png,0.3421,145.84,603.25,151.24,608.31
ch2_ohr_ncp_20250303T1114102638_d_img_d18_x11520_y83200.png,0.3079,55.44,575.99,62.8,584.09
ch2_ohr_ncp_20250303T1114102638_d_img_d18_x11520_y83200.png,0.2993,75.2,411.98,79.55,416.93
ch2_ohr_ncp_20250303T1114102638_d_img_d18_x11520_y83200.png,0.2565,251.67,51.45,257.6,57.93
ch2_ohr_ncp_20250303T1114102638_d_img_d18_x11520_y83200.png,0.2467,282.93,25.91,287.98,31.43
ch2_ohr_ncp_20250303T1114102638_d_img_d18_x11520_y83200.png,0.2444,147.02,347.47,160.21,361.21
ch2_ohr_ncp_20250303T1114102638_d_img_d18_x11520_y83200.png,0.238,26.87,318.78,32.88,327.71
ch2_ohr_ncp_20250303T1114102638_d_img_d18_x11520_y83200.png,0.2255,23.16,72.0,28.39,79.05
ch2_ohr_ncp_20250303T1114102638_d_img_d18_x11520_y83200.png,0.2212,333.94,275.95,340.07,282.48
ch2_ohr_ncp_20250303T1114102638_d_img_d18_x11520_y83200.png,0.2209,383.87,575.87,389.91,582.61
ch2_ohr_ncp_20250303T1114102638_d_img_d18_x11520_y83200.png,0.2181,34.83,309.3,53.68,329.82
ch2_ohr_ncp_20250303T1114102638_d_img_d18_x11520_y83840.png,0.5909,173.44,0.0,192.95,7.0
ch2_ohr_ncp_20250303T1114102638_d_img_d18_x11520_y83840.png,0.5494,211.2,0.03,217.27,5.2
ch2_ohr_ncp_20250303T1114102638_d_img_d18_x11520_y83840.png,0.4387,279.94,0.0,286.41,4.21
ch2_ohr_ncp_20250303T1114102638_d_img_d18_x11520_y83840.png,0.3855,443.86,101.01,449.45,108.04
ch2_ohr_ncp_20250303T1114102638_d_img_d18_x11520_y83840.png,0.3537,53.99,66.27,60.06,72.41
ch2_ohr_ncp_20250303T1114102638_d_img_d18_x11520_y83840.png,0.3524,38.84,65.82,45.26,72.21
ch2_ohr_ncp_20250303T1114102638_d_img_d18_x11520_y83840.png,0.3121,390.9,350.88,396.69,357.23
ch2_ohr_ncp_20250303T1114102638_d_img_d18_x11520_y83840.png,0.3083,0.0,413.9,4.07,420.06
ch2_ohr_ncp_20250303T1114102638_d_img_d18_x11520_y83840.png,0.3024,294.71,128.52,301.17,136.01
ch2_ohr_ncp_20250303T1114102638_d_img_d18_x11520_y83840.png,0.2528,443.92,187.23,453.14,197.5
ch2_ohr_ncp_20250303T1114102638_d_img_d18_x11520_y84480.png,0.3919,271.97,626.25,277.45,631.99
ch2_ohr_ncp_20250303T1114102638_d_img_d18_x11520_y84480.png,0.3686,64.42,624.71,69.31,630.69
ch2_ohr_ncp_20250303T1114102638_d_img_d18_x11520_y84480.png,0.324,257.11,606.9,264.08,615.98
ch2_ohr_ncp_20250303T1114102638_d_img_d18_x11520_y84480.png,0.2707,30.24,544.35,36.0,549.09
ch2_ohr_ncp_20250303T1114102638_d_img_d18_x11520_y84480.png,0.2405,205.34,527.53,215.49,539.46
ch2_ohr_ncp_20250303T1114102638_d_img_d18_x11520_y85120.png,0.421,80.56,603.81,86.09,609.0
ch2_ohr_ncp_20250303T1114102638_d_img_d18_x11520_y85120.png,0.4194,195.95,126.48,200.65,132.0
ch2_ohr_ncp_20250303T1114102638_d_img_d18_x11520_y85120.png,0.4055,48.35,565.42,53.62,572.0
ch2_ohr_ncp_20250303T1114102638_d_img_d18_x11520_y85120.png,0.384,91.87,595.11,97.87,601.78
ch2_ohr_ncp_20250303T1114102638_d_img_d18_x11520_y85120.png,0.3238,83.75,633.63,88.91,639.18
ch2_ohr_ncp_20250303T1114102638_d_img_d18_x11520_y85760.png,0.2521,115.79,113.97,120.47,119.29
ch2_ohr_ncp_20250303T1114102638_d_img_d18_x11520_y86400.png,0.6327,150.42,564.74,157.8,572.78
ch2_ohr_ncp_20250303T1114102638_d_img_d18_x11520_y86400.png,0.61,168.28,621.99,173.81,628.0
ch2_ohr_ncp_20250303T1114102638_d_img_d18_x11520_y86400.png,0.4071,222.05,458.01,228.04,463.92
ch2_ohr_ncp_20250303T1114102638_d_img_d18_x11520_y86400.png,0.3687,25.33,433.04,33.01,440.38
ch2_ohr_ncp_20250303T1114102638_d_img_d18_x11520_y86400.png,0.3552,180.0,477.73,186.57,484.01
ch2_ohr_ncp_20250303T1114102638_d_img_d18_x11520_y86400.png,0.2863,166.23,496.7,172.01,501.31
ch2_ohr_ncp_20250303T1114102638_d_img_d18_x11520_y86400.png,0.2674,35.08,538.8,42.83,545.56
ch2_ohr_ncp_20250303T1114102638_d_img_d18_x11520_y86400.png,0.2646,219.9,306.12,224.57,311.0
ch2_ohr_ncp_20250303T1114102638_d_img_d18_x11520_y86400.png,0.2357,181.38,477.64,188.0,484.0
ch2_ohr_ncp_20250303T1114102638_d_img_d18_x11520_y86400.png,0.2332,237.95,101.57,254.91,117.38
ch2_ohr_ncp_20250303T1114102638_d_img_d18_x11520_y86400.png,0.2313,257.97,473.71,263.14,479.46
ch2_ohr_ncp_20250303T1114102638_d_img_d18_x11520_y86400.png,0.2246,54.76,473.16,60.19,478.61
ch2_ohr_ncp_20250303T1114102638_d_img_d18_x11520_y86400.png,0.221,249.9,307.98,254.62,313.39
ch2_ohr_ncp_20250303T1114102638_d_img_d18_x11520_y87040.png,0.6208,8.82,583.14,15.67,591.16
ch2_ohr_ncp_20250303T1114102638_d_img_d18_x11520_y87040.png,0.3958,70.27,549.41,76.91,556.15
ch2_ohr_ncp_20250303T1114102638_d_img_d18_x11520_y87040.png,0.3083,53.77,563.1,60.08,569.16
ch2_ohr_ncp_20250303T1114102638_d_img_d18_x11520_y87680.png,0.5704,186.92,264.09,193.32,270.98
ch2_ohr_ncp_20250303T1114102638_d_img_d18_x11520_y87680.png,0.3291,51.51,10.92,63.53,24.51
ch2_ohr_ncp_20250303T1114102638_d_img_d18_x11520_y87680.png,0.2975,394.22,299.99,400.43,306.43
ch2_ohr_ncp_20250303T1114102638_d_img_d18_x11520_y87680.png,0.2798,165.47,123.86,172.01,130.89
ch2_ohr_ncp_20250303T1114102638_d_img_d18_x11520_y87680.png,0.2714,344.03,374.52,348.04,380.0
ch2_ohr_ncp_20250303T1114102638_d_img_d18_x11520_y87680.png,0.269,83.99,248.99,90.72,255.58
ch2_ohr_ncp_20250303T1114102638_d_img_d18_x11520_y87680.png,0.2578,16.37,0.21,22.53,6.4
ch2_ohr_ncp_20250303T1114102638_d_img_d18_x11520_y87680.png,0.2347,68.0,75.99,74.17,81.39
ch2_ohr_ncp_20250303T1114102638_d_img_d18_x11520_y87680.png,0.2225,186.78,239.13,200.32,250.17
ch2_ohr_ncp_20250303T1114102638_d_img_d18_x11520_y87680.png,0.2129,164.0,123.77,170.87,130.77
ch2_ohr_ncp_20250303T1114102638_d_img_d18_x11520_y87680.png,0.2108,340.32,292.9,345.37,298.72
ch2_ohr_ncp_20250303T1114102638_d_img_d18_x11520_y87680.png,0.2106,85.18,248.89,92.0,255.5
ch2_ohr_ncp_20250303T1114102638_d_img_d18_x11520_y88320.png,0.6136,30.49,481.63,36.58,487.94
ch2_ohr_ncp_20250303T1114102638_d_img_d18_x11520_y88320.png,0.4839,63.27,625.04,68.92,631.66
ch2_ohr_ncp_20250303T1114102638_d_img_d18_x11520_y88320.png,0.4582,42.84,619.11,47.25,623.78
ch2_ohr_ncp_20250303T1114102638_d_img_d18_x11520_y88320.png,0.4369,3.81,615.89,20.38,637.51
ch2_ohr_ncp_20250303T1114102638_d_img_d18_x11520_y88320.png,0.2748,26.98,606.42,31.97,612.01
ch2_ohr_ncp_20250303T1114102638_d_img_d18_x11520_y88960.png,0.2559,90.19,364.0,95.79,369.72
ch2_ohr_ncp_20250303T1114102638_d_img_d18_x11520_y88960.png,0.2035,117.07,407.95,122.32,412.57
ch2_ohr_ncp_20250304T0655103610_d_img_d18_x00000_y76160.png,0.2307,58.55,562.83,64.98,570.35
ch2_ohr_ncp_20250304T0655103610_d_img_d18_x01280_y40320.png,0.2901,587.61,102.44,592.59,108.0
ch2_ohr_ncp_20250304T0655103610_d_img_d18_x01280_y53760.png,0.2087,330.45,632.04,334.35,636.06
ch2_ohr_ncp_20250304T0655103610_d_img_d18_x01280_y60160.png,0.2399,554.03,3.98,559.19,10.52
ch2_ohr_ncp_20250304T0655103610_d_img_d18_x01280_y62720.png,0.2927,600.69,560.95,604.11,565.14
ch2_ohr_ncp_20250304T0655103610_d_img_d18_x01280_y62720.png,0.2412,607.89,583.77,612.08,588.04
ch2_ohr_ncp_20250304T0655103610_d_img_d18_x01280_y62720.png,0.2231,624.15,573.54,628.62,580.0
ch2_ohr_ncp_20250304T0655103610_d_img_d18_x01280_y64000.png,0.5058,514.33,152.61,520.39,158.59
ch2_ohr_ncp_20250304T0655103610_d_img_d18_x01280_y64000.png,0.3639,443.24,108.0,447.93,114.36
ch2_ohr_ncp_20250304T0655103610_d_img_d18_x01280_y64000.png,0.3303,522.23,221.84,528.68,228.05
ch2_ohr_ncp_20250304T0655103610_d_img_d18_x01280_y64000.png,0.3291,545.07,3.23,551.64,9.66
ch2_ohr_ncp_20250304T0655103610_d_img_d18_x01280_y64000.png,0.3206,519.42,91.61,527.18,99.99
ch2_ohr_ncp_20250304T0655103610_d_img_d18_x01280_y64000.png,0.2603,179.99,54.26,186.21,60.31
ch2_ohr_ncp_20250304T0655103610_d_img_d18_x01280_y64000.png,0.2583,542.74,152.05,548.41,157.94
ch2_ohr_ncp_20250304T0655103610_d_img_d18_x01280_y64000.png,0.2524,619.31,59.74,624.7,65.53
ch2_ohr_ncp_20250304T0655103610_d_img_d18_x01280_y64000.png,0.2288,566.95,0.0,573.81,4.0
ch2_ohr_ncp_20250304T0655103610_d_img_d18_x01280_y64000.png,0.2248,146.5,85.47,152.35,91.28
ch2_ohr_ncp_20250304T0655103610_d_img_d18_x01280_y64000.png,0.2061,361.16,22.47,366.31,28.0
ch2_ohr_ncp_20250304T0655103610_d_img_d18_x01280_y64000.png,0.204,443.27,109.26,447.61,116.0
ch2_ohr_ncp_20250304T0655103610_d_img_d18_x01280_y76160.png,0.4428,338.84,225.24,345.15,232.98
ch2_ohr_ncp_20250304T0655103610_d_img_d18_x01280_y76160.png,0.3123,391.55,250.48,396.12,256.3
ch2_ohr_ncp_20250304T0655103610_d_img_d18_x01280_y76160.png,0.2443,339.2,224.96,348.0,233.03
ch2_ohr_ncp_20250304T0655103610_d_img_d18_x01280_y76800.png,0.3445,629.4,401.99,639.67,416.6
ch2_ohr_ncp_20250304T0655103610_d_img_d18_x01280_y76800.png,0.2368,411.26,147.43,420.51,157.01
ch2_ohr_ncp_20250304T0655103610_d_img_d18_x01280_y76800.png,0.2317,575.59,235.98,581.5,243.84
ch2_ohr_ncp_20250304T0655103610_d_img_d18_x01280_y85120.png,0.3529,517.45,370.91,522.46,376.07
ch2_ohr_ncp_20250304T0655103610_d_img_d18_x01280_y85120.png,0.3322,392.31,123.98,397.17,129.86
ch2_ohr_ncp_20250304T0655103610_d_img_d18_x01280_y85120.png,0.2513,518.08,371.31,524.0,375.82
ch2_ohr_ncp_20250304T0655103610_d_img_d18_x01920_y53760.png,0.2264,104.7,627.78,110.19,633.21
ch2_ohr_ncp_20250304T0655103610_d_img_d18_x01920_y63360.png,0.2063,2.32,288.19,11.44,299.26
ch2_ohr_ncp_20250304T0655103610_d_img_d18_x01920_y76160.png,0.2542,106.82,515.99,111.43,522.22
ch2_ohr_ncp_20250304T0655103610_d_img_d18_x01920_y77440.png,0.4174,598.68,427.28,606.24,435.17
ch2_ohr_ncp_20250304T0655103610_d_img_d18_x01920_y77440.png,0.2701,448.93,551.24,455.95,558.15
ch2_ohr_ncp_20250304T0655103610_d_img_d18_x01920_y77440.png,0.2503,463.57,614.49,469.91,620.1
ch2_ohr_ncp_20250304T0655103610_d_img_d18_x01920_y77440.png,0.2171,445.74,568.09,452.97,575.5
ch2_ohr_ncp_20250304T0655103610_d_img_d18_x01920_y77440.png,0.2028,630.41,447.41,638.63,458.57
ch2_ohr_ncp_20250304T0655103610_d_img_d18_x01920_y85120.png,0.4049,557.44,303.28,567.89,315.7
ch2_ohr_ncp_20250304T0655103610_d_img_d18_x01920_y85120.png,0.3021,18.56,22.3,25.7,28.04
ch2_ohr_ncp_20250304T0655103610_d_img_d18_x01920_y85760.png,0.4846,287.49,268.0,294.58,274.71
ch2_ohr_ncp_20250304T0655103610_d_img_d18_x01920_y85760.png,0.3781,594.5,93.73,601.18,100.53
ch2_ohr_ncp_20250304T0655103610_d_img_d18_x01920_y85760.png,0.3738,605.62,23.04,614.91,32.44
ch2_ohr_ncp_20250304T0655103610_d_img_d18_x01920_y85760.png,0.2571,601.79,54.41,607.35,60.01
ch2_ohr_ncp_20250304T0655103610_d_img_d18_x01920_y85760.png,0.2393,600.58,94.96,605.49,100.31
ch2_ohr_ncp_20250304T0655103610_d_img_d18_x01920_y85760.png,0.2334,635.66,103.17,639.84,109.36
ch2_ohr_ncp_20250304T0655103610_d_img_d18_x01920_y85760.png,0.2181,386.76,76.0,391.3,82.28
ch2_ohr_ncp_20250304T0655103610_d_img_d18_x02560_y86400.png,0.2572,426.76,256.37,432.61,261.76
ch2_ohr_ncp_20250304T0655103610_d_img_d18_x03200_y78080.png,0.3081,20.78,320.56,28.82,329.26
ch2_ohr_ncp_20250304T0655103610_d_img_d18_x03200_y78080.png,0.2149,159.41,351.18,164.77,357.66
ch2_ohr_ncp_20250304T0655103610_d_img_d18_x03200_y86400.png,0.7513,78.81,15.39,86.99,22.48
ch2_ohr_ncp_20250304T0655103610_d_img_d18_x03200_y86400.png,0.576,617.02,401.31,622.42,406.08
ch2_ohr_ncp_20250304T0655103610_d_img_d18_x03200_y86400.png,0.4603,520.12,429.44,525.03,436.0
ch2_ohr_ncp_20250304T0655103610_d_img_d18_x03200_y86400.png,0.2834,554.11,346.89,558.99,351.78
ch2_ohr_ncp_20250304T0655103610_d_img_d18_x03200_y86400.png,0.2251,519.9,428.0,524.68,435.32
ch2_ohr_ncp_20250304T0655103610_d_img_d18_x03840_y40320.png,0.2051,120.05,632.48,125.06,638.16
ch2_ohr_ncp_20250304T0655103610_d_img_d18_x03840_y49280.png,0.2869,52.04,75.35,132.86,155.43
ch2_ohr_ncp_20250304T0655103610_d_img_d18_x03840_y87040.png,0.4232,162.91,330.95,170.45,337.5
ch2_ohr_ncp_20250304T0655103610_d_img_d18_x03840_y87040.png,0.3154,151.32,288.02,157.42,293.03
ch2_ohr_ncp_20250304T0655103610_d_img_d18_x03840_y87040.png,0.2057,110.47,296.82,117.32,306.45
ch2_ohr_ncp_20250304T0655103610_d_img_d18_x03840_y87040.png,0.2032,609.29,352.39,616.69,362.42
ch2_ohr_ncp_20250304T0655103610_d_img_d18_x04480_y78720.png,0.263,11.77,530.79,17.95,538.74
ch2_ohr_ncp_20250304T0655103610_d_img_d18_x04480_y79360.png,0.3551,214.52,566.79,221.37,573.77
ch2_ohr_ncp_20250304T0655103610_d_img_d18_x04480_y79360.png,0.3422,112.7,591.72,120.65,599.88
ch2_ohr_ncp_20250304T0655103610_d_img_d18_x04480_y79360.png,0.2465,350.45,379.22,356.9,385.5
ch2_ohr_ncp_20250304T0655103610_d_img_d18_x04480_y87040.png,0.3621,119.68,187.99,124.09,192.81
ch2_ohr_ncp_20250304T0655103610_d_img_d18_x04480_y87040.png,0.2318,576.35,592.26,586.91,604.0
ch2_ohr_ncp_20250304T0655103610_d_img_d18_x04480_y87680.png,0.3714,152.45,74.87,157.62,81.27
ch2_ohr_ncp_20250304T0655103610_d_img_d18_x04480_y87680.png,0.2452,264.32,63.8,270.53,70.43
ch2_ohr_ncp_20250304T0655103610_d_img_d18_x04480_y87680.png,0.2046,630.58,256.92,636.37,262.47
ch2_ohr_ncp_20250304T0655103610_d_img_d18_x05120_y78720.png,0.2329,146.26,613.45,153.11,620.29
ch2_ohr_ncp_20250304T0655103610_d_img_d18_x05120_y83840.png,0.2171,330.37,86.93,342.13,117.32
ch2_ohr_ncp_20250304T0655103610_d_img_d18_x05120_y87680.png,0.4912,331.78,394.52,337.29,399.0
ch2_ohr_ncp_20250304T0655103610_d_img_d18_x05120_y87680.png,0.4245,436.65,477.32,483.93,556.99
ch2_ohr_ncp_20250304T0655103610_d_img_d18_x05120_y87680.png,0.3253,336.1,402.16,341.65,410.23
ch2_ohr_ncp_20250304T0655103610_d_img_d18_x05120_y87680.png,0.2781,437.6,494.42,471.9,554.17
ch2_ohr_ncp_20250304T0655103610_d_img_d18_x05120_y87680.png,0.2414,427.88,445.22,491.23,562.0
ch2_ohr_ncp_20250304T0655103610_d_img_d18_x05760_y79360.png,0.2143,24.25,630.77,30.55,636.83
ch2_ohr_ncp_20250304T0655103610_d_img_d18_x05760_y80640.png,0.2247,0.36,147.62,86.8,207.94
ch2_ohr_ncp_20250304T0655103610_d_img_d18_x05760_y87040.png,0.4328,378.9,1.76,384.96,13.67
ch2_ohr_ncp_20250304T0655103610_d_img_d18_x05760_y87040.png,0.333,379.67,0.14,385.57,11.55
ch2_ohr_ncp_20250304T0655103610_d_img_d18_x05760_y87040.png,0.2903,387.2,10.94,390.55,16.31
ch2_ohr_ncp_20250304T0655103610_d_img_d18_x05760_y87040.png,0.2661,523.58,427.35,558.28,450.11
ch2_ohr_ncp_20250304T0655103610_d_img_d18_x05760_y88320.png,0.5461,33.19,247.17,38.66,254.65
ch2_ohr_ncp_20250304T0655103610_d_img_d18_x05760_y88320.png,0.4615,204.42,342.67,212.0,349.37
ch2_ohr_ncp_20250304T0655103610_d_img_d18_x05760_y88320.png,0.2935,83.63,243.45,89.43,248.81
ch2_ohr_ncp_20250304T0655103610_d_img_d18_x05760_y88320.png,0.2546,477.81,446.23,484.45,454.8
ch2_ohr_ncp_20250304T0655103610_d_img_d18_x05760_y88320.png,0.2015,493.9,447.6,500.0,452.37
ch2_ohr_ncp_20250304T0655103610_d_img_d18_x05760_y88960.png,0.2294,571.99,151.71,576.74,156.94
ch2_ohr_ncp_20250304T0655103610_d_img_d18_x06400_y37760.png,0.2114,0.07,26.92,4.54,38.55
ch2_ohr_ncp_20250304T0655103610_d_img_d18_x06400_y45440.png,0.2016,0.6,39.16,28.56,100.38
ch2_ohr_ncp_20250304T0655103610_d_img_d18_x06400_y86400.png,0.3084,55.24,266.11,80.88,281.91
ch2_ohr_ncp_20250304T0655103610_d_img_d18_x07040_y80640.png,0.2818,0.15,328.93,6.84,336.52
ch2_ohr_ncp_20250304T0655103610_d_img_d18_x07040_y85760.png,0.5126,334.51,7.3,340.0,12.05
ch2_ohr_ncp_20250304T0655103610_d_img_d18_x07680_y46080.png,0.3283,67.43,75.93,73.24,81.9
ch2_ohr_ncp_20250304T0655103610_d_img_d18_x07680_y87680.png,0.3354,624.34,47.63,628.34,52.0
ch2_ohr_ncp_20250304T0655103610_d_img_d18_x07680_y90240.png,0.4825,200.07,0.28,206.34,6.12
ch2_ohr_ncp_20250304T0655103610_d_img_d18_x07680_y90240.png,0.4764,474.12,91.98,479.96,97.7
ch2_ohr_ncp_20250304T0655103610_d_img_d18_x07680_y90240.png,0.2553,472.36,93.88,478.37,100.02
ch2_ohr_ncp_20250304T0655103610_d_img_d18_x08320_y81280.png,0.3485,279.56,623.3,287.24,631.89
ch2_ohr_ncp_20250304T0655103610_d_img_d18_x08320_y90880.png,0.2158,296.86,53.77,303.33,61.27
ch2_ohr_ncp_20250304T0655103610_d_img_d18_x08960_y90880.png,0.7263,160.59,303.03,168.7,311.74
ch2_ohr_ncp_20250304T0655103610_d_img_d18_x08960_y90880.png,0.6048,110.62,260.88,120.45,270.68
ch2_ohr_ncp_20250304T0655103610_d_img_d18_x08960_y90880.png,0.3231,124.32,254.74,132.03,260.88
ch2_ohr_ncp_20250304T0655103610_d_img_d18_x08960_y90880.png,0.2923,373.68,256.24,380.0,260.97
ch2_ohr_ncp_20250304T0655103610_d_img_d18_x08960_y90880.png,0.2738,372.0,256.04,378.44,261.23
ch2_ohr_ncp_20250304T0655103610_d_img_d18_x09600_y82560.png,0.2503,417.45,578.31,425.33,589.17
ch2_ohr_ncp_20250304T0655103610_d_img_d18_x09600_y91520.png,0.3994,358.14,38.81,364.8,45.4
ch2_ohr_ncp_20250304T0655103610_d_img_d18_x09600_y91520.png,0.209,345.82,39.98,352.84,46.85
ch2_ohr_ncp_20250304T0655103610_d_img_d18_x10240_y88320.png,0.3234,297.7,5.65,300.11,12.0
ch2_ohr_ncp_20250304T0655103610_d_img_d18_x10240_y88320.png,0.2276,295.84,3.98,300.35,10.83
ch2_ohr_ncp_20250304T0655103610_d_img_d18_x10240_y89600.png,0.3091,219.98,632.3,224.6,639.06
ch2_ohr_ncp_20250304T0655103610_d_img_d18_x10240_y89600.png,0.2118,625.41,568.62,639.76,608.1
ch2_ohr_ncp_20250304T0655103610_d_img_d18_x10240_y91520.png,0.2165,490.66,595.98,502.38,607.28
ch2_ohr_ncp_20250304T0655103610_d_img_d18_x10240_y92160.png,0.6339,457.8,160.81,463.48,165.86
ch2_ohr_ncp_20250304T0655103610_d_img_d18_x10240_y92160.png,0.6183,483.81,158.86,490.2,167.14
ch2_ohr_ncp_20250304T0655103610_d_img_d18_x10240_y92160.png,0.6183,351.07,310.61,356.81,318.72
ch2_ohr_ncp_20250304T0655103610_d_img_d18_x10240_y92160.png,0.6152,417.12,131.41,422.47,137.47
ch2_ohr_ncp_20250304T0655103610_d_img_d18_x10240_y92160.png,0.6054,445.89,311.25,452.0,316.62
ch2_ohr_ncp_20250304T0655103610_d_img_d18_x10240_y92160.png,0.5952,496.54,112.31,508.04,122.32
ch2_ohr_ncp_20250304T0655103610_d_img_d18_x10240_y92160.png,0.5874,479.56,399.49,486.18,406.08
ch2_ohr_ncp_20250304T0655103610_d_img_d18_x10240_y92160.png,0.5597,372.04,21.11,379.84,26.85
ch2_ohr_ncp_20250304T0655103610_d_img_d18_x10240_y92160.png,0.5535,453.47,207.72,461.8,218.02
ch2_ohr_ncp_20250304T0655103610_d_img_d18_x10240_y92160.png,0.5361,471.6,183.34,478.62,188.52
ch2_ohr_ncp_20250304T0655103610_d_img_d18_x10240_y92160.png,0.5235,507.83,49.66,512.61,55.08
ch2_ohr_ncp_20250304T0655103610_d_img_d18_x10240_y92160.png,0.5079,411.94,147.15,417.43,152.08
ch2_ohr_ncp_20250304T0655103610_d_img_d18_x10240_y92160.png,0.4841,575.19,154.89,581.79,161.3
ch2_ohr_ncp_20250304T0655103610_d_img_d18_x10240_y92160.png,0.4776,526.62,284.97,532.43,294.07
ch2_ohr_ncp_20250304T0655103610_d_img_d18_x10240_y92160.png,0.4766,485.19,96.05,492.62,103.0
ch2_ohr_ncp_20250304T0655103610_d_img_d18_x10240_y92160.png,0.4741,567.37,410.38,575.17,416.63
ch2_ohr_ncp_20250304T0655103610_d_img_d18_x10240_y92160.png,0.4455,539.27,238.69,543.81,245.4
ch2_ohr_ncp_20250304T0655103610_d_img_d18_x10240_y92160.png,0.4406,538.95,164.51,545.5,172.4
ch2_ohr_ncp_20250304T0655103610_d_img_d18_x10240_y92160.png,0.4196,499.99,129.54,505.9,134.73
ch2_ohr_ncp_20250304T0655103610_d_img_d18_x10240_y92160.png,0.4181,429.41,578.53,437.23,584.92
ch2_ohr_ncp_20250304T0655103610_d_img_d18_x10240_y92160.png,0.3791,519.6,494.61,526.17,501.73
ch2_ohr_ncp_20250304T0655103610_d_img_d18_x10240_y92160.png,0.373,463.15,184.72,468.39,189.25
ch2_ohr_ncp_20250304T0655103610_d_img_d18_x10240_y92160.png,0.3666,506.56,93.68,511.86,100.01
ch2_ohr_ncp_20250304T0655103610_d_img_d18_x10240_y92160.png,0.3642,564.0,471.67,570.07,476.09
ch2_ohr_ncp_20250304T0655103610_d_img_d18_x10240_y92160.png,0.3641,405.79,20.95,411.02,26.09
ch2_ohr_ncp_20250304T0655103610_d_img_d18_x10240_y92160.png,0.364,448.32,218.26,455.68,225.39
ch2_ohr_ncp_20250304T0655103610_d_img_d18_x10240_y92160.png,0.3504,451.99,173.35,457.67,180.0
ch2_ohr_ncp_20250304T0655103610_d_img_d18_x10240_y92160.png,0.3437,505.65,92.0,511.63,98.83
ch2_ohr_ncp_20250304T0655103610_d_img_d18_x10240_y92160.png,0.3344,537.09,225.78,542.59,230.92
ch2_ohr_ncp_20250304T0655103610_d_img_d18_x10240_y92160.png,0.3316,632.81,586.48,638.77,591.71
ch2_ohr_ncp_20250304T0655103610_d_img_d18_x10240_y92160.png,0.3276,444.0,310.68,451.39,316.98
ch2_ohr_ncp_20250304T0655103610_d_img_d18_x10240_y92160.png,0.3271,531.0,548.99,536.9,556.46
ch2_ohr_ncp_20250304T0655103610_d_img_d18_x10240_y92160.png,0.3239,425.95,587.96,431.39,594.5
ch2_ohr_ncp_20250304T0655103610_d_img_d18_x10240_y92160.png,0.3159,525.96,246.21,532.12,252.14
ch2_ohr_ncp_20250304T0655103610_d_img_d18_x10240_y92160.png,0.3067,527.17,83.52,532.61,88.43
ch2_ohr_ncp_20250304T0655103610_d_img_d18_x10240_y92160.png,0.3045,521.73,233.27,529.36,243.89
ch2_ohr_ncp_20250304T0655103610_d_img_d18_x10240_y92160.png,0.2996,531.69,605.69,537.34,612.04
ch2_ohr_ncp_20250304T0655103610_d_img_d18_x10240_y92160.png,0.2855,494.63,95.91,500.15,101.71
ch2_ohr_ncp_20250304T0655103610_d_img_d18_x10240_y92160.png,0.2799,467.99,343.68,472.83,349.12
ch2_ohr_ncp_20250304T0655103610_d_img_d18_x10240_y92160.png,0.2777,448.55,581.41,457.26,589.44
ch2_ohr_ncp_20250304T0655103610_d_img_d18_x10240_y92160.png,0.2715,467.19,75.99,471.24,80.71
ch2_ohr_ncp_20250304T0655103610_d_img_d18_x10240_y92160.png,0.2639,484.23,158.48,492.0,167.06
ch2_ohr_ncp_20250304T0655103610_d_img_d18_x10240_y92160.png,0.2621,402.66,274.36,408.06,280.08
ch2_ohr_ncp_20250304T0655103610_d_img_d18_x10240_y92160.png,0.2603,405.95,20.0,412.01,25.96
ch2_ohr_ncp_20250304T0655103610_d_img_d18_x10240_y92160.png,0.2538,579.13,605.73,583.47,612.0
ch2_ohr_ncp_20250304T0655103610_d_img_d18_x10240_y92160.png,0.2452,433.66,307.68,439.82,313.91
ch2_ohr_ncp_20250304T0655103610_d_img_d18_x10240_y92160.png,0.2451,523.16,231.7,532.02,244.85
ch2_ohr_ncp_20250304T0655103610_d_img_d18_x10240_y92160.png,0.2411,538.72,235.61,543.92,245.63
ch2_ohr_ncp_20250304T0655103610_d_img_d18_x10240_y92160.png,0.2402,430.76,613.73,438.06,620.07
ch2_ohr_ncp_20250304T0655103610_d_img_d18_x10240_y92160.png,0.2345,417.7,131.24,424.0,136.57
ch2_ohr_ncp_20250304T0655103610_d_img_d18_x10240_y92160.png,0.232,441.25,262.12,446.06,269.45
ch2_ohr_ncp_20250304T0655103610_d_img_d18_x10240_y92160.png,0.229,455.12,186.16,460.02,190.34
ch2_ohr_ncp_20250304T0655103610_d_img_d18_x10240_y92160.png,0.2281,453.98,210.88,461.03,220.01
ch2_ohr_ncp_20250304T0655103610_d_img_d18_x10240_y92160.png,0.2231,544.69,75.99,548.79,81.21
ch2_ohr_ncp_20250304T0655103610_d_img_d18_x10240_y92160.png,0.2217,504.99,178.81,508.9,182.64
ch2_ohr_ncp_20250304T0655103610_d_img_d18_x10240_y92160.png,0.2187,458.19,118.52,462.31,124.01
ch2_ohr_ncp_20250304T0655103610_d_img_d18_x10240_y92160.png,0.2164,441.44,587.98,446.47,593.67
ch2_ohr_ncp_20250304T0655103610_d_img_d18_x10240_y92160.png,0.2106,611.99,547.09,616.79,551.77
ch2_ohr_ncp_20250304T0655103610_d_img_d18_x10240_y92160.png,0.2032,382.89,121.93,388.05,126.42
ch2_ohr_ncp_20250304T0655103610_d_img_d18_x10240_y92160.png,0.2015,474.16,571.84,485.74,585.19
ch2_ohr_ncp_20250304T0655103610_d_img_d18_x10240_y92160.png,0.2007,520.06,245.49,526.4,252.35
ch2_ohr_ncp_20250304T0655103610_d_img_d18_x10880_y83840.png,0.8487,34.34,531.09,40.13,536.92
ch2_ohr_ncp_20250304T0655103610_d_img_d18_x10880_y83840.png,0.4177,17.41,410.37,22.76,416.06
ch2_ohr_ncp_20250304T0655103610_d_img_d18_x10880_y83840.png,0.4062,267.75,471.17,272.69,476.79
ch2_ohr_ncp_20250304T0655103610_d_img_d18_x10880_y83840.png,0.2596,11.6,359.68,16.49,364.7
ch2_ohr_ncp_20250304T0655103610_d_img_d18_x10880_y83840.png,0.2245,288.49,480.12,292.41,484.64
ch2_ohr_ncp_20250304T0655103610_d_img_d18_x10880_y83840.png,0.208,322.5,495.59,334.88,507.34
ch2_ohr_ncp_20250304T0655103610_d_img_d18_x10880_y92160.png,0.217,578.31,596.0,584.51,603.23
ch2_ohr_ncp_20250304T0655103610_d_img_d18_x10880_y92800.png,0.7309,515.1,287.93,521.03,292.89
ch2_ohr_ncp_20250304T0655103610_d_img_d18_x10880_y92800.png,0.2902,343.52,264.35,348.17,269.11
ch2_ohr_ncp_20250304T0655103610_d_img_d18_x10880_y92800.png,0.2813,363.92,105.25,369.49,110.8
ch2_ohr_ncp_20250304T0655103610_d_img_d18_x11520_y84480.png,0.3547,30.67,157.42,36.2,165.64
ch2_ohr_ncp_20250304T0655103610_d_img_d18_x11520_y84480.png,0.3078,63.1,442.56,69.72,451.68
ch2_ohr_ncp_20250304T0655103610_d_img_d18_x11520_y84480.png,0.2891,31.21,535.42,37.61,542.09
ch2_ohr_ncp_20250304T0655103610_d_img_d18_x11520_y84480.png,0.2886,378.38,255.18,385.12,261.13
ch2_ohr_ncp_20250304T0655103610_d_img_d18_x11520_y84480.png,0.2486,15.85,561.89,20.7,566.9
ch2_ohr_ncp_20250304T0655103610_d_img_d18_x11520_y84480.png,0.2111,67.87,457.19,73.5,463.1
ch2_ohr_ncp_20250304T0655103610_d_img_d18_x11520_y85760.png,0.2733,9.32,292.84,18.35,302.49
ch2_ohr_ncp_20250304T0655103610_d_img_d18_x11520_y86400.png,0.2836,152.63,584.64,158.82,591.21
ch2_ohr_ncp_20250304T0655103610_d_img_d18_x11520_y86400.png,0.2361,167.11,576.98,172.08,581.81
ch2_ohr_ncp_20250304T0655103610_d_img_d18_x11520_y87040.png,0.5134,6.62,348.15,15.76,358.54
ch2_ohr_ncp_20250304T0655103610_d_img_d18_x11520_y87040.png,0.2782,21.27,410.01,38.22,427.76
ch2_ohr_ncp_20250304T0655103610_d_img_d18_x11520_y87680.png,0.5566,32.36,438.85,38.01,444.31
ch2_ohr_ncp_20250304T0655103610_d_img_d18_x11520_y87680.png,0.4973,257.32,187.41,264.47,194.79
ch2_ohr_ncp_20250304T0655103610_d_img_d18_x11520_y87680.png,0.3125,304.15,321.42,308.39,326.3
ch2_ohr_ncp_20250304T0655103610_d_img_d18_x11520_y87680.png,0.2581,298.25,257.42,303.97,262.92
ch2_ohr_ncp_20250304T0655103610_d_img_d18_x11520_y87680.png,0.2213,6.58,408.08,12.18,413.28
ch2_ohr_ncp_20250304T0655103610_d_img_d18_x11520_y87680.png,0.214,57.82,434.95,66.4,444.23
ch2_ohr_ncp_20250304T0655103610_d_img_d18_x11520_y87680.png,0.2134,24.77,452.0,29.56,458.05
ch2_ohr_ncp_20250304T0655103610_d_img_d18_x11520_y88320.png,0.636,213.99,292.5,223.4,304.04
ch2_ohr_ncp_20250304T0655103610_d_img_d18_x11520_y88320.png,0.6307,264.02,359.91,276.45,372.21
ch2_ohr_ncp_20250304T0655103610_d_img_d18_x11520_y88320.png,0.5147,44.0,211.74,49.26,217.2
ch2_ohr_ncp_20250304T0655103610_d_img_d18_x11520_y88320.png,0.4966,192.24,264.02,196.83,268.98
ch2_ohr_ncp_20250304T0655103610_d_img_d18_x11520_y88320.png,0.4281,63.58,160.54,70.15,166.98
ch2_ohr_ncp_20250304T0655103610_d_img_d18_x11520_y88320.png,0.3677,99.98,283.98,105.46,289.84
ch2_ohr_ncp_20250304T0655103610_d_img_d18_x11520_y88320.png,0.3391,224.54,281.03,230.15,286.36
ch2_ohr_ncp_20250304T0655103610_d_img_d18_x11520_y88320.png,0.3128,0.0,173.61,4.01,180.09
ch2_ohr_ncp_20250304T0655103610_d_img_d18_x11520_y88320.png,0.2084,251.04,309.06,257.44,316.09
ch2_ohr_ncp_20250304T0655103610_d_img_d18_x11520_y88320.png,0.2002,307.22,446.46,313.17,452.45
ch2_ohr_ncp_20250304T0655103610_d_img_d18_x11520_y88960.png,0.2512,38.14,19.07,44.0,23.85
ch2_ohr_ncp_20250304T0655103610_d_img_d18_x11520_y92800.png,0.609,123.58,283.84,129.15,289.89
ch2_ohr_ncp_20250304T0655103610_d_img_d18_x11520_y92800.png,0.5399,167.28,420.96,173.04,425.7
ch2_ohr_ncp_20250304T0655103610_d_img_d18_x11520_y92800.png,0.4608,165.43,239.07,172.0,245.76
ch2_ohr_ncp_20250304T0655103610_d_img_d18_x11520_y92800.png,0.3418,9.61,503.3,14.45,508.01
ch2_ohr_ncp_20250304T0655103610_d_img_d18_x11520_y92800.png,0.3352,164.0,239.31,170.88,245.97
ch2_ohr_ncp_20250304T0655103610_d_img_d18_x11520_y92800.png,0.297,111.68,306.97,116.87,311.73
ch2_ohr_ncp_20250304T0655103610_d_img_d18_x11520_y92800.png,0.2876,142.65,291.99,148.02,297.91
ch2_ohr_ncp_20250304T0655103610_d_img_d18_x11520_y92800.png,0.2776,175.75,250.06,181.17,254.84
ch2_ohr_ncp_20250304T0655103610_d_img_d18_x11520_y92800.png,0.2323,136.04,275.99,142.45,282.98
ch2_ohr_ncp_20250304T0655103610_d_img_d18_x11520_y92800.png,0.2231,127.83,232.25,141.18,244.35
ch2_ohr_ncp_20250304T0655103610_d_img_d18_x11520_y92800.png,0.2216,135.92,277.33,141.48,283.99
ch2_ohr_ncp_20250304T0655103610_d_img_d18_x11520_y93440.png,0.5723,409.07,380.84,415.03,388.5
ch2_ohr_ncp_20250304T0655103610_d_img_d18_x11520_y93440.png,0.5711,237.32,191.92,244.02,197.54
ch2_ohr_ncp_20250304T0655103610_d_img_d18_x11520_y93440.png,0.4673,255.88,312.3,261.86,320.3
ch2_ohr_ncp_20250304T0655103610_d_img_d18_x11520_y93440.png,0.4135,296.38,121.72,301.09,126.23
ch2_ohr_ncp_20250304T0655103610_d_img_d18_x11520_y93440.png,0.3725,419.92,354.56,425.32,360.04
ch2_ohr_ncp_20250304T0655103610_d_img_d18_x11520_y93440.png,0.3382,395.01,438.43,401.08,444.09
ch2_ohr_ncp_20250304T0655103610_d_img_d18_x11520_y93440.png,0.319,307.87,287.32,312.64,293.71
ch2_ohr_ncp_20250304T0655103610_d_img_d18_x11520_y93440.png,0.3135,386.77,371.82,392.15,376.09
ch2_ohr_ncp_20250304T0655103610_d_img_d18_x11520_y93440.png,0.2881,426.37,384.5,433.05,393.09
ch2_ohr_ncp_20250304T0655103610_d_img_d18_x11520_y93440.png,0.2675,416.37,382.52,421.49,388.66
ch2_ohr_ncp_20250304T1050453845_d_img_d18_x00000_y41600.png,0.2149,0.0,17.73,32.69,78.31
ch2_ohr_ncp_20250304T1050453845_d_img_d18_x00000_y48640.png,0.2691,634.0,567.68,638.3,572.1
ch2_ohr_ncp_20250304T1050453845_d_img_d18_x00000_y48640.png,0.2129,606.14,555.75,612.0,560.24
ch2_ohr_ncp_20250304T1050453845_d_img_d18_x00640_y40960.png,0.2653,633.82,364.0,638.69,370.15
ch2_ohr_ncp_20250304T1050453845_d_img_d18_x00640_y61440.png,0.2261,617.17,635.96,622.01,639.58
ch2_ohr_ncp_20250304T1050453845_d_img_d18_x00640_y61440.png,0.2246,628.0,626.37,632.48,630.42
ch2_ohr_ncp_20250304T1050453845_d_img_d18_x00640_y90880.png,0.4359,503.04,289.73,512.59,297.91
ch2_ohr_ncp_20250304T1050453845_d_img_d18_x00640_y90880.png,0.2058,490.17,345.43,496.53,351.35
ch2_ohr_ncp_20250304T1050453845_d_img_d18_x00640_y90880.png,0.2053,327.96,274.83,334.97,281.9
ch2_ohr_ncp_20250304T1050453845_d_img_d18_x01280_y60800.png,0.2459,0.0,627.69,4.03,633.51
ch2_ohr_ncp_20250304T1050453845_d_img_d18_x01280_y65920.png,0.2887,240.05,11.26,295.26,72.64
ch2_ohr_ncp_20250304T1050453845_d_img_d18_x01280_y91520.png,0.5377,589.15,189.92,596.52,196.43
ch2_ohr_ncp_20250304T1050453845_d_img_d18_x01920_y91520.png,0.3807,224.43,166.8,231.24,172.84
ch2_ohr_ncp_20250304T1050453845_d_img_d18_x01920_y91520.png,0.2434,1.83,67.52,12.41,76.15
ch2_ohr_ncp_20250304T1050453845_d_img_d18_x01920_y91520.png,0.2286,1.2,249.44,9.29,257.11
ch2_ohr_ncp_20250304T1050453845_d_img_d18_x02560_y92160.png,0.4187,226.22,157.01,233.17,164.04
ch2_ohr_ncp_20250304T1050453845_d_img_d18_x03200_y64000.png,0.2171,587.99,618.85,593.22,623.56
ch2_ohr_ncp_20250304T1050453845_d_img_d18_x03840_y90240.png,0.8164,630.66,155.61,638.7,175.53
ch2_ohr_ncp_20250304T1050453845_d_img_d18_x03840_y90240.png,0.7102,620.44,148.36,635.14,179.79
ch2_ohr_ncp_20250304T1050453845_d_img_d18_x03840_y90240.png,0.5604,628.37,157.22,639.13,194.27
ch2_ohr_ncp_20250304T1050453845_d_img_d18_x03840_y90240.png,0.5342,627.77,165.69,639.32,203.32
ch2_ohr_ncp_20250304T1050453845_d_img_d18_x03840_y90240.png,0.455,626.86,148.05,636.66,194.36
ch2_ohr_ncp_20250304T1050453845_d_img_d18_x03840_y90240.png,0.4287,624.36,150.52,635.9,170.82
ch2_ohr_ncp_20250304T1050453845_d_img_d18_x03840_y90240.png,0.3767,626.15,150.84,638.51,171.75
ch2_ohr_ncp_20250304T1050453845_d_img_d18_x03840_y92800.png,0.3167,91.85,205.94,99.38,212.64
ch2_ohr_ncp_20250304T1050453845_d_img_d18_x03840_y92800.png,0.2203,126.72,372.0,132.04,377.84
ch2_ohr_ncp_20250304T1050453845_d_img_d18_x04480_y90240.png,0.2139,141.61,528.73,150.08,542.1
ch2_ohr_ncp_20250304T1050453845_d_img_d18_x04480_y93440.png,0.2859,275.19,96.53,287.96,108.45
ch2_ohr_ncp_20250304T1050453845_d_img_d18_x04480_y93440.png,0.2265,512.99,104.12,518.91,109.71
ch2_ohr_ncp_20250304T1050453845_d_img_d18_x05120_y87040.png,0.2952,0.1,516.45,7.61,524.16
ch2_ohr_ncp_20250304T1050453845_d_img_d18_x05120_y87040.png,0.2737,50.97,634.69,61.37,639.9
ch2_ohr_ncp_20250304T1050453845_d_img_d18_x05120_y92160.png,0.2326,573.32,80.7,592.67,116.95
ch2_ohr_ncp_20250304T1050453845_d_img_d18_x05760_y47360.png,0.2111,39.47,492.34,99.64,547.32
ch2_ohr_ncp_20250304T1050453845_d_img_d18_x06400_y88320.png,0.2461,50.46,526.8,146.06,612.43
ch2_ohr_ncp_20250304T1050453845_d_img_d18_x06400_y94720.png,0.2385,550.83,175.13,574.61,207.32
ch2_ohr_ncp_20250304T1050453845_d_img_d18_x07040_y95360.png,0.4169,411.0,93.28,420.06,101.42
ch2_ohr_ncp_20250304T1050453845_d_img_d18_x07040_y95360.png,0.394,437.15,219.23,448.07,227.64
ch2_ohr_ncp_20250304T1050453845_d_img_d18_x07040_y95360.png,0.339,596.54,198.4,611.88,210.01
ch2_ohr_ncp_20250304T1050453845_d_img_d18_x07040_y95360.png,0.2699,291.2,80.2,298.01,87.71
ch2_ohr_ncp_20250304T1050453845_d_img_d18_x07040_y95360.png,0.2284,399.09,55.84,406.02,63.54
ch2_ohr_ncp_20250304T1050453845_d_img_d18_x07680_y92800.png,0.328,166.24,173.4,176.84,218.87
ch2_ohr_ncp_20250304T1050453845_d_img_d18_x08320_y93440.png,0.242,197.66,400.94,214.63,445.71
ch2_ohr_ncp_20250304T1050453845_d_img_d18_x08320_y94080.png,0.65,324.19,137.8,335.44,177.4
ch2_ohr_ncp_20250304T1050453845_d_img_d18_x08320_y94080.png,0.5366,319.12,138.63,327.42,180.54
ch2_ohr_ncp_20250304T1050453845_d_img_d18_x08320_y94080.png,0.4804,321.13,144.3,327.53,186.54
ch2_ohr_ncp_20250304T1050453845_d_img_d18_x08320_y94080.png,0.428,327.58,154.79,335.98,186.32
ch2_ohr_ncp_20250304T1050453845_d_img_d18_x08960_y90240.png,0.5204,566.21,577.1,572.18,582.09
ch2_ohr_ncp_20250304T1050453845_d_img_d18_x08960_y90240.png,0.453,592.81,396.22,609.86,413.43
ch2_ohr_ncp_20250304T1050453845_d_img_d18_x08960_y90240.png,0.2869,208.33,531.35,215.61,538.06
ch2_ohr_ncp_20250304T1050453845_d_img_d18_x08960_y90240.png,0.2791,523.11,415.01,530.27,421.71
ch2_ohr_ncp_20250304T1050453845_d_img_d18_x08960_y90240.png,0.2404,511.78,401.08,517.69,405.57
ch2_ohr_ncp_20250304T1050453845_d_img_d18_x08960_y90240.png,0.2375,480.8,478.68,486.41,484.09
ch2_ohr_ncp_20250304T1050453845_d_img_d18_x08960_y90240.png,0.2195,608.08,614.71,616.27,623.42
ch2_ohr_ncp_20250304T1050453845_d_img_d18_x08960_y90240.png,0.2065,570.22,347.39,578.4,355.08
ch2_ohr_ncp_20250304T1050453845_d_img_d18_x08960_y90240.png,0.2008,524.0,463.2,532.61,471.51
ch2_ohr_ncp_20250304T1050453845_d_img_d18_x08960_y95360.png,0.2467,627.7,234.33,639.59,259.19
ch2_ohr_ncp_20250304T1050453845_d_img_d18_x08960_y96640.png,0.4793,230.2,287.2,237.32,293.12
ch2_ohr_ncp_20250304T1050453845_d_img_d18_x08960_y96640.png,0.4158,105.15,347.43,114.52,353.28
ch2_ohr_ncp_20250304T1050453845_d_img_d18_x08960_y96640.png,0.2837,537.42,627.92,543.66,633.72
ch2_ohr_ncp_20250304T1050453845_d_img_d18_x08960_y96640.png,0.2827,115.64,300.0,121.02,306.52
ch2_ohr_ncp_20250304T1050453845_d_img_d18_x08960_y96640.png,0.2664,89.13,378.74,95.1,384.46
ch2_ohr_ncp_20250304T1050453845_d_img_d18_x08960_y96640.png,0.2205,115.98,301.57,121.17,308.01
ch2_ohr_ncp_20250304T1050453845_d_img_d18_x08960_y96640.png,0.2004,628.62,516.72,633.45,521.32
ch2_ohr_ncp_20250304T1050453845_d_img_d18_x09600_y90880.png,0.2597,520.82,473.82,599.64,523.47
ch2_ohr_ncp_20250304T1050453845_d_img_d18_x09600_y97280.png,0.604,378.52,425.86,384.02,431.49
ch2_ohr_ncp_20250304T1050453845_d_img_d18_x09600_y97280.png,0.5666,339.34,82.67,345.39,88.88
ch2_ohr_ncp_20250304T1050453845_d_img_d18_x09600_y97280.png,0.4974,388.0,283.21,394.63,288.17
ch2_ohr_ncp_20250304T1050453845_d_img_d18_x09600_y97280.png,0.4033,389.14,283.19,396.01,288.2
ch2_ohr_ncp_20250304T1050453845_d_img_d18_x09600_y97280.png,0.257,374.26,574.16,380.02,580.0
ch2_ohr_ncp_20250304T1050453845_d_img_d18_x09600_y97280.png,0.2046,75.99,185.66,81.55,190.45
ch2_ohr_ncp_20250304T1050453845_d_img_d18_x09600_y97920.png,0.4988,553.94,233.25,559.45,237.87
ch2_ohr_ncp_20250304T1050453845_d_img_d18_x09600_y97920.png,0.3805,603.86,433.51,609.14,439.31
ch2_ohr_ncp_20250304T1050453845_d_img_d18_x09600_y97920.png,0.3792,592.68,454.28,598.82,461.35
ch2_ohr_ncp_20250304T1050453845_d_img_d18_x09600_y97920.png,0.2323,633.77,436.54,639.39,444.44
ch2_ohr_ncp_20250304T1050453845_d_img_d18_x10240_y90880.png,0.526,171.92,542.14,177.33,548.02
ch2_ohr_ncp_20250304T1050453845_d_img_d18_x10240_y91520.png,0.2535,21.29,323.82,28.02,329.34
ch2_ohr_ncp_20250304T1050453845_d_img_d18_x10240_y97920.png,0.6411,82.9,258.29,88.86,263.57
ch2_ohr_ncp_20250304T1050453845_d_img_d18_x10240_y97920.png,0.6252,120.06,304.56,126.68,310.09
ch2_ohr_ncp_20250304T1050453845_d_img_d18_x10240_y97920.png,0.5931,107.99,282.98,113.46,287.96
ch2_ohr_ncp_20250304T1050453845_d_img_d18_x10240_y97920.png,0.5367,150.22,373.47,155.03,379.66
ch2_ohr_ncp_20250304T1050453845_d_img_d18_x10240_y97920.png,0.445,101.56,231.71,106.07,236.16
ch2_ohr_ncp_20250304T1050453845_d_img_d18_x10240_y97920.png,0.3906,224.88,287.95,229.02,292.73
ch2_ohr_ncp_20250304T1050453845_d_img_d18_x10240_y97920.png,0.3218,191.19,287.62,196.03,292.2
ch2_ohr_ncp_20250304T1050453845_d_img_d18_x10240_y97920.png,0.3214,41.33,256.13,44.79,260.11
ch2_ohr_ncp_20250304T1050453845_d_img_d18_x10240_y97920.png,0.2872,100.0,231.4,105.78,236.07
ch2_ohr_ncp_20250304T1050453845_d_img_d18_x10240_y97920.png,0.2864,178.57,240.67,182.69,245.17
ch2_ohr_ncp_20250304T1050453845_d_img_d18_x10240_y97920.png,0.2037,371.86,239.67,376.3,244.01
ch2_ohr_ncp_20250304T1050453845_d_img_d18_x10240_y97920.png,0.2036,6.51,315.56,12.0,319.75
ch2_ohr_ncp_20250304T1050453845_d_img_d18_x10880_y92160.png,0.2376,103.48,568.69,108.59,573.79
ch2_ohr_ncp_20250304T1050453845_d_img_d18_x10880_y92800.png,0.2015,97.82,64.98,183.92,102.47
ch2_ohr_ncp_20250304T1050453845_d_img_d18_x10880_y98560.png,0.5843,17.68,20.0,23.07,26.46
ch2_ohr_ncp_20250304T1050453845_d_img_d18_x10880_y98560.png,0.4173,17.72,20.71,23.19,28.0
ch2_ohr_ncp_20250304T1050453845_d_img_d18_x10880_y98560.png,0.3901,562.03,395.95,569.32,402.72
ch2_ohr_ncp_20250304T1050453845_d_img_d18_x10880_y98560.png,0.3564,0.06,33.31,5.62,39.24
ch2_ohr_ncp_20250304T1050453845_d_img_d18_x10880_y98560.png,0.2788,35.28,71.53,40.81,77.08
ch2_ohr_ncp_20250304T1050453845_d_img_d18_x10880_y98560.png,0.2204,604.74,324.81,613.3,333.14
ch2_ohr_ncp_20250304T1050453845_d_img_d18_x10880_y99200.png,0.22,499.95,176.15,504.86,181.03
ch2_ohr_ncp_20250304T1050453845_d_img_d18_x11520_y92800.png,0.2806,56.17,64.7,62.09,71.21
ch2_ohr_ncp_20250304T1050453845_d_img_d18_x11520_y92800.png,0.234,60.0,611.64,66.74,617.72
ch2_ohr_ncp_20250304T1050453845_d_img_d18_x11520_y92800.png,0.2126,14.94,575.01,23.81,581.72
ch2_ohr_ncp_20250304T1050453845_d_img_d18_x11520_y93440.png,0.4951,75.94,622.18,81.61,628.01
ch2_ohr_ncp_20250304T1050453845_d_img_d18_x11520_y93440.png,0.4738,256.79,568.45,265.34,575.72
ch2_ohr_ncp_20250304T1050453845_d_img_d18_x11520_y93440.png,0.4644,432.71,547.99,437.82,554.05
ch2_ohr_ncp_20250304T1050453845_d_img_d18_x11520_y93440.png,0.3339,27.13,301.78,32.52,309.2
ch2_ohr_ncp_20250304T1050453845_d_img_d18_x11520_y93440.png,0.307,59.1,301.82,70.08,311.26
ch2_ohr_ncp_20250304T1050453845_d_img_d18_x11520_y93440.png,0.2879,11.65,454.43,18.37,460.33
ch2_ohr_ncp_20250304T1050453845_d_img_d18_x11520_y93440.png,0.2806,238.58,631.26,245.23,637.29
ch2_ohr_ncp_20250304T1050453845_d_img_d18_x11520_y93440.png,0.2283,40.78,220.9,51.96,231.64
ch2_ohr_ncp_20250304T1050453845_d_img_d18_x11520_y93440.png,0.226,384.39,315.46,390.03,320.19
ch2_ohr_ncp_20250304T1050453845_d_img_d18_x11520_y94080.png,0.4372,110.29,335.41,116.5,341.61
ch2_ohr_ncp_20250304T1050453845_d_img_d18_x11520_y94080.png,0.4301,216.19,106.93,220.36,111.08
ch2_ohr_ncp_20250304T1050453845_d_img_d18_x11520_y94080.png,0.4276,274.02,66.2,285.63,79.68
ch2_ohr_ncp_20250304T1050453845_d_img_d18_x11520_y94080.png,0.4124,27.98,186.73,34.09,191.44
ch2_ohr_ncp_20250304T1050453845_d_img_d18_x11520_y94080.png,0.3046,0.25,145.69,9.03,153.42
ch2_ohr_ncp_20250304T1050453845_d_img_d18_x11520_y94080.png,0.3039,104.76,217.88,110.14,224.45
ch2_ohr_ncp_20250304T1050453845_d_img_d18_x11520_y94080.png,0.2864,182.49,126.1,189.73,132.77
ch2_ohr_ncp_20250304T1050453845_d_img_d18_x11520_y94080.png,0.2718,27.55,146.81,37.51,156.17
ch2_ohr_ncp_20250304T1050453845_d_img_d18_x11520_y94080.png,0.269,166.62,530.55,172.01,535.46
ch2_ohr_ncp_20250304T1050453845_d_img_d18_x11520_y94080.png,0.2485,139.91,103.43,145.35,108.2
ch2_ohr_ncp_20250304T1050453845_d_img_d18_x11520_y94080.png,0.2278,59.98,259.57,67.39,266.39
ch2_ohr_ncp_20250304T1050453845_d_img_d18_x11520_y94080.png,0.2238,29.91,185.5,36.12,190.26
ch2_ohr_ncp_20250304T1050453845_d_img_d18_x11520_y94080.png,0.2207,115.93,219.31,124.42,228.06
ch2_ohr_ncp_20250304T1050453845_d_img_d18_x11520_y94080.png,0.2106,25.97,176.85,29.73,180.86
ch2_ohr_ncp_20250304T1050453845_d_img_d18_x11520_y94720.png,0.2928,75.73,476.99,81.49,485.36
ch2_ohr_ncp_20250304T1050453845_d_img_d18_x11520_y94720.png,0.2176,75.32,329.93,89.45,346.15
ch2_ohr_ncp_20250304T1050453845_d_img_d18_x11520_y95360.png,0.4439,87.18,104.43,97.23,117.84
ch2_ohr_ncp_20250304T1050453845_d_img_d18_x11520_y95360.png,0.4082,255.39,571.82,260.45,576.96
ch2_ohr_ncp_20250304T1050453845_d_img_d18_x11520_y95360.png,0.3873,21.57,561.62,28.87,568.56
ch2_ohr_ncp_20250304T1050453845_d_img_d18_x11520_y95360.png,0.3228,209.72,474.96,226.5,489.61
ch2_ohr_ncp_20250304T1050453845_d_img_d18_x11520_y95360.png,0.3035,21.35,355.76,28.15,362.79
ch2_ohr_ncp_20250304T1050453845_d_img_d18_x11520_y95360.png,0.2914,203.99,451.52,209.33,456.38
ch2_ohr_ncp_20250304T1050453845_d_img_d18_x11520_y95360.png,0.2674,160.84,574.08,167.11,580.7
ch2_ohr_ncp_20250304T1050453845_d_img_d18_x11520_y95360.png,0.2449,0.09,312.46,7.23,325.63
ch2_ohr_ncp_20250304T1050453845_d_img_d18_x11520_y96000.png,0.6925,111.78,284.52,119.79,293.03
ch2_ohr_ncp_20250304T1050453845_d_img_d18_x11520_y96000.png,0.6509,35.49,463.0,40.9,468.55
ch2_ohr_ncp_20250304T1050453845_d_img_d18_x11520_y96000.png,0.5717,191.15,451.16,197.54,457.25
ch2_ohr_ncp_20250304T1050453845_d_img_d18_x11520_y96000.png,0.4835,78.57,537.79,84.73,543.55
ch2_ohr_ncp_20250304T1050453845_d_img_d18_x11520_y96000.png,0.4405,61.61,544.04,68.03,549.49
ch2_ohr_ncp_20250304T1050453845_d_img_d18_x11520_y96000.png,0.4141,20.0,488.55,25.83,494.06
ch2_ohr_ncp_20250304T1050453845_d_img_d18_x11520_y96000.png,0.3292,20.0,495.92,25.58,500.22
ch2_ohr_ncp_20250304T1050453845_d_img_d18_x11520_y96000.png,0.3152,215.31,274.8,223.07,284.97
ch2_ohr_ncp_20250304T1050453845_d_img_d18_x11520_y96000.png,0.3111,199.19,91.27,204.83,97.05
ch2_ohr_ncp_20250304T1050453845_d_img_d18_x11520_y96000.png,0.2722,110.32,206.12,116.82,212.12
ch2_ohr_ncp_20250304T1050453845_d_img_d18_x11520_y96000.png,0.2546,152.2,397.55,157.9,404.0
ch2_ohr_ncp_20250304T1050453845_d_img_d18_x11520_y96000.png,0.2518,74.22,291.8,79.35,298.46
ch2_ohr_ncp_20250304T1050453845_d_img_d18_x11520_y96000.png,0.236,65.09,291.98,72.21,300.59
ch2_ohr_ncp_20250304T1050453845_d_img_d18_x11520_y96000.png,0.2341,65.9,293.49,72.66,300.81
ch2_ohr_ncp_20250304T1050453845_d_img_d18_x11520_y96000.png,0.2289,120.97,311.31,132.89,323.92
ch2_ohr_ncp_20250304T1050453845_d_img_d18_x11520_y96000.png,0.2216,184.4,73.9,190.32,80.18
ch2_ohr_ncp_20250304T1050453845_d_img_d18_x11520_y96640.png,0.3985,112.94,291.17,119.48,298.45
ch2_ohr_ncp_20250304T1050453845_d_img_d18_x11520_y96640.png,0.2637,419.7,102.09,427.26,108.56
ch2_ohr_ncp_20250304T1050453845_d_img_d18_x11520_y96640.png,0.2375,219.47,85.63,224.84,92.01
ch2_ohr_ncp_20250304T1050453845_d_img_d18_x11520_y96640.png,0.2064,14.53,381.48,21.82,390.02
ch2_ohr_ncp_20250304T1050453845_d_img_d18_x11520_y97280.png,0.4801,263.88,635.68,271.85,639.96
ch2_ohr_ncp_20250304T1050453845_d_img_d18_x11520_y97280.png,0.3297,55.68,564.64,65.24,573.39
ch2_ohr_ncp_20250304T1050453845_d_img_d18_x11520_y97920.png,0.6074,33.88,329.36,39.27,335.43
ch2_ohr_ncp_20250304T1050453845_d_img_d18_x11520_y97920.png,0.4337,111.07,247.38,118.5,255.64
ch2_ohr_ncp_20250304T1050453845_d_img_d18_x11520_y97920.png,0.4067,210.96,205.5,216.16,212.0
ch2_ohr_ncp_20250304T1050453845_d_img_d18_x11520_y97920.png,0.371,82.04,234.82,89.38,243.4
ch2_ohr_ncp_20250304T1050453845_d_img_d18_x11520_y97920.png,0.3314,163.96,260.92,169.29,267.19
ch2_ohr_ncp_20250304T1050453845_d_img_d18_x11520_y97920.png,0.2952,64.07,2.97,69.28,7.88
ch2_ohr_ncp_20250304T1050453845_d_img_d18_x11520_y97920.png,0.2835,265.12,0.0,271.93,4.0
ch2_ohr_ncp_20250304T1050453845_d_img_d18_x11520_y97920.png,0.2748,160.2,111.73,165.25,117.05
ch2_ohr_ncp_20250304T1050453845_d_img_d18_x11520_y97920.png,0.246,265.0,369.13,270.01,374.36
ch2_ohr_ncp_20250304T1050453845_d_img_d18_x11520_y97920.png,0.2306,147.91,133.81,156.04,140.07
ch2_ohr_ncp_20250304T1050453845_d_img_d18_x11520_y97920.png,0.2214,211.09,204.0,216.37,210.76
ch2_ohr_ncp_20250304T1050453845_d_img_d18_x11520_y97920.png,0.2124,227.81,351.47,234.86,358.01
ch2_ohr_ncp_20250304T1050453845_d_img_d18_x11520_y97920.png,0.2113,28.0,146.36,34.12,151.48
ch2_ohr_ncp_20250304T1050453845_d_img_d18_x11520_y98560.png,0.5892,175.56,577.88,180.5,582.35
ch2_ohr_ncp_20250304T1050453845_d_img_d18_x11520_y98560.png,0.5347,8.71,127.98,16.33,135.44
ch2_ohr_ncp_20250304T1050453845_d_img_d18_x11520_y98560.png,0.2957,15.35,134.51,20.31,140.0
ch2_ohr_ncp_20250304T1050453845_d_img_d18_x11520_y99200.png,0.3582,299.68,622.37,306.86,628.47
ch2_ohr_ncp_20250304T1050453845_d_img_d18_x11520_y99840.png,0.3319,129.66,113.82,135.28,119.44
ch2_ohr_ncp_20250304T1249251285_d_img_d18_x00000_y40960.png,0.2535,600.2,621.4,605.08,628.0
ch2_ohr_ncp_20250304T1249251285_d_img_d18_x00000_y40960.png,0.2267,631.86,635.45,638.57,639.52
ch2_ohr_ncp_20250304T1249251285_d_img_d18_x00000_y69120.png,0.4723,161.53,20.0,168.42,27.32
ch2_ohr_ncp_20250304T1249251285_d_img_d18_x00000_y69120.png,0.2872,110.77,0.63,121.18,12.91
ch2_ohr_ncp_20250304T1249251285_d_img_d18_x00000_y90880.png,0.2985,588.06,482.15,596.0,489.22
ch2_ohr_ncp_20250304T1249251285_d_img_d18_x00000_y90880.png,0.2215,133.57,278.23,142.76,288.57
ch2_ohr_ncp_20250304T1249251285_d_img_d18_x00640_y39040.png,0.3361,587.41,633.62,593.01,638.73
ch2_ohr_ncp_20250304T1249251285_d_img_d18_x00640_y49280.png,0.2361,70.82,363.15,102.13,425.43
ch2_ohr_ncp_20250304T1249251285_d_img_d18_x00640_y49280.png,0.2184,68.43,362.18,103.16,442.57
ch2_ohr_ncp_20250304T1249251285_d_img_d18_x00640_y52480.png,0.223,95.73,0.0,160.97,35.57
ch2_ohr_ncp_20250304T1249251285_d_img_d18_x00640_y60800.png,0.303,352.14,603.83,356.61,609.72
ch2_ohr_ncp_20250304T1249251285_d_img_d18_x00640_y67840.png,0.2339,17.56,2.03,21.84,6.76
ch2_ohr_ncp_20250304T1249251285_d_img_d18_x00640_y82560.png,0.2662,63.45,629.98,68.63,636.32
ch2_ohr_ncp_20250304T1249251285_d_img_d18_x00640_y82560.png,0.2152,624.7,36.77,629.27,44.0
ch2_ohr_ncp_20250304T1249251285_d_img_d18_x00640_y83200.png,0.5823,8.7,630.97,17.55,639.65
ch2_ohr_ncp_20250304T1249251285_d_img_d18_x00640_y83200.png,0.2917,20.0,617.33,30.24,627.34
ch2_ohr_ncp_20250304T1249251285_d_img_d18_x00640_y83200.png,0.2819,32.56,523.99,37.69,529.92
ch2_ohr_ncp_20250304T1249251285_d_img_d18_x00640_y83200.png,0.2651,437.51,539.98,444.04,546.73
ch2_ohr_ncp_20250304T1249251285_d_img_d18_x00640_y83200.png,0.2331,21.0,615.95,31.5,627.87
ch2_ohr_ncp_20250304T1249251285_d_img_d18_x00640_y89600.png,0.2573,616.13,78.64,623.9,85.65
ch2_ohr_ncp_20250304T1249251285_d_img_d18_x00640_y91520.png,0.3525,208.54,309.39,216.98,316.75
ch2_ohr_ncp_20250304T1249251285_d_img_d18_x00640_y91520.png,0.3036,503.04,257.93,508.0,262.73
ch2_ohr_ncp_20250304T1249251285_d_img_d18_x00640_y91520.png,0.2448,416.23,442.45,421.32,447.97
ch2_ohr_ncp_20250304T1249251285_d_img_d18_x00640_y91520.png,0.2025,163.93,283.23,172.37,292.05
ch2_ohr_ncp_20250304T1249251285_d_img_d18_x01280_y43520.png,0.248,438.6,551.05,500.68,603.28
ch2_ohr_ncp_20250304T1249251285_d_img_d18_x01280_y49280.png,0.3784,268.39,32.5,292.87,71.39
ch2_ohr_ncp_20250304T1249251285_d_img_d18_x01280_y62720.png,0.2638,631.74,491.17,636.13,496.39
ch2_ohr_ncp_20250304T1249251285_d_img_d18_x01280_y65280.png,0.2791,592.11,87.57,597.47,93.86
ch2_ohr_ncp_20250304T1249251285_d_img_d18_x01280_y81920.png,0.2843,57.01,541.94,98.4,620.25
ch2_ohr_ncp_20250304T1249251285_d_img_d18_x01280_y82560.png,0.2169,144.2,509.03,149.55,516.0
ch2_ohr_ncp_20250304T1249251285_d_img_d18_x01280_y83200.png,0.5489,598.3,580.2,607.48,590.36
ch2_ohr_ncp_20250304T1249251285_d_img_d18_x01280_y83200.png,0.324,541.25,626.77,548.0,632.9
ch2_ohr_ncp_20250304T1249251285_d_img_d18_x01280_y83200.png,0.2731,568.4,563.19,574.06,569.15
ch2_ohr_ncp_20250304T1249251285_d_img_d18_x01280_y83200.png,0.2654,540.0,626.86,546.91,632.75
ch2_ohr_ncp_20250304T1249251285_d_img_d18_x01280_y83840.png,0.2468,164.73,373.5,235.11,452.34
ch2_ohr_ncp_20250304T1249251285_d_img_d18_x01280_y88960.png,0.2666,489.69,275.78,518.21,319.66
ch2_ohr_ncp_20250304T1249251285_d_img_d18_x01280_y92160.png,0.5482,167.29,19.83,172.59,25.79
ch2_ohr_ncp_20250304T1249251285_d_img_d18_x01280_y92160.png,0.3594,555.97,443.74,561.24,449.02
ch2_ohr_ncp_20250304T1249251285_d_img_d18_x01280_y92160.png,0.3544,25.18,26.4,29.59,31.06
ch2_ohr_ncp_20250304T1249251285_d_img_d18_x01280_y92160.png,0.3372,594.16,303.82,598.9,308.92
ch2_ohr_ncp_20250304T1249251285_d_img_d18_x01280_y92160.png,0.3183,85.0,83.49,89.75,88.16
ch2_ohr_ncp_20250304T1249251285_d_img_d18_x01920_y46720.png,0.3052,459.96,4.54,467.54,14.12
ch2_ohr_ncp_20250304T1249251285_d_img_d18_x01920_y46720.png,0.2906,526.46,1.85,532.19,7.06
ch2_ohr_ncp_20250304T1249251285_d_img_d18_x01920_y46720.png,0.2578,423.37,73.68,429.95,80.37
ch2_ohr_ncp_20250304T1249251285_d_img_d18_x01920_y46720.png,0.2162,460.44,3.99,469.27,14.8
ch2_ohr_ncp_20250304T1249251285_d_img_d18_x01920_y56960.png,0.2984,7.39,587.11,12.09,592.44
ch2_ohr_ncp_20250304T1249251285_d_img_d18_x01920_y92160.png,0.2149,144.0,275.91,150.01,282.47
ch2_ohr_ncp_20250304T1249251285_d_img_d18_x02560_y83840.png,0.4021,17.88,609.45,23.52,615.37
ch2_ohr_ncp_20250304T1249251285_d_img_d18_x02560_y83840.png,0.2967,17.72,305.39,23.59,311.19
ch2_ohr_ncp_20250304T1249251285_d_img_d18_x02560_y83840.png,0.2026,4.81,626.06,12.2,634.19
ch2_ohr_ncp_20250304T1249251285_d_img_d18_x02560_y85120.png,0.5378,63.87,365.08,69.87,372.06
ch2_ohr_ncp_20250304T1249251285_d_img_d18_x02560_y85120.png,0.4613,224.14,233.78,229.44,239.36
ch2_ohr_ncp_20250304T1249251285_d_img_d18_x02560_y85120.png,0.3578,208.94,187.99,215.3,194.7
ch2_ohr_ncp_20250304T1249251285_d_img_d18_x02560_y85120.png,0.3226,57.96,387.96,65.85,395.9
ch2_ohr_ncp_20250304T1249251285_d_img_d18_x02560_y88960.png,0.3779,589.55,551.33,603.59,583.72
ch2_ohr_ncp_20250304T1249251285_d_img_d18_x02560_y88960.png,0.2911,553.07,351.0,557.11,356.01
ch2_ohr_ncp_20250304T1249251285_d_img_d18_x02560_y88960.png,0.2566,591.4,552.23,615.45,581.16
ch2_ohr_ncp_20250304T1249251285_d_img_d18_x02560_y90240.png,0.4354,545.84,515.83,552.61,533.61
ch2_ohr_ncp_20250304T1249251285_d_img_d18_x02560_y90240.png,0.2859,381.54,105.51,391.75,128.77
ch2_ohr_ncp_20250304T1249251285_d_img_d18_x02560_y90240.png,0.2494,373.35,91.69,381.61,122.21
ch2_ohr_ncp_20250304T1249251285_d_img_d18_x02560_y90880.png,0.4162,537.55,98.99,567.76,128.9
ch2_ohr_ncp_20250304T1249251285_d_img_d18_x02560_y90880.png,0.3801,608.98,525.8,639.04,568.3
ch2_ohr_ncp_20250304T1249251285_d_img_d18_x02560_y90880.png,0.3012,614.34,137.72,631.8,162.57
ch2_ohr_ncp_20250304T1249251285_d_img_d18_x02560_y90880.png,0.2283,624.88,136.89,636.37,163.08
ch2_ohr_ncp_20250304T1249251285_d_img_d18_x02560_y90880.png,0.2041,536.12,88.88,569.71,121.73
ch2_ohr_ncp_20250304T1249251285_d_img_d18_x02560_y92800.png,0.5037,167.88,241.64,174.1,247.32
ch2_ohr_ncp_20250304T1249251285_d_img_d18_x02560_y92800.png,0.4125,33.67,0.0,40.17,5.18
ch2_ohr_ncp_20250304T1249251285_d_img_d18_x02560_y92800.png,0.3666,363.94,287.22,371.38,293.82
ch2_ohr_ncp_20250304T1249251285_d_img_d18_x02560_y92800.png,0.2103,278.81,157.77,285.08,164.46
ch2_ohr_ncp_20250304T1249251285_d_img_d18_x02560_y93440.png,0.4439,362.15,161.82,367.53,166.62
ch2_ohr_ncp_20250304T1249251285_d_img_d18_x02560_y93440.png,0.2384,323.99,27.05,328.92,31.14
ch2_ohr_ncp_20250304T1249251285_d_img_d18_x02560_y93440.png,0.2375,368.66,79.17,372.78,84.01
ch2_ohr_ncp_20250304T1249251285_d_img_d18_x02560_y93440.png,0.2086,363.13,178.23,367.75,183.21
ch2_ohr_ncp_20250304T1249251285_d_img_d18_x03200_y43520.png,0.2705,380.72,605.72,472.19,640.0
ch2_ohr_ncp_20250304T1249251285_d_img_d18_x03200_y89600.png,0.2917,632.12,87.51,637.87,93.5
ch2_ohr_ncp_20250304T1249251285_d_img_d18_x03200_y93440.png,0.5015,613.31,248.9,620.54,255.15
ch2_ohr_ncp_20250304T1249251285_d_img_d18_x03200_y93440.png,0.3791,526.17,563.99,533.46,569.82
ch2_ohr_ncp_20250304T1249251285_d_img_d18_x03200_y93440.png,0.3451,9.5,181.67,16.24,188.01
ch2_ohr_ncp_20250304T1249251285_d_img_d18_x03200_y93440.png,0.3358,327.73,175.47,350.14,199.01
ch2_ohr_ncp_20250304T1249251285_d_img_d18_x03200_y93440.png,0.2069,478.34,451.96,484.01,456.88
ch2_ohr_ncp_20250304T1249251285_d_img_d18_x03840_y92160.png,0.2028,81.52,3.94,84.84,11.43
ch2_ohr_ncp_20250304T1249251285_d_img_d18_x03840_y93440.png,0.249,310.97,403.61,401.2,528.94
ch2_ohr_ncp_20250304T1249251285_d_img_d18_x04480_y94080.png,0.2565,463.72,146.79,470.94,154.38
ch2_ohr_ncp_20250304T1249251285_d_img_d18_x04480_y94080.png,0.225,531.35,376.51,537.06,382.03
ch2_ohr_ncp_20250304T1249251285_d_img_d18_x05120_y93440.png,0.2352,547.87,599.79,551.85,614.49
ch2_ohr_ncp_20250304T1249251285_d_img_d18_x05120_y94720.png,0.6057,238.94,230.95,245.4,237.83
ch2_ohr_ncp_20250304T1249251285_d_img_d18_x05120_y94720.png,0.3378,245.66,214.2,252.1,221.0
ch2_ohr_ncp_20250304T1249251285_d_img_d18_x05120_y94720.png,0.2865,134.27,80.88,140.03,86.68
ch2_ohr_ncp_20250304T1249251285_d_img_d18_x05120_y94720.png,0.2721,202.17,144.03,208.11,150.02
ch2_ohr_ncp_20250304T1249251285_d_img_d18_x05120_y94720.png,0.2575,208.86,157.08,217.69,164.03
ch2_ohr_ncp_20250304T1249251285_d_img_d18_x05760_y87040.png,0.2785,17.39,633.11,26.88,639.86
ch2_ohr_ncp_20250304T1249251285_d_img_d18_x05760_y95360.png,0.3529,383.49,277.81,390.79,285.74
ch2_ohr_ncp_20250304T1249251285_d_img_d18_x05760_y95360.png,0.2897,303.49,147.26,312.13,156.23
ch2_ohr_ncp_20250304T1249251285_d_img_d18_x05760_y96000.png,0.489,489.98,286.15,496.56,293.02
ch2_ohr_ncp_20250304T1249251285_d_img_d18_x05760_y96000.png,0.4817,373.59,24.8,385.3,36.17
ch2_ohr_ncp_20250304T1249251285_d_img_d18_x05760_y96000.png,0.4439,611.73,285.85,621.25,297.05
ch2_ohr_ncp_20250304T1249251285_d_img_d18_x05760_y96000.png,0.3219,420.98,26.93,428.04,33.19
ch2_ohr_ncp_20250304T1249251285_d_img_d18_x05760_y96000.png,0.2947,598.21,247.24,604.35,252.66
ch2_ohr_ncp_20250304T1249251285_d_img_d18_x05760_y96000.png,0.2369,607.09,283.91,612.19,294.55
ch2_ohr_ncp_20250304T1249251285_d_img_d18_x05760_y96000.png,0.2127,518.99,277.39,523.55,282.25
ch2_ohr_ncp_20250304T1249251285_d_img_d18_x05760_y96000.png,0.2078,408.47,223.66,414.16,229.77
ch2_ohr_ncp_20250304T1249251285_d_img_d18_x06400_y96000.png,0.3606,397.62,310.94,405.82,318.53
ch2_ohr_ncp_20250304T1249251285_d_img_d18_x06400_y96000.png,0.2986,137.95,6.17,144.57,13.78
ch2_ohr_ncp_20250304T1249251285_d_img_d18_x06400_y96000.png,0.2604,209.95,305.44,217.1,314.2
ch2_ohr_ncp_20250304T1249251285_d_img_d18_x06400_y96000.png,0.2273,81.96,340.59,91.27,349.42
ch2_ohr_ncp_20250304T1249251285_d_img_d18_x06400_y96640.png,0.4926,382.78,77.94,388.03,84.07
ch2_ohr_ncp_20250304T1249251285_d_img_d18_x06400_y96640.png,0.2614,447.09,42.9,453.22,47.96
ch2_ohr_ncp_20250304T1249251285_d_img_d18_x07040_y46080.png,0.2138,635.01,619.99,639.23,625.66
ch2_ohr_ncp_20250304T1249251285_d_img_d18_x07040_y51840.png,0.2737,386.74,118.36,397.08,131.21
ch2_ohr_ncp_20250304T1249251285_d_img_d18_x07040_y87680.png,0.2767,621.05,19.81,640.0,66.53
ch2_ohr_ncp_20250304T1249251285_d_img_d18_x07040_y93440.png,0.202,68.35,213.66,89.46,253.46
ch2_ohr_ncp_20250304T1249251285_d_img_d18_x07040_y96640.png,0.2275,354.26,278.68,362.91,287.91
ch2_ohr_ncp_20250304T1249251285_d_img_d18_x07680_y97280.png,0.227,400.22,620.0,405.97,625.94
ch2_ohr_ncp_20250304T1249251285_d_img_d18_x07680_y97920.png,0.7349,277.56,159.19,288.8,167.26
ch2_ohr_ncp_20250304T1249251285_d_img_d18_x07680_y97920.png,0.6523,290.94,95.81,296.95,101.61
ch2_ohr_ncp_20250304T1249251285_d_img_d18_x07680_y97920.png,0.6189,261.66,203.15,268.49,211.13
ch2_ohr_ncp_20250304T1249251285_d_img_d18_x07680_y97920.png,0.579,158.56,59.4,166.27,65.5
ch2_ohr_ncp_20250304T1249251285_d_img_d18_x07680_y97920.png,0.5746,287.77,139.8,293.52,145.15
ch2_ohr_ncp_20250304T1249251285_d_img_d18_x07680_y97920.png,0.4727,406.63,63.97,415.05,70.97
ch2_ohr_ncp_20250304T1249251285_d_img_d18_x07680_y97920.png,0.4127,266.75,141.28,275.0,148.52
ch2_ohr_ncp_20250304T1249251285_d_img_d18_x07680_y97920.png,0.3493,315.91,213.04,322.48,220.02
ch2_ohr_ncp_20250304T1249251285_d_img_d18_x07680_y97920.png,0.2777,412.0,207.97,417.89,213.2
ch2_ohr_ncp_20250304T1249251285_d_img_d18_x07680_y97920.png,0.2701,428.0,226.41,434.36,231.62
ch2_ohr_ncp_20250304T1249251285_d_img_d18_x08320_y89600.png,0.4089,163.08,545.02,170.07,552.27
ch2_ohr_ncp_20250304T1249251285_d_img_d18_x08320_y89600.png,0.2226,41.61,614.42,50.03,622.95
ch2_ohr_ncp_20250304T1249251285_d_img_d18_x08320_y97920.png,0.5767,510.16,536.09,516.02,543.55
ch2_ohr_ncp_20250304T1249251285_d_img_d18_x08320_y98560.png,0.4677,540.0,336.49,546.65,341.84
ch2_ohr_ncp_20250304T1249251285_d_img_d18_x08320_y98560.png,0.4045,541.41,336.43,548.0,341.98
ch2_ohr_ncp_20250304T1249251285_d_img_d18_x08320_y98560.png,0.3065,471.74,196.49,477.93,202.61
ch2_ohr_ncp_20250304T1249251285_d_img_d18_x08320_y98560.png,0.2573,497.54,376.99,503.3,382.76
ch2_ohr_ncp_20250304T1249251285_d_img_d18_x08320_y98560.png,0.2381,243.68,61.54,248.33,68.01
ch2_ohr_ncp_20250304T1249251285_d_img_d18_x08320_y98560.png,0.2369,414.62,43.99,420.02,50.46
ch2_ohr_ncp_20250304T1249251285_d_img_d18_x08960_y90240.png,0.2531,225.5,318.0,233.09,326.62
ch2_ohr_ncp_20250304T1249251285_d_img_d18_x08960_y90880.png,0.2896,59.54,200.89,64.7,207.24
ch2_ohr_ncp_20250304T1249251285_d_img_d18_x08960_y90880.png,0.2737,194.62,46.35,279.39,108.54
ch2_ohr_ncp_20250304T1249251285_d_img_d18_x08960_y99200.png,0.6408,273.95,280.38,280.96,286.99
ch2_ohr_ncp_20250304T1249251285_d_img_d18_x08960_y99200.png,0.6387,262.36,253.88,268.08,260.11
ch2_ohr_ncp_20250304T1249251285_d_img_d18_x08960_y99200.png,0.6104,237.5,227.28,244.22,234.12
ch2_ohr_ncp_20250304T1249251285_d_img_d18_x08960_y99200.png,0.5393,301.58,368.15,308.01,375.94
ch2_ohr_ncp_20250304T1249251285_d_img_d18_x08960_y99200.png,0.533,257.23,190.89,261.33,196.0
ch2_ohr_ncp_20250304T1249251285_d_img_d18_x08960_y99200.png,0.5108,563.09,210.77,569.26,218.68
ch2_ohr_ncp_20250304T1249251285_d_img_d18_x08960_y99200.png,0.4794,532.0,144.79,537.79,149.9
ch2_ohr_ncp_20250304T1249251285_d_img_d18_x08960_y99200.png,0.474,293.8,339.87,300.04,345.72
ch2_ohr_ncp_20250304T1249251285_d_img_d18_x08960_y99200.png,0.4514,552.93,609.14,558.11,614.03
ch2_ohr_ncp_20250304T1249251285_d_img_d18_x08960_y99200.png,0.432,577.23,145.08,583.0,150.55
ch2_ohr_ncp_20250304T1249251285_d_img_d18_x08960_y99200.png,0.4094,153.17,251.19,160.09,257.41
ch2_ohr_ncp_20250304T1249251285_d_img_d18_x08960_y99200.png,0.3976,67.94,218.58,74.43,224.65
ch2_ohr_ncp_20250304T1249251285_d_img_d18_x08960_y99200.png,0.3953,449.21,33.57,454.54,39.74
ch2_ohr_ncp_20250304T1249251285_d_img_d18_x08960_y99200.png,0.3896,379.56,248.36,384.09,253.35
ch2_ohr_ncp_20250304T1249251285_d_img_d18_x08960_y99200.png,0.3791,345.2,249.54,350.19,254.3
ch2_ohr_ncp_20250304T1249251285_d_img_d18_x08960_y99200.png,0.3407,393.56,160.05,398.76,165.65
ch2_ohr_ncp_20250304T1249251285_d_img_d18_x08960_y99200.png,0.3196,256.19,22.39,260.9,28.01
ch2_ohr_ncp_20250304T1249251285_d_img_d18_x08960_y99200.png,0.3099,529.12,163.98,533.85,168.67
ch2_ohr_ncp_20250304T1249251285_d_img_d18_x08960_y99200.png,0.3065,297.53,190.06,302.57,196.0
ch2_ohr_ncp_20250304T1249251285_d_img_d18_x08960_y99200.png,0.2982,339.76,361.36,344.88,367.09
ch2_ohr_ncp_20250304T1249251285_d_img_d18_x08960_y99200.png,0.2676,68.84,218.46,76.01,224.52
ch2_ohr_ncp_20250304T1249251285_d_img_d18_x08960_y99200.png,0.2459,300.0,368.18,307.05,375.96
ch2_ohr_ncp_20250304T1249251285_d_img_d18_x08960_y99200.png,0.2441,334.2,190.16,340.0,196.02
ch2_ohr_ncp_20250304T1249251285_d_img_d18_x08960_y99200.png,0.2197,411.99,417.05,417.97,423.43
ch2_ohr_ncp_20250304T1249251285_d_img_d18_x08960_y99200.png,0.2099,469.66,20.02,477.19,28.21
ch2_ohr_ncp_20250304T1249251285_d_img_d18_x08960_y99200.png,0.2058,358.27,219.33,370.02,235.66
ch2_ohr_ncp_20250304T1249251285_d_img_d18_x09600_y100480.png,0.4516,633.68,307.87,638.97,313.46
ch2_ohr_ncp_20250304T1249251285_d_img_d18_x09600_y100480.png,0.3632,455.03,63.85,460.59,70.13
ch2_ohr_ncp_20250304T1249251285_d_img_d18_x09600_y91520.png,0.3795,109.69,571.95,116.03,578.06
ch2_ohr_ncp_20250304T1249251285_d_img_d18_x09600_y91520.png,0.3263,99.61,578.99,104.84,584.72
ch2_ohr_ncp_20250304T1249251285_d_img_d18_x09600_y91520.png,0.3213,141.73,523.45,151.14,532.4
ch2_ohr_ncp_20250304T1249251285_d_img_d18_x09600_y91520.png,0.2591,108.0,571.69,115.38,578.17
ch2_ohr_ncp_20250304T1249251285_d_img_d18_x09600_y99840.png,0.4683,281.52,250.31,295.06,264.6
ch2_ohr_ncp_20250304T1249251285_d_img_d18_x09600_y99840.png,0.4463,163.9,166.17,169.37,170.91
ch2_ohr_ncp_20250304T1249251285_d_img_d18_x09600_y99840.png,0.3869,152.16,136.04,158.12,142.07
ch2_ohr_ncp_20250304T1249251285_d_img_d18_x09600_y99840.png,0.3732,474.22,14.09,484.31,26.69
ch2_ohr_ncp_20250304T1249251285_d_img_d18_x09600_y99840.png,0.3225,95.83,235.97,101.59,241.16
ch2_ohr_ncp_20250304T1249251285_d_img_d18_x09600_y99840.png,0.2134,635.93,598.18,640.0,604.35
ch2_ohr_ncp_20250304T1249251285_d_img_d18_x10240_y100480.png,0.5184,587.1,163.93,590.92,168.23
ch2_ohr_ncp_20250304T1249251285_d_img_d18_x10240_y100480.png,0.4349,587.98,277.94,595.52,285.36
ch2_ohr_ncp_20250304T1249251285_d_img_d18_x10240_y100480.png,0.4025,630.08,36.14,639.6,50.03
ch2_ohr_ncp_20250304T1249251285_d_img_d18_x10240_y100480.png,0.3974,542.16,96.66,549.92,106.62
ch2_ohr_ncp_20250304T1249251285_d_img_d18_x10240_y100480.png,0.2307,516.76,485.54,527.65,496.89
ch2_ohr_ncp_20250304T1249251285_d_img_d18_x10240_y100480.png,0.2222,586.66,110.26,591.09,116.0
ch2_ohr_ncp_20250304T1249251285_d_img_d18_x10240_y100480.png,0.2093,604.93,15.62,617.49,27.28
ch2_ohr_ncp_20250304T1249251285_d_img_d18_x10240_y92160.png,0.4437,170.04,552.15,175.03,557.77
ch2_ohr_ncp_20250304T1249251285_d_img_d18_x10240_y92800.png,0.5445,16.03,303.71,22.43,309.91
ch2_ohr_ncp_20250304T1249251285_d_img_d18_x10240_y92800.png,0.4964,107.69,17.56,112.34,22.7
ch2_ohr_ncp_20250304T1249251285_d_img_d18_x10240_y92800.png,0.4033,8.2,311.09,14.93,320.71
ch2_ohr_ncp_20250304T1249251285_d_img_d18_x10240_y92800.png,0.3981,87.98,35.98,92.84,41.82
ch2_ohr_ncp_20250304T1249251285_d_img_d18_x10240_y92800.png,0.3761,15.31,633.84,21.42,639.27
ch2_ohr_ncp_20250304T1249251285_d_img_d18_x10240_y92800.png,0.2688,14.46,85.65,21.25,92.77
ch2_ohr_ncp_20250304T1249251285_d_img_d18_x10240_y92800.png,0.2577,41.35,51.99,47.43,58.49
ch2_ohr_ncp_20250304T1249251285_d_img_d18_x10240_y92800.png,0.2241,85.66,52.42,100.91,65.63
ch2_ohr_ncp_20250304T1249251285_d_img_d18_x10240_y92800.png,0.2188,39.72,70.74,43.09,73.99
ch2_ohr_ncp_20250304T1249251285_d_img_d18_x10240_y92800.png,0.216,58.21,46.46,62.24,52.01
ch2_ohr_ncp_20250304T1249251285_d_img_d18_x10240_y92800.png,0.2133,37.19,613.27,42.81,619.09
ch2_ohr_ncp_20250304T1249251285_d_img_d18_x10880_y100480.png,0.3069,155.76,286.94,163.23,294.91
ch2_ohr_ncp_20250304T1249251285_d_img_d18_x10880_y100480.png,0.2604,70.27,266.04,76.0,270.75
ch2_ohr_ncp_20250304T1249251285_d_img_d18_x10880_y100480.png,0.2271,63.69,281.76,70.23,287.07
ch2_ohr_ncp_20250304T1249251285_d_img_d18_x11520_y94080.png,0.4242,11.64,42.7,16.55,48.6
ch2_ohr_ncp_20250304T1249251285_d_img_d18_x11520_y94080.png,0.2077,296.52,611.46,301.06,616.23
ch2_ohr_ncp_20250304T1249251285_d_img_d18_x11520_y94720.png,0.4452,139.27,560.23,144.52,565.63
ch2_ohr_ncp_20250304T1249251285_d_img_d18_x11520_y94720.png,0.3668,136.97,428.18,143.05,436.06
ch2_ohr_ncp_20250304T1249251285_d_img_d18_x11520_y94720.png,0.3289,231.87,294.2,238.83,303.13
ch2_ohr_ncp_20250304T1249251285_d_img_d18_x11520_y94720.png,0.3086,227.95,410.86,233.08,415.91
ch2_ohr_ncp_20250304T1249251285_d_img_d18_x11520_y94720.png,0.2329,212.0,443.97,218.65,450.06
ch2_ohr_ncp_20250304T1249251285_d_img_d18_x11520_y94720.png,0.2239,25.4,506.68,31.19,512.72
ch2_ohr_ncp_20250304T1249251285_d_img_d18_x11520_y94720.png,0.2134,147.88,624.39,154.11,632.02
ch2_ohr_ncp_20250304T1249251285_d_img_d18_x11520_y94720.png,0.2099,0.18,568.14,5.68,575.73
ch2_ohr_ncp_20250304T1249251285_d_img_d18_x11520_y94720.png,0.2093,213.45,443.93,220.01,450.04
ch2_ohr_ncp_20250304T1249251285_d_img_d18_x11520_y95360.png,0.5546,171.46,39.85,176.45,44.73
ch2_ohr_ncp_20250304T1249251285_d_img_d18_x11520_y95360.png,0.3587,428.0,62.87,434.12,68.19
ch2_ohr_ncp_20250304T1249251285_d_img_d18_x11520_y95360.png,0.2349,154.18,0.0,161.25,4.0
ch2_ohr_ncp_20250304T1249251285_d_img_d18_x11520_y96000.png,0.5771,56.24,547.89,61.47,553.31
ch2_ohr_ncp_20250304T1249251285_d_img_d18_x11520_y96000.png,0.4987,97.1,554.66,102.23,560.68
ch2_ohr_ncp_20250304T1249251285_d_img_d18_x11520_y96000.png,0.3355,53.29,0.03,64.09,4.28
ch2_ohr_ncp_20250304T1249251285_d_img_d18_x11520_y96000.png,0.3307,41.85,138.12,47.89,142.9
ch2_ohr_ncp_20250304T1249251285_d_img_d18_x11520_y96000.png,0.3222,139.31,1.23,144.5,6.69
ch2_ohr_ncp_20250304T1249251285_d_img_d18_x11520_y96640.png,0.5446,129.91,576.66,135.02,581.49
ch2_ohr_ncp_20250304T1249251285_d_img_d18_x11520_y96640.png,0.3226,156.28,57.68,164.68,67.77
ch2_ohr_ncp_20250304T1249251285_d_img_d18_x11520_y96640.png,0.2786,217.83,4.0,223.31,9.8
ch2_ohr_ncp_20250304T1249251285_d_img_d18_x11520_y96640.png,0.2499,40.01,609.72,49.98,620.03
ch2_ohr_ncp_20250304T1249251285_d_img_d18_x11520_y96640.png,0.2466,26.45,624.23,34.62,634.33
ch2_ohr_ncp_20250304T1249251285_d_img_d18_x11520_y96640.png,0.2253,155.99,522.74,166.15,532.08
ch2_ohr_ncp_20250304T1249251285_d_img_d18_x11520_y97280.png,0.5479,154.11,363.83,159.34,369.29
ch2_ohr_ncp_20250304T1249251285_d_img_d18_x11520_y97280.png,0.4991,72.69,99.98,76.91,105.7
ch2_ohr_ncp_20250304T1249251285_d_img_d18_x11520_y97280.png,0.4682,98.8,191.98,104.36,198.53
ch2_ohr_ncp_20250304T1249251285_d_img_d18_x11520_y97280.png,0.4522,53.84,175.8,60.0,182.13
ch2_ohr_ncp_20250304T1249251285_d_img_d18_x11520_y97280.png,0.3325,115.05,326.27,123.29,335.39
ch2_ohr_ncp_20250304T1249251285_d_img_d18_x11520_y97280.png,0.2913,194.04,328.33,199.31,333.56
ch2_ohr_ncp_20250304T1249251285_d_img_d18_x11520_y97280.png,0.2682,261.62,595.55,269.8,603.5
ch2_ohr_ncp_20250304T1249251285_d_img_d18_x11520_y97280.png,0.2315,27.88,41.77,33.24,46.97
ch2_ohr_ncp_20250304T1249251285_d_img_d18_x11520_y97280.png,0.2295,53.76,176.01,58.94,184.01
ch2_ohr_ncp_20250304T1249251285_d_img_d18_x11520_y97280.png,0.2068,4.5,413.39,12.44,421.42
ch2_ohr_ncp_20250304T1249251285_d_img_d18_x11520_y97920.png,0.6533,73.66,416.64,81.47,425.63
ch2_ohr_ncp_20250304T1249251285_d_img_d18_x11520_y97920.png,0.3981,197.35,41.0,204.92,50.27
ch2_ohr_ncp_20250304T1249251285_d_img_d18_x11520_y97920.png,0.3581,131.77,479.71,138.53,486.79
ch2_ohr_ncp_20250304T1249251285_d_img_d18_x11520_y97920.png,0.2955,0.25,496.23,6.23,502.96
ch2_ohr_ncp_20250304T1249251285_d_img_d18_x11520_y97920.png,0.272,242.85,154.29,249.52,160.14
ch2_ohr_ncp_20250304T1249251285_d_img_d18_x11520_y97920.png,0.2382,137.93,338.4,156.8,359.62
ch2_ohr_ncp_20250304T1249251285_d_img_d18_x11520_y97920.png,0.2338,50.21,435.96,54.95,440.63
ch2_ohr_ncp_20250304T1249251285_d_img_d18_x11520_y97920.png,0.2287,183.06,28.97,189.58,36.75
ch2_ohr_ncp_20250304T1249251285_d_img_d18_x11520_y97920.png,0.2275,251.63,287.14,261.7,298.65
ch2_ohr_ncp_20250304T1249251285_d_img_d18_x11520_y97920.png,0.223,291.68,132.0,297.22,138.37
ch2_ohr_ncp_20250304T1249251285_d_img_d18_x11520_y98560.png,0.4156,19.44,405.61,28.1,414.54
ch2_ohr_ncp_20250304T1249251285_d_img_d18_x11520_y98560.png,0.221,3.98,523.51,9.53,529.2
ch2_ohr_ncp_20250304T1249251285_d_img_d18_x11520_y98560.png,0.2091,37.97,488.02,44.06,495.69
ch2_ohr_ncp_20251007T0659402125_d_img_d18_x05120_y53120.png,0.4517,566.06,16.48,573.44,25.52
ch2_ohr_ncp_20251007T0659402125_d_img_d18_x05120_y53120.png,0.3192,587.03,2.34,594.35,11.73
ch2_ohr_ncp_20251007T0659402125_d_img_d18_x05120_y53120.png,0.3073,586.63,3.23,592.94,12.74
ch2_ohr_ncp_20251007T0659402125_d_img_d18_x05120_y53120.png,0.2768,620.69,62.9,628.45,69.69
ch2_ohr_ncp_20251007T0659402125_d_img_d18_x05120_y53120.png,0.239,420.57,464.64,428.65,472.45
ch2_ohr_ncp_20251007T0659402125_d_img_d18_x05120_y53120.png,0.2344,553.51,23.65,560.06,33.54
ch2_ohr_ncp_20251007T0659402125_d_img_d18_x05120_y53120.png,0.2152,587.69,1.86,596.02,10.83
ch2_ohr_ncp_20251007T0659402125_d_img_d18_x05120_y53760.png,0.2704,610.32,481.16,617.66,488.96
ch2_ohr_ncp_20251007T0659402125_d_img_d18_x05120_y54400.png,0.3124,578.83,517.56,586.06,525.4
ch2_ohr_ncp_20251007T0659402125_d_img_d18_x05120_y55040.png,0.2447,568.86,2.06,575.53,10.21
ch2_ohr_ncp_20251007T0659402125_d_img_d18_x05760_y53120.png,0.2463,143.43,299.71,148.98,305.42
ch2_ohr_ncp_20251007T0659402125_d_img_d18_x05760_y53760.png,0.275,10.79,299.06,19.54,308.93
ch2_ohr_ncp_20251007T0659402125_d_img_d18_x06400_y54400.png,0.4872,397.45,571.41,404.55,582.18
ch2_ohr_ncp_20251007T0659402125_d_img_d18_x07040_y58880.png,0.2352,613.77,259.86,639.59,307.7
ch2_ohr_ncp_20251007T0659402125_d_img_d18_x07680_y60160.png,0.2151,548.8,2.01,559.84,12.96
ch2_ohr_ncp_20251007T0659402125_d_img_d18_x08320_y58240.png,0.223,599.47,519.01,604.01,524.07
ch2_ohr_ncp_20251007T0659402125_d_img_d18_x08320_y62720.png,0.2034,562.23,291.95,567.88,298.22
ch2_ohr_ncp_20251007T0659402125_d_img_d18_x08320_y64000.png,0.2246,541.57,619.85,548.02,627.79
ch2_ohr_ncp_20251007T0659402125_d_img_d18_x08960_y51200.png,0.4809,602.88,251.99,607.11,258.19
ch2_ohr_ncp_20251007T0659402125_d_img_d18_x08960_y57600.png,0.2817,579.88,16.35,584.93,22.16
ch2_ohr_ncp_20251007T0659402125_d_img_d18_x08960_y61440.png,0.3804,603.77,592.7,609.98,601.52
ch2_ohr_ncp_20251007T0659402125_d_img_d18_x08960_y62720.png,0.2021,442.94,571.99,448.44,578.99
ch2_ohr_ncp_20251007T0659402125_d_img_d18_x08960_y72960.png,0.201,583.25,631.45,588.01,636.17
ch2_ohr_ncp_20251007T0659402125_d_img_d18_x09600_y55680.png,0.2085,494.95,284.38,500.09,292.61
ch2_ohr_ncp_20251007T0659402125_d_img_d18_x09600_y59520.png,0.3562,619.99,601.51,625.16,606.76
ch2_ohr_ncp_20251007T0659402125_d_img_d18_x09600_y60160.png,0.2291,197.91,324.0,204.0,331.21
ch2_ohr_ncp_20251007T0659402125_d_img_d18_x09600_y60800.png,0.3952,617.08,630.0,621.84,636.0
ch2_ohr_ncp_20251007T0659402125_d_img_d18_x09600_y64640.png,0.288,613.27,364.82,620.07,374.79
ch2_ohr_ncp_20251007T0659402125_d_img_d18_x09600_y65920.png,0.2101,560.85,631.35,568.12,638.4
ch2_ohr_ncp_20251007T0659402125_d_img_d18_x09600_y67200.png,0.2775,414.68,591.58,421.79,600.03
ch2_ohr_ncp_20251007T0659402125_d_img_d18_x09600_y67840.png,0.2848,633.83,166.52,637.82,172.57
ch2_ohr_ncp_20251007T0659402125_d_img_d18_x09600_y72960.png,0.3394,422.51,611.5,428.29,617.96
ch2_ohr_ncp_20251007T0659402125_d_img_d18_x09600_y72960.png,0.3186,403.24,628.0,407.68,634.56
ch2_ohr_ncp_20251007T0659402125_d_img_d18_x09600_y72960.png,0.2703,366.72,593.76,372.44,601.96
ch2_ohr_ncp_20251007T0659402125_d_img_d18_x10240_y51200.png,0.2316,475.39,626.0,480.88,632.74
ch2_ohr_ncp_20251007T0659402125_d_img_d18_x10240_y53760.png,0.2031,357.26,602.63,365.1,610.54
ch2_ohr_ncp_20251007T0659402125_d_img_d18_x10240_y56960.png,0.2042,521.75,539.97,527.19,545.96
ch2_ohr_ncp_20251007T0659402125_d_img_d18_x10240_y59520.png,0.2332,515.95,1.89,521.41,7.85
ch2_ohr_ncp_20251007T0659402125_d_img_d18_x10240_y61440.png,0.2715,572.16,27.44,580.81,37.45
ch2_ohr_ncp_20251007T0659402125_d_img_d18_x10240_y61440.png,0.2633,22.01,51.23,27.08,57.46
ch2_ohr_ncp_20251007T0659402125_d_img_d18_x10240_y61440.png,0.2389,551.77,44.88,556.82,52.06
ch2_ohr_ncp_20251007T0659402125_d_img_d18_x10240_y63360.png,0.4379,635.91,623.1,639.34,629.45
ch2_ohr_ncp_20251007T0659402125_d_img_d18_x10240_y63360.png,0.2904,635.38,591.81,638.83,597.03
ch2_ohr_ncp_20251007T0659402125_d_img_d18_x10240_y63360.png,0.2163,612.0,634.81,618.67,639.22
ch2_ohr_ncp_20251007T0659402125_d_img_d18_x10240_y63360.png,0.2152,526.95,630.05,532.25,636.04
ch2_ohr_ncp_20251007T0659402125_d_img_d18_x10240_y63360.png,0.2037,575.31,595.99,580.68,604.01
ch2_ohr_ncp_20251007T0659402125_d_img_d18_x10240_y64000.png,0.28,562.61,508.0,567.12,513.55
ch2_ohr_ncp_20251007T0659402125_d_img_d18_x10240_y64000.png,0.2168,570.36,635.76,576.85,639.51
ch2_ohr_ncp_20251007T0659402125_d_img_d18_x10240_y64000.png,0.2093,561.56,635.35,567.44,639.7
ch2_ohr_ncp_20251007T0659402125_d_img_d18_x10240_y65280.png,0.2443,627.96,546.0,632.93,551.88
ch2_ohr_ncp_20251007T0659402125_d_img_d18_x10240_y65280.png,0.2164,633.25,379.33,636.55,383.18
ch2_ohr_ncp_20251007T0659402125_d_img_d18_x10240_y65280.png,0.2081,631.35,343.78,636.1,348.75
ch2_ohr_ncp_20251007T0659402125_d_img_d18_x10240_y65920.png,0.5542,632.01,40.65,638.72,51.62
ch2_ohr_ncp_20251007T0659402125_d_img_d18_x10240_y65920.png,0.3084,626.55,95.2,633.87,103.09
ch2_ohr_ncp_20251007T0659402125_d_img_d18_x10240_y65920.png,0.2692,628.06,94.99,636.0,101.96
ch2_ohr_ncp_20251007T0659402125_d_img_d18_x10240_y65920.png,0.2312,587.99,591.28,592.75,596.13
ch2_ohr_ncp_20251007T0659402125_d_img_d18_x10240_y65920.png,0.2259,634.01,8.18,638.23,12.53
ch2_ohr_ncp_20251007T0659402125_d_img_d18_x10240_y65920.png,0.2115,619.39,95.5,624.3,107.93
ch2_ohr_ncp_20251007T0659402125_d_img_d18_x10240_y66560.png,0.4339,610.88,23.22,617.39,29.83
ch2_ohr_ncp_20251007T0659402125_d_img_d18_x10240_y66560.png,0.3798,391.76,13.53,396.56,20.87
ch2_ohr_ncp_20251007T0659402125_d_img_d18_x10240_y66560.png,0.3428,407.6,286.34,412.07,292.0
ch2_ohr_ncp_20251007T0659402125_d_img_d18_x10240_y66560.png,0.2887,460.66,221.33,468.03,228.17
ch2_ohr_ncp_20251007T0659402125_d_img_d18_x10240_y66560.png,0.2715,437.43,195.1,460.13,219.91
ch2_ohr_ncp_20251007T0659402125_d_img_d18_x10240_y66560.png,0.2685,441.64,0.0,446.92,4.04
ch2_ohr_ncp_20251007T0659402125_d_img_d18_x10240_y66560.png,0.261,580.0,27.01,586.12,32.97
ch2_ohr_ncp_20251007T0659402125_d_img_d18_x10240_y66560.png,0.2472,459.97,220.0,466.71,227.83
ch2_ohr_ncp_20251007T0659402125_d_img_d18_x10240_y66560.png,0.237,395.22,27.88,400.23,33.48
ch2_ohr_ncp_20251007T0659402125_d_img_d18_x10240_y66560.png,0.2274,308.21,299.09,316.01,306.81
ch2_ohr_ncp_20251007T0659402125_d_img_d18_x10240_y66560.png,0.2158,317.65,354.15,324.43,362.24
ch2_ohr_ncp_20251007T0659402125_d_img_d18_x10240_y67200.png,0.2812,622.9,32.52,628.0,36.76
ch2_ohr_ncp_20251007T0659402125_d_img_d18_x10240_y67200.png,0.2653,625.97,1.18,630.95,7.79
ch2_ohr_ncp_20251007T0659402125_d_img_d18_x10240_y67200.png,0.2025,487.39,203.97,492.35,211.17
ch2_ohr_ncp_20251007T0659402125_d_img_d18_x10240_y67840.png,0.3174,615.54,204.0,620.13,210.38
ch2_ohr_ncp_20251007T0659402125_d_img_d18_x10240_y67840.png,0.3166,323.99,631.62,329.26,637.68
ch2_ohr_ncp_20251007T0659402125_d_img_d18_x10240_y67840.png,0.2838,512.73,634.16,519.06,639.67
ch2_ohr_ncp_20251007T0659402125_d_img_d18_x10240_y67840.png,0.2633,595.34,184.87,602.66,193.62
ch2_ohr_ncp_20251007T0659402125_d_img_d18_x10240_y67840.png,0.2625,267.63,0.44,271.51,4.95
ch2_ohr_ncp_20251007T0659402125_d_img_d18_x10240_y67840.png,0.2364,624.59,150.76,628.02,156.0
ch2_ohr_ncp_20251007T0659402125_d_img_d18_x10240_y67840.png,0.2245,635.78,168.2,640.0,175.41
ch2_ohr_ncp_20251007T0659402125_d_img_d18_x10240_y68480.png,0.3003,42.0,635.93,46.73,639.68
ch2_ohr_ncp_20251007T0659402125_d_img_d18_x10240_y68480.png,0.285,24.99,634.23,30.22,639.42
ch2_ohr_ncp_20251007T0659402125_d_img_d18_x10240_y68480.png,0.2323,342.73,182.47,348.0,188.03
ch2_ohr_ncp_20251007T0659402125_d_img_d18_x10240_y70400.png,0.2163,627.99,361.81,635.82,373.98
ch2_ohr_ncp_20251007T0659402125_d_img_d18_x10240_y71040.png,0.2635,618.54,602.76,622.6,607.04
ch2_ohr_ncp_20251007T0659402125_d_img_d18_x10240_y71040.png,0.2057,346.71,113.62,351.01,124.0
ch2_ohr_ncp_20251007T0659402125_d_img_d18_x10880_y51840.png,0.3774,249.57,3.98,255.38,12.19
ch2_ohr_ncp_20251007T0659402125_d_img_d18_x10880_y51840.png,0.2071,249.99,5.62,254.9,12.82
ch2_ohr_ncp_20251007T0659402125_d_img_d18_x10880_y52480.png,0.4747,599.23,183.88,604.05,189.76
ch2_ohr_ncp_20251007T0659402125_d_img_d18_x10880_y52480.png,0.4207,542.2,587.98,548.0,593.93
ch2_ohr_ncp_20251007T0659402125_d_img_d18_x10880_y52480.png,0.3842,591.68,229.23,596.3,236.0
ch2_ohr_ncp_20251007T0659402125_d_img_d18_x10880_y52480.png,0.3778,611.7,604.0,616.23,610.7
ch2_ohr_ncp_20251007T0659402125_d_img_d18_x10880_y52480.png,0.3208,611.63,605.01,616.2,612.0
ch2_ohr_ncp_20251007T0659402125_d_img_d18_x10880_y52480.png,0.2571,558.53,363.17,566.11,372.32
ch2_ohr_ncp_20251007T0659402125_d_img_d18_x10880_y52480.png,0.2387,564.49,301.0,579.16,318.36
ch2_ohr_ncp_20251007T0659402125_d_img_d18_x10880_y52480.png,0.2282,527.0,609.66,532.01,614.55
ch2_ohr_ncp_20251007T0659402125_d_img_d18_x10880_y52480.png,0.2203,591.68,228.0,596.17,234.74
ch2_ohr_ncp_20251007T0659402125_d_img_d18_x10880_y52480.png,0.2089,565.06,302.62,576.21,317.8
ch2_ohr_ncp_20251007T0659402125_d_img_d18_x10880_y52480.png,0.2004,540.0,587.99,546.54,594.26
ch2_ohr_ncp_20251007T0659402125_d_img_d18_x10880_y53760.png,0.2986,633.78,491.95,638.03,496.62
ch2_ohr_ncp_20251007T0659402125_d_img_d18_x10880_y54400.png,0.3252,555.1,635.55,559.94,639.39
ch2_ohr_ncp_20251007T0659402125_d_img_d18_x10880_y54400.png,0.2397,635.54,468.0,639.48,474.33
ch2_ohr_ncp_20251007T0659402125_d_img_d18_x10880_y55040.png,0.2066,46.08,107.78,52.0,123.02
ch2_ohr_ncp_20251007T0659402125_d_img_d18_x10880_y57600.png,0.435,633.17,322.65,637.98,328.31
ch2_ohr_ncp_20251007T0659402125_d_img_d18_x10880_y57600.png,0.3546,27.06,338.77,32.54,344.13
ch2_ohr_ncp_20251007T0659402125_d_img_d18_x10880_y57600.png,0.334,34.53,342.71,38.62,349.55
ch2_ohr_ncp_20251007T0659402125_d_img_d18_x10880_y58880.png,0.3619,46.39,572.83,52.52,580.01
ch2_ohr_ncp_20251007T0659402125_d_img_d18_x10880_y58880.png,0.2779,53.22,564.37,60.08,572.42
ch2_ohr_ncp_20251007T0659402125_d_img_d18_x10880_y62720.png,0.2787,31.58,480.94,36.0,486.92
ch2_ohr_ncp_20251007T0659402125_d_img_d18_x10880_y62720.png,0.2694,36.57,435.59,41.6,441.35
ch2_ohr_ncp_20251007T0659402125_d_img_d18_x10880_y62720.png,0.2136,20.0,459.86,25.7,465.5
ch2_ohr_ncp_20251007T0659402125_d_img_d18_x10880_y64000.png,0.2039,6.43,555.7,12.02,560.48
ch2_ohr_ncp_20251007T0659402125_d_img_d18_x10880_y65280.png,0.316,51.17,7.9,56.32,13.77
ch2_ohr_ncp_20251007T0659402125_d_img_d18_x10880_y65920.png,0.2991,587.54,555.38,591.69,559.82
ch2_ohr_ncp_20251007T0659402125_d_img_d18_x10880_y65920.png,0.2837,598.24,568.98,604.0,574.91
ch2_ohr_ncp_20251007T0659402125_d_img_d18_x10880_y65920.png,0.2342,62.28,151.96,68.68,160.36
ch2_ohr_ncp_20251007T0659402125_d_img_d18_x10880_y66560.png,0.2932,568.03,310.36,572.01,316.0
ch2_ohr_ncp_20251007T0659402125_d_img_d18_x10880_y66560.png,0.2329,59.48,631.64,63.53,637.42
ch2_ohr_ncp_20251007T0659402125_d_img_d18_x10880_y66560.png,0.2218,579.45,280.11,583.75,286.1
ch2_ohr_ncp_20251007T0659402125_d_img_d18_x10880_y67200.png,0.3954,266.97,635.51,271.8,639.56
ch2_ohr_ncp_20251007T0659402125_d_img_d18_x10880_y67200.png,0.2551,603.83,501.72,611.14,510.5
ch2_ohr_ncp_20251007T0659402125_d_img_d18_x10880_y68480.png,0.3995,632.24,577.26,638.16,584.53
ch2_ohr_ncp_20251007T0659402125_d_img_d18_x10880_y68480.png,0.2763,619.61,25.78,623.57,32.49
ch2_ohr_ncp_20251007T0659402125_d_img_d18_x10880_y69120.png,0.3265,607.3,279.34,612.06,284.15
ch2_ohr_ncp_20251007T0659402125_d_img_d18_x10880_y69120.png,0.3136,601.44,331.97,605.78,337.45
ch2_ohr_ncp_20251007T0659402125_d_img_d18_x10880_y69120.png,0.2294,505.5,629.3,510.99,636.0
ch2_ohr_ncp_20251007T0659402125_d_img_d18_x10880_y69120.png,0.2239,547.54,633.2,551.9,637.61
ch2_ohr_ncp_20251007T0659402125_d_img_d18_x10880_y69120.png,0.2094,547.63,607.3,552.96,614.27
ch2_ohr_ncp_20251007T0659402125_d_img_d18_x10880_y69120.png,0.2006,502.35,620.0,508.0,626.57
ch2_ohr_ncp_20251007T0659402125_d_img_d18_x10880_y69760.png,0.4593,519.77,205.62,524.07,212.0
ch2_ohr_ncp_20251007T0659402125_d_img_d18_x10880_y69760.png,0.3788,519.21,204.0,524.13,211.58
ch2_ohr_ncp_20251007T0659402125_d_img_d18_x10880_y69760.png,0.3026,199.12,42.4,204.06,49.1
ch2_ohr_ncp_20251007T0659402125_d_img_d18_x10880_y69760.png,0.2352,523.96,361.71,528.79,366.06
ch2_ohr_ncp_20251007T0659402125_d_img_d18_x10880_y71040.png,0.435,614.01,462.0,620.12,469.86
ch2_ohr_ncp_20251007T0659402125_d_img_d18_x10880_y71040.png,0.2657,558.88,203.4,564.0,207.62
ch2_ohr_ncp_20251007T0659402125_d_img_d18_x10880_y71040.png,0.2476,419.23,619.16,422.57,622.5
ch2_ohr_ncp_20251007T0659402125_d_img_d18_x10880_y71680.png,0.3964,575.63,292.46,580.44,300.01
ch2_ohr_ncp_20251007T0659402125_d_img_d18_x10880_y71680.png,0.3179,500.0,484.43,506.02,492.43
ch2_ohr_ncp_20251007T0659402125_d_img_d18_x10880_y71680.png,0.2077,547.97,490.16,553.95,495.47
ch2_ohr_ncp_20251007T0659402125_d_img_d18_x11520_y51840.png,0.2476,347.55,286.19,354.01,295.55
ch2_ohr_ncp_20251007T0659402125_d_img_d18_x11520_y52480.png,0.2234,427.93,396.0,433.05,403.26
ch2_ohr_ncp_20251007T0659402125_d_img_d18_x11520_y53760.png,0.2734,424.58,635.3,431.42,639.85
ch2_ohr_ncp_20251007T0659402125_d_img_d18_x11520_y53760.png,0.2656,456.61,633.11,462.64,639.54
ch2_ohr_ncp_20251007T0659402125_d_img_d18_x11520_y55040.png,0.2931,62.37,374.34,68.15,381.62
ch2_ohr_ncp_20251007T0659402125_d_img_d18_x11520_y55040.png,0.2658,44.0,380.55,51.47,389.01
ch2_ohr_ncp_20251007T0659402125_d_img_d18_x11520_y55040.png,0.2502,60.0,374.38,67.63,381.86
ch2_ohr_ncp_20251007T0659402125_d_img_d18_x11520_y55680.png,0.3143,419.13,40.9,425.75,49.85
ch2_ohr_ncp_20251007T0659402125_d_img_d18_x11520_y55680.png,0.3101,0.34,0.86,26.19,35.7
ch2_ohr_ncp_20251007T0659402125_d_img_d18_x11520_y55680.png,0.2956,187.51,259.47,193.81,266.78
ch2_ohr_ncp_20251007T0659402125_d_img_d18_x11520_y56320.png,0.2132,411.55,227.17,416.43,232.53
ch2_ohr_ncp_20251007T0659402125_d_img_d18_x11520_y56320.png,0.2095,410.35,315.98,415.37,323.11
ch2_ohr_ncp_20251007T0659402125_d_img_d18_x11520_y56960.png,0.4096,419.65,536.18,424.45,541.31
ch2_ohr_ncp_20251007T0659402125_d_img_d18_x11520_y56960.png,0.3217,421.87,516.66,429.84,526.26
ch2_ohr_ncp_20251007T0659402125_d_img_d18_x11520_y56960.png,0.2572,15.79,457.84,20.18,463.78
ch2_ohr_ncp_20251007T0659402125_d_img_d18_x11520_y56960.png,0.22,406.96,633.87,412.37,639.45
ch2_ohr_ncp_20251007T0659402125_d_img_d18_x11520_y56960.png,0.2094,138.28,378.68,143.63,383.89
ch2_ohr_ncp_20251007T0659402125_d_img_d18_x11520_y57600.png,0.4898,394.49,531.98,401.0,540.54
ch2_ohr_ncp_20251007T0659402125_d_img_d18_x11520_y57600.png,0.3149,105.01,355.96,110.72,362.86
ch2_ohr_ncp_20251007T0659402125_d_img_d18_x11520_y57600.png,0.2807,86.5,356.15,98.09,371.67
ch2_ohr_ncp_20251007T0659402125_d_img_d18_x11520_y57600.png,0.2621,103.61,356.11,108.96,363.46
ch2_ohr_ncp_20251007T0659402125_d_img_d18_x11520_y57600.png,0.2569,104.8,356.26,109.83,364.0
ch2_ohr_ncp_20251007T0659402125_d_img_d18_x11520_y57600.png,0.2362,207.61,633.56,214.66,639.78
ch2_ohr_ncp_20251007T0659402125_d_img_d18_x11520_y57600.png,0.2209,74.72,383.61,82.52,393.68
ch2_ohr_ncp_20251007T0659402125_d_img_d18_x11520_y58240.png,0.2745,172.0,328.83,178.93,335.22
ch2_ohr_ncp_20251007T0659402125_d_img_d18_x11520_y58240.png,0.2588,173.75,328.66,180.0,335.3
ch2_ohr_ncp_20251007T0659402125_d_img_d18_x11520_y58880.png,0.2169,98.67,253.75,106.5,264.69
ch2_ohr_ncp_20251007T0659402125_d_img_d18_x11520_y59520.png,0.3504,35.77,114.19,40.97,121.19
ch2_ohr_ncp_20251007T0659402125_d_img_d18_x11520_y59520.png,0.2531,41.91,212.0,46.29,217.68
ch2_ohr_ncp_20251007T0659402125_d_img_d18_x11520_y59520.png,0.2011,14.75,191.81,22.31,201.78
ch2_ohr_ncp_20251007T0659402125_d_img_d18_x11520_y60160.png,0.2638,249.27,282.5,258.58,291.43
ch2_ohr_ncp_20251007T0659402125_d_img_d18_x11520_y60800.png,0.408,30.59,39.41,36.07,45.83
ch2_ohr_ncp_20251007T0659402125_d_img_d18_x11520_y60800.png,0.2115,376.26,583.06,381.72,593.46
ch2_ohr_ncp_20251007T0659402125_d_img_d18_x11520_y61440.png,0.3444,3.85,626.64,9.2,632.45
ch2_ohr_ncp_20251007T0659402125_d_img_d18_x11520_y61440.png,0.3207,63.59,599.53,68.06,604.9
ch2_ohr_ncp_20251007T0659402125_d_img_d18_x11520_y61440.png,0.2685,26.28,562.16,32.44,570.56
ch2_ohr_ncp_20251007T0659402125_d_img_d18_x11520_y62080.png,0.206,443.17,7.95,448.43,15.51
ch2_ohr_ncp_20251007T0659402125_d_img_d18_x11520_y62080.png,0.2021,1.38,587.35,7.15,593.75
ch2_ohr_ncp_20251007T0659402125_d_img_d18_x11520_y62720.png,0.2243,23.87,467.85,29.25,474.47
ch2_ohr_ncp_20251007T0659402125_d_img_d18_x11520_y62720.png,0.2238,13.75,570.21,20.24,578.38
ch2_ohr_ncp_20251007T0659402125_d_img_d18_x11520_y63360.png,0.4167,15.55,610.1,20.03,614.73
ch2_ohr_ncp_20251007T0659402125_d_img_d18_x11520_y63360.png,0.3398,27.33,611.9,33.7,618.34
ch2_ohr_ncp_20251007T0659402125_d_img_d18_x11520_y64000.png,0.512,39.75,547.98,44.71,555.24
ch2_ohr_ncp_20251007T0659402125_d_img_d18_x11520_y64000.png,0.4306,39.23,548.17,43.79,555.0
ch2_ohr_ncp_20251007T0659402125_d_img_d18_x11520_y65280.png,0.3202,37.25,187.5,44.41,197.28
ch2_ohr_ncp_20251007T0659402125_d_img_d18_x11520_y65280.png,0.3002,43.22,223.4,48.9,229.39
ch2_ohr_ncp_20251007T0659402125_d_img_d18_x11520_y65280.png,0.2197,421.4,579.92,428.1,587.38
ch2_ohr_ncp_20251007T0659402125_d_img_d18_x11520_y65920.png,0.2114,0.03,11.99,4.02,18.45
ch2_ohr_ncp_20251007T0659402125_d_img_d18_x11520_y66560.png,0.247,119.63,569.47,125.68,576.13
ch2_ohr_ncp_20251007T0659402125_d_img_d18_x11520_y66560.png,0.2233,89.52,57.73,95.1,63.23
ch2_ohr_ncp_20251007T0659402125_d_img_d18_x11520_y66560.png,0.2065,70.68,537.54,76.01,542.86
ch2_ohr_ncp_20251007T0659402125_d_img_d18_x11520_y66560.png,0.2032,6.17,200.66,13.68,210.12
ch2_ohr_ncp_20251007T0659402125_d_img_d18_x11520_y67200.png,0.4785,47.82,611.99,52.05,617.7
ch2_ohr_ncp_20251007T0659402125_d_img_d18_x11520_y67200.png,0.23,80.53,573.96,89.92,586.04
ch2_ohr_ncp_20251007T0659402125_d_img_d18_x11520_y68480.png,0.5627,40.08,626.38,44.18,631.16
ch2_ohr_ncp_20251007T0659402125_d_img_d18_x11520_y68480.png,0.4016,27.97,598.99,33.77,606.33
ch2_ohr_ncp_20251007T0659402125_d_img_d18_x11520_y68480.png,0.3658,5.24,627.98,12.01,634.59
ch2_ohr_ncp_20251007T0659402125_d_img_d18_x11520_y68480.png,0.2748,310.6,8.62,316.52,14.63
ch2_ohr_ncp_20251007T0659402125_d_img_d18_x11520_y69760.png,0.4516,405.99,584.89,412.0,591.06
ch2_ohr_ncp_20251007T0659402125_d_img_d18_x11520_y69760.png,0.3919,420.0,321.64,426.0,327.39
ch2_ohr_ncp_20251007T0659402125_d_img_d18_x11520_y69760.png,0.3862,119.11,279.35,125.16,290.62
ch2_ohr_ncp_20251007T0659402125_d_img_d18_x11520_y69760.png,0.3429,403.23,319.16,408.26,324.27
ch2_ohr_ncp_20251007T0659402125_d_img_d18_x11520_y69760.png,0.3293,411.61,320.19,417.34,325.73
ch2_ohr_ncp_20251007T0659402125_d_img_d18_x11520_y69760.png,0.3276,108.0,288.31,114.73,295.98
ch2_ohr_ncp_20251007T0659402125_d_img_d18_x11520_y69760.png,0.3273,119.38,283.83,124.41,292.04
ch2_ohr_ncp_20251007T0659402125_d_img_d18_x11520_y69760.png,0.29,420.97,321.2,428.0,327.95
ch2_ohr_ncp_20251007T0659402125_d_img_d18_x11520_y69760.png,0.2722,467.99,367.23,473.34,374.07
ch2_ohr_ncp_20251007T0659402125_d_img_d18_x11520_y69760.png,0.2324,411.96,296.19,417.03,301.18
ch2_ohr_ncp_20251007T0659402125_d_img_d18_x11520_y69760.png,0.2267,315.92,264.06,322.02,271.89
ch2_ohr_ncp_20251007T0659402125_d_img_d18_x11520_y69760.png,0.2164,437.72,359.32,444.33,367.89
ch2_ohr_ncp_20251007T0659402125_d_img_d18_x11520_y69760.png,0.2031,47.21,11.9,52.99,20.09
ch2_ohr_ncp_20251007T0659402125_d_img_d18_x11520_y69760.png,0.2024,435.55,319.39,439.94,324.0
ch2_ohr_ncp_20251007T0659402125_d_img_d18_x11520_y70400.png,0.4946,146.23,280.35,151.51,286.22
ch2_ohr_ncp_20251007T0659402125_d_img_d18_x11520_y70400.png,0.3937,139.95,286.72,146.6,293.07
ch2_ohr_ncp_20251007T0659402125_d_img_d18_x11520_y70400.png,0.2532,400.97,183.47,409.07,192.33
ch2_ohr_ncp_20251007T0659402125_d_img_d18_x11520_y70400.png,0.2213,140.64,286.49,148.11,292.45
ch2_ohr_ncp_20251007T0659402125_d_img_d18_x11520_y70400.png,0.2032,134.3,278.73,140.0,285.21
ch2_ohr_ncp_20251007T0659402125_d_img_d18_x11520_y71040.png,0.3476,299.99,353.6,305.0,358.89
ch2_ohr_ncp_20251007T0659402125_d_img_d18_x11520_y71040.png,0.3457,58.42,473.68,63.82,484.63
ch2_ohr_ncp_20251007T0659402125_d_img_d18_x11520_y71040.png,0.3251,67.75,464.57,72.1,469.43
ch2_ohr_ncp_20251007T0659402125_d_img_d18_x11520_y71040.png,0.3156,2.02,283.44,9.4,291.43
ch2_ohr_ncp_20251007T0659402125_d_img_d18_x11520_y71040.png,0.28,195.98,631.95,200.95,637.55
ch2_ohr_ncp_20251007T0659402125_d_img_d18_x11520_y71040.png,0.254,438.63,312.16,444.02,319.46
ch2_ohr_ncp_20251007T0659402125_d_img_d18_x11520_y71040.png,0.2341,19.86,294.04,26.21,300.15
ch2_ohr_ncp_20251007T0659402125_d_img_d18_x11520_y71680.png,0.2207,437.63,517.59,444.43,526.59
ch2_ohr_ncp_20251007T0659402125_d_img_d18_x11520_y72320.png,0.2699,416.14,373.06,421.7,380.4
ch2_ohr_ncp_20251007T0659402125_d_img_d18_x11520_y76160.png,0.203,15.41,470.23,20.3,476.48
ch2_ohr_ncp_20251007T0659402125_d_img_d18_x11520_y81920.png,0.4041,411.78,408.16,417.02,413.81
ch2_ohr_ncp_20251007T0659402125_d_img_d18_x11520_y82560.png,0.3026,427.98,246.94,433.89,253.61
ch2_ohr_ncp_20251009T1006356898_d_img_d18_x00000_y83200.png,0.2383,591.31,627.99,596.06,634.66
ch2_ohr_ncp_20251009T1006356898_d_img_d18_x00000_y85120.png,0.2645,611.62,371.32,616.24,381.17
ch2_ohr_ncp_20251009T1006356898_d_img_d18_x00000_y85120.png,0.2489,616.09,357.89,620.33,364.01
ch2_ohr_ncp_20251009T1006356898_d_img_d18_x00000_y87040.png,0.3986,39.75,491.95,44.78,497.92
ch2_ohr_ncp_20251009T1006356898_d_img_d18_x00000_y87040.png,0.3085,32.67,529.79,40.84,543.65
ch2_ohr_ncp_20251009T1006356898_d_img_d18_x00000_y87040.png,0.2367,50.79,568.17,56.16,573.99
ch2_ohr_ncp_20251009T1006356898_d_img_d18_x00000_y87040.png,0.2183,54.24,615.11,60.21,621.72
ch2_ohr_ncp_20251009T1006356898_d_img_d18_x00000_y87680.png,0.3676,610.62,457.32,616.52,464.49
ch2_ohr_ncp_20251009T1006356898_d_img_d18_x00000_y87680.png,0.3578,575.22,434.4,580.09,441.01
ch2_ohr_ncp_20251009T1006356898_d_img_d18_x00000_y87680.png,0.3489,618.01,446.07,623.71,454.46
ch2_ohr_ncp_20251009T1006356898_d_img_d18_x00000_y87680.png,0.2799,566.51,447.12,572.0,452.7
ch2_ohr_ncp_20251009T1006356898_d_img_d18_x00000_y87680.png,0.2584,598.99,463.44,604.0,468.02
ch2_ohr_ncp_20251009T1006356898_d_img_d18_x00000_y88320.png,0.2576,617.89,203.96,622.84,210.82
ch2_ohr_ncp_20251009T1006356898_d_img_d18_x00000_y88320.png,0.212,631.43,182.03,637.8,192.15
ch2_ohr_ncp_20251009T1006356898_d_img_d18_x00000_y88320.png,0.2071,546.67,385.36,556.84,401.8
ch2_ohr_ncp_20251009T1006356898_d_img_d18_x00640_y83840.png,0.2326,347.59,583.21,352.42,589.44
ch2_ohr_ncp_20251009T1006356898_d_img_d18_x00640_y85120.png,0.3251,139.61,619.28,144.06,624.16
ch2_ohr_ncp_20251009T1006356898_d_img_d18_x00640_y85120.png,0.279,118.99,595.99,124.01,601.19
ch2_ohr_ncp_20251009T1006356898_d_img_d18_x00640_y85120.png,0.2421,89.24,622.98,93.56,628.75
ch2_ohr_ncp_20251009T1006356898_d_img_d18_x00640_y86400.png,0.3998,631.3,320.01,636.01,326.34
ch2_ohr_ncp_20251009T1006356898_d_img_d18_x00640_y86400.png,0.3105,564.0,386.47,569.19,391.66
ch2_ohr_ncp_20251009T1006356898_d_img_d18_x00640_y86400.png,0.2169,633.66,390.38,639.62,402.5
ch2_ohr_ncp_20251009T1006356898_d_img_d18_x00640_y87040.png,0.3113,591.48,634.96,596.2,639.58
ch2_ohr_ncp_20251009T1006356898_d_img_d18_x00640_y87040.png,0.2848,43.96,633.89,50.08,639.15
ch2_ohr_ncp_20251009T1006356898_d_img_d18_x00640_y87040.png,0.2304,537.38,528.3,550.23,546.89
ch2_ohr_ncp_20251009T1006356898_d_img_d18_x00640_y88960.png,0.4268,590.93,8.97,597.76,17.29
ch2_ohr_ncp_20251009T1006356898_d_img_d18_x00640_y88960.png,0.2963,547.26,112.82,552.42,119.35
ch2_ohr_ncp_20251009T1006356898_d_img_d18_x00640_y88960.png,0.2376,623.06,203.91,628.45,214.51
ch2_ohr_ncp_20251009T1006356898_d_img_d18_x00640_y89600.png,0.2292,67.84,255.44,74.04,264.82
ch2_ohr_ncp_20251009T1006356898_d_img_d18_x01280_y80640.png,0.2334,210.54,214.39,251.1,277.02
ch2_ohr_ncp_20251009T1006356898_d_img_d18_x01280_y83200.png,0.2971,594.11,8.34,601.29,17.18
ch2_ohr_ncp_20251009T1006356898_d_img_d18_x01280_y83200.png,0.2206,17.78,355.68,22.09,360.15
ch2_ohr_ncp_20251009T1006356898_d_img_d18_x01280_y83200.png,0.2012,565.46,6.68,571.24,14.25
ch2_ohr_ncp_20251009T1006356898_d_img_d18_x01280_y85120.png,0.3934,0.03,621.44,4.03,628.19
ch2_ohr_ncp_20251009T1006356898_d_img_d18_x01280_y85120.png,0.346,622.83,231.65,633.41,242.66
ch2_ohr_ncp_20251009T1006356898_d_img_d18_x01280_y85120.png,0.2757,609.53,255.52,616.79,264.08
ch2_ohr_ncp_20251009T1006356898_d_img_d18_x01280_y87680.png,0.231,632.15,298.19,637.34,304.77
ch2_ohr_ncp_20251009T1006356898_d_img_d18_x01280_y88960.png,0.2163,20.04,403.73,43.29,449.1
ch2_ohr_ncp_20251009T1006356898_d_img_d18_x01280_y89600.png,0.2167,612.0,480.25,617.93,485.76
ch2_ohr_ncp_20251009T1006356898_d_img_d18_x01920_y80000.png,0.2154,497.9,622.89,504.66,632.06
ch2_ohr_ncp_20251009T1006356898_d_img_d18_x01920_y80640.png,0.2524,403.14,27.59,412.07,37.75
ch2_ohr_ncp_20251009T1006356898_d_img_d18_x01920_y80640.png,0.2273,491.5,33.96,517.02,82.12
ch2_ohr_ncp_20251009T1006356898_d_img_d18_x01920_y80640.png,0.2079,597.49,0.03,607.2,8.28
ch2_ohr_ncp_20251009T1006356898_d_img_d18_x01920_y81280.png,0.243,583.42,619.99,589.2,626.49
ch2_ohr_ncp_20251009T1006356898_d_img_d18_x01920_y81280.png,0.2141,513.22,587.21,524.01,600.87
ch2_ohr_ncp_20251009T1006356898_d_img_d18_x01920_y81920.png,0.3835,179.69,630.04,185.46,638.14
ch2_ohr_ncp_20251009T1006356898_d_img_d18_x01920_y81920.png,0.3054,177.91,605.89,182.64,612.28
ch2_ohr_ncp_20251009T1006356898_d_img_d18_x01920_y81920.png,0.2698,163.46,617.82,167.77,622.93
ch2_ohr_ncp_20251009T1006356898_d_img_d18_x01920_y81920.png,0.2689,535.92,10.31,540.55,15.88
ch2_ohr_ncp_20251009T1006356898_d_img_d18_x01920_y81920.png,0.2268,497.93,31.0,504.39,38.6
ch2_ohr_ncp_20251009T1006356898_d_img_d18_x01920_y81920.png,0.2176,178.82,602.17,184.39,610.71
ch2_ohr_ncp_20251009T1006356898_d_img_d18_x01920_y81920.png,0.2066,158.85,131.06,202.01,236.39
ch2_ohr_ncp_20251009T1006356898_d_img_d18_x01920_y83840.png,0.5307,543.35,153.81,548.27,160.94
ch2_ohr_ncp_20251009T1006356898_d_img_d18_x01920_y83840.png,0.4579,542.65,127.42,548.06,134.15
ch2_ohr_ncp_20251009T1006356898_d_img_d18_x01920_y83840.png,0.2966,539.63,178.17,545.58,185.13
ch2_ohr_ncp_20251009T1006356898_d_img_d18_x01920_y83840.png,0.2792,631.37,89.26,638.0,101.16
ch2_ohr_ncp_20251009T1006356898_d_img_d18_x01920_y86400.png,0.2552,63.66,382.8,70.98,392.31
ch2_ohr_ncp_20251009T1006356898_d_img_d18_x01920_y88320.png,0.2218,627.56,1.11,632.7,9.27
ch2_ohr_ncp_20251009T1006356898_d_img_d18_x02560_y76800.png,0.4536,583.04,379.95,588.02,386.91
ch2_ohr_ncp_20251009T1006356898_d_img_d18_x02560_y77440.png,0.2167,593.55,289.5,600.09,296.74
ch2_ohr_ncp_20251009T1006356898_d_img_d18_x02560_y79360.png,0.2381,39.29,0.0,45.57,4.05
ch2_ohr_ncp_20251009T1006356898_d_img_d18_x02560_y79360.png,0.2212,22.3,161.81,40.63,205.34
ch2_ohr_ncp_20251009T1006356898_d_img_d18_x02560_y84480.png,0.2804,611.77,521.45,623.68,533.47
ch2_ohr_ncp_20251009T1006356898_d_img_d18_x02560_y85120.png,0.2843,250.81,29.42,256.53,36.0
ch2_ohr_ncp_20251009T1006356898_d_img_d18_x02560_y85120.png,0.2074,250.48,28.0,256.24,35.1
ch2_ohr_ncp_20251009T1006356898_d_img_d18_x02560_y87040.png,0.403,3.63,260.36,9.07,266.42
ch2_ohr_ncp_20251009T1006356898_d_img_d18_x02560_y87040.png,0.2594,5.59,131.76,9.97,136.62
ch2_ohr_ncp_20251009T1006356898_d_img_d18_x02560_y88320.png,0.2433,220.0,608.19,225.76,614.16
ch2_ohr_ncp_20251009T1006356898_d_img_d18_x02560_y89600.png,0.2109,114.95,496.36,119.39,502.05
ch2_ohr_ncp_20251009T1006356898_d_img_d18_x03200_y75520.png,0.3211,50.65,295.26,55.56,302.41
ch2_ohr_ncp_20251009T1006356898_d_img_d18_x03200_y90240.png,0.2073,383.14,627.16,388.37,636.01
ch2_ohr_ncp_20251009T1006356898_d_img_d18_x03840_y71040.png,0.2331,630.85,613.36,637.24,620.65
ch2_ohr_ncp_20251009T1006356898_d_img_d18_x03840_y73600.png,0.3247,586.94,381.99,594.25,390.52
ch2_ohr_ncp_20251009T1006356898_d_img_d18_x03840_y73600.png,0.2508,582.5,396.0,588.28,405.29
ch2_ohr_ncp_20251009T1006356898_d_img_d18_x03840_y75520.png,0.2979,502.49,304.23,515.37,317.85
ch2_ohr_ncp_20251009T1006356898_d_img_d18_x03840_y78080.png,0.2686,549.15,596.45,554.98,602.23
ch2_ohr_ncp_20251009T1006356898_d_img_d18_x03840_y86400.png,0.2969,592.19,226.03,598.0,234.13
ch2_ohr_ncp_20251009T1006356898_d_img_d18_x04480_y70400.png,0.5507,252.57,609.53,261.41,621.15
ch2_ohr_ncp_20251009T1006356898_d_img_d18_x04480_y76800.png,0.2211,265.85,0.0,306.09,57.7
ch2_ohr_ncp_20251009T1006356898_d_img_d18_x04480_y88320.png,0.268,132.27,19.45,136.52,24.91
ch2_ohr_ncp_20251009T1006356898_d_img_d18_x04480_y88320.png,0.2159,151.54,4.0,156.6,11.27
ch2_ohr_ncp_20251009T1006356898_d_img_d18_x04480_y88320.png,0.2076,150.64,5.2,156.01,11.12
ch2_ohr_ncp_20251009T1006356898_d_img_d18_x05120_y76800.png,0.3235,60.42,99.59,101.02,181.61
ch2_ohr_ncp_20251009T1006356898_d_img_d18_x05120_y85760.png,0.2099,634.09,296.89,639.85,315.6
ch2_ohr_ncp_20251009T1006356898_d_img_d18_x05120_y91520.png,0.2055,33.45,635.49,39.14,639.56
ch2_ohr_ncp_20251009T1006356898_d_img_d18_x05760_y67840.png,0.3259,284.96,572.11,292.02,580.23
ch2_ohr_ncp_20251009T1006356898_d_img_d18_x05760_y67840.png,0.2274,296.81,635.81,303.68,639.88
ch2_ohr_ncp_20251009T1006356898_d_img_d18_x05760_y85120.png,0.202,624.31,3.93,628.9,9.15
ch2_ohr_ncp_20251009T1006356898_d_img_d18_x06400_y92800.png,0.2118,629.76,553.5,636.87,562.9
ch2_ohr_ncp_20251009T1006356898_d_img_d18_x07040_y74880.png,0.2679,281.25,60.78,315.02,113.86
ch2_ohr_ncp_20251009T1006356898_d_img_d18_x07040_y74880.png,0.2201,283.47,60.95,314.01,101.35
ch2_ohr_ncp_20251009T1006356898_d_img_d18_x07040_y78720.png,0.422,302.11,444.0,308.09,450.89
ch2_ohr_ncp_20251009T1006356898_d_img_d18_x07680_y81920.png,0.2555,623.99,267.34,629.12,274.44
ch2_ohr_ncp_20251009T1006356898_d_img_d18_x07680_y85760.png,0.2325,631.8,627.99,636.12,634.61
ch2_ohr_ncp_20251009T1006356898_d_img_d18_x07680_y89600.png,0.2447,575.34,300.0,580.2,306.67
ch2_ohr_ncp_20251009T1006356898_d_img_d18_x07680_y90880.png,0.2582,463.18,613.35,468.01,620.0
ch2_ohr_ncp_20251009T1006356898_d_img_d18_x07680_y90880.png,0.2448,619.22,557.22,636.82,604.39
ch2_ohr_ncp_20251009T1006356898_d_img_d18_x07680_y90880.png,0.2023,363.98,4.59,369.25,13.26
ch2_ohr_ncp_20251009T1006356898_d_img_d18_x08320_y62080.png,0.2142,630.57,5.5,636.2,12.1
ch2_ohr_ncp_20251009T1006356898_d_img_d18_x08320_y63360.png,0.2116,619.21,611.89,625.1,619.07
ch2_ohr_ncp_20251009T1006356898_d_img_d18_x08320_y71680.png,0.2208,0.0,482.89,36.35,572.64
ch2_ohr_ncp_20251009T1006356898_d_img_d18_x08320_y83200.png,0.2029,619.73,442.0,623.39,446.18
ch2_ohr_ncp_20251009T1006356898_d_img_d18_x08320_y90880.png,0.2971,579.54,553.26,585.16,562.43
ch2_ohr_ncp_20251009T1006356898_d_img_d18_x08320_y91520.png,0.2353,248.27,635.23,252.79,639.56
ch2_ohr_ncp_20251009T1006356898_d_img_d18_x08960_y58880.png,0.3181,588.0,174.48,594.09,183.32
ch2_ohr_ncp_20251009T1006356898_d_img_d18_x08960_y58880.png,0.2094,635.91,267.02,639.93,273.06
ch2_ohr_ncp_20251009T1006356898_d_img_d18_x08960_y59520.png,0.416,596.0,163.05,601.33,167.82
ch2_ohr_ncp_20251009T1006356898_d_img_d18_x08960_y59520.png,0.3354,605.68,138.23,612.02,146.12
ch2_ohr_ncp_20251009T1006356898_d_img_d18_x08960_y59520.png,0.2699,609.08,156.0,613.36,161.94
ch2_ohr_ncp_20251009T1006356898_d_img_d18_x08960_y59520.png,0.2261,492.0,26.78,497.53,31.02
ch2_ohr_ncp_20251009T1006356898_d_img_d18_x08960_y60160.png,0.2059,595.54,490.46,599.59,495.07
ch2_ohr_ncp_20251009T1006356898_d_img_d18_x08960_y60160.png,0.2043,630.04,523.32,638.3,534.4
ch2_ohr_ncp_20251009T1006356898_d_img_d18_x08960_y60800.png,0.3031,630.75,96.54,636.01,102.78
ch2_ohr_ncp_20251009T1006356898_d_img_d18_x08960_y60800.png,0.2732,632.61,105.56,639.21,115.2
ch2_ohr_ncp_20251009T1006356898_d_img_d18_x08960_y60800.png,0.235,523.92,62.02,529.7,68.95
ch2_ohr_ncp_20251009T1006356898_d_img_d18_x08960_y61440.png,0.3576,499.98,268.99,505.29,276.12
ch2_ohr_ncp_20251009T1006356898_d_img_d18_x08960_y61440.png,0.3554,534.37,250.04,540.12,256.92
ch2_ohr_ncp_20251009T1006356898_d_img_d18_x08960_y61440.png,0.2604,322.27,600.37,327.3,605.87
ch2_ohr_ncp_20251009T1006356898_d_img_d18_x08960_y61440.png,0.2585,586.6,234.23,594.39,243.88
ch2_ohr_ncp_20251009T1006356898_d_img_d18_x08960_y61440.png,0.2449,459.32,624.38,463.85,629.54
ch2_ohr_ncp_20251009T1006356898_d_img_d18_x08960_y61440.png,0.2411,430.56,247.26,438.27,257.15
ch2_ohr_ncp_20251009T1006356898_d_img_d18_x08960_y61440.png,0.2359,475.38,559.58,481.75,567.61
ch2_ohr_ncp_20251009T1006356898_d_img_d18_x08960_y80000.png,0.2215,630.09,307.91,636.14,315.35
ch2_ohr_ncp_20251009T1006356898_d_img_d18_x08960_y82560.png,0.2395,634.58,319.07,639.25,326.11
ch2_ohr_ncp_20251009T1006356898_d_img_d18_x08960_y82560.png,0.22,591.7,331.27,597.01,336.53
ch2_ohr_ncp_20251009T1006356898_d_img_d18_x08960_y82560.png,0.2022,612.73,2.41,617.9,8.04
ch2_ohr_ncp_20251009T1006356898_d_img_d18_x08960_y83200.png,0.2494,617.99,530.61,622.84,538.16
ch2_ohr_ncp_20251009T1006356898_d_img_d18_x08960_y87040.png,0.2465,631.51,9.34,637.99,17.56
ch2_ohr_ncp_20251009T1006356898_d_img_d18_x08960_y92800.png,0.2678,49.71,633.38,55.87,639.25
ch2_ohr_ncp_20251009T1006356898_d_img_d18_x08960_y94080.png,0.3431,612.61,539.71,627.73,574.49
ch2_ohr_ncp_20251009T1006356898_d_img_d18_x08960_y94080.png,0.2837,571.83,624.95,576.67,630.22
ch2_ohr_ncp_20251009T1006356898_d_img_d18_x08960_y94080.png,0.2011,616.09,524.41,620.51,532.46
ch2_ohr_ncp_20251009T1006356898_d_img_d18_x08960_y96000.png,0.2754,274.55,12.59,280.9,21.71
ch2_ohr_ncp_20251009T1006356898_d_img_d18_x08960_y96000.png,0.2276,280.93,35.99,286.59,44.68
ch2_ohr_ncp_20251009T1006356898_d_img_d18_x08960_y96000.png,0.2181,334.59,8.26,340.0,14.99
ch2_ohr_ncp_20251009T1006356898_d_img_d18_x09600_y50560.png,0.2981,336.33,527.54,341.23,533.42
ch2_ohr_ncp_20251009T1006356898_d_img_d18_x09600_y52480.png,0.436,612.63,614.44,618.4,621.66
ch2_ohr_ncp_20251009T1006356898_d_img_d18_x09600_y52480.png,0.4211,611.0,635.49,615.53,639.59
ch2_ohr_ncp_20251009T1006356898_d_img_d18_x09600_y52480.png,0.2443,555.36,560.42,561.09,567.1
ch2_ohr_ncp_20251009T1006356898_d_img_d18_x09600_y52480.png,0.2353,503.37,606.33,508.01,612.0
ch2_ohr_ncp_20251009T1006356898_d_img_d18_x09600_y53120.png,0.3234,611.23,0.02,615.41,4.0
ch2_ohr_ncp_20251009T1006356898_d_img_d18_x09600_y53120.png,0.2795,635.44,227.08,639.42,232.2
ch2_ohr_ncp_20251009T1006356898_d_img_d18_x09600_y56320.png,0.3108,499.56,0.08,504.57,4.31
ch2_ohr_ncp_20251009T1006356898_d_img_d18_x09600_y56960.png,0.3061,630.69,567.62,636.0,573.59
ch2_ohr_ncp_20251009T1006356898_d_img_d18_x09600_y56960.png,0.2551,238.95,542.66,268.02,595.62
ch2_ohr_ncp_20251009T1006356898_d_img_d18_x09600_y56960.png,0.248,252.0,613.72,257.75,620.09
ch2_ohr_ncp_20251009T1006356898_d_img_d18_x09600_y56960.png,0.2353,275.21,635.94,278.9,639.56
ch2_ohr_ncp_20251009T1006356898_d_img_d18_x09600_y56960.png,0.234,626.44,110.33,632.14,116.73
ch2_ohr_ncp_20251009T1006356898_d_img_d18_x09600_y56960.png,0.2316,253.44,611.96,260.0,618.47
ch2_ohr_ncp_20251009T1006356898_d_img_d18_x09600_y56960.png,0.2017,537.28,578.19,561.12,615.75
ch2_ohr_ncp_20251009T1006356898_d_img_d18_x09600_y57600.png,0.2985,521.64,3.42,527.23,13.54
ch2_ohr_ncp_20251009T1006356898_d_img_d18_x09600_y57600.png,0.2418,626.43,437.43,634.23,447.37
ch2_ohr_ncp_20251009T1006356898_d_img_d18_x09600_y57600.png,0.2227,11.72,592.71,16.8,598.34
ch2_ohr_ncp_20251009T1006356898_d_img_d18_x09600_y58240.png,0.2722,363.95,630.24,369.18,636.36
ch2_ohr_ncp_20251009T1006356898_d_img_d18_x09600_y65280.png,0.2698,243.33,545.13,288.45,592.89
ch2_ohr_ncp_20251009T1006356898_d_img_d18_x09600_y73600.png,0.2678,411.94,633.25,416.97,638.16
ch2_ohr_ncp_20251009T1006356898_d_img_d18_x09600_y74880.png,0.2816,634.52,186.03,639.33,192.69
ch2_ohr_ncp_20251009T1006356898_d_img_d18_x09600_y75520.png,0.2472,341.78,5.43,346.75,11.21
ch2_ohr_ncp_20251009T1006356898_d_img_d18_x09600_y78720.png,0.5026,598.9,613.51,603.26,618.94
ch2_ohr_ncp_20251009T1006356898_d_img_d18_x09600_y78720.png,0.3095,598.37,603.97,604.06,611.01
ch2_ohr_ncp_20251009T1006356898_d_img_d18_x09600_y78720.png,0.2798,599.44,612.92,604.01,620.0
ch2_ohr_ncp_20251009T1006356898_d_img_d18_x09600_y78720.png,0.2745,598.6,605.11,604.02,615.36
ch2_ohr_ncp_20251009T1006356898_d_img_d18_x09600_y83840.png,0.3178,407.49,11.98,412.05,17.92
ch2_ohr_ncp_20251009T1006356898_d_img_d18_x09600_y83840.png,0.3013,415.81,11.88,421.23,18.51
ch2_ohr_ncp_20251009T1006356898_d_img_d18_x09600_y83840.png,0.2428,424.36,6.59,430.23,15.1
ch2_ohr_ncp_20251009T1006356898_d_img_d18_x09600_y83840.png,0.2174,415.64,13.78,420.22,20.01
ch2_ohr_ncp_20251009T1006356898_d_img_d18_x09600_y85120.png,0.2423,622.92,116.34,628.67,125.23
ch2_ohr_ncp_20251009T1006356898_d_img_d18_x09600_y86400.png,0.21,601.42,379.97,605.16,385.08
ch2_ohr_ncp_20251009T1006356898_d_img_d18_x09600_y87680.png,0.2211,579.99,149.97,586.68,158.8
ch2_ohr_ncp_20251009T1006356898_d_img_d18_x09600_y90240.png,0.2079,578.78,618.59,583.01,624.0
ch2_ohr_ncp_20251009T1006356898_d_img_d18_x09600_y90880.png,0.5616,595.02,125.49,602.3,135.35
ch2_ohr_ncp_20251009T1006356898_d_img_d18_x09600_y90880.png,0.2627,467.2,633.91,471.72,639.16
ch2_ohr_ncp_20251009T1006356898_d_img_d18_x09600_y91520.png,0.294,583.83,21.54,588.05,28.0
ch2_ohr_ncp_20251009T1006356898_d_img_d18_x09600_y91520.png,0.2048,602.25,16.02,605.7,20.54
ch2_ohr_ncp_20251009T1006356898_d_img_d18_x09600_y94080.png,0.241,595.33,0.45,598.89,4.13
ch2_ohr_ncp_20251009T1006356898_d_img_d18_x09600_y95360.png,0.2941,419.18,156.0,424.33,163.36
ch2_ohr_ncp_20251009T1006356898_d_img_d18_x09600_y96640.png,0.4122,524.54,12.02,532.2,24.12
ch2_ohr_ncp_20251009T1006356898_d_img_d18_x09600_y96640.png,0.3408,625.89,3.94,631.57,11.89
ch2_ohr_ncp_20251009T1006356898_d_img_d18_x09600_y96640.png,0.2798,583.61,27.98,588.21,35.33
ch2_ohr_ncp_20251009T1006356898_d_img_d18_x09600_y96640.png,0.2081,491.08,613.87,497.65,622.98
ch2_ohr_ncp_20251009T1006356898_d_img_d18_x09600_y96640.png,0.207,482.14,612.0,487.39,618.09
ch2_ohr_ncp_20251009T1006356898_d_img_d18_x10240_y47360.png,0.2591,568.42,630.08,574.39,636.06
ch2_ohr_ncp_20251009T1006356898_d_img_d18_x10240_y47360.png,0.2455,596.0,553.54,601.63,558.52
ch2_ohr_ncp_20251009T1006356898_d_img_d18_x10240_y48000.png,0.3616,262.47,303.21,268.08,310.75
ch2_ohr_ncp_20251009T1006356898_d_img_d18_x10240_y48640.png,0.2224,304.14,627.31,308.7,632.46
ch2_ohr_ncp_20251009T1006356898_d_img_d18_x10240_y48640.png,0.2031,610.06,553.49,614.93,561.11
ch2_ohr_ncp_20251009T1006356898_d_img_d18_x10240_y48640.png,0.2001,371.05,615.9,374.76,620.55
ch2_ohr_ncp_20251009T1006356898_d_img_d18_x10240_y49280.png,0.2822,340.87,1.1,346.03,9.11
ch2_ohr_ncp_20251009T1006356898_d_img_d18_x10240_y49280.png,0.2388,342.99,31.11,348.99,38.62
ch2_ohr_ncp_20251009T1006356898_d_img_d18_x10240_y49920.png,0.2851,555.99,624.42,560.79,630.85
ch2_ohr_ncp_20251009T1006356898_d_img_d18_x10240_y50560.png,0.3013,31.66,587.84,37.44,599.02
ch2_ohr_ncp_20251009T1006356898_d_img_d18_x10240_y50560.png,0.2116,0.01,306.39,4.75,318.12
ch2_ohr_ncp_20251009T1006356898_d_img_d18_x10240_y50560.png,0.2094,38.78,619.97,44.08,626.39
ch2_ohr_ncp_20251009T1006356898_d_img_d18_x10240_y51200.png,0.2761,22.48,612.0,28.42,619.92
ch2_ohr_ncp_20251009T1006356898_d_img_d18_x10240_y51200.png,0.2665,0.0,151.57,4.06,157.18
ch2_ohr_ncp_20251009T1006356898_d_img_d18_x10240_y51200.png,0.2553,6.68,96.3,12.23,103.76
ch2_ohr_ncp_20251009T1006356898_d_img_d18_x10240_y51200.png,0.2355,10.93,137.14,15.96,142.09
ch2_ohr_ncp_20251009T1006356898_d_img_d18_x10240_y52480.png,0.4971,607.96,285.77,612.02,292.18
ch2_ohr_ncp_20251009T1006356898_d_img_d18_x10240_y52480.png,0.2825,584.24,611.86,590.32,619.18
ch2_ohr_ncp_20251009T1006356898_d_img_d18_x10240_y52480.png,0.2543,591.92,597.23,596.45,604.0
ch2_ohr_ncp_20251009T1006356898_d_img_d18_x10240_y53120.png,0.2897,610.95,203.82,614.77,208.88
ch2_ohr_ncp_20251009T1006356898_d_img_d18_x10240_y53120.png,0.2133,27.97,9.42,33.16,15.44
ch2_ohr_ncp_20251009T1006356898_d_img_d18_x10240_y53760.png,0.224,598.96,68.48,603.41,74.42
ch2_ohr_ncp_20251009T1006356898_d_img_d18_x10240_y54400.png,0.5308,623.43,524.29,628.23,533.51
ch2_ohr_ncp_20251009T1006356898_d_img_d18_x10240_y54400.png,0.3091,8.37,554.35,12.08,558.73
ch2_ohr_ncp_20251009T1006356898_d_img_d18_x10240_y54400.png,0.2944,11.16,527.32,16.02,537.01
ch2_ohr_ncp_20251009T1006356898_d_img_d18_x10240_y55040.png,0.458,473.6,633.89,479.43,639.36
ch2_ohr_ncp_20251009T1006356898_d_img_d18_x10240_y55040.png,0.3765,518.58,566.07,525.37,573.26
ch2_ohr_ncp_20251009T1006356898_d_img_d18_x10240_y55040.png,0.3307,631.22,587.6,638.3,602.89
ch2_ohr_ncp_20251009T1006356898_d_img_d18_x10240_y55040.png,0.3047,511.14,556.78,516.48,564.43
ch2_ohr_ncp_20251009T1006356898_d_img_d18_x10240_y55040.png,0.2641,624.46,563.99,628.84,569.27
ch2_ohr_ncp_20251009T1006356898_d_img_d18_x10240_y55040.png,0.2247,499.69,590.95,508.07,600.43
ch2_ohr_ncp_20251009T1006356898_d_img_d18_x10240_y55040.png,0.213,491.98,633.82,498.52,639.33
ch2_ohr_ncp_20251009T1006356898_d_img_d18_x10240_y55040.png,0.2079,511.55,633.43,517.11,639.55
ch2_ohr_ncp_20251009T1006356898_d_img_d18_x10240_y55040.png,0.2064,507.07,416.11,511.13,421.86
ch2_ohr_ncp_20251009T1006356898_d_img_d18_x10240_y56320.png,0.5513,626.15,428.0,630.46,434.56
ch2_ohr_ncp_20251009T1006356898_d_img_d18_x10240_y56320.png,0.2676,617.97,413.16,624.47,421.22
ch2_ohr_ncp_20251009T1006356898_d_img_d18_x10240_y56320.png,0.2207,614.41,403.96,622.39,412.13
ch2_ohr_ncp_20251009T1006356898_d_img_d18_x10240_y57600.png,0.3903,534.88,586.11,540.01,591.06
ch2_ohr_ncp_20251009T1006356898_d_img_d18_x10240_y57600.png,0.253,631.45,548.0,636.2,554.83
ch2_ohr_ncp_20251009T1006356898_d_img_d18_x10240_y57600.png,0.2022,631.78,548.88,636.74,556.0
ch2_ohr_ncp_20251009T1006356898_d_img_d18_x10240_y58240.png,0.4605,583.33,323.17,588.68,330.02
ch2_ohr_ncp_20251009T1006356898_d_img_d18_x10240_y58240.png,0.3477,569.17,329.61,573.34,334.9
ch2_ohr_ncp_20251009T1006356898_d_img_d18_x10240_y58240.png,0.2624,464.79,217.23,469.63,224.51
ch2_ohr_ncp_20251009T1006356898_d_img_d18_x10240_y58240.png,0.2392,419.73,208.85,425.45,217.7
ch2_ohr_ncp_20251009T1006356898_d_img_d18_x10240_y61440.png,0.2972,161.34,624.89,167.45,632.87
ch2_ohr_ncp_20251009T1006356898_d_img_d18_x10240_y65920.png,0.2476,0.0,231.53,52.05,336.2
ch2_ohr_ncp_20251009T1006356898_d_img_d18_x10240_y73600.png,0.2376,592.22,317.93,596.52,324.0
ch2_ohr_ncp_20251009T1006356898_d_img_d18_x10240_y74880.png,0.2185,575.2,579.88,581.06,588.17
ch2_ohr_ncp_20251009T1006356898_d_img_d18_x10240_y75520.png,0.4003,631.37,427.86,636.66,436.83
ch2_ohr_ncp_20251009T1006356898_d_img_d18_x10240_y75520.png,0.3049,634.99,478.64,639.01,485.57
ch2_ohr_ncp_20251009T1006356898_d_img_d18_x10240_y75520.png,0.2252,3.97,2.52,9.89,8.82
ch2_ohr_ncp_20251009T1006356898_d_img_d18_x10240_y76160.png,0.291,631.09,235.72,636.04,241.27
ch2_ohr_ncp_20251009T1006356898_d_img_d18_x10240_y78720.png,0.215,400.99,108.0,405.36,114.46
ch2_ohr_ncp_20251009T1006356898_d_img_d18_x10240_y79360.png,0.2835,547.99,219.89,553.61,226.34
ch2_ohr_ncp_20251009T1006356898_d_img_d18_x10240_y81920.png,0.2126,631.8,290.21,638.65,303.07
ch2_ohr_ncp_20251009T1006356898_d_img_d18_x10240_y83840.png,0.2028,412.0,630.9,417.07,636.04
ch2_ohr_ncp_20251009T1006356898_d_img_d18_x10240_y86400.png,0.2118,23.63,140.13,29.2,152.69
ch2_ohr_ncp_20251009T1006356898_d_img_d18_x10240_y86400.png,0.2008,289.33,371.97,293.12,376.97
ch2_ohr_ncp_20251009T1006356898_d_img_d18_x10240_y88320.png,0.3487,635.79,526.16,639.16,534.06
ch2_ohr_ncp_20251009T1006356898_d_img_d18_x10240_y88320.png,0.2365,591.65,244.0,596.11,251.82
ch2_ohr_ncp_20251009T1006356898_d_img_d18_x10240_y88320.png,0.2338,591.05,230.49,596.01,236.01
ch2_ohr_ncp_20251009T1006356898_d_img_d18_x10240_y88960.png,0.2852,591.5,208.58,596.0,213.81
ch2_ohr_ncp_20251009T1006356898_d_img_d18_x10240_y90240.png,0.4722,586.89,311.94,592.62,321.69
ch2_ohr_ncp_20251009T1006356898_d_img_d18_x10240_y90240.png,0.3696,632.66,133.63,637.88,140.86
ch2_ohr_ncp_20251009T1006356898_d_img_d18_x10240_y90240.png,0.3366,603.77,329.17,607.57,334.22
ch2_ohr_ncp_20251009T1006356898_d_img_d18_x10240_y90240.png,0.3119,531.83,278.99,538.35,288.11
ch2_ohr_ncp_20251009T1006356898_d_img_d18_x10240_y90240.png,0.2074,371.99,6.29,376.73,12.63
ch2_ohr_ncp_20251009T1006356898_d_img_d18_x10240_y90880.png,0.3397,27.37,303.85,33.04,314.24
ch2_ohr_ncp_20251009T1006356898_d_img_d18_x10240_y90880.png,0.2341,139.97,576.51,145.29,583.66
ch2_ohr_ncp_20251009T1006356898_d_img_d18_x10240_y90880.png,0.2309,7.04,460.08,12.88,468.07
ch2_ohr_ncp_20251009T1006356898_d_img_d18_x10240_y90880.png,0.2026,8.52,633.69,13.23,638.96
ch2_ohr_ncp_20251009T1006356898_d_img_d18_x10240_y91520.png,0.258,628.29,599.91,636.68,612.02
ch2_ohr_ncp_20251009T1006356898_d_img_d18_x10240_y91520.png,0.2195,627.69,599.18,635.08,609.86
ch2_ohr_ncp_20251009T1006356898_d_img_d18_x10240_y92160.png,0.3079,558.38,452.0,564.02,459.07
ch2_ohr_ncp_20251009T1006356898_d_img_d18_x10240_y92160.png,0.269,633.02,555.87,639.01,563.97
ch2_ohr_ncp_20251009T1006356898_d_img_d18_x10240_y92160.png,0.2229,44.0,384.07,49.91,390.34
ch2_ohr_ncp_20251009T1006356898_d_img_d18_x10240_y92800.png,0.34,602.21,635.59,606.48,639.53
ch2_ohr_ncp_20251009T1006356898_d_img_d18_x10240_y92800.png,0.2166,627.98,190.81,632.78,196.03
ch2_ohr_ncp_20251009T1006356898_d_img_d18_x10240_y94080.png,0.3539,583.51,82.65,588.02,87.64
ch2_ohr_ncp_20251009T1006356898_d_img_d18_x10240_y94080.png,0.215,6.89,314.48,12.88,321.41
ch2_ohr_ncp_20251009T1006356898_d_img_d18_x10240_y94720.png,0.3406,631.65,32.17,638.6,44.33
ch2_ohr_ncp_20251009T1006356898_d_img_d18_x10240_y94720.png,0.261,35.51,624.96,40.63,631.68
ch2_ohr_ncp_20251009T1006356898_d_img_d18_x10240_y95360.png,0.2391,598.3,427.2,605.45,436.35
ch2_ohr_ncp_20251009T1006356898_d_img_d18_x10240_y95360.png,0.2381,328.65,554.52,334.54,562.31
ch2_ohr_ncp_20251009T1006356898_d_img_d18_x10240_y95360.png,0.2221,526.24,288.62,532.0,296.95
ch2_ohr_ncp_20251009T1006356898_d_img_d18_x10240_y95360.png,0.2168,498.2,165.75,502.16,172.02
ch2_ohr_ncp_20251009T1006356898_d_img_d18_x10240_y95360.png,0.2151,616.72,411.52,620.56,415.54
ch2_ohr_ncp_20251009T1006356898_d_img_d18_x10240_y96000.png,0.2194,627.98,289.77,636.2,301.53
ch2_ohr_ncp_20251009T1006356898_d_img_d18_x10240_y97280.png,0.2886,563.88,312.11,568.82,318.61
ch2_ohr_ncp_20251009T1006356898_d_img_d18_x10240_y97280.png,0.2463,627.24,261.31,635.98,272.79
ch2_ohr_ncp_20251009T1006356898_d_img_d18_x10240_y97920.png,0.409,565.85,558.57,640.0,626.59
ch2_ohr_ncp_20251009T1006356898_d_img_d18_x10240_y97920.png,0.2064,569.74,558.31,640.0,607.93
ch2_ohr_ncp_20251009T1006356898_d_img_d18_x10880_y46720.png,0.5133,632.9,620.72,639.2,633.63
ch2_ohr_ncp_20251009T1006356898_d_img_d18_x10880_y46720.png,0.458,605.84,610.09,612.04,618.9
ch2_ohr_ncp_20251009T1006356898_d_img_d18_x10880_y46720.png,0.3543,633.56,619.59,639.71,632.05
ch2_ohr_ncp_20251009T1006356898_d_img_d18_x10880_y46720.png,0.3401,580.0,627.99,585.7,633.42
ch2_ohr_ncp_20251009T1006356898_d_img_d18_x10880_y46720.png,0.3349,566.04,625.39,572.01,631.54
ch2_ohr_ncp_20251009T1006356898_d_img_d18_x10880_y46720.png,0.2369,604.0,610.23,611.39,618.45
ch2_ohr_ncp_20251009T1006356898_d_img_d18_x10880_y47360.png,0.2049,572.0,400.25,578.28,406.32
ch2_ohr_ncp_20251009T1006356898_d_img_d18_x10880_y48000.png,0.3178,631.97,474.88,636.27,479.8
ch2_ohr_ncp_20251009T1006356898_d_img_d18_x10880_y48000.png,0.2879,622.74,505.59,629.91,515.01
ch2_ohr_ncp_20251009T1006356898_d_img_d18_x10880_y48000.png,0.2826,631.35,8.26,636.02,14.63
ch2_ohr_ncp_20251009T1006356898_d_img_d18_x10880_y48000.png,0.2414,625.09,494.92,629.43,500.06
ch2_ohr_ncp_20251009T1006356898_d_img_d18_x10880_y48640.png,0.4039,535.39,31.89,540.02,37.3
ch2_ohr_ncp_20251009T1006356898_d_img_d18_x10880_y48640.png,0.3487,539.96,43.78,545.91,49.91
ch2_ohr_ncp_20251009T1006356898_d_img_d18_x10880_y48640.png,0.2401,187.96,593.81,192.31,597.92
ch2_ohr_ncp_20251009T1006356898_d_img_d18_x10880_y48640.png,0.226,539.99,2.53,544.78,7.27
ch2_ohr_ncp_20251009T1006356898_d_img_d18_x10880_y48640.png,0.2178,528.42,37.14,532.71,44.0
ch2_ohr_ncp_20251009T1006356898_d_img_d18_x10880_y49280.png,0.3043,527.91,539.61,533.42,546.22
ch2_ohr_ncp_20251009T1006356898_d_img_d18_x10880_y49280.png,0.2879,518.1,399.88,524.01,407.13
ch2_ohr_ncp_20251009T1006356898_d_img_d18_x10880_y49280.png,0.2155,540.0,519.01,545.94,526.66
ch2_ohr_ncp_20251009T1006356898_d_img_d18_x10880_y49920.png,0.2401,613.1,0.4,618.58,8.52
ch2_ohr_ncp_20251009T1006356898_d_img_d18_x10880_y51200.png,0.3262,539.93,582.28,545.76,589.24
ch2_ohr_ncp_20251009T1006356898_d_img_d18_x10880_y51200.png,0.2102,579.14,601.98,583.62,607.02
ch2_ohr_ncp_20251009T1006356898_d_img_d18_x10880_y51200.png,0.2077,0.0,554.0,4.01,560.3
ch2_ohr_ncp_20251009T1006356898_d_img_d18_x10880_y51840.png,0.2567,619.98,6.44,625.27,12.23
ch2_ohr_ncp_20251009T1006356898_d_img_d18_x10880_y51840.png,0.2501,523.34,127.23,528.01,134.04
ch2_ohr_ncp_20251009T1006356898_d_img_d18_x10880_y51840.png,0.2479,27.6,16.79,32.82,22.54
ch2_ohr_ncp_20251009T1006356898_d_img_d18_x10880_y51840.png,0.2089,606.91,121.16,612.01,125.41
ch2_ohr_ncp_20251009T1006356898_d_img_d18_x10880_y51840.png,0.2033,241.9,613.19,245.47,620.0
ch2_ohr_ncp_20251009T1006356898_d_img_d18_x10880_y52480.png,0.2669,48.16,96.52,53.84,114.26
ch2_ohr_ncp_20251009T1006356898_d_img_d18_x10880_y52480.png,0.2051,48.63,96.77,54.67,111.19
ch2_ohr_ncp_20251009T1006356898_d_img_d18_x10880_y53120.png,0.211,3.99,296.73,9.56,301.32
ch2_ohr_ncp_20251009T1006356898_d_img_d18_x10880_y53760.png,0.2995,542.54,628.0,548.0,634.59
ch2_ohr_ncp_20251009T1006356898_d_img_d18_x10880_y53760.png,0.2844,584.42,121.96,588.92,127.52
ch2_ohr_ncp_20251009T1006356898_d_img_d18_x10880_y53760.png,0.2613,611.33,150.07,619.34,159.03
ch2_ohr_ncp_20251009T1006356898_d_img_d18_x10880_y53760.png,0.2314,543.02,629.86,548.0,636.0
ch2_ohr_ncp_20251009T1006356898_d_img_d18_x10880_y53760.png,0.2294,555.76,617.01,559.5,621.51
ch2_ohr_ncp_20251009T1006356898_d_img_d18_x10880_y53760.png,0.2278,599.95,619.2,604.09,623.55
ch2_ohr_ncp_20251009T1006356898_d_img_d18_x10880_y53760.png,0.2158,603.83,631.71,608.98,636.62
ch2_ohr_ncp_20251009T1006356898_d_img_d18_x10880_y53760.png,0.2138,619.9,624.27,626.45,630.12
ch2_ohr_ncp_20251009T1006356898_d_img_d18_x10880_y55040.png,0.2501,564.58,106.28,572.42,119.58
ch2_ohr_ncp_20251009T1006356898_d_img_d18_x10880_y55040.png,0.2468,45.04,271.45,52.0,278.67
ch2_ohr_ncp_20251009T1006356898_d_img_d18_x10880_y55040.png,0.2467,631.68,471.16,636.04,476.01
ch2_ohr_ncp_20251009T1006356898_d_img_d18_x10880_y55040.png,0.2406,611.96,463.36,618.01,470.55
ch2_ohr_ncp_20251009T1006356898_d_img_d18_x10880_y55040.png,0.2368,411.92,624.08,418.45,630.9
ch2_ohr_ncp_20251009T1006356898_d_img_d18_x10880_y55680.png,0.4004,583.89,12.84,588.42,20.0
ch2_ohr_ncp_20251009T1006356898_d_img_d18_x10880_y55680.png,0.3669,613.06,38.96,617.38,43.73
ch2_ohr_ncp_20251009T1006356898_d_img_d18_x10880_y56960.png,0.3543,32.42,142.75,37.22,148.22
ch2_ohr_ncp_20251009T1006356898_d_img_d18_x10880_y56960.png,0.2848,379.75,17.68,388.41,25.88
ch2_ohr_ncp_20251009T1006356898_d_img_d18_x10880_y58240.png,0.6843,292.0,552.41,297.87,562.7
ch2_ohr_ncp_20251009T1006356898_d_img_d18_x10880_y58240.png,0.5662,308.43,590.51,317.63,601.29
ch2_ohr_ncp_20251009T1006356898_d_img_d18_x10880_y58240.png,0.4508,346.6,456.72,353.65,465.19
ch2_ohr_ncp_20251009T1006356898_d_img_d18_x10880_y58240.png,0.4227,333.81,456.45,340.0,463.11
ch2_ohr_ncp_20251009T1006356898_d_img_d18_x10880_y58240.png,0.3543,293.03,552.73,300.0,562.64
ch2_ohr_ncp_20251009T1006356898_d_img_d18_x10880_y58240.png,0.2391,307.16,591.86,315.39,603.0
ch2_ohr_ncp_20251009T1006356898_d_img_d18_x10880_y58240.png,0.2244,45.68,385.61,52.24,393.91
ch2_ohr_ncp_20251009T1006356898_d_img_d18_x10880_y58240.png,0.2101,267.99,627.38,280.74,639.24
ch2_ohr_ncp_20251009T1006356898_d_img_d18_x10880_y58240.png,0.2088,14.32,576.35,20.0,582.59
ch2_ohr_ncp_20251009T1006356898_d_img_d18_x10880_y58880.png,0.296,633.14,594.89,637.64,599.84
ch2_ohr_ncp_20251009T1006356898_d_img_d18_x10880_y60160.png,0.3118,63.08,22.52,68.07,29.0
ch2_ohr_ncp_20251009T1006356898_d_img_d18_x10880_y61440.png,0.2382,408.02,320.07,487.68,390.0
ch2_ohr_ncp_20251009T1006356898_d_img_d18_x10880_y62720.png,0.2089,560.26,3.11,567.14,10.6
ch2_ohr_ncp_20251009T1006356898_d_img_d18_x10880_y71680.png,0.3194,251.95,543.85,256.05,548.11
ch2_ohr_ncp_20251009T1006356898_d_img_d18_x10880_y71680.png,0.2571,302.64,508.91,308.37,521.72
ch2_ohr_ncp_20251009T1006356898_d_img_d18_x10880_y71680.png,0.2181,231.44,547.99,236.14,553.86
ch2_ohr_ncp_20251009T1006356898_d_img_d18_x10880_y74240.png,0.2885,634.76,284.96,639.03,292.46
ch2_ohr_ncp_20251009T1006356898_d_img_d18_x10880_y74240.png,0.2473,579.47,327.78,584.08,334.52
ch2_ohr_ncp_20251009T1006356898_d_img_d18_x10880_y78080.png,0.3393,183.2,437.51,188.43,444.46
ch2_ohr_ncp_20251009T1006356898_d_img_d18_x10880_y79360.png,0.23,331.78,276.61,336.93,286.71
ch2_ohr_ncp_20251009T1006356898_d_img_d18_x10880_y80640.png,0.394,0.0,522.68,4.11,529.53
ch2_ohr_ncp_20251009T1006356898_d_img_d18_x10880_y80640.png,0.2116,12.0,516.54,17.0,524.13
ch2_ohr_ncp_20251009T1006356898_d_img_d18_x10880_y80640.png,0.2003,10.73,0.95,16.64,9.83
ch2_ohr_ncp_20251009T1006356898_d_img_d18_x10880_y81920.png,0.3328,116.0,394.0,120.96,400.05
ch2_ohr_ncp_20251009T1006356898_d_img_d18_x10880_y82560.png,0.3521,36.3,5.11,40.64,10.83
ch2_ohr_ncp_20251009T1006356898_d_img_d18_x10880_y82560.png,0.2092,25.0,0.29,30.36,5.14
ch2_ohr_ncp_20251009T1006356898_d_img_d18_x10880_y83200.png,0.2727,92.0,536.44,97.18,543.06
ch2_ohr_ncp_20251009T1006356898_d_img_d18_x10880_y84480.png,0.2049,122.3,626.44,126.64,631.89
ch2_ohr_ncp_20251009T1006356898_d_img_d18_x10880_y85760.png,0.2036,544.23,614.9,548.99,622.68
ch2_ohr_ncp_20251009T1006356898_d_img_d18_x10880_y86400.png,0.2405,54.16,526.29,60.03,535.32
ch2_ohr_ncp_20251009T1006356898_d_img_d18_x10880_y87040.png,0.2094,635.57,447.95,639.48,453.87
ch2_ohr_ncp_20251009T1006356898_d_img_d18_x10880_y88320.png,0.3047,634.3,48.83,639.15,57.92
ch2_ohr_ncp_20251009T1006356898_d_img_d18_x10880_y88320.png,0.2463,595.98,601.22,600.6,607.3
ch2_ohr_ncp_20251009T1006356898_d_img_d18_x10880_y89600.png,0.2189,632.66,275.66,638.05,281.65
ch2_ohr_ncp_20251009T1006356898_d_img_d18_x10880_y90240.png,0.2369,36.0,226.25,42.1,231.87
ch2_ohr_ncp_20251009T1006356898_d_img_d18_x10880_y92160.png,0.2895,95.86,592.59,101.15,599.48
ch2_ohr_ncp_20251009T1006356898_d_img_d18_x10880_y92160.png,0.2753,40.61,618.85,45.17,624.0
ch2_ohr_ncp_20251009T1006356898_d_img_d18_x10880_y92160.png,0.2685,118.91,595.94,124.09,603.13
ch2_ohr_ncp_20251009T1006356898_d_img_d18_x10880_y92160.png,0.2681,15.89,582.29,20.4,588.05
ch2_ohr_ncp_20251009T1006356898_d_img_d18_x10880_y92160.png,0.2445,52.0,586.26,57.25,591.23
ch2_ohr_ncp_20251009T1006356898_d_img_d18_x10880_y92800.png,0.4605,492.51,352.3,500.68,363.13
ch2_ohr_ncp_20251009T1006356898_d_img_d18_x10880_y92800.png,0.3248,496.8,346.48,501.03,351.2
ch2_ohr_ncp_20251009T1006356898_d_img_d18_x10880_y92800.png,0.2971,575.48,126.13,580.1,132.0
ch2_ohr_ncp_20251009T1006356898_d_img_d18_x10880_y94080.png,0.4492,358.12,594.17,363.06,601.76
ch2_ohr_ncp_20251009T1006356898_d_img_d18_x10880_y94080.png,0.3937,128.67,605.1,134.49,613.9
ch2_ohr_ncp_20251009T1006356898_d_img_d18_x10880_y94080.png,0.374,265.15,604.25,270.03,612.56
ch2_ohr_ncp_20251009T1006356898_d_img_d18_x10880_y94080.png,0.3614,253.05,611.32,260.21,621.37
ch2_ohr_ncp_20251009T1006356898_d_img_d18_x10880_y94080.png,0.3451,264.81,603.9,269.9,610.55
ch2_ohr_ncp_20251009T1006356898_d_img_d18_x10880_y94080.png,0.3373,383.35,602.23,388.08,607.26
ch2_ohr_ncp_20251009T1006356898_d_img_d18_x10880_y94080.png,0.2651,503.69,35.98,508.25,41.7
ch2_ohr_ncp_20251009T1006356898_d_img_d18_x10880_y94080.png,0.2536,618.64,307.48,623.77,314.61
ch2_ohr_ncp_20251009T1006356898_d_img_d18_x10880_y94080.png,0.2522,432.54,620.97,440.59,630.68
ch2_ohr_ncp_20251009T1006356898_d_img_d18_x10880_y94080.png,0.2022,356.0,594.22,363.07,602.06
ch2_ohr_ncp_20251009T1006356898_d_img_d18_x10880_y94720.png,0.2232,413.14,603.27,421.57,613.67
ch2_ohr_ncp_20251009T1006356898_d_img_d18_x10880_y94720.png,0.2037,345.55,603.47,349.82,608.83
ch2_ohr_ncp_20251009T1006356898_d_img_d18_x10880_y94720.png,0.2034,372.0,22.51,380.49,32.75
ch2_ohr_ncp_20251009T1006356898_d_img_d18_x10880_y96640.png,0.431,182.36,589.15,188.55,598.19
ch2_ohr_ncp_20251009T1006356898_d_img_d18_x10880_y96640.png,0.3,408.4,2.6,412.92,7.2
ch2_ohr_ncp_20251009T1006356898_d_img_d18_x10880_y97280.png,0.3658,634.7,585.52,639.5,591.73
ch2_ohr_ncp_20251009T1006356898_d_img_d18_x10880_y97280.png,0.2539,290.35,222.53,295.84,231.07
ch2_ohr_ncp_20251009T1006356898_d_img_d18_x10880_y97280.png,0.2204,619.8,267.97,623.85,273.41
ch2_ohr_ncp_20251009T1006356898_d_img_d18_x10880_y97280.png,0.2201,75.29,58.24,79.68,65.87
ch2_ohr_ncp_20251009T1006356898_d_img_d18_x11520_y43520.png,0.2577,330.2,603.67,333.94,607.92
ch2_ohr_ncp_20251009T1006356898_d_img_d18_x11520_y43520.png,0.2431,287.59,603.09,293.09,613.25
ch2_ohr_ncp_20251009T1006356898_d_img_d18_x11520_y44800.png,0.2256,407.68,429.28,412.22,436.0
ch2_ohr_ncp_20251009T1006356898_d_img_d18_x11520_y46080.png,0.3585,406.51,372.0,412.12,379.49
ch2_ohr_ncp_20251009T1006356898_d_img_d18_x11520_y46720.png,0.3886,43.99,423.43,49.77,432.66
ch2_ohr_ncp_20251009T1006356898_d_img_d18_x11520_y46720.png,0.3044,346.33,315.1,353.8,323.66
ch2_ohr_ncp_20251009T1006356898_d_img_d18_x11520_y46720.png,0.3011,19.99,459.88,25.26,465.33
ch2_ohr_ncp_20251009T1006356898_d_img_d18_x11520_y46720.png,0.2632,366.43,312.34,403.79,379.2
ch2_ohr_ncp_20251009T1006356898_d_img_d18_x11520_y47360.png,0.3142,244.85,566.55,252.04,577.12
ch2_ohr_ncp_20251009T1006356898_d_img_d18_x11520_y47360.png,0.3088,19.94,78.17,26.26,86.22
ch2_ohr_ncp_20251009T1006356898_d_img_d18_x11520_y47360.png,0.2986,19.69,294.18,24.67,300.1
ch2_ohr_ncp_20251009T1006356898_d_img_d18_x11520_y47360.png,0.2839,262.31,2.47,267.81,9.15
ch2_ohr_ncp_20251009T1006356898_d_img_d18_x11520_y47360.png,0.2636,242.65,586.04,247.63,591.6
ch2_ohr_ncp_20251009T1006356898_d_img_d18_x11520_y47360.png,0.2628,11.99,269.57,18.66,277.02
ch2_ohr_ncp_20251009T1006356898_d_img_d18_x11520_y47360.png,0.2485,228.54,15.39,233.58,24.01
ch2_ohr_ncp_20251009T1006356898_d_img_d18_x11520_y47360.png,0.2376,63.36,282.27,68.07,288.51
ch2_ohr_ncp_20251009T1006356898_d_img_d18_x11520_y47360.png,0.2179,127.44,36.5,132.04,44.26
ch2_ohr_ncp_20251009T1006356898_d_img_d18_x11520_y48000.png,0.2921,9.63,1.34,14.0,6.73
ch2_ohr_ncp_20251009T1006356898_d_img_d18_x11520_y48000.png,0.237,27.36,97.47,34.75,109.01
ch2_ohr_ncp_20251009T1006356898_d_img_d18_x11520_y48000.png,0.2318,27.2,0.17,31.19,4.0
ch2_ohr_ncp_20251009T1006356898_d_img_d18_x11520_y48640.png,0.3405,446.49,511.06,452.8,522.16
ch2_ohr_ncp_20251009T1006356898_d_img_d18_x11520_y48640.png,0.3331,38.94,319.66,44.11,324.63
ch2_ohr_ncp_20251009T1006356898_d_img_d18_x11520_y48640.png,0.2504,31.71,27.98,37.08,34.35
ch2_ohr_ncp_20251009T1006356898_d_img_d18_x11520_y48640.png,0.2503,85.67,2.51,90.42,8.08
ch2_ohr_ncp_20251009T1006356898_d_img_d18_x11520_y48640.png,0.2072,62.03,89.94,75.72,115.58
ch2_ohr_ncp_20251009T1006356898_d_img_d18_x11520_y48640.png,0.2062,171.99,566.28,180.06,580.25
ch2_ohr_ncp_20251009T1006356898_d_img_d18_x11520_y49280.png,0.3891,53.15,2.04,57.87,8.24
ch2_ohr_ncp_20251009T1006356898_d_img_d18_x11520_y49280.png,0.3057,9.39,8.35,15.96,18.98
ch2_ohr_ncp_20251009T1006356898_d_img_d18_x11520_y49280.png,0.2969,0.67,287.56,10.6,301.55
ch2_ohr_ncp_20251009T1006356898_d_img_d18_x11520_y49280.png,0.2296,332.0,190.5,337.9,197.85
ch2_ohr_ncp_20251009T1006356898_d_img_d18_x11520_y49920.png,0.2786,41.5,100.0,45.71,105.42
ch2_ohr_ncp_20251009T1006356898_d_img_d18_x11520_y49920.png,0.2701,309.72,78.0,316.06,84.33
ch2_ohr_ncp_20251009T1006356898_d_img_d18_x11520_y49920.png,0.2419,37.22,134.35,42.23,140.45
ch2_ohr_ncp_20251009T1006356898_d_img_d18_x11520_y49920.png,0.2376,49.56,297.73,62.98,328.07
ch2_ohr_ncp_20251009T1006356898_d_img_d18_x11520_y49920.png,0.2119,65.29,124.0,70.17,130.42
ch2_ohr_ncp_20251009T1006356898_d_img_d18_x11520_y50560.png,0.2362,427.9,297.94,434.08,306.41
ch2_ohr_ncp_20251009T1006356898_d_img_d18_x11520_y51200.png,0.2797,67.6,575.24,74.04,583.9
ch2_ohr_ncp_20251009T1006356898_d_img_d18_x11520_y51200.png,0.2314,285.63,219.81,292.01,228.14
ch2_ohr_ncp_20251009T1006356898_d_img_d18_x11520_y51200.png,0.2029,40.23,319.32,44.11,324.1
ch2_ohr_ncp_20251009T1006356898_d_img_d18_x11520_y51840.png,0.446,291.2,331.98,295.74,340.08
ch2_ohr_ncp_20251009T1006356898_d_img_d18_x11520_y51840.png,0.3317,14.79,515.94,20.01,521.18
ch2_ohr_ncp_20251009T1006356898_d_img_d18_x11520_y51840.png,0.3059,123.99,290.75,130.1,297.66
ch2_ohr_ncp_20251009T1006356898_d_img_d18_x11520_y51840.png,0.2292,331.06,218.78,336.98,226.26
ch2_ohr_ncp_20251009T1006356898_d_img_d18_x11520_y52480.png,0.5604,0.05,619.95,4.04,628.02
ch2_ohr_ncp_20251009T1006356898_d_img_d18_x11520_y52480.png,0.427,48.24,606.53,52.65,613.05
ch2_ohr_ncp_20251009T1006356898_d_img_d18_x11520_y52480.png,0.3947,35.99,623.6,40.79,628.98
ch2_ohr_ncp_20251009T1006356898_d_img_d18_x11520_y52480.png,0.2235,95.16,459.83,100.01,464.67
ch2_ohr_ncp_20251009T1006356898_d_img_d18_x11520_y53120.png,0.3342,65.29,314.63,73.47,324.04
ch2_ohr_ncp_20251009T1006356898_d_img_d18_x11520_y53120.png,0.3323,430.11,343.53,436.01,349.66
ch2_ohr_ncp_20251009T1006356898_d_img_d18_x11520_y53120.png,0.2209,51.82,475.38,59.31,484.16
ch2_ohr_ncp_20251009T1006356898_d_img_d18_x11520_y53120.png,0.2189,159.52,387.7,165.49,393.61
ch2_ohr_ncp_20251009T1006356898_d_img_d18_x11520_y53120.png,0.2044,428.0,343.47,434.71,349.8
ch2_ohr_ncp_20251009T1006356898_d_img_d18_x11520_y53760.png,0.2654,0.0,505.03,4.01,511.16
ch2_ohr_ncp_20251009T1006356898_d_img_d18_x11520_y54400.png,0.3509,429.97,156.65,436.87,167.3
ch2_ohr_ncp_20251009T1006356898_d_img_d18_x11520_y54400.png,0.2789,34.87,8.7,40.98,17.11
ch2_ohr_ncp_20251009T1006356898_d_img_d18_x11520_y55040.png,0.3785,379.27,360.3,386.04,368.37
ch2_ohr_ncp_20251009T1006356898_d_img_d18_x11520_y55040.png,0.3216,98.35,634.61,104.78,639.66
ch2_ohr_ncp_20251009T1006356898_d_img_d18_x11520_y55680.png,0.3874,51.19,6.48,58.68,21.61
ch2_ohr_ncp_20251009T1006356898_d_img_d18_x11520_y55680.png,0.3576,58.66,23.86,63.07,30.23
ch2_ohr_ncp_20251009T1006356898_d_img_d18_x11520_y55680.png,0.337,27.92,63.75,33.54,71.71
ch2_ohr_ncp_20251009T1006356898_d_img_d18_x11520_y55680.png,0.2464,319.89,383.19,324.1,388.25
ch2_ohr_ncp_20251009T1006356898_d_img_d18_x11520_y55680.png,0.2341,375.1,2.18,380.01,7.58
ch2_ohr_ncp_20251009T1006356898_d_img_d18_x11520_y55680.png,0.2214,51.29,5.79,61.96,21.31
ch2_ohr_ncp_20251009T1006356898_d_img_d18_x11520_y56320.png,0.2778,139.7,252.15,147.01,262.1
ch2_ohr_ncp_20251009T1006356898_d_img_d18_x11520_y56320.png,0.2687,219.89,267.97,225.88,274.57
ch2_ohr_ncp_20251009T1006356898_d_img_d18_x11520_y56320.png,0.256,2.46,17.55,8.85,25.08
ch2_ohr_ncp_20251009T1006356898_d_img_d18_x11520_y56320.png,0.2186,219.91,268.85,225.49,276.0
ch2_ohr_ncp_20251009T1006356898_d_img_d18_x11520_y56320.png,0.2141,78.41,292.32,84.29,300.01
ch2_ohr_ncp_20251009T1006356898_d_img_d18_x11520_y56960.png,0.2863,91.84,352.19,100.97,363.32
ch2_ohr_ncp_20251009T1006356898_d_img_d18_x11520_y56960.png,0.2094,365.44,490.88,372.0,498.73
ch2_ohr_ncp_20251009T1006356898_d_img_d18_x11520_y57600.png,0.2958,248.92,560.57,258.17,576.72
ch2_ohr_ncp_20251009T1006356898_d_img_d18_x11520_y57600.png,0.2362,184.13,628.0,189.74,635.97
ch2_ohr_ncp_20251009T1006356898_d_img_d18_x11520_y58240.png,0.2804,82.39,333.42,90.4,348.12
ch2_ohr_ncp_20251009T1006356898_d_img_d18_x11520_y58240.png,0.222,94.23,222.12,100.02,230.55
ch2_ohr_ncp_20251009T1006356898_d_img_d18_x11520_y58880.png,0.2843,20.76,245.33,25.82,252.08
ch2_ohr_ncp_20251009T1006356898_d_img_d18_x11520_y60160.png,0.239,124.0,622.38,130.28,631.92
ch2_ohr_ncp_20251009T1006356898_d_img_d18_x11520_y60800.png,0.3077,137.25,51.7,143.36,60.83
ch2_ohr_ncp_20251009T1006356898_d_img_d18_x11520_y60800.png,0.2571,315.5,72.43,324.22,83.64
ch2_ohr_ncp_20251009T1006356898_d_img_d18_x11520_y60800.png,0.2058,291.52,0.0,320.37,13.55
ch2_ohr_ncp_20251009T1006356898_d_img_d18_x11520_y60800.png,0.2004,300.0,101.79,305.48,108.01
ch2_ohr_ncp_20251009T1006356898_d_img_d18_x11520_y61440.png,0.224,205.81,295.18,212.02,302.96
ch2_ohr_ncp_20251009T1006356898_d_img_d18_x11520_y62080.png,0.2759,282.56,253.69,288.8,260.1
ch2_ohr_ncp_20251009T1006356898_d_img_d18_x11520_y62080.png,0.2073,109.2,345.62,116.01,352.41
ch2_ohr_ncp_20251009T1006356898_d_img_d18_x11520_y62720.png,0.2957,79.22,167.91,84.12,173.96
ch2_ohr_ncp_20251009T1006356898_d_img_d18_x11520_y65280.png,0.3836,111.43,401.74,117.0,407.8
ch2_ohr_ncp_20251009T1006356898_d_img_d18_x11520_y67840.png,0.3077,23.92,365.8,29.41,373.17
ch2_ohr_ncp_20251009T1006356898_d_img_d18_x11520_y71040.png,0.3591,159.82,23.0,165.49,31.13
ch2_ohr_ncp_20251009T1006356898_d_img_d18_x11520_y71040.png,0.3407,38.32,302.34,43.61,313.03
ch2_ohr_ncp_20251009T1006356898_d_img_d18_x11520_y71040.png,0.2696,26.34,501.6,32.4,509.97
ch2_ohr_ncp_20251009T1006356898_d_img_d18_x11520_y71040.png,0.2687,428.0,245.8,434.08,252.26
ch2_ohr_ncp_20251009T1006356898_d_img_d18_x11520_y71680.png,0.3394,100.49,81.93,105.91,90.71
ch2_ohr_ncp_20251009T1006356898_d_img_d18_x11520_y72320.png,0.5047,34.39,596.95,42.4,608.74
ch2_ohr_ncp_20251009T1006356898_d_img_d18_x11520_y72320.png,0.4036,53.63,243.57,61.51,253.32
ch2_ohr_ncp_20251009T1006356898_d_img_d18_x11520_y72320.png,0.3959,80.36,581.97,88.5,589.83
ch2_ohr_ncp_20251009T1006356898_d_img_d18_x11520_y72320.png,0.2553,85.83,571.23,92.3,580.08
ch2_ohr_ncp_20251009T1006356898_d_img_d18_x11520_y72320.png,0.2182,10.85,30.58,16.81,40.44
ch2_ohr_ncp_20251009T1006356898_d_img_d18_x11520_y72320.png,0.209,0.0,25.94,6.96,35.87
ch2_ohr_ncp_20251009T1006356898_d_img_d18_x11520_y72960.png,0.4775,405.67,2.43,411.08,11.05
ch2_ohr_ncp_20251009T1006356898_d_img_d18_x11520_y72960.png,0.3728,451.98,2.39,458.72,12.24
ch2_ohr_ncp_20251009T1006356898_d_img_d18_x11520_y72960.png,0.3511,403.98,26.52,410.46,35.26
ch2_ohr_ncp_20251009T1006356898_d_img_d18_x11520_y72960.png,0.2677,410.35,13.33,416.89,21.44
ch2_ohr_ncp_20251009T1006356898_d_img_d18_x11520_y72960.png,0.2676,443.41,2.89,448.4,8.76
ch2_ohr_ncp_20251009T1006356898_d_img_d18_x11520_y72960.png,0.2587,25.18,361.41,30.34,369.26
ch2_ohr_ncp_20251009T1006356898_d_img_d18_x11520_y72960.png,0.2543,405.77,2.5,413.71,11.59
ch2_ohr_ncp_20251009T1006356898_d_img_d18_x11520_y72960.png,0.2409,446.55,20.68,468.39,56.0
ch2_ohr_ncp_20251009T1006356898_d_img_d18_x11520_y72960.png,0.2361,453.08,1.71,460.97,12.8
ch2_ohr_ncp_20251009T1006356898_d_img_d18_x11520_y73600.png,0.39,147.78,87.29,153.09,96.59
ch2_ohr_ncp_20251009T1006356898_d_img_d18_x11520_y73600.png,0.2133,155.56,634.1,161.66,639.36
ch2_ohr_ncp_20251009T1006356898_d_img_d18_x11520_y73600.png,0.2094,42.93,606.18,50.08,617.24
ch2_ohr_ncp_20251009T1006356898_d_img_d18_x11520_y73600.png,0.2045,420.0,299.51,426.0,305.66
ch2_ohr_ncp_20251009T1006356898_d_img_d18_x11520_y74880.png,0.5251,60.0,169.62,67.32,178.02
ch2_ohr_ncp_20251009T1006356898_d_img_d18_x11520_y74880.png,0.4483,33.02,130.77,37.38,134.99
ch2_ohr_ncp_20251009T1006356898_d_img_d18_x11520_y74880.png,0.3966,29.95,143.51,36.54,150.95
ch2_ohr_ncp_20251009T1006356898_d_img_d18_x11520_y74880.png,0.2359,28.0,143.11,36.3,151.21
ch2_ohr_ncp_20251009T1006356898_d_img_d18_x11520_y74880.png,0.2293,197.27,100.6,202.83,107.54
ch2_ohr_ncp_20251009T1006356898_d_img_d18_x11520_y75520.png,0.4409,254.1,585.95,260.11,591.56
ch2_ohr_ncp_20251009T1006356898_d_img_d18_x11520_y75520.png,0.3153,422.7,511.76,428.02,517.29
ch2_ohr_ncp_20251009T1006356898_d_img_d18_x11520_y75520.png,0.3122,7.51,242.4,13.34,250.04
ch2_ohr_ncp_20251009T1006356898_d_img_d18_x11520_y75520.png,0.2989,246.15,593.24,254.31,601.71
ch2_ohr_ncp_20251009T1006356898_d_img_d18_x11520_y75520.png,0.2888,6.92,243.56,11.72,249.86
ch2_ohr_ncp_20251009T1006356898_d_img_d18_x11520_y75520.png,0.2279,211.24,614.56,216.77,621.77
ch2_ohr_ncp_20251009T1006356898_d_img_d18_x11520_y76160.png,0.5383,407.02,369.03,412.11,375.73
ch2_ohr_ncp_20251009T1006356898_d_img_d18_x11520_y76160.png,0.2612,243.97,618.57,249.6,625.48
ch2_ohr_ncp_20251009T1006356898_d_img_d18_x11520_y76800.png,0.3338,396.0,370.33,402.21,375.46
ch2_ohr_ncp_20251009T1006356898_d_img_d18_x11520_y76800.png,0.323,87.74,22.87,92.5,28.22
ch2_ohr_ncp_20251009T1006356898_d_img_d18_x11520_y76800.png,0.3067,86.83,22.62,91.73,27.97
ch2_ohr_ncp_20251009T1006356898_d_img_d18_x11520_y76800.png,0.2262,55.01,315.51,60.64,324.06
ch2_ohr_ncp_20251009T1006356898_d_img_d18_x11520_y76800.png,0.2209,89.58,131.99,93.76,136.56
ch2_ohr_ncp_20251009T1006356898_d_img_d18_x11520_y77440.png,0.3543,191.63,110.9,196.12,116.91
ch2_ohr_ncp_20251009T1006356898_d_img_d18_x11520_y77440.png,0.3289,203.51,24.12,209.15,30.66
ch2_ohr_ncp_20251009T1006356898_d_img_d18_x11520_y77440.png,0.2363,203.08,42.42,207.55,47.11
ch2_ohr_ncp_20251009T1006356898_d_img_d18_x11520_y77440.png,0.2337,363.62,216.03,367.76,221.89
ch2_ohr_ncp_20251009T1006356898_d_img_d18_x11520_y77440.png,0.2142,285.51,155.21,292.01,161.47
ch2_ohr_ncp_20251009T1006356898_d_img_d18_x11520_y78080.png,0.3269,79.96,51.0,85.9,61.74
ch2_ohr_ncp_20251009T1006356898_d_img_d18_x11520_y78080.png,0.2215,15.25,507.98,20.09,514.14
ch2_ohr_ncp_20251009T1006356898_d_img_d18_x11520_y78720.png,0.3515,230.76,29.99,236.09,36.12
ch2_ohr_ncp_20251009T1006356898_d_img_d18_x11520_y78720.png,0.3321,32.7,469.66,38.41,478.15
ch2_ohr_ncp_20251009T1006356898_d_img_d18_x11520_y78720.png,0.2596,191.66,228.0,196.02,234.48
ch2_ohr_ncp_20251009T1006356898_d_img_d18_x11520_y78720.png,0.2563,2.12,14.3,10.88,25.93
ch2_ohr_ncp_20251009T1006356898_d_img_d18_x11520_y78720.png,0.2407,262.06,395.6,268.17,402.34
ch2_ohr_ncp_20251009T1006356898_d_img_d18_x11520_y78720.png,0.2317,20.37,198.14,24.86,203.68
ch2_ohr_ncp_20251009T1006356898_d_img_d18_x11520_y78720.png,0.2197,149.01,43.08,156.94,54.15
ch2_ohr_ncp_20251009T1006356898_d_img_d18_x11520_y79360.png,0.3755,313.05,633.94,320.12,639.6
ch2_ohr_ncp_20251009T1006356898_d_img_d18_x11520_y79360.png,0.3167,31.74,54.72,37.57,61.51
ch2_ohr_ncp_20251009T1006356898_d_img_d18_x11520_y79360.png,0.3045,380.0,476.57,385.9,484.94
ch2_ohr_ncp_20251009T1006356898_d_img_d18_x11520_y79360.png,0.2909,267.99,527.27,273.24,533.77
ch2_ohr_ncp_20251009T1006356898_d_img_d18_x11520_y79360.png,0.2759,87.95,2.78,93.01,8.78
ch2_ohr_ncp_20251009T1006356898_d_img_d18_x11520_y79360.png,0.2628,249.79,614.26,254.77,621.85
ch2_ohr_ncp_20251009T1006356898_d_img_d18_x11520_y79360.png,0.22,422.0,419.98,428.33,429.79
ch2_ohr_ncp_20251009T1006356898_d_img_d18_x11520_y79360.png,0.2075,42.48,36.56,55.58,53.15
ch2_ohr_ncp_20251009T1006356898_d_img_d18_x11520_y79360.png,0.2017,20.0,176.19,25.89,183.17
ch2_ohr_ncp_20251009T1006356898_d_img_d18_x11520_y80000.png,0.4683,76.0,445.28,82.44,452.99
ch2_ohr_ncp_20251009T1006356898_d_img_d18_x11520_y80000.png,0.3526,431.65,626.74,438.18,636.03
ch2_ohr_ncp_20251009T1006356898_d_img_d18_x11520_y80000.png,0.3507,374.64,363.59,380.0,369.93
ch2_ohr_ncp_20251009T1006356898_d_img_d18_x11520_y80000.png,0.3497,275.99,617.26,281.68,623.35
ch2_ohr_ncp_20251009T1006356898_d_img_d18_x11520_y80000.png,0.2901,77.5,444.93,84.01,452.95
ch2_ohr_ncp_20251009T1006356898_d_img_d18_x11520_y80000.png,0.2712,123.64,20.41,131.74,31.46
ch2_ohr_ncp_20251009T1006356898_d_img_d18_x11520_y80000.png,0.2427,55.34,379.3,60.04,385.61
ch2_ohr_ncp_20251009T1006356898_d_img_d18_x11520_y80000.png,0.205,58.19,387.91,63.36,392.94
ch2_ohr_ncp_20251009T1006356898_d_img_d18_x11520_y80640.png,0.3957,46.8,555.5,52.01,560.89
ch2_ohr_ncp_20251009T1006356898_d_img_d18_x11520_y80640.png,0.3184,30.39,106.07,36.01,111.37
ch2_ohr_ncp_20251009T1006356898_d_img_d18_x11520_y80640.png,0.2989,66.15,338.89,73.57,351.13
ch2_ohr_ncp_20251009T1006356898_d_img_d18_x11520_y81280.png,0.3614,75.98,40.67,83.25,50.58
ch2_ohr_ncp_20251009T1006356898_d_img_d18_x11520_y81280.png,0.3478,425.55,290.78,429.76,296.04
ch2_ohr_ncp_20251009T1006356898_d_img_d18_x11520_y81280.png,0.3335,415.49,156.77,420.28,164.01
ch2_ohr_ncp_20251009T1006356898_d_img_d18_x11520_y81280.png,0.3024,358.96,611.98,364.33,620.96
ch2_ohr_ncp_20251009T1006356898_d_img_d18_x11520_y81280.png,0.2863,352.54,201.64,362.38,216.8
ch2_ohr_ncp_20251009T1006356898_d_img_d18_x11520_y81280.png,0.2662,38.25,39.98,42.1,45.03
ch2_ohr_ncp_20251009T1006356898_d_img_d18_x11520_y81280.png,0.2607,86.45,103.57,90.52,109.1
ch2_ohr_ncp_20251009T1006356898_d_img_d18_x11520_y81280.png,0.2515,350.62,267.11,356.01,273.17
ch2_ohr_ncp_20251009T1006356898_d_img_d18_x11520_y81280.png,0.221,86.99,103.39,92.01,109.22
ch2_ohr_ncp_20251009T1006356898_d_img_d18_x11520_y81280.png,0.2116,344.51,262.94,350.25,271.33
ch2_ohr_ncp_20251009T1006356898_d_img_d18_x11520_y81280.png,0.2027,326.33,627.48,332.85,635.55
ch2_ohr_ncp_20251009T1006356898_d_img_d18_x11520_y81920.png,0.3557,388.0,6.03,394.13,13.97
ch2_ohr_ncp_20251009T1006356898_d_img_d18_x11520_y82560.png,0.4379,12.0,58.18,18.3,65.82
ch2_ohr_ncp_20251009T1006356898_d_img_d18_x11520_y82560.png,0.3969,256.42,611.07,261.36,616.13
ch2_ohr_ncp_20251009T1006356898_d_img_d18_x11520_y82560.png,0.3666,171.99,13.53,177.53,20.04
ch2_ohr_ncp_20251009T1006356898_d_img_d18_x11520_y82560.png,0.3241,67.98,615.4,73.08,620.22
ch2_ohr_ncp_20251009T1006356898_d_img_d18_x11520_y82560.png,0.3182,155.97,605.01,161.9,615.25
ch2_ohr_ncp_20251009T1006356898_d_img_d18_x11520_y82560.png,0.3036,171.16,632.98,178.55,639.61
ch2_ohr_ncp_20251009T1006356898_d_img_d18_x11520_y82560.png,0.2269,22.47,38.37,28.1,45.27
ch2_ohr_ncp_20251009T1006356898_d_img_d18_x11520_y82560.png,0.213,27.98,321.35,34.09,328.35
ch2_ohr_ncp_20251009T1006356898_d_img_d18_x11520_y82560.png,0.2062,5.85,619.48,12.01,625.37
ch2_ohr_ncp_20251009T1006356898_d_img_d18_x11520_y83200.png,0.3628,434.45,46.1,439.55,56.07
ch2_ohr_ncp_20251009T1006356898_d_img_d18_x11520_y83200.png,0.3183,142.69,467.97,148.08,473.75
ch2_ohr_ncp_20251009T1006356898_d_img_d18_x11520_y83200.png,0.3032,418.65,229.3,424.49,239.41
ch2_ohr_ncp_20251009T1006356898_d_img_d18_x11520_y83200.png,0.2762,68.11,6.9,73.96,16.36
ch2_ohr_ncp_20251009T1006356898_d_img_d18_x11520_y83200.png,0.2227,41.77,438.36,47.91,447.9
ch2_ohr_ncp_20251009T1006356898_d_img_d18_x11520_y83200.png,0.2169,111.25,453.81,120.16,463.93
ch2_ohr_ncp_20251009T1006356898_d_img_d18_x11520_y83840.png,0.2467,140.73,573.55,148.85,585.95
ch2_ohr_ncp_20251009T1006356898_d_img_d18_x11520_y83840.png,0.2033,189.56,634.91,196.95,639.7
ch2_ohr_ncp_20251009T1006356898_d_img_d18_x11520_y85120.png,0.3756,10.87,123.68,19.9,136.1
ch2_ohr_ncp_20251009T1006356898_d_img_d18_x11520_y85120.png,0.2187,19.89,114.13,25.78,119.39
ch2_ohr_ncp_20251009T1006356898_d_img_d18_x11520_y85760.png,0.427,35.86,615.31,40.95,623.73
ch2_ohr_ncp_20251009T1006356898_d_img_d18_x11520_y85760.png,0.3407,67.77,622.82,71.76,628.06
ch2_ohr_ncp_20251009T1006356898_d_img_d18_x11520_y85760.png,0.3283,79.16,623.59,84.01,628.73
ch2_ohr_ncp_20251009T1006356898_d_img_d18_x11520_y85760.png,0.2961,67.04,458.99,73.56,472.62
ch2_ohr_ncp_20251009T1006356898_d_img_d18_x11520_y85760.png,0.2746,227.96,604.84,235.34,614.69
ch2_ohr_ncp_20251009T1006356898_d_img_d18_x11520_y85760.png,0.2651,66.55,630.45,70.89,636.01
ch2_ohr_ncp_20251009T1006356898_d_img_d18_x11520_y85760.png,0.2283,59.99,20.88,66.36,29.72
ch2_ohr_ncp_20251009T1006356898_d_img_d18_x11520_y85760.png,0.2213,454.53,5.2,459.43,13.17
ch2_ohr_ncp_20251009T1006356898_d_img_d18_x11520_y85760.png,0.2082,11.71,21.39,17.72,32.02
ch2_ohr_ncp_20251009T1006356898_d_img_d18_x11520_y86400.png,0.3125,159.76,0.0,164.77,4.76
ch2_ohr_ncp_20251009T1006356898_d_img_d18_x11520_y86400.png,0.2151,227.09,15.52,231.57,21.94
ch2_ohr_ncp_20251009T1006356898_d_img_d18_x11520_y87040.png,0.2253,211.99,573.14,217.87,580.28
ch2_ohr_ncp_20251009T1006356898_d_img_d18_x11520_y87680.png,0.2179,78.04,384.41,84.14,393.28
ch2_ohr_ncp_20251009T1006356898_d_img_d18_x11520_y87680.png,0.2117,55.88,341.48,60.06,348.01
ch2_ohr_ncp_20251009T1006356898_d_img_d18_x11520_y87680.png,0.2096,11.7,384.97,18.46,394.17
ch2_ohr_ncp_20251009T1006356898_d_img_d18_x11520_y88320.png,0.2162,83.86,305.53,88.77,311.2
ch2_ohr_ncp_20251009T1006356898_d_img_d18_x11520_y88960.png,0.3568,319.74,557.28,324.71,564.08
ch2_ohr_ncp_20251009T1006356898_d_img_d18_x11520_y88960.png,0.3355,223.19,564.5,228.42,574.81
ch2_ohr_ncp_20251009T1006356898_d_img_d18_x11520_y88960.png,0.2971,420.0,574.22,425.62,580.0
ch2_ohr_ncp_20251009T1006356898_d_img_d18_x11520_y88960.png,0.2517,35.08,554.95,39.95,563.11
ch2_ohr_ncp_20251009T1006356898_d_img_d18_x11520_y89600.png,0.5727,46.73,35.56,52.08,41.06
ch2_ohr_ncp_20251009T1006356898_d_img_d18_x11520_y89600.png,0.2955,37.89,523.6,44.02,532.02
ch2_ohr_ncp_20251009T1006356898_d_img_d18_x11520_y89600.png,0.2072,83.58,568.18,89.52,576.81
ch2_ohr_ncp_20251009T1006356898_d_img_d18_x11520_y89600.png,0.2071,25.47,362.44,32.49,372.83
ch2_ohr_ncp_20251009T1006356898_d_img_d18_x11520_y90240.png,0.2932,46.83,616.31,52.0,621.64
ch2_ohr_ncp_20251009T1006356898_d_img_d18_x11520_y90240.png,0.2625,55.31,271.9,60.01,278.68
ch2_ohr_ncp_20251009T1006356898_d_img_d18_x11520_y90240.png,0.2613,85.84,371.61,91.16,377.15
ch2_ohr_ncp_20251009T1006356898_d_img_d18_x11520_y90240.png,0.2299,118.95,318.13,124.15,326.59
ch2_ohr_ncp_20251009T1006356898_d_img_d18_x11520_y90240.png,0.2042,166.83,23.49,172.01,29.18
ch2_ohr_ncp_20251009T1006356898_d_img_d18_x11520_y90880.png,0.2788,60.0,505.73,66.5,511.61
ch2_ohr_ncp_20251009T1006356898_d_img_d18_x11520_y90880.png,0.2182,73.84,499.78,79.79,506.68
ch2_ohr_ncp_20251009T1006356898_d_img_d18_x11520_y91520.png,0.2726,25.34,632.0,31.38,639.21
ch2_ohr_ncp_20251009T1006356898_d_img_d18_x11520_y91520.png,0.201,392.39,275.02,398.44,282.56
ch2_ohr_ncp_20251009T1006356898_d_img_d18_x11520_y92160.png,0.3095,407.25,21.87,412.0,28.5
ch2_ohr_ncp_20251009T1006356898_d_img_d18_x11520_y92160.png,0.3054,406.53,21.32,411.07,28.34
ch2_ohr_ncp_20251009T1006356898_d_img_d18_x11520_y92160.png,0.2349,319.9,133.82,325.0,143.2
ch2_ohr_ncp_20251009T1006356898_d_img_d18_x11520_y92160.png,0.2189,32.04,299.99,36.02,305.75
ch2_ohr_ncp_20251009T1006356898_d_img_d18_x11520_y92160.png,0.2166,93.59,121.04,100.0,130.08
ch2_ohr_ncp_20251009T1006356898_d_img_d18_x11520_y92800.png,0.3878,19.98,556.61,27.45,566.24
ch2_ohr_ncp_20251009T1006356898_d_img_d18_x11520_y92800.png,0.3156,411.96,472.0,416.27,477.28
ch2_ohr_ncp_20251009T1006356898_d_img_d18_x11520_y92800.png,0.2673,58.78,587.08,63.99,594.52
ch2_ohr_ncp_20251009T1006356898_d_img_d18_x11520_y92800.png,0.2174,395.99,466.07,403.35,475.29
ch2_ohr_ncp_20251009T1006356898_d_img_d18_x11520_y92800.png,0.2069,430.47,503.17,436.0,510.93
ch2_ohr_ncp_20251009T1006356898_d_img_d18_x11520_y92800.png,0.2003,1.73,560.08,8.78,569.23
ch2_ohr_ncp_20251009T1006356898_d_img_d18_x11520_y93440.png,0.3764,425.41,282.76,430.17,289.82
ch2_ohr_ncp_20251009T1006356898_d_img_d18_x11520_y93440.png,0.2462,31.47,543.41,36.69,549.44
ch2_ohr_ncp_20251009T1006356898_d_img_d18_x11520_y94080.png,0.4076,51.94,7.88,58.04,16.13
ch2_ohr_ncp_20251009T1006356898_d_img_d18_x11520_y94080.png,0.3984,403.15,603.92,410.52,613.83
ch2_ohr_ncp_20251009T1006356898_d_img_d18_x11520_y94080.png,0.3326,83.19,5.08,89.87,17.56
ch2_ohr_ncp_20251009T1006356898_d_img_d18_x11520_y94080.png,0.2517,58.7,77.09,66.21,89.62
ch2_ohr_ncp_20251009T1006356898_d_img_d18_x11520_y94080.png,0.2469,82.61,2.51,90.43,15.87
ch2_ohr_ncp_20251009T1006356898_d_img_d18_x11520_y94080.png,0.2381,291.01,334.89,295.77,342.12
ch2_ohr_ncp_20251009T1006356898_d_img_d18_x11520_y94080.png,0.2114,272.45,597.75,277.26,604.44
ch2_ohr_ncp_20251009T1006356898_d_img_d18_x11520_y94720.png,0.2965,43.95,5.54,48.95,12.03
ch2_ohr_ncp_20251009T1006356898_d_img_d18_x11520_y94720.png,0.2105,433.82,30.6,441.85,41.35
ch2_ohr_ncp_20251009T1006356898_d_img_d18_x11520_y94720.png,0.2058,9.85,0.06,15.12,5.57
ch2_ohr_ncp_20251009T1006356898_d_img_d18_x11520_y96000.png,0.3904,341.71,258.83,348.05,265.81
ch2_ohr_ncp_20251009T1006356898_d_img_d18_x11520_y96000.png,0.3588,428.0,479.4,434.03,488.41
ch2_ohr_ncp_20251009T1006356898_d_img_d18_x11520_y96000.png,0.3442,250.49,225.04,256.59,233.47
ch2_ohr_ncp_20251009T1006356898_d_img_d18_x11520_y96000.png,0.3196,238.17,235.42,244.0,241.35
ch2_ohr_ncp_20251009T1006356898_d_img_d18_x11520_y96000.png,0.3134,451.8,471.2,457.28,478.13
ch2_ohr_ncp_20251009T1006356898_d_img_d18_x11520_y96000.png,0.3006,352.07,626.37,356.88,633.02
ch2_ohr_ncp_20251009T1006356898_d_img_d18_x11520_y96000.png,0.2508,429.71,505.53,436.02,513.19
ch2_ohr_ncp_20251009T1006356898_d_img_d18_x11520_y96000.png,0.2318,90.45,625.54,95.34,634.09
ch2_ohr_ncp_20251009T1006356898_d_img_d18_x11520_y96640.png,0.4977,51.96,165.85,57.87,176.38
ch2_ohr_ncp_20251009T1006356898_d_img_d18_x11520_y96640.png,0.4667,69.97,171.55,76.19,180.27
ch2_ohr_ncp_20251009T1006356898_d_img_d18_x11520_y96640.png,0.3364,379.89,171.02,384.55,176.47
ch2_ohr_ncp_20251009T1006356898_d_img_d18_x11520_y96640.png,0.2833,372.0,139.32,378.48,146.21
ch2_ohr_ncp_20251009T1006356898_d_img_d18_x11520_y96640.png,0.2752,68.0,171.56,75.82,179.95
ch2_ohr_ncp_20251009T1006356898_d_img_d18_x11520_y96640.png,0.2521,42.93,299.92,48.67,306.88
ch2_ohr_ncp_20251009T1006356898_d_img_d18_x11520_y96640.png,0.2168,46.06,192.71,52.05,202.12
ch2_ohr_ncp_20251009T1006356898_d_img_d18_x11520_y96640.png,0.2142,373.38,139.35,380.01,145.81
ch2_ohr_ncp_20251009T1006356898_d_img_d18_x11520_y97280.png,0.3786,114.76,29.18,123.49,40.5
ch2_ohr_ncp_20251009T1006356898_d_img_d18_x11520_y97280.png,0.3744,67.56,429.43,76.17,445.92
ch2_ohr_ncp_20251009T1006356898_d_img_d18_x11520_y97280.png,0.3194,320.98,603.98,325.68,609.65
ch2_ohr_ncp_20251009T1006356898_d_img_d18_x11520_y97280.png,0.3159,413.42,402.97,420.62,413.73
ch2_ohr_ncp_20251009T1006356898_d_img_d18_x11520_y97280.png,0.2601,395.05,634.04,400.6,639.23
ch2_ohr_ncp_20251009T1006356898_d_img_d18_x11520_y97280.png,0.2578,0.01,144.0,16.11,166.95
ch2_ohr_ncp_20251009T1006356898_d_img_d18_x11520_y97280.png,0.251,32.94,211.86,37.45,217.59
ch2_ohr_ncp_20251009T1006356898_d_img_d18_x11520_y97280.png,0.2104,27.96,23.83,48.89,62.06
ch2_ohr_ncp_20251009T1006356898_d_img_d18_x11520_y97920.png,0.2953,77.71,390.01,84.35,397.94
ch2_ohr_ncp_20251009T1006356898_d_img_d18_x11520_y97920.png,0.288,415.5,300.16,421.74,308.33
ch2_ohr_ncp_20251009T1006356898_d_img_d18_x11520_y97920.png,0.2382,435.99,202.75,442.33,214.34
ch2_ohr_ncp_20251009T1006356898_d_img_d18_x11520_y97920.png,0.2156,437.23,202.87,444.0,214.65
ch2_ohr_ncp_20251009T1006356898_d_img_d18_x11520_y98560.png,0.4712,405.35,59.26,412.83,68.4
ch2_ohr_ncp_20251009T1006356898_d_img_d18_x11520_y98560.png,0.3022,405.71,36.66,410.33,44.72
ch2_ohr_ncp_20251009T1006356898_d_img_d18_x11520_y98560.png,0.2982,402.62,50.28,408.64,58.29
ch2_ohr_ncp_20251009T1006356898_d_img_d18_x11520_y98560.png,0.2722,408.42,99.95,413.77,106.65
ch2_ohr_ncp_20251009T1006356898_d_img_d18_x11520_y98560.png,0.2635,443.85,10.45,449.45,17.29
ch2_ohr_ncp_20251009T1006356898_d_img_d18_x11520_y98560.png,0.2609,405.86,36.86,412.0,44.6
ch2_ohr_ncp_20251009T1006356898_d_img_d18_x11520_y98560.png,0.2489,404.0,36.0,410.0,43.6
ch2_ohr_ncp_20251009T1006356898_d_img_d18_x11520_y98560.png,0.2398,404.0,37.08,411.01,45.05
ch2_ohr_ncp_20251009T1006356898_d_img_d18_x11520_y98560.png,0.2219,402.92,51.29,409.86,58.21
ch2_ohr_ncp_20251009T1006356898_d_img_d18_x11520_y98560.png,0.2144,388.85,6.39,393.33,11.88
ch2_ohr_ncp_20251009T1006356898_d_img_d18_x11520_y98560.png,0.2119,0.02,13.28,4.02,20.01
ch2_ohr_ncp_20251009T1205142094_d_img_d18_x00000_y84480.png,0.2066,576.93,634.33,583.07,639.51
ch2_ohr_ncp_20251009T1205142094_d_img_d18_x00000_y85760.png,0.337,414.39,466.86,420.02,471.76
ch2_ohr_ncp_20251009T1205142094_d_img_d18_x00000_y85760.png,0.204,389.55,553.95,396.01,559.69
ch2_ohr_ncp_20251009T1205142094_d_img_d18_x00000_y87040.png,0.2227,1.28,11.47,32.28,61.08
ch2_ohr_ncp_20251009T1205142094_d_img_d18_x00640_y80000.png,0.2915,635.14,464.22,638.6,468.91
ch2_ohr_ncp_20251009T1205142094_d_img_d18_x00640_y80000.png,0.2061,542.32,315.99,548.0,321.56
ch2_ohr_ncp_20251009T1205142094_d_img_d18_x00640_y81920.png,0.2115,294.73,619.33,300.0,624.3
ch2_ohr_ncp_20251009T1205142094_d_img_d18_x00640_y81920.png,0.2103,623.32,610.28,628.01,614.46
ch2_ohr_ncp_20251009T1205142094_d_img_d18_x00640_y85120.png,0.3755,564.32,343.72,569.99,349.54
ch2_ohr_ncp_20251009T1205142094_d_img_d18_x00640_y85120.png,0.3434,566.46,360.71,572.01,365.96
ch2_ohr_ncp_20251009T1205142094_d_img_d18_x00640_y85760.png,0.3067,588.42,315.16,599.76,324.69
ch2_ohr_ncp_20251009T1205142094_d_img_d18_x00640_y85760.png,0.2909,605.31,338.9,612.13,345.27
ch2_ohr_ncp_20251009T1205142094_d_img_d18_x00640_y88320.png,0.3563,191.43,23.69,196.5,28.34
ch2_ohr_ncp_20251009T1205142094_d_img_d18_x00640_y88320.png,0.2824,269.88,29.62,281.92,46.73
ch2_ohr_ncp_20251009T1205142094_d_img_d18_x00640_y88320.png,0.2669,499.57,27.97,504.43,33.14
ch2_ohr_ncp_20251009T1205142094_d_img_d18_x01280_y79360.png,0.4424,558.01,150.07,586.15,195.16
ch2_ohr_ncp_20251009T1205142094_d_img_d18_x01280_y79360.png,0.3504,498.67,609.37,503.16,613.9
ch2_ohr_ncp_20251009T1205142094_d_img_d18_x01280_y79360.png,0.3143,493.4,153.4,500.03,163.2
ch2_ohr_ncp_20251009T1205142094_d_img_d18_x01280_y79360.png,0.3033,455.26,82.33,462.25,94.18
ch2_ohr_ncp_20251009T1205142094_d_img_d18_x01280_y79360.png,0.2254,576.79,628.0,581.66,634.69
ch2_ohr_ncp_20251009T1205142094_d_img_d18_x01280_y80640.png,0.218,0.15,555.77,4.04,562.51
ch2_ohr_ncp_20251009T1205142094_d_img_d18_x01280_y83840.png,0.2136,45.88,295.13,52.0,300.01
ch2_ohr_ncp_20251009T1205142094_d_img_d18_x01280_y88960.png,0.2443,73.79,8.74,78.69,15.99
ch2_ohr_ncp_20251009T1205142094_d_img_d18_x01920_y75520.png,0.5676,467.88,534.45,475.62,542.63
ch2_ohr_ncp_20251009T1205142094_d_img_d18_x01920_y75520.png,0.3531,483.51,382.93,488.0,388.12
ch2_ohr_ncp_20251009T1205142094_d_img_d18_x01920_y75520.png,0.3272,456.7,478.95,461.32,486.1
ch2_ohr_ncp_20251009T1205142094_d_img_d18_x01920_y75520.png,0.3042,478.98,491.96,484.04,497.43
ch2_ohr_ncp_20251009T1205142094_d_img_d18_x01920_y75520.png,0.2668,499.23,475.49,506.31,482.97
ch2_ohr_ncp_20251009T1205142094_d_img_d18_x01920_y75520.png,0.2307,549.46,276.0,556.01,284.99
ch2_ohr_ncp_20251009T1205142094_d_img_d18_x01920_y75520.png,0.2296,459.0,515.59,466.32,526.31
ch2_ohr_ncp_20251009T1205142094_d_img_d18_x01920_y75520.png,0.2047,419.06,410.67,422.93,415.81
ch2_ohr_ncp_20251009T1205142094_d_img_d18_x01920_y76160.png,0.6424,291.13,185.93,295.84,192.11
ch2_ohr_ncp_20251009T1205142094_d_img_d18_x01920_y76160.png,0.317,131.65,197.24,136.94,203.71
ch2_ohr_ncp_20251009T1205142094_d_img_d18_x01920_y76160.png,0.2891,298.27,99.82,304.1,106.26
ch2_ohr_ncp_20251009T1205142094_d_img_d18_x01920_y76160.png,0.278,134.82,179.06,145.61,193.9
ch2_ohr_ncp_20251009T1205142094_d_img_d18_x01920_y76160.png,0.223,135.8,178.85,148.0,190.89
ch2_ohr_ncp_20251009T1205142094_d_img_d18_x01920_y76800.png,0.5588,487.15,293.74,492.02,300.06
ch2_ohr_ncp_20251009T1205142094_d_img_d18_x01920_y76800.png,0.4005,534.88,317.39,540.03,324.25
ch2_ohr_ncp_20251009T1205142094_d_img_d18_x01920_y76800.png,0.276,230.4,13.95,236.02,20.03
ch2_ohr_ncp_20251009T1205142094_d_img_d18_x01920_y76800.png,0.2699,369.25,331.97,373.5,337.36
ch2_ohr_ncp_20251009T1205142094_d_img_d18_x01920_y76800.png,0.2328,243.9,83.28,248.88,90.77
ch2_ohr_ncp_20251009T1205142094_d_img_d18_x01920_y76800.png,0.2176,259.92,0.01,265.48,4.02
ch2_ohr_ncp_20251009T1205142094_d_img_d18_x01920_y78080.png,0.2385,534.61,13.68,540.01,20.02
ch2_ohr_ncp_20251009T1205142094_d_img_d18_x01920_y78720.png,0.6878,203.7,431.67,207.81,436.99
ch2_ohr_ncp_20251009T1205142094_d_img_d18_x01920_y78720.png,0.5825,622.45,205.71,628.99,214.64
ch2_ohr_ncp_20251009T1205142094_d_img_d18_x01920_y78720.png,0.5057,615.02,194.11,623.19,204.27
ch2_ohr_ncp_20251009T1205142094_d_img_d18_x01920_y78720.png,0.3764,627.02,343.01,633.11,348.29
ch2_ohr_ncp_20251009T1205142094_d_img_d18_x01920_y78720.png,0.3749,603.84,171.96,609.89,180.0
ch2_ohr_ncp_20251009T1205142094_d_img_d18_x01920_y78720.png,0.3715,587.97,298.64,593.78,305.29
ch2_ohr_ncp_20251009T1205142094_d_img_d18_x01920_y78720.png,0.3695,203.99,441.27,208.72,446.14
ch2_ohr_ncp_20251009T1205142094_d_img_d18_x01920_y78720.png,0.3591,628.12,292.69,634.37,299.27
ch2_ohr_ncp_20251009T1205142094_d_img_d18_x01920_y78720.png,0.3384,593.08,192.41,598.12,197.36
ch2_ohr_ncp_20251009T1205142094_d_img_d18_x01920_y78720.png,0.3343,632.74,112.11,637.99,119.38
ch2_ohr_ncp_20251009T1205142094_d_img_d18_x01920_y78720.png,0.3111,584.24,200.74,590.42,207.15
ch2_ohr_ncp_20251009T1205142094_d_img_d18_x01920_y78720.png,0.311,190.95,429.36,196.01,436.0
ch2_ohr_ncp_20251009T1205142094_d_img_d18_x01920_y78720.png,0.2567,621.45,316.75,632.25,327.5
ch2_ohr_ncp_20251009T1205142094_d_img_d18_x01920_y78720.png,0.2214,560.79,298.11,565.9,303.86
ch2_ohr_ncp_20251009T1205142094_d_img_d18_x01920_y78720.png,0.2131,581.61,370.26,595.3,393.29
ch2_ohr_ncp_20251009T1205142094_d_img_d18_x01920_y78720.png,0.2051,610.7,334.51,618.32,343.01
ch2_ohr_ncp_20251009T1205142094_d_img_d18_x01920_y80000.png,0.2844,598.71,612.99,604.42,621.37
ch2_ohr_ncp_20251009T1205142094_d_img_d18_x01920_y80000.png,0.2021,0.07,21.98,4.01,28.0
ch2_ohr_ncp_20251009T1205142094_d_img_d18_x01920_y89600.png,0.2335,535.64,634.89,540.5,639.12
ch2_ohr_ncp_20251009T1205142094_d_img_d18_x02560_y74240.png,0.311,632.19,58.35,638.32,65.25
ch2_ohr_ncp_20251009T1205142094_d_img_d18_x02560_y75520.png,0.5307,559.34,18.54,565.18,25.36
ch2_ohr_ncp_20251009T1205142094_d_img_d18_x02560_y77440.png,0.2284,65.32,360.29,71.36,367.3
ch2_ohr_ncp_20251009T1205142094_d_img_d18_x02560_y85120.png,0.3089,613.66,7.66,618.51,12.52
ch2_ohr_ncp_20251009T1205142094_d_img_d18_x02560_y90240.png,0.3355,212.88,457.41,285.1,525.01
ch2_ohr_ncp_20251009T1205142094_d_img_d18_x03200_y76160.png,0.3195,459.99,622.93,465.0,628.07
ch2_ohr_ncp_20251009T1205142094_d_img_d18_x03200_y76160.png,0.2394,465.81,603.45,471.24,608.99
ch2_ohr_ncp_20251009T1205142094_d_img_d18_x03200_y77440.png,0.633,563.46,587.89,568.33,594.13
ch2_ohr_ncp_20251009T1205142094_d_img_d18_x03200_y77440.png,0.2448,428.0,605.51,433.91,612.06
ch2_ohr_ncp_20251009T1205142094_d_img_d18_x03840_y69120.png,0.2125,50.16,0.71,56.38,7.5
ch2_ohr_ncp_20251009T1205142094_d_img_d18_x03840_y72320.png,0.5324,553.33,611.85,592.73,639.32
ch2_ohr_ncp_20251009T1205142094_d_img_d18_x03840_y82560.png,0.272,631.28,582.07,638.63,593.47
ch2_ohr_ncp_20251009T1205142094_d_img_d18_x04480_y68480.png,0.3349,528.05,551.0,587.07,609.97
ch2_ohr_ncp_20251009T1205142094_d_img_d18_x04480_y72320.png,0.425,507.64,24.78,512.62,30.91
ch2_ohr_ncp_20251009T1205142094_d_img_d18_x04480_y72320.png,0.2303,564.66,6.93,569.6,12.08
ch2_ohr_ncp_20251009T1205142094_d_img_d18_x05120_y70400.png,0.3943,619.3,623.35,624.34,629.32
ch2_ohr_ncp_20251009T1205142094_d_img_d18_x05120_y71680.png,0.3752,549.46,609.32,555.2,616.24
ch2_ohr_ncp_20251009T1205142094_d_img_d18_x05760_y67200.png,0.2392,625.43,91.9,630.05,96.94
ch2_ohr_ncp_20251009T1205142094_d_img_d18_x06400_y76160.png,0.3162,192.07,404.37,222.48,452.78
ch2_ohr_ncp_20251009T1205142094_d_img_d18_x06400_y80640.png,0.4568,123.97,554.27,129.62,560.92
ch2_ohr_ncp_20251009T1205142094_d_img_d18_x06400_y80640.png,0.327,142.86,569.09,148.45,575.39
ch2_ohr_ncp_20251009T1205142094_d_img_d18_x06400_y80640.png,0.2831,53.93,587.44,60.13,594.32
ch2_ohr_ncp_20251009T1205142094_d_img_d18_x06400_y80640.png,0.2201,124.45,554.48,132.0,560.98
ch2_ohr_ncp_20251009T1205142094_d_img_d18_x06400_y92160.png,0.2129,635.42,5.99,639.2,12.25
ch2_ohr_ncp_20251009T1205142094_d_img_d18_x07680_y63360.png,0.306,549.81,628.0,556.0,634.9
ch2_ohr_ncp_20251009T1205142094_d_img_d18_x07680_y85120.png,0.3045,388.74,81.69,441.38,146.86
ch2_ohr_ncp_20251009T1205142094_d_img_d18_x08320_y62080.png,0.2705,499.43,287.64,506.02,295.98
ch2_ohr_ncp_20251009T1205142094_d_img_d18_x08320_y64000.png,0.2161,594.68,416.86,615.07,460.59
ch2_ohr_ncp_20251009T1205142094_d_img_d18_x08320_y77440.png,0.2734,582.47,602.55,588.12,608.49
ch2_ohr_ncp_20251009T1205142094_d_img_d18_x08320_y80000.png,0.2362,30.32,251.95,36.0,257.24
ch2_ohr_ncp_20251009T1205142094_d_img_d18_x08320_y96000.png,0.52,583.53,386.89,588.57,391.91
ch2_ohr_ncp_20251009T1205142094_d_img_d18_x08320_y96000.png,0.3171,559.58,355.81,572.08,368.53
ch2_ohr_ncp_20251009T1205142094_d_img_d18_x08320_y96000.png,0.2101,579.06,358.18,584.97,364.02
ch2_ohr_ncp_20251009T1205142094_d_img_d18_x08320_y96000.png,0.2019,283.96,595.17,348.0,639.7
ch2_ohr_ncp_20251009T1205142094_d_img_d18_x08320_y97280.png,0.2072,563.98,359.78,569.18,365.44
ch2_ohr_ncp_20251009T1205142094_d_img_d18_x08960_y58240.png,0.3479,0.18,602.91,9.01,617.51
ch2_ohr_ncp_20251009T1205142094_d_img_d18_x08960_y58240.png,0.3307,0.02,581.55,10.22,593.39
ch2_ohr_ncp_20251009T1205142094_d_img_d18_x08960_y58880.png,0.3094,599.41,353.25,604.93,358.25
ch2_ohr_ncp_20251009T1205142094_d_img_d18_x08960_y58880.png,0.2105,621.0,1.89,635.27,29.37
ch2_ohr_ncp_20251009T1205142094_d_img_d18_x08960_y59520.png,0.2997,592.31,617.4,597.98,622.64
ch2_ohr_ncp_20251009T1205142094_d_img_d18_x08960_y59520.png,0.2126,348.0,120.8,353.87,125.53
ch2_ohr_ncp_20251009T1205142094_d_img_d18_x08960_y60160.png,0.7849,598.79,256.86,619.71,299.03
ch2_ohr_ncp_20251009T1205142094_d_img_d18_x08960_y60160.png,0.2331,599.63,219.54,605.12,225.39
ch2_ohr_ncp_20251009T1205142094_d_img_d18_x08960_y60800.png,0.3512,633.42,301.94,639.13,308.85
ch2_ohr_ncp_20251009T1205142094_d_img_d18_x08960_y61440.png,0.3136,631.35,341.83,636.12,348.0
ch2_ohr_ncp_20251009T1205142094_d_img_d18_x08960_y61440.png,0.3011,43.22,529.94,48.18,537.94
ch2_ohr_ncp_20251009T1205142094_d_img_d18_x08960_y61440.png,0.2006,571.59,299.25,578.47,309.45
ch2_ohr_ncp_20251009T1205142094_d_img_d18_x08960_y76160.png,0.2191,534.36,62.45,540.05,68.69
ch2_ohr_ncp_20251009T1205142094_d_img_d18_x08960_y81920.png,0.5503,579.62,616.94,586.22,625.38
ch2_ohr_ncp_20251009T1205142094_d_img_d18_x08960_y81920.png,0.4673,579.71,618.18,585.93,628.0
ch2_ohr_ncp_20251009T1205142094_d_img_d18_x08960_y81920.png,0.3872,567.18,622.82,572.01,628.26
ch2_ohr_ncp_20251009T1205142094_d_img_d18_x08960_y81920.png,0.2619,580.25,617.21,588.0,625.36
ch2_ohr_ncp_20251009T1205142094_d_img_d18_x08960_y81920.png,0.2047,535.46,589.05,546.74,600.72
ch2_ohr_ncp_20251009T1205142094_d_img_d18_x08960_y85760.png,0.277,603.98,347.03,610.09,353.7
ch2_ohr_ncp_20251009T1205142094_d_img_d18_x08960_y95360.png,0.2193,631.44,426.61,638.15,436.28
ch2_ohr_ncp_20251009T1205142094_d_img_d18_x09600_y50560.png,0.4505,628.0,600.37,633.04,605.2
ch2_ohr_ncp_20251009T1205142094_d_img_d18_x09600_y50560.png,0.2352,610.56,555.16,619.69,569.74
ch2_ohr_ncp_20251009T1205142094_d_img_d18_x09600_y50560.png,0.2051,631.65,616.22,638.86,624.41
ch2_ohr_ncp_20251009T1205142094_d_img_d18_x09600_y51200.png,0.4688,627.31,559.14,634.69,571.5
ch2_ohr_ncp_20251009T1205142094_d_img_d18_x09600_y51200.png,0.2842,574.47,617.39,581.9,624.61
ch2_ohr_ncp_20251009T1205142094_d_img_d18_x09600_y51200.png,0.2575,105.7,632.76,110.51,637.74
ch2_ohr_ncp_20251009T1205142094_d_img_d18_x09600_y51200.png,0.237,632.14,223.43,636.57,228.04
ch2_ohr_ncp_20251009T1205142094_d_img_d18_x09600_y51200.png,0.2333,591.8,607.28,596.41,613.21
ch2_ohr_ncp_20251009T1205142094_d_img_d18_x09600_y51840.png,0.4088,632.46,584.09,638.66,592.76
ch2_ohr_ncp_20251009T1205142094_d_img_d18_x09600_y51840.png,0.3959,635.34,574.86,639.14,581.7
ch2_ohr_ncp_20251009T1205142094_d_img_d18_x09600_y51840.png,0.3198,634.79,619.9,639.58,628.8
ch2_ohr_ncp_20251009T1205142094_d_img_d18_x09600_y51840.png,0.3172,577.85,571.96,583.62,578.8
ch2_ohr_ncp_20251009T1205142094_d_img_d18_x09600_y51840.png,0.2566,623.25,568.24,629.05,573.95
ch2_ohr_ncp_20251009T1205142094_d_img_d18_x09600_y53120.png,0.2533,630.44,8.66,636.67,16.03
ch2_ohr_ncp_20251009T1205142094_d_img_d18_x09600_y53760.png,0.4269,631.7,397.97,637.49,405.86
ch2_ohr_ncp_20251009T1205142094_d_img_d18_x09600_y53760.png,0.313,590.75,550.7,596.02,557.09
ch2_ohr_ncp_20251009T1205142094_d_img_d18_x09600_y53760.png,0.288,564.0,608.83,568.38,613.34
ch2_ohr_ncp_20251009T1205142094_d_img_d18_x09600_y53760.png,0.2668,535.0,635.94,540.07,639.65
ch2_ohr_ncp_20251009T1205142094_d_img_d18_x09600_y53760.png,0.2322,628.0,386.45,633.92,392.24
ch2_ohr_ncp_20251009T1205142094_d_img_d18_x09600_y53760.png,0.2211,606.49,570.2,612.0,574.93
ch2_ohr_ncp_20251009T1205142094_d_img_d18_x09600_y55040.png,0.3707,631.46,317.7,637.49,327.03
ch2_ohr_ncp_20251009T1205142094_d_img_d18_x09600_y55040.png,0.214,257.42,635.72,262.82,639.44
ch2_ohr_ncp_20251009T1205142094_d_img_d18_x09600_y56320.png,0.4726,629.23,125.77,636.55,134.62
ch2_ohr_ncp_20251009T1205142094_d_img_d18_x09600_y56320.png,0.4333,594.81,66.17,601.31,74.19
ch2_ohr_ncp_20251009T1205142094_d_img_d18_x09600_y56320.png,0.427,618.14,52.6,622.47,60.06
ch2_ohr_ncp_20251009T1205142094_d_img_d18_x09600_y56320.png,0.339,589.62,42.84,597.6,55.37
ch2_ohr_ncp_20251009T1205142094_d_img_d18_x09600_y56320.png,0.2868,617.54,51.98,622.88,58.96
ch2_ohr_ncp_20251009T1205142094_d_img_d18_x09600_y56320.png,0.2642,605.64,55.12,612.05,61.03
ch2_ohr_ncp_20251009T1205142094_d_img_d18_x09600_y57600.png,0.3597,43.6,5.14,49.12,16.92
ch2_ohr_ncp_20251009T1205142094_d_img_d18_x09600_y58240.png,0.2385,506.7,632.0,511.79,638.03
ch2_ohr_ncp_20251009T1205142094_d_img_d18_x09600_y58240.png,0.2209,584.6,610.78,588.96,615.98
ch2_ohr_ncp_20251009T1205142094_d_img_d18_x09600_y60800.png,0.2263,630.83,630.81,636.0,636.04
ch2_ohr_ncp_20251009T1205142094_d_img_d18_x09600_y67840.png,0.294,165.17,202.49,172.0,209.94
ch2_ohr_ncp_20251009T1205142094_d_img_d18_x09600_y80000.png,0.202,633.66,551.0,637.54,556.03
ch2_ohr_ncp_20251009T1205142094_d_img_d18_x09600_y83200.png,0.2362,57.14,614.96,63.13,621.78
ch2_ohr_ncp_20251009T1205142094_d_img_d18_x09600_y85120.png,0.2007,616.82,330.32,621.56,335.73
ch2_ohr_ncp_20251009T1205142094_d_img_d18_x09600_y92160.png,0.4128,34.02,631.84,40.4,638.62
ch2_ohr_ncp_20251009T1205142094_d_img_d18_x09600_y92160.png,0.2082,0.09,555.98,4.48,563.4
ch2_ohr_ncp_20251009T1205142094_d_img_d18_x09600_y92800.png,0.3592,609.88,141.81,614.4,149.37
ch2_ohr_ncp_20251009T1205142094_d_img_d18_x09600_y96000.png,0.4858,0.01,149.54,5.57,161.36
ch2_ohr_ncp_20251009T1205142094_d_img_d18_x09600_y96000.png,0.2626,10.36,153.75,15.47,160.53
ch2_ohr_ncp_20251009T1205142094_d_img_d18_x09600_y97280.png,0.3195,344.2,618.36,349.42,625.85
ch2_ohr_ncp_20251009T1205142094_d_img_d18_x09600_y97280.png,0.2115,558.65,385.31,564.01,390.92
ch2_ohr_ncp_20251009T1205142094_d_img_d18_x09600_y99200.png,0.4742,599.64,87.91,604.45,92.87
ch2_ohr_ncp_20251009T1205142094_d_img_d18_x09600_y99200.png,0.359,635.9,622.89,639.74,628.23
ch2_ohr_ncp_20251009T1205142094_d_img_d18_x09600_y99200.png,0.2469,626.76,64.48,633.2,71.02
ch2_ohr_ncp_20251009T1205142094_d_img_d18_x10240_y48000.png,0.2196,607.0,298.64,612.02,302.96
ch2_ohr_ncp_20251009T1205142094_d_img_d18_x10240_y51840.png,0.2235,535.29,614.67,540.39,620.25
ch2_ohr_ncp_20251009T1205142094_d_img_d18_x10240_y53120.png,0.225,435.45,609.56,439.7,615.67
ch2_ohr_ncp_20251009T1205142094_d_img_d18_x10240_y53760.png,0.2557,35.41,602.33,42.29,610.81
ch2_ohr_ncp_20251009T1205142094_d_img_d18_x10240_y53760.png,0.2516,582.54,59.21,588.0,64.2
ch2_ohr_ncp_20251009T1205142094_d_img_d18_x10240_y53760.png,0.2488,582.17,36.0,588.0,41.51
ch2_ohr_ncp_20251009T1205142094_d_img_d18_x10240_y54400.png,0.343,633.52,550.79,637.77,557.05
ch2_ohr_ncp_20251009T1205142094_d_img_d18_x10240_y54400.png,0.2894,631.89,324.0,636.59,331.12
ch2_ohr_ncp_20251009T1205142094_d_img_d18_x10240_y55040.png,0.2415,8.77,570.68,14.6,577.63
ch2_ohr_ncp_20251009T1205142094_d_img_d18_x10240_y55680.png,0.2226,633.67,335.31,638.21,341.25
ch2_ohr_ncp_20251009T1205142094_d_img_d18_x10240_y56320.png,0.2665,515.88,593.88,521.87,601.22
ch2_ohr_ncp_20251009T1205142094_d_img_d18_x10240_y56960.png,0.2005,628.0,632.66,633.25,637.39
ch2_ohr_ncp_20251009T1205142094_d_img_d18_x10240_y57600.png,0.2653,591.09,15.03,596.05,21.01
ch2_ohr_ncp_20251009T1205142094_d_img_d18_x10240_y57600.png,0.2068,539.98,0.23,545.47,4.66
ch2_ohr_ncp_20251009T1205142094_d_img_d18_x10240_y57600.png,0.2026,586.15,11.1,590.27,15.6
ch2_ohr_ncp_20251009T1205142094_d_img_d18_x10240_y58240.png,0.4813,611.99,568.41,616.16,572.59
ch2_ohr_ncp_20251009T1205142094_d_img_d18_x10240_y58240.png,0.4361,589.67,548.0,596.01,554.29
ch2_ohr_ncp_20251009T1205142094_d_img_d18_x10240_y58240.png,0.3197,624.28,584.65,628.46,589.31
ch2_ohr_ncp_20251009T1205142094_d_img_d18_x10240_y58240.png,0.2427,565.8,619.91,572.0,624.88
ch2_ohr_ncp_20251009T1205142094_d_img_d18_x10240_y58880.png,0.3902,574.06,600.73,580.5,608.09
ch2_ohr_ncp_20251009T1205142094_d_img_d18_x10240_y58880.png,0.3618,25.93,27.37,32.79,35.17
ch2_ohr_ncp_20251009T1205142094_d_img_d18_x10240_y58880.png,0.3488,19.28,603.99,26.59,616.35
ch2_ohr_ncp_20251009T1205142094_d_img_d18_x10240_y58880.png,0.3165,479.57,567.94,484.01,572.86
ch2_ohr_ncp_20251009T1205142094_d_img_d18_x10240_y58880.png,0.2868,508.77,492.54,516.47,500.92
ch2_ohr_ncp_20251009T1205142094_d_img_d18_x10240_y58880.png,0.2823,3.77,305.19,8.82,311.43
ch2_ohr_ncp_20251009T1205142094_d_img_d18_x10240_y58880.png,0.2755,472.08,591.84,476.9,597.41
ch2_ohr_ncp_20251009T1205142094_d_img_d18_x10240_y58880.png,0.268,560.89,593.51,567.42,599.94
ch2_ohr_ncp_20251009T1205142094_d_img_d18_x10240_y58880.png,0.2598,609.43,559.75,614.34,565.21
ch2_ohr_ncp_20251009T1205142094_d_img_d18_x10240_y58880.png,0.2059,625.63,632.67,631.84,639.2
ch2_ohr_ncp_20251009T1205142094_d_img_d18_x10240_y60160.png,0.3976,575.59,626.45,581.43,634.39
ch2_ohr_ncp_20251009T1205142094_d_img_d18_x10240_y65280.png,0.5074,622.47,621.64,639.9,640.0
ch2_ohr_ncp_20251009T1205142094_d_img_d18_x10240_y65920.png,0.3225,620.47,285.15,637.58,326.63
ch2_ohr_ncp_20251009T1205142094_d_img_d18_x10240_y67840.png,0.7509,11.61,374.11,47.41,420.55
ch2_ohr_ncp_20251009T1205142094_d_img_d18_x10240_y69120.png,0.4236,627.63,139.98,631.99,146.99
ch2_ohr_ncp_20251009T1205142094_d_img_d18_x10240_y71680.png,0.2004,564.86,169.2,579.06,197.82
ch2_ohr_ncp_20251009T1205142094_d_img_d18_x10240_y87040.png,0.2227,592.32,485.37,596.25,492.0
ch2_ohr_ncp_20251009T1205142094_d_img_d18_x10240_y87680.png,0.3628,27.45,618.23,31.84,623.79
ch2_ohr_ncp_20251009T1205142094_d_img_d18_x10240_y87680.png,0.3217,608.08,603.99,612.64,610.55
ch2_ohr_ncp_20251009T1205142094_d_img_d18_x10240_y94720.png,0.4955,527.3,564.0,532.27,570.91
ch2_ohr_ncp_20251009T1205142094_d_img_d18_x10240_y94720.png,0.4481,527.54,565.14,532.5,572.0
ch2_ohr_ncp_20251009T1205142094_d_img_d18_x10240_y94720.png,0.314,206.56,109.35,212.04,117.42
ch2_ohr_ncp_20251009T1205142094_d_img_d18_x10240_y94720.png,0.2922,167.53,225.75,177.07,239.04
ch2_ohr_ncp_20251009T1205142094_d_img_d18_x10240_y94720.png,0.265,476.89,584.19,484.08,591.49
ch2_ohr_ncp_20251009T1205142094_d_img_d18_x10240_y94720.png,0.2507,568.49,538.14,580.07,555.97
ch2_ohr_ncp_20251009T1205142094_d_img_d18_x10240_y94720.png,0.2284,66.99,3.95,71.92,8.95
ch2_ohr_ncp_20251009T1205142094_d_img_d18_x10240_y95360.png,0.5335,580.41,38.53,588.08,48.76
ch2_ohr_ncp_20251009T1205142094_d_img_d18_x10240_y95360.png,0.297,588.0,392.28,594.3,400.32
ch2_ohr_ncp_20251009T1205142094_d_img_d18_x10240_y95360.png,0.2852,618.81,372.09,625.48,381.31
ch2_ohr_ncp_20251009T1205142094_d_img_d18_x10240_y95360.png,0.2643,591.51,356.0,596.01,361.0
ch2_ohr_ncp_20251009T1205142094_d_img_d18_x10240_y95360.png,0.2591,621.13,64.71,628.47,72.93
ch2_ohr_ncp_20251009T1205142094_d_img_d18_x10240_y95360.png,0.2203,617.4,394.77,621.31,399.66
ch2_ohr_ncp_20251009T1205142094_d_img_d18_x10240_y95360.png,0.2045,516.84,66.43,524.6,80.52
ch2_ohr_ncp_20251009T1205142094_d_img_d18_x10240_y99840.png,0.3336,635.39,20.0,639.59,26.31
ch2_ohr_ncp_20251009T1205142094_d_img_d18_x10240_y99840.png,0.3017,567.99,21.62,573.83,26.3
ch2_ohr_ncp_20251009T1205142094_d_img_d18_x10240_y99840.png,0.2462,635.43,20.99,639.34,28.0
ch2_ohr_ncp_20251009T1205142094_d_img_d18_x10240_y99840.png,0.2366,568.83,20.0,574.99,26.3
ch2_ohr_ncp_20251009T1205142094_d_img_d18_x10880_y46720.png,0.3066,618.84,624.11,623.09,628.04
ch2_ohr_ncp_20251009T1205142094_d_img_d18_x10880_y46720.png,0.3001,611.99,588.0,617.67,595.39
ch2_ohr_ncp_20251009T1205142094_d_img_d18_x10880_y46720.png,0.2839,608.47,614.95,613.01,620.43
ch2_ohr_ncp_20251009T1205142094_d_img_d18_x10880_y46720.png,0.2474,601.28,592.76,604.97,596.94
ch2_ohr_ncp_20251009T1205142094_d_img_d18_x10880_y56320.png,0.2546,544.19,115.9,548.59,120.64
ch2_ohr_ncp_20251009T1205142094_d_img_d18_x10880_y56320.png,0.2462,485.06,119.02,489.63,125.74
ch2_ohr_ncp_20251009T1205142094_d_img_d18_x10880_y56320.png,0.2369,537.06,154.08,541.13,158.43
ch2_ohr_ncp_20251009T1205142094_d_img_d18_x10880_y58240.png,0.3481,278.84,3.98,284.12,10.82
ch2_ohr_ncp_20251009T1205142094_d_img_d18_x10880_y58240.png,0.2336,281.28,27.48,285.11,32.19
ch2_ohr_ncp_20251009T1205142094_d_img_d18_x10880_y58240.png,0.2037,335.41,26.04,340.0,30.32
ch2_ohr_ncp_20251009T1205142094_d_img_d18_x10880_y60800.png,0.2404,166.19,386.79,188.13,431.79
ch2_ohr_ncp_20251009T1205142094_d_img_d18_x10880_y61440.png,0.2301,101.18,23.97,106.09,30.99
ch2_ohr_ncp_20251009T1205142094_d_img_d18_x10880_y74880.png,0.3238,367.32,84.0,372.1,91.06
ch2_ohr_ncp_20251009T1205142094_d_img_d18_x10880_y76160.png,0.4373,579.9,611.99,584.36,618.55
ch2_ohr_ncp_20251009T1205142094_d_img_d18_x10880_y76160.png,0.2706,594.78,526.45,599.33,532.05
ch2_ohr_ncp_20251009T1205142094_d_img_d18_x10880_y76160.png,0.2377,590.56,491.95,596.07,498.25
ch2_ohr_ncp_20251009T1205142094_d_img_d18_x10880_y76160.png,0.2196,631.65,436.67,638.91,454.08
ch2_ohr_ncp_20251009T1205142094_d_img_d18_x10880_y83200.png,0.3081,582.86,0.61,588.18,7.18
ch2_ohr_ncp_20251009T1205142094_d_img_d18_x10880_y83200.png,0.2172,587.98,33.29,593.73,38.13
ch2_ohr_ncp_20251009T1205142094_d_img_d18_x10880_y84480.png,0.2328,607.71,3.21,612.18,7.94
ch2_ohr_ncp_20251009T1205142094_d_img_d18_x10880_y93440.png,0.4522,18.83,545.54,24.72,553.03
ch2_ohr_ncp_20251009T1205142094_d_img_d18_x10880_y93440.png,0.3957,30.59,624.31,36.05,631.43
ch2_ohr_ncp_20251009T1205142094_d_img_d18_x10880_y93440.png,0.3401,43.33,634.63,47.7,639.29
ch2_ohr_ncp_20251009T1205142094_d_img_d18_x10880_y93440.png,0.2291,54.95,170.13,60.0,174.83
ch2_ohr_ncp_20251009T1205142094_d_img_d18_x10880_y93440.png,0.2175,149.63,609.71,155.01,617.23
ch2_ohr_ncp_20251009T1205142094_d_img_d18_x10880_y93440.png,0.2108,504.8,315.99,509.63,323.69
ch2_ohr_ncp_20251009T1205142094_d_img_d18_x10880_y93440.png,0.2046,56.27,632.94,62.91,639.49
ch2_ohr_ncp_20251009T1205142094_d_img_d18_x10880_y96000.png,0.3284,571.94,4.0,577.48,11.12
ch2_ohr_ncp_20251009T1205142094_d_img_d18_x10880_y97280.png,0.2229,582.98,55.79,588.0,62.15
ch2_ohr_ncp_20251009T1205142094_d_img_d18_x10880_y97280.png,0.2219,100.81,181.1,132.73,243.72
ch2_ohr_ncp_20251009T1205142094_d_img_d18_x10880_y97280.png,0.2157,582.53,55.71,586.89,61.87
ch2_ohr_ncp_20251009T1205142094_d_img_d18_x10880_y97280.png,0.2065,403.45,593.95,408.16,600.89
ch2_ohr_ncp_20251009T1205142094_d_img_d18_x10880_y97920.png,0.2118,624.97,610.78,628.89,614.88
ch2_ohr_ncp_20251009T1205142094_d_img_d18_x11520_y46720.png,0.3511,422.2,7.53,428.84,16.55
ch2_ohr_ncp_20251009T1205142094_d_img_d18_x11520_y48640.png,0.5569,29.16,381.33,36.03,390.42
ch2_ohr_ncp_20251009T1205142094_d_img_d18_x11520_y48640.png,0.3562,197.69,3.67,202.41,9.49
ch2_ohr_ncp_20251009T1205142094_d_img_d18_x11520_y48640.png,0.2274,87.97,84.2,92.88,89.95
ch2_ohr_ncp_20251009T1205142094_d_img_d18_x11520_y49280.png,0.3755,31.61,502.62,36.45,508.72
ch2_ohr_ncp_20251009T1205142094_d_img_d18_x11520_y49280.png,0.275,55.99,323.81,61.07,329.44
ch2_ohr_ncp_20251009T1205142094_d_img_d18_x11520_y49280.png,0.2361,185.15,489.76,189.38,496.82
ch2_ohr_ncp_20251009T1205142094_d_img_d18_x11520_y49920.png,0.3184,399.52,286.68,404.31,292.06
ch2_ohr_ncp_20251009T1205142094_d_img_d18_x11520_y49920.png,0.2357,21.66,573.95,28.08,580.23
ch2_ohr_ncp_20251009T1205142094_d_img_d18_x11520_y52480.png,0.403,77.18,177.56,84.0,184.19
ch2_ohr_ncp_20251009T1205142094_d_img_d18_x11520_y52480.png,0.3442,179.36,307.13,183.54,314.82
ch2_ohr_ncp_20251009T1205142094_d_img_d18_x11520_y52480.png,0.2966,76.0,177.47,82.6,183.94
ch2_ohr_ncp_20251009T1205142094_d_img_d18_x11520_y52480.png,0.281,152.8,91.99,157.2,97.58
ch2_ohr_ncp_20251009T1205142094_d_img_d18_x11520_y52480.png,0.2478,119.54,0.05,126.27,4.89
ch2_ohr_ncp_20251009T1205142094_d_img_d18_x11520_y52480.png,0.2359,74.42,30.62,78.33,36.0
ch2_ohr_ncp_20251009T1205142094_d_img_d18_x11520_y52480.png,0.2204,63.02,63.6,68.01,70.24
ch2_ohr_ncp_20251009T1205142094_d_img_d18_x11520_y52480.png,0.2132,97.59,23.55,102.19,29.2
ch2_ohr_ncp_20251009T1205142094_d_img_d18_x11520_y53760.png,0.2459,0.03,3.87,4.37,12.66
ch2_ohr_ncp_20251009T1205142094_d_img_d18_x11520_y55040.png,0.2719,143.59,304.12,149.15,311.99
ch2_ohr_ncp_20251009T1205142094_d_img_d18_x11520_y55680.png,0.4992,54.42,485.44,58.98,491.17
ch2_ohr_ncp_20251009T1205142094_d_img_d18_x11520_y55680.png,0.3276,39.58,380.0,44.13,386.59
ch2_ohr_ncp_20251009T1205142094_d_img_d18_x11520_y55680.png,0.2804,54.75,485.92,60.0,492.0
ch2_ohr_ncp_20251009T1205142094_d_img_d18_x11520_y55680.png,0.2102,9.33,555.22,13.49,559.8
ch2_ohr_ncp_20251009T1205142094_d_img_d18_x11520_y56320.png,0.224,432.32,345.93,439.59,356.83
ch2_ohr_ncp_20251009T1205142094_d_img_d18_x11520_y56960.png,0.5378,75.18,585.51,80.67,592.7
ch2_ohr_ncp_20251009T1205142094_d_img_d18_x11520_y56960.png,0.4301,55.0,60.0,60.04,66.56
ch2_ohr_ncp_20251009T1205142094_d_img_d18_x11520_y56960.png,0.3554,36.0,582.99,41.18,588.18
ch2_ohr_ncp_20251009T1205142094_d_img_d18_x11520_y56960.png,0.3306,51.94,45.47,57.18,52.11
ch2_ohr_ncp_20251009T1205142094_d_img_d18_x11520_y56960.png,0.2676,279.93,19.31,285.2,26.02
ch2_ohr_ncp_20251009T1205142094_d_img_d18_x11520_y56960.png,0.2422,388.13,612.88,396.68,625.34
ch2_ohr_ncp_20251009T1205142094_d_img_d18_x11520_y56960.png,0.2328,0.1,292.25,4.32,302.99
ch2_ohr_ncp_20251009T1205142094_d_img_d18_x11520_y56960.png,0.2082,113.33,23.87,121.59,32.58
ch2_ohr_ncp_20251009T1205142094_d_img_d18_x11520_y56960.png,0.2024,63.63,30.43,68.11,36.0
ch2_ohr_ncp_20251009T1205142094_d_img_d18_x11520_y57600.png,0.3188,405.44,24.93,412.0,30.92
ch2_ohr_ncp_20251009T1205142094_d_img_d18_x11520_y57600.png,0.2611,405.57,23.99,410.5,31.14
ch2_ohr_ncp_20251009T1205142094_d_img_d18_x11520_y58240.png,0.2152,26.78,87.0,31.54,92.09
ch2_ohr_ncp_20251009T1205142094_d_img_d18_x11520_y58880.png,0.412,63.62,595.45,69.0,601.64
ch2_ohr_ncp_20251009T1205142094_d_img_d18_x11520_y58880.png,0.2147,243.81,18.95,250.05,28.08
ch2_ohr_ncp_20251009T1205142094_d_img_d18_x11520_y59520.png,0.2864,257.81,293.14,265.34,301.86
ch2_ohr_ncp_20251009T1205142094_d_img_d18_x11520_y59520.png,0.238,357.43,580.69,364.12,588.2
ch2_ohr_ncp_20251009T1205142094_d_img_d18_x11520_y59520.png,0.2367,263.85,147.65,269.31,154.27
ch2_ohr_ncp_20251009T1205142094_d_img_d18_x11520_y59520.png,0.2076,85.64,241.98,91.56,248.87
ch2_ohr_ncp_20251009T1205142094_d_img_d18_x11520_y60160.png,0.6049,0.0,320.51,4.8,328.42
ch2_ohr_ncp_20251009T1205142094_d_img_d18_x11520_y60160.png,0.511,45.93,395.87,52.0,402.18
ch2_ohr_ncp_20251009T1205142094_d_img_d18_x11520_y60160.png,0.3483,168.62,31.67,173.67,38.05
ch2_ohr_ncp_20251009T1205142094_d_img_d18_x11520_y60160.png,0.3385,69.31,386.8,73.81,392.96
ch2_ohr_ncp_20251009T1205142094_d_img_d18_x11520_y60160.png,0.319,208.12,248.9,214.02,255.96
ch2_ohr_ncp_20251009T1205142094_d_img_d18_x11520_y60160.png,0.3126,191.99,194.16,197.31,201.12
ch2_ohr_ncp_20251009T1205142094_d_img_d18_x11520_y60160.png,0.2974,159.4,293.52,170.62,316.37
ch2_ohr_ncp_20251009T1205142094_d_img_d18_x11520_y60160.png,0.2956,11.99,318.04,18.39,324.05
ch2_ohr_ncp_20251009T1205142094_d_img_d18_x11520_y60160.png,0.2934,13.42,318.22,20.0,324.0
ch2_ohr_ncp_20251009T1205142094_d_img_d18_x11520_y60160.png,0.2587,251.96,18.09,257.13,24.13
ch2_ohr_ncp_20251009T1205142094_d_img_d18_x11520_y60160.png,0.2443,322.3,474.08,327.34,481.3
ch2_ohr_ncp_20251009T1205142094_d_img_d18_x11520_y60160.png,0.2286,204.0,602.89,209.97,608.21
ch2_ohr_ncp_20251009T1205142094_d_img_d18_x11520_y60160.png,0.2177,75.41,99.9,80.21,104.75
ch2_ohr_ncp_20251009T1205142094_d_img_d18_x11520_y60160.png,0.2081,275.85,621.91,280.03,628.0
ch2_ohr_ncp_20251009T1205142094_d_img_d18_x11520_y60160.png,0.2059,68.0,386.82,73.54,392.59
ch2_ohr_ncp_20251009T1205142094_d_img_d18_x11520_y61440.png,0.5569,10.53,631.49,15.98,637.67
ch2_ohr_ncp_20251009T1205142094_d_img_d18_x11520_y61440.png,0.2595,0.0,515.56,13.03,554.33
ch2_ohr_ncp_20251009T1205142094_d_img_d18_x11520_y61440.png,0.2066,23.89,623.35,29.05,629.14
ch2_ohr_ncp_20251009T1205142094_d_img_d18_x11520_y62080.png,0.3887,407.28,221.55,412.07,228.0
ch2_ohr_ncp_20251009T1205142094_d_img_d18_x11520_y62080.png,0.3195,36.81,277.7,41.24,282.42
ch2_ohr_ncp_20251009T1205142094_d_img_d18_x11520_y62080.png,0.2797,37.93,538.13,44.32,546.25
ch2_ohr_ncp_20251009T1205142094_d_img_d18_x11520_y62080.png,0.2338,127.08,119.81,132.74,127.65
ch2_ohr_ncp_20251009T1205142094_d_img_d18_x11520_y62080.png,0.2201,162.51,487.49,169.31,496.66
ch2_ohr_ncp_20251009T1205142094_d_img_d18_x11520_y62720.png,0.4439,238.33,621.76,244.15,628.59
ch2_ohr_ncp_20251009T1205142094_d_img_d18_x11520_y62720.png,0.4054,28.73,491.27,36.74,499.85
ch2_ohr_ncp_20251009T1205142094_d_img_d18_x11520_y62720.png,0.3976,35.72,597.46,46.49,607.15
ch2_ohr_ncp_20251009T1205142094_d_img_d18_x11520_y62720.png,0.312,48.86,585.69,55.13,592.41
ch2_ohr_ncp_20251009T1205142094_d_img_d18_x11520_y62720.png,0.2879,20.86,432.49,27.24,441.31
ch2_ohr_ncp_20251009T1205142094_d_img_d18_x11520_y62720.png,0.2503,52.34,565.61,60.01,575.09
ch2_ohr_ncp_20251009T1205142094_d_img_d18_x11520_y63360.png,0.3934,147.48,613.85,152.95,620.56
ch2_ohr_ncp_20251009T1205142094_d_img_d18_x11520_y63360.png,0.3151,194.03,534.08,201.3,542.14
ch2_ohr_ncp_20251009T1205142094_d_img_d18_x11520_y63360.png,0.313,32.43,380.67,40.04,392.39
ch2_ohr_ncp_20251009T1205142094_d_img_d18_x11520_y63360.png,0.3108,71.96,372.71,77.04,377.87
ch2_ohr_ncp_20251009T1205142094_d_img_d18_x11520_y63360.png,0.2538,323.5,334.05,332.0,343.14
ch2_ohr_ncp_20251009T1205142094_d_img_d18_x11520_y63360.png,0.2388,11.92,0.37,17.48,6.86
ch2_ohr_ncp_20251009T1205142094_d_img_d18_x11520_y63360.png,0.2277,123.71,558.27,131.41,566.96
ch2_ohr_ncp_20251009T1205142094_d_img_d18_x11520_y63360.png,0.2262,211.69,284.79,217.27,292.77
ch2_ohr_ncp_20251009T1205142094_d_img_d18_x11520_y63360.png,0.2123,239.75,327.32,244.95,334.74
ch2_ohr_ncp_20251009T1205142094_d_img_d18_x11520_y64640.png,0.308,0.0,320.07,4.32,328.38
ch2_ohr_ncp_20251009T1205142094_d_img_d18_x11520_y64640.png,0.3007,187.12,624.27,193.55,632.97
ch2_ohr_ncp_20251009T1205142094_d_img_d18_x11520_y65280.png,0.2353,417.15,59.85,421.99,66.19
ch2_ohr_ncp_20251009T1205142094_d_img_d18_x11520_y65920.png,0.2488,431.22,164.0,436.06,170.97
ch2_ohr_ncp_20251009T1205142094_d_img_d18_x11520_y65920.png,0.2075,250.15,286.57,260.01,296.73
ch2_ohr_ncp_20251009T1205142094_d_img_d18_x11520_y66560.png,0.2889,279.0,350.01,284.04,356.06
ch2_ohr_ncp_20251009T1205142094_d_img_d18_x11520_y66560.png,0.2554,167.61,29.74,172.01,36.0
ch2_ohr_ncp_20251009T1205142094_d_img_d18_x11520_y66560.png,0.2036,150.09,25.21,156.68,34.0
ch2_ohr_ncp_20251009T1205142094_d_img_d18_x11520_y67200.png,0.2934,44.0,368.38,50.7,375.55
ch2_ohr_ncp_20251009T1205142094_d_img_d18_x11520_y67200.png,0.2585,45.03,368.48,52.0,375.63
ch2_ohr_ncp_20251009T1205142094_d_img_d18_x11520_y67840.png,0.2509,79.3,476.07,84.34,484.01
ch2_ohr_ncp_20251009T1205142094_d_img_d18_x11520_y68480.png,0.3163,124.37,351.09,153.42,399.02
ch2_ohr_ncp_20251009T1205142094_d_img_d18_x11520_y68480.png,0.2408,0.0,26.33,4.17,36.09
ch2_ohr_ncp_20251009T1205142094_d_img_d18_x11520_y68480.png,0.2122,68.86,178.65,75.56,185.83
ch2_ohr_ncp_20251009T1205142094_d_img_d18_x11520_y69120.png,0.3082,5.09,629.75,12.86,637.3
ch2_ohr_ncp_20251009T1205142094_d_img_d18_x11520_y69120.png,0.3076,20.98,23.64,26.26,31.02
ch2_ohr_ncp_20251009T1205142094_d_img_d18_x11520_y69120.png,0.2557,67.46,566.58,72.72,573.72
ch2_ohr_ncp_20251009T1205142094_d_img_d18_x11520_y69120.png,0.2541,384.44,27.82,390.01,34.0
ch2_ohr_ncp_20251009T1205142094_d_img_d18_x11520_y69760.png,0.4029,43.99,483.51,50.08,489.28
ch2_ohr_ncp_20251009T1205142094_d_img_d18_x11520_y69760.png,0.2717,45.01,483.45,52.0,489.22
ch2_ohr_ncp_20251009T1205142094_d_img_d18_x11520_y69760.png,0.2368,21.56,474.43,28.0,480.87
ch2_ohr_ncp_20251009T1205142094_d_img_d18_x11520_y70400.png,0.2265,219.1,612.01,225.42,622.29
ch2_ohr_ncp_20251009T1205142094_d_img_d18_x11520_y71040.png,0.3897,403.44,284.65,408.69,292.87
ch2_ohr_ncp_20251009T1205142094_d_img_d18_x11520_y71040.png,0.215,395.47,315.3,400.87,321.39
ch2_ohr_ncp_20251009T1205142094_d_img_d18_x11520_y71680.png,0.2237,101.76,83.96,108.0,92.08
ch2_ohr_ncp_20251009T1205142094_d_img_d18_x11520_y72320.png,0.2344,159.34,610.16,164.03,614.93
ch2_ohr_ncp_20251009T1205142094_d_img_d18_x11520_y73600.png,0.4581,163.19,523.99,168.48,530.69
ch2_ohr_ncp_20251009T1205142094_d_img_d18_x11520_y73600.png,0.3612,163.12,524.76,168.2,532.01
ch2_ohr_ncp_20251009T1205142094_d_img_d18_x11520_y73600.png,0.289,63.01,633.94,68.88,639.46
ch2_ohr_ncp_20251009T1205142094_d_img_d18_x11520_y73600.png,0.2541,125.78,28.72,132.06,36.45
ch2_ohr_ncp_20251009T1205142094_d_img_d18_x11520_y73600.png,0.2483,74.32,625.33,79.97,632.07
ch2_ohr_ncp_20251009T1205142094_d_img_d18_x11520_y73600.png,0.2334,114.29,628.0,118.52,634.13
ch2_ohr_ncp_20251009T1205142094_d_img_d18_x11520_y73600.png,0.2316,82.21,366.74,87.68,375.64
ch2_ohr_ncp_20251009T1205142094_d_img_d18_x11520_y74240.png,0.2494,187.95,2.17,193.53,8.32
ch2_ohr_ncp_20251009T1205142094_d_img_d18_x11520_y74240.png,0.2429,62.35,259.96,68.01,265.28
ch2_ohr_ncp_20251009T1205142094_d_img_d18_x11520_y74240.png,0.2334,47.25,253.38,52.25,260.36
ch2_ohr_ncp_20251009T1205142094_d_img_d18_x11520_y74240.png,0.2143,63.55,0.0,68.22,4.06
ch2_ohr_ncp_20251009T1205142094_d_img_d18_x11520_y74240.png,0.2045,187.45,105.41,192.75,112.02
ch2_ohr_ncp_20251009T1205142094_d_img_d18_x11520_y75520.png,0.3256,38.19,613.47,44.14,620.0
ch2_ohr_ncp_20251009T1205142094_d_img_d18_x11520_y75520.png,0.2231,0.33,464.17,13.71,493.29
ch2_ohr_ncp_20251009T1205142094_d_img_d18_x11520_y76160.png,0.4923,173.81,120.29,180.53,128.48
ch2_ohr_ncp_20251009T1205142094_d_img_d18_x11520_y76160.png,0.4687,158.65,56.99,168.23,85.01
ch2_ohr_ncp_20251009T1205142094_d_img_d18_x11520_y76160.png,0.4684,45.44,576.38,53.74,593.74
ch2_ohr_ncp_20251009T1205142094_d_img_d18_x11520_y76160.png,0.4225,187.78,123.9,193.25,130.68
ch2_ohr_ncp_20251009T1205142094_d_img_d18_x11520_y76160.png,0.3743,374.39,27.99,380.34,35.15
ch2_ohr_ncp_20251009T1205142094_d_img_d18_x11520_y76160.png,0.287,63.51,608.84,68.2,614.19
ch2_ohr_ncp_20251009T1205142094_d_img_d18_x11520_y76160.png,0.2667,271.72,463.09,277.28,469.5
ch2_ohr_ncp_20251009T1205142094_d_img_d18_x11520_y76160.png,0.2308,251.86,35.42,257.13,41.91
ch2_ohr_ncp_20251009T1205142094_d_img_d18_x11520_y76160.png,0.2078,216.17,11.13,224.91,21.4
ch2_ohr_ncp_20251009T1205142094_d_img_d18_x11520_y76160.png,0.2028,130.87,616.68,136.96,628.01
ch2_ohr_ncp_20251009T1205142094_d_img_d18_x11520_y76800.png,0.2505,44.0,27.99,49.46,34.42
ch2_ohr_ncp_20251009T1205142094_d_img_d18_x11520_y76800.png,0.2324,414.15,595.72,420.03,602.66
ch2_ohr_ncp_20251009T1205142094_d_img_d18_x11520_y77440.png,0.2048,0.0,606.14,4.01,612.44
ch2_ohr_ncp_20251009T1205142094_d_img_d18_x11520_y78720.png,0.5083,122.77,367.62,128.52,375.19
ch2_ohr_ncp_20251009T1205142094_d_img_d18_x11520_y78720.png,0.3907,41.32,2.04,63.36,37.54
ch2_ohr_ncp_20251009T1205142094_d_img_d18_x11520_y78720.png,0.3159,101.16,4.71,106.11,12.17
ch2_ohr_ncp_20251009T1205142094_d_img_d18_x11520_y78720.png,0.2532,186.32,466.97,190.3,471.53
ch2_ohr_ncp_20251009T1205142094_d_img_d18_x11520_y78720.png,0.219,70.57,348.52,81.9,369.68
ch2_ohr_ncp_20251009T1205142094_d_img_d18_x11520_y79360.png,0.3507,403.95,403.66,409.91,410.97
ch2_ohr_ncp_20251009T1205142094_d_img_d18_x11520_y79360.png,0.254,423.21,383.92,428.35,391.13
ch2_ohr_ncp_20251009T1205142094_d_img_d18_x11520_y79360.png,0.2003,399.15,316.72,415.14,353.86
ch2_ohr_ncp_20251009T1205142094_d_img_d18_x11520_y80000.png,0.4453,0.0,532.77,4.02,541.04
ch2_ohr_ncp_20251009T1205142094_d_img_d18_x11520_y80000.png,0.4287,123.69,587.73,128.51,593.63
ch2_ohr_ncp_20251009T1205142094_d_img_d18_x11520_y80000.png,0.398,297.17,11.46,328.66,58.7
ch2_ohr_ncp_20251009T1205142094_d_img_d18_x11520_y80000.png,0.3624,96.17,423.06,100.56,428.56
ch2_ohr_ncp_20251009T1205142094_d_img_d18_x11520_y80000.png,0.3218,36.0,464.6,41.62,469.62
ch2_ohr_ncp_20251009T1205142094_d_img_d18_x11520_y80000.png,0.3213,143.87,475.34,149.24,481.54
ch2_ohr_ncp_20251009T1205142094_d_img_d18_x11520_y80000.png,0.2945,113.81,485.68,118.3,492.48
ch2_ohr_ncp_20251009T1205142094_d_img_d18_x11520_y80000.png,0.2872,162.04,583.59,166.8,589.1
ch2_ohr_ncp_20251009T1205142094_d_img_d18_x11520_y80000.png,0.2632,7.2,629.91,13.39,638.35
ch2_ohr_ncp_20251009T1205142094_d_img_d18_x11520_y80000.png,0.2556,18.85,616.72,31.5,639.31
ch2_ohr_ncp_20251009T1205142094_d_img_d18_x11520_y80000.png,0.2392,51.99,498.74,56.65,503.37
ch2_ohr_ncp_20251009T1205142094_d_img_d18_x11520_y80000.png,0.2313,222.44,143.07,228.01,150.29
ch2_ohr_ncp_20251009T1205142094_d_img_d18_x11520_y80000.png,0.2268,243.86,609.0,249.46,615.16
ch2_ohr_ncp_20251009T1205142094_d_img_d18_x11520_y80000.png,0.2247,17.74,504.13,23.72,514.45
ch2_ohr_ncp_20251009T1205142094_d_img_d18_x11520_y80640.png,0.2402,320.09,49.26,338.05,84.85
ch2_ohr_ncp_20251009T1205142094_d_img_d18_x11520_y80640.png,0.2395,14.68,362.24,21.83,371.57
ch2_ohr_ncp_20251009T1205142094_d_img_d18_x11520_y80640.png,0.2363,379.11,13.78,396.76,53.5
ch2_ohr_ncp_20251009T1205142094_d_img_d18_x11520_y80640.png,0.2205,386.45,106.91,390.75,111.55
ch2_ohr_ncp_20251009T1205142094_d_img_d18_x11520_y80640.png,0.2177,95.76,476.7,100.01,484.01
ch2_ohr_ncp_20251009T1205142094_d_img_d18_x11520_y80640.png,0.2136,332.77,110.09,345.82,134.85
ch2_ohr_ncp_20251009T1205142094_d_img_d18_x11520_y81280.png,0.5589,126.72,605.54,132.25,612.68
ch2_ohr_ncp_20251009T1205142094_d_img_d18_x11520_y81280.png,0.431,180.0,576.82,185.94,583.27
ch2_ohr_ncp_20251009T1205142094_d_img_d18_x11520_y81280.png,0.3069,408.09,563.92,413.41,569.98
ch2_ohr_ncp_20251009T1205142094_d_img_d18_x11520_y81280.png,0.2899,413.63,615.08,420.0,622.49
ch2_ohr_ncp_20251009T1205142094_d_img_d18_x11520_y81280.png,0.2606,181.79,576.94,186.65,584.16
ch2_ohr_ncp_20251009T1205142094_d_img_d18_x11520_y81280.png,0.26,178.01,592.08,182.02,597.31
ch2_ohr_ncp_20251009T1205142094_d_img_d18_x11520_y81280.png,0.2333,171.75,71.3,176.36,77.76
ch2_ohr_ncp_20251009T1205142094_d_img_d18_x11520_y81280.png,0.2268,41.97,549.83,46.37,556.16
ch2_ohr_ncp_20251009T1205142094_d_img_d18_x11520_y81280.png,0.2077,169.2,570.29,173.19,575.4
ch2_ohr_ncp_20251009T1205142094_d_img_d18_x11520_y81280.png,0.2058,412.0,614.9,419.15,622.32
ch2_ohr_ncp_20251009T1205142094_d_img_d18_x11520_y81280.png,0.2017,413.76,297.25,421.34,308.71
ch2_ohr_ncp_20251009T1205142094_d_img_d18_x11520_y81280.png,0.2015,301.22,620.62,325.18,639.97
ch2_ohr_ncp_20251009T1205142094_d_img_d18_x11520_y81280.png,0.2006,359.18,619.62,376.23,639.11
ch2_ohr_ncp_20251009T1205142094_d_img_d18_x11520_y81280.png,0.2001,23.07,593.54,28.59,600.55
ch2_ohr_ncp_20251009T1205142094_d_img_d18_x11520_y81920.png,0.5517,41.57,33.96,46.69,39.61
ch2_ohr_ncp_20251009T1205142094_d_img_d18_x11520_y81920.png,0.4603,82.9,96.1,88.94,102.57
ch2_ohr_ncp_20251009T1205142094_d_img_d18_x11520_y81920.png,0.3809,47.36,315.56,52.53,322.78
ch2_ohr_ncp_20251009T1205142094_d_img_d18_x11520_y81920.png,0.3302,403.55,83.35,408.09,88.85
ch2_ohr_ncp_20251009T1205142094_d_img_d18_x11520_y81920.png,0.2928,59.7,323.99,63.89,330.67
ch2_ohr_ncp_20251009T1205142094_d_img_d18_x11520_y81920.png,0.268,74.79,229.26,82.16,239.94
ch2_ohr_ncp_20251009T1205142094_d_img_d18_x11520_y81920.png,0.258,418.88,286.77,424.33,294.76
ch2_ohr_ncp_20251009T1205142094_d_img_d18_x11520_y81920.png,0.2009,35.72,39.25,39.84,44.14
ch2_ohr_ncp_20251009T1205142094_d_img_d18_x11520_y82560.png,0.278,288.05,172.0,292.43,178.67
ch2_ohr_ncp_20251009T1205142094_d_img_d18_x11520_y82560.png,0.2437,288.33,173.16,293.01,180.0
ch2_ohr_ncp_20251009T1205142094_d_img_d18_x11520_y82560.png,0.232,367.72,92.84,372.04,100.6
ch2_ohr_ncp_20251009T1205142094_d_img_d18_x11520_y83840.png,0.3162,107.42,0.37,112.07,5.46
ch2_ohr_ncp_20251009T1205142094_d_img_d18_x11520_y83840.png,0.266,148.0,15.8,153.01,21.63
ch2_ohr_ncp_20251009T1205142094_d_img_d18_x11520_y83840.png,0.2558,403.96,115.96,410.03,122.34
ch2_ohr_ncp_20251009T1205142094_d_img_d18_x11520_y83840.png,0.2104,171.44,53.89,177.68,63.13
ch2_ohr_ncp_20251009T1205142094_d_img_d18_x11520_y85760.png,0.6044,414.49,300.17,420.69,310.99
ch2_ohr_ncp_20251009T1205142094_d_img_d18_x11520_y85760.png,0.4239,402.56,319.15,408.23,328.03
ch2_ohr_ncp_20251009T1205142094_d_img_d18_x11520_y85760.png,0.2926,217.93,627.36,223.35,634.26
ch2_ohr_ncp_20251009T1205142094_d_img_d18_x11520_y85760.png,0.2908,412.0,300.31,419.67,309.92
ch2_ohr_ncp_20251009T1205142094_d_img_d18_x11520_y85760.png,0.2453,416.49,308.12,420.86,316.0
ch2_ohr_ncp_20251009T1205142094_d_img_d18_x11520_y85760.png,0.2347,427.76,295.24,431.41,300.07
ch2_ohr_ncp_20251009T1205142094_d_img_d18_x11520_y85760.png,0.2254,396.1,307.22,404.05,316.31
ch2_ohr_ncp_20251009T1205142094_d_img_d18_x11520_y87040.png,0.2825,427.32,8.04,433.23,17.81
ch2_ohr_ncp_20251009T1205142094_d_img_d18_x11520_y90880.png,0.3188,47.75,620.63,53.19,628.0
ch2_ohr_ncp_20251009T1205142094_d_img_d18_x11520_y91520.png,0.3167,422.15,600.73,428.16,608.63
ch2_ohr_ncp_20251009T1205142094_d_img_d18_x11520_y91520.png,0.2459,420.0,600.87,427.39,607.96
ch2_ohr_ncp_20251009T1205142094_d_img_d18_x11520_y91520.png,0.2418,398.49,619.13,405.24,626.05
ch2_ohr_ncp_20251009T1205142094_d_img_d18_x11520_y91520.png,0.2189,421.37,600.0,427.26,609.13
ch2_ohr_ncp_20251009T1205142094_d_img_d18_x11520_y92800.png,0.2432,178.56,23.66,184.78,31.29
ch2_ohr_ncp_20251009T1205142094_d_img_d18_x11520_y94080.png,0.2474,412.0,317.2,417.38,324.06
ch2_ohr_ncp_20251009T1205142094_d_img_d18_x11520_y94080.png,0.2294,393.41,371.28,397.68,375.47
ch2_ohr_ncp_20251009T1205142094_d_img_d18_x11520_y95360.png,0.2227,10.54,14.33,16.07,20.91
ch2_ohr_ncp_20251009T1205142094_d_img_d18_x11520_y97280.png,0.2023,54.4,72.45,62.92,84.97
ch2_ohr_ncp_20251010T1140338327_d_img_d18_x00000_y71040.png,0.2322,515.36,299.39,521.91,310.13
ch2_ohr_ncp_20251010T1140338327_d_img_d18_x00000_y71680.png,0.5187,629.76,616.09,636.04,623.73
ch2_ohr_ncp_20251010T1140338327_d_img_d18_x00000_y71680.png,0.4716,611.31,576.41,616.83,585.21
ch2_ohr_ncp_20251010T1140338327_d_img_d18_x00000_y71680.png,0.4133,539.05,551.19,543.37,556.01
ch2_ohr_ncp_20251010T1140338327_d_img_d18_x00000_y71680.png,0.4101,612.0,361.27,617.95,367.44
ch2_ohr_ncp_20251010T1140338327_d_img_d18_x00000_y71680.png,0.3579,426.66,635.45,431.21,639.45
ch2_ohr_ncp_20251010T1140338327_d_img_d18_x00000_y71680.png,0.2826,611.06,385.27,616.07,393.47
ch2_ohr_ncp_20251010T1140338327_d_img_d18_x00000_y71680.png,0.261,613.41,360.0,617.98,367.53
ch2_ohr_ncp_20251010T1140338327_d_img_d18_x00000_y71680.png,0.2466,451.67,626.88,458.54,635.07
ch2_ohr_ncp_20251010T1140338327_d_img_d18_x00000_y71680.png,0.2258,471.25,627.26,477.13,635.14
ch2_ohr_ncp_20251010T1140338327_d_img_d18_x00000_y72320.png,0.3888,582.65,205.85,588.0,212.11
ch2_ohr_ncp_20251010T1140338327_d_img_d18_x00000_y72320.png,0.2133,510.01,3.78,516.0,8.76
ch2_ohr_ncp_20251010T1140338327_d_img_d18_x00000_y72960.png,0.4162,565.53,286.73,572.01,292.63
ch2_ohr_ncp_20251010T1140338327_d_img_d18_x00000_y72960.png,0.3044,632.13,378.46,638.29,387.18
ch2_ohr_ncp_20251010T1140338327_d_img_d18_x00000_y72960.png,0.2792,611.26,311.51,614.73,316.11
ch2_ohr_ncp_20251010T1140338327_d_img_d18_x00000_y72960.png,0.2686,563.99,286.44,571.65,293.76
ch2_ohr_ncp_20251010T1140338327_d_img_d18_x00000_y72960.png,0.2624,632.61,221.81,638.19,228.35
ch2_ohr_ncp_20251010T1140338327_d_img_d18_x00000_y72960.png,0.2416,569.61,619.97,573.34,624.4
ch2_ohr_ncp_20251010T1140338327_d_img_d18_x00000_y72960.png,0.2314,633.82,317.33,638.5,324.0
ch2_ohr_ncp_20251010T1140338327_d_img_d18_x00000_y72960.png,0.2176,625.49,338.91,629.89,343.56
ch2_ohr_ncp_20251010T1140338327_d_img_d18_x00000_y72960.png,0.2038,566.65,606.31,572.01,612.07
ch2_ohr_ncp_20251010T1140338327_d_img_d18_x00000_y73600.png,0.2717,587.13,315.57,594.54,325.28
ch2_ohr_ncp_20251010T1140338327_d_img_d18_x00000_y84480.png,0.2229,291.99,1.03,297.39,6.22
ch2_ohr_ncp_20251010T1140338327_d_img_d18_x00000_y86400.png,0.2199,627.2,625.14,631.91,630.87
ch2_ohr_ncp_20251010T1140338327_d_img_d18_x00000_y89600.png,0.3578,587.83,624.68,592.38,630.07
ch2_ohr_ncp_20251010T1140338327_d_img_d18_x00000_y90880.png,0.3657,633.25,619.03,638.91,628.48
ch2_ohr_ncp_20251010T1140338327_d_img_d18_x00000_y90880.png,0.2364,195.66,6.6,202.89,14.96
ch2_ohr_ncp_20251010T1140338327_d_img_d18_x00000_y90880.png,0.2346,577.04,579.99,580.79,584.92
ch2_ohr_ncp_20251010T1140338327_d_img_d18_x00000_y91520.png,0.3769,619.99,552.96,625.53,561.42
ch2_ohr_ncp_20251010T1140338327_d_img_d18_x00000_y91520.png,0.2896,16.15,457.45,81.02,516.43
ch2_ohr_ncp_20251010T1140338327_d_img_d18_x00000_y91520.png,0.2886,561.67,558.93,567.71,566.92
ch2_ohr_ncp_20251010T1140338327_d_img_d18_x00000_y91520.png,0.2412,630.3,573.96,636.02,580.0
ch2_ohr_ncp_20251010T1140338327_d_img_d18_x00000_y91520.png,0.2264,631.68,572.0,636.29,578.32
ch2_ohr_ncp_20251010T1140338327_d_img_d18_x00000_y92160.png,0.6694,607.12,624.35,612.51,631.21
ch2_ohr_ncp_20251010T1140338327_d_img_d18_x00000_y92160.png,0.2548,606.37,618.15,612.03,623.6
ch2_ohr_ncp_20251010T1140338327_d_img_d18_x00640_y70400.png,0.2441,608.11,621.91,612.77,628.0
ch2_ohr_ncp_20251010T1140338327_d_img_d18_x00640_y71040.png,0.3186,44.0,532.68,51.25,540.32
ch2_ohr_ncp_20251010T1140338327_d_img_d18_x00640_y71040.png,0.2429,69.86,585.42,76.0,591.65
ch2_ohr_ncp_20251010T1140338327_d_img_d18_x00640_y71040.png,0.2296,629.62,617.99,636.02,625.23
ch2_ohr_ncp_20251010T1140338327_d_img_d18_x00640_y71680.png,0.3026,0.0,102.4,40.8,192.46
ch2_ohr_ncp_20251010T1140338327_d_img_d18_x00640_y71680.png,0.232,613.45,296.94,627.81,326.94
ch2_ohr_ncp_20251010T1140338327_d_img_d18_x00640_y71680.png,0.2254,585.49,75.95,588.9,80.27
ch2_ohr_ncp_20251010T1140338327_d_img_d18_x00640_y74240.png,0.2079,623.39,0.44,629.67,6.47
ch2_ohr_ncp_20251010T1140338327_d_img_d18_x00640_y74880.png,0.2793,21.79,587.04,39.1,620.61
ch2_ohr_ncp_20251010T1140338327_d_img_d18_x00640_y76160.png,0.5254,591.95,611.86,596.2,618.73
ch2_ohr_ncp_20251010T1140338327_d_img_d18_x00640_y76160.png,0.5248,592.2,612.44,596.59,620.0
ch2_ohr_ncp_20251010T1140338327_d_img_d18_x00640_y86400.png,0.5116,595.98,504.89,600.64,511.92
ch2_ohr_ncp_20251010T1140338327_d_img_d18_x00640_y88320.png,0.3968,582.47,0.0,588.83,4.01
ch2_ohr_ncp_20251010T1140338327_d_img_d18_x00640_y88960.png,0.3028,549.51,2.8,554.46,8.52
ch2_ohr_ncp_20251010T1140338327_d_img_d18_x00640_y90240.png,0.2308,633.02,627.93,638.92,635.17
ch2_ohr_ncp_20251010T1140338327_d_img_d18_x00640_y90880.png,0.2461,614.46,353.32,620.01,358.8
ch2_ohr_ncp_20251010T1140338327_d_img_d18_x00640_y90880.png,0.2393,175.64,635.34,180.24,639.52
ch2_ohr_ncp_20251010T1140338327_d_img_d18_x00640_y92800.png,0.4442,591.42,620.79,596.1,628.0
ch2_ohr_ncp_20251010T1140338327_d_img_d18_x00640_y92800.png,0.3413,583.16,495.75,588.0,501.01
ch2_ohr_ncp_20251010T1140338327_d_img_d18_x00640_y92800.png,0.3269,586.96,599.6,591.74,605.75
ch2_ohr_ncp_20251010T1140338327_d_img_d18_x00640_y92800.png,0.264,611.75,618.4,615.88,623.25
ch2_ohr_ncp_20251010T1140338327_d_img_d18_x00640_y92800.png,0.262,635.67,15.84,639.44,22.63
ch2_ohr_ncp_20251010T1140338327_d_img_d18_x00640_y92800.png,0.2039,579.33,439.64,583.56,445.08
ch2_ohr_ncp_20251010T1140338327_d_img_d18_x01280_y68480.png,0.3426,594.53,635.7,598.98,639.45
ch2_ohr_ncp_20251010T1140338327_d_img_d18_x01280_y68480.png,0.2234,591.77,363.5,596.86,371.4
ch2_ohr_ncp_20251010T1140338327_d_img_d18_x01280_y68480.png,0.218,495.28,19.17,501.27,28.2
ch2_ohr_ncp_20251010T1140338327_d_img_d18_x01280_y68480.png,0.2079,571.5,621.96,577.29,628.0
ch2_ohr_ncp_20251010T1140338327_d_img_d18_x01280_y69120.png,0.6477,622.6,169.3,628.38,175.23
ch2_ohr_ncp_20251010T1140338327_d_img_d18_x01280_y69120.png,0.4026,627.55,142.02,633.49,148.0
ch2_ohr_ncp_20251010T1140338327_d_img_d18_x01280_y69120.png,0.3928,459.41,584.75,465.01,592.7
ch2_ohr_ncp_20251010T1140338327_d_img_d18_x01280_y69120.png,0.3682,573.83,100.95,580.04,110.6
ch2_ohr_ncp_20251010T1140338327_d_img_d18_x01280_y69120.png,0.3547,531.56,275.99,535.25,281.76
ch2_ohr_ncp_20251010T1140338327_d_img_d18_x01280_y69120.png,0.2767,571.45,362.56,576.28,368.16
ch2_ohr_ncp_20251010T1140338327_d_img_d18_x01280_y69120.png,0.2735,605.82,481.96,612.0,489.77
ch2_ohr_ncp_20251010T1140338327_d_img_d18_x01280_y69120.png,0.2593,598.7,259.62,605.56,266.31
ch2_ohr_ncp_20251010T1140338327_d_img_d18_x01280_y69120.png,0.2577,604.0,484.79,610.46,492.01
ch2_ohr_ncp_20251010T1140338327_d_img_d18_x01280_y69120.png,0.2364,517.93,299.98,524.13,308.13
ch2_ohr_ncp_20251010T1140338327_d_img_d18_x01280_y69120.png,0.2171,543.92,27.32,548.7,34.21
ch2_ohr_ncp_20251010T1140338327_d_img_d18_x01280_y69120.png,0.2111,26.55,8.9,38.11,22.52
ch2_ohr_ncp_20251010T1140338327_d_img_d18_x01280_y69120.png,0.2067,603.2,217.34,608.08,223.78
ch2_ohr_ncp_20251010T1140338327_d_img_d18_x01280_y69760.png,0.5029,557.71,544.7,564.97,554.49
ch2_ohr_ncp_20251010T1140338327_d_img_d18_x01280_y69760.png,0.3948,593.79,610.66,597.95,615.02
ch2_ohr_ncp_20251010T1140338327_d_img_d18_x01280_y69760.png,0.264,576.65,604.55,586.01,620.82
ch2_ohr_ncp_20251010T1140338327_d_img_d18_x01280_y69760.png,0.2028,616.77,585.16,620.93,589.39
ch2_ohr_ncp_20251010T1140338327_d_img_d18_x01280_y70400.png,0.6455,611.97,34.29,617.11,40.82
ch2_ohr_ncp_20251010T1140338327_d_img_d18_x01280_y70400.png,0.2488,263.78,632.47,270.31,639.29
ch2_ohr_ncp_20251010T1140338327_d_img_d18_x01280_y70400.png,0.2311,309.32,156.18,316.84,172.93
ch2_ohr_ncp_20251010T1140338327_d_img_d18_x01280_y70400.png,0.2183,632.22,131.06,636.59,136.69
ch2_ohr_ncp_20251010T1140338327_d_img_d18_x01280_y71040.png,0.2224,596.95,2.34,601.88,8.03
ch2_ohr_ncp_20251010T1140338327_d_img_d18_x01280_y72320.png,0.5212,468.83,117.92,484.24,151.24
ch2_ohr_ncp_20251010T1140338327_d_img_d18_x01280_y72320.png,0.4191,468.8,118.92,479.93,151.55
ch2_ohr_ncp_20251010T1140338327_d_img_d18_x01280_y72960.png,0.2883,212.97,35.94,218.94,43.35
ch2_ohr_ncp_20251010T1140338327_d_img_d18_x01280_y72960.png,0.2188,136.65,43.91,140.96,48.95
ch2_ohr_ncp_20251010T1140338327_d_img_d18_x01280_y74880.png,0.3761,27.93,625.64,32.79,631.09
ch2_ohr_ncp_20251010T1140338327_d_img_d18_x01280_y74880.png,0.2643,8.22,627.86,12.77,633.39
ch2_ohr_ncp_20251010T1140338327_d_img_d18_x01280_y85760.png,0.2231,631.74,625.71,636.08,630.6
ch2_ohr_ncp_20251010T1140338327_d_img_d18_x01280_y90240.png,0.28,592.02,626.57,596.25,631.83
ch2_ohr_ncp_20251010T1140338327_d_img_d18_x01280_y90880.png,0.3233,624.05,378.31,632.8,391.38
ch2_ohr_ncp_20251010T1140338327_d_img_d18_x01280_y91520.png,0.6687,589.94,528.66,596.58,535.62
ch2_ohr_ncp_20251010T1140338327_d_img_d18_x01280_y91520.png,0.4089,593.93,625.38,601.49,634.49
ch2_ohr_ncp_20251010T1140338327_d_img_d18_x01280_y91520.png,0.4046,39.63,601.58,44.05,606.72
ch2_ohr_ncp_20251010T1140338327_d_img_d18_x01280_y91520.png,0.3958,414.41,544.1,420.03,551.81
ch2_ohr_ncp_20251010T1140338327_d_img_d18_x01280_y91520.png,0.3895,573.0,613.14,581.33,622.23
ch2_ohr_ncp_20251010T1140338327_d_img_d18_x01280_y91520.png,0.3339,458.95,599.23,465.87,609.13
ch2_ohr_ncp_20251010T1140338327_d_img_d18_x01280_y91520.png,0.3075,492.0,610.35,498.35,617.15
ch2_ohr_ncp_20251010T1140338327_d_img_d18_x01280_y91520.png,0.2425,25.62,630.7,29.83,636.02
ch2_ohr_ncp_20251010T1140338327_d_img_d18_x01280_y91520.png,0.2129,608.81,3.26,612.97,7.82
ch2_ohr_ncp_20251010T1140338327_d_img_d18_x01280_y91520.png,0.2091,580.81,564.21,589.65,574.18
ch2_ohr_ncp_20251010T1140338327_d_img_d18_x01280_y91520.png,0.2025,493.0,609.98,500.0,616.52
ch2_ohr_ncp_20251010T1140338327_d_img_d18_x01280_y91520.png,0.2002,586.04,616.89,593.19,624.79
ch2_ohr_ncp_20251010T1140338327_d_img_d18_x01280_y92800.png,0.3447,612.97,582.65,617.36,588.77
ch2_ohr_ncp_20251010T1140338327_d_img_d18_x01280_y92800.png,0.3304,612.0,582.95,617.01,589.34
ch2_ohr_ncp_20251010T1140338327_d_img_d18_x01280_y92800.png,0.2572,587.48,587.99,591.97,595.77
ch2_ohr_ncp_20251010T1140338327_d_img_d18_x01280_y92800.png,0.2049,612.0,551.81,616.96,556.13
ch2_ohr_ncp_20251010T1140338327_d_img_d18_x01280_y94720.png,0.3144,592.02,290.2,597.41,296.88
ch2_ohr_ncp_20251010T1140338327_d_img_d18_x01920_y64640.png,0.439,634.13,598.53,639.71,612.74
ch2_ohr_ncp_20251010T1140338327_d_img_d18_x01920_y64640.png,0.3029,557.32,559.32,570.8,573.76
ch2_ohr_ncp_20251010T1140338327_d_img_d18_x01920_y64640.png,0.27,571.95,625.12,577.42,632.73
ch2_ohr_ncp_20251010T1140338327_d_img_d18_x01920_y64640.png,0.2466,563.98,577.82,569.26,582.92
ch2_ohr_ncp_20251010T1140338327_d_img_d18_x01920_y65280.png,0.2986,24.43,635.77,29.11,639.59
ch2_ohr_ncp_20251010T1140338327_d_img_d18_x01920_y65280.png,0.237,263.07,43.99,268.01,50.29
ch2_ohr_ncp_20251010T1140338327_d_img_d18_x01920_y66560.png,0.2771,314.51,48.34,325.83,61.83
ch2_ohr_ncp_20251010T1140338327_d_img_d18_x01920_y68480.png,0.2561,594.76,98.91,600.19,104.64
ch2_ohr_ncp_20251010T1140338327_d_img_d18_x01920_y68480.png,0.2205,19.61,479.49,23.48,484.28
ch2_ohr_ncp_20251010T1140338327_d_img_d18_x01920_y69120.png,0.2109,15.43,245.82,20.01,252.07
ch2_ohr_ncp_20251010T1140338327_d_img_d18_x01920_y69760.png,0.3588,631.53,619.97,636.02,624.54
ch2_ohr_ncp_20251010T1140338327_d_img_d18_x01920_y70400.png,0.3375,595.48,603.94,599.61,609.35
ch2_ohr_ncp_20251010T1140338327_d_img_d18_x01920_y70400.png,0.2308,606.17,577.29,612.01,584.89
ch2_ohr_ncp_20251010T1140338327_d_img_d18_x01920_y70400.png,0.2002,610.52,23.37,615.44,29.08
ch2_ohr_ncp_20251010T1140338327_d_img_d18_x01920_y71040.png,0.2173,518.41,171.79,524.0,176.22
ch2_ohr_ncp_20251010T1140338327_d_img_d18_x01920_y71680.png,0.4764,74.84,24.22,123.76,71.5
ch2_ohr_ncp_20251010T1140338327_d_img_d18_x01920_y75520.png,0.2874,623.62,50.39,628.12,55.86
ch2_ohr_ncp_20251010T1140338327_d_img_d18_x01920_y75520.png,0.2488,511.02,467.96,516.02,474.2
ch2_ohr_ncp_20251010T1140338327_d_img_d18_x01920_y77440.png,0.2087,617.99,10.79,621.3,15.32
ch2_ohr_ncp_20251010T1140338327_d_img_d18_x01920_y83840.png,0.2078,0.0,621.65,4.02,628.0
ch2_ohr_ncp_20251010T1140338327_d_img_d18_x01920_y87680.png,0.2362,635.51,542.04,639.56,548.7
ch2_ohr_ncp_20251010T1140338327_d_img_d18_x01920_y91520.png,0.2073,95.0,563.97,100.08,570.53
ch2_ohr_ncp_20251010T1140338327_d_img_d18_x01920_y91520.png,0.2007,510.33,512.3,516.06,520.07
ch2_ohr_ncp_20251010T1140338327_d_img_d18_x01920_y92160.png,0.3489,283.99,560.06,290.26,567.6
ch2_ohr_ncp_20251010T1140338327_d_img_d18_x01920_y92160.png,0.3415,131.95,0.04,137.28,4.05
ch2_ohr_ncp_20251010T1140338327_d_img_d18_x01920_y92160.png,0.2698,305.5,570.61,312.64,580.01
ch2_ohr_ncp_20251010T1140338327_d_img_d18_x01920_y92160.png,0.2672,399.96,570.55,404.07,574.58
ch2_ohr_ncp_20251010T1140338327_d_img_d18_x01920_y92160.png,0.2481,247.8,604.0,252.04,610.47
ch2_ohr_ncp_20251010T1140338327_d_img_d18_x01920_y92160.png,0.2056,362.21,490.1,366.9,494.81
ch2_ohr_ncp_20251010T1140338327_d_img_d18_x01920_y96000.png,0.3278,326.65,139.99,332.03,148.17
ch2_ohr_ncp_20251010T1140338327_d_img_d18_x01920_y96000.png,0.2785,425.38,170.57,431.0,177.26
ch2_ohr_ncp_20251010T1140338327_d_img_d18_x01920_y96000.png,0.2094,127.53,630.8,138.47,639.53
ch2_ohr_ncp_20251010T1140338327_d_img_d18_x01920_y96000.png,0.2058,332.99,103.47,340.03,111.78
ch2_ohr_ncp_20251010T1140338327_d_img_d18_x01920_y96640.png,0.2571,629.52,60.13,639.51,101.22
ch2_ohr_ncp_20251010T1140338327_d_img_d18_x01920_y97280.png,0.4872,622.54,80.55,628.28,87.53
ch2_ohr_ncp_20251010T1140338327_d_img_d18_x01920_y97280.png,0.3442,599.07,17.75,608.71,39.67
ch2_ohr_ncp_20251010T1140338327_d_img_d18_x01920_y97280.png,0.2842,581.77,122.82,588.04,130.67
ch2_ohr_ncp_20251010T1140338327_d_img_d18_x01920_y97280.png,0.2106,597.41,13.8,609.47,38.81
ch2_ohr_ncp_20251010T1140338327_d_img_d18_x02560_y66560.png,0.223,629.43,570.94,636.73,581.86
ch2_ohr_ncp_20251010T1140338327_d_img_d18_x02560_y66560.png,0.2213,630.45,425.4,636.32,432.68
ch2_ohr_ncp_20251010T1140338327_d_img_d18_x02560_y66560.png,0.2208,29.84,275.3,36.0,280.49
ch2_ohr_ncp_20251010T1140338327_d_img_d18_x02560_y67200.png,0.2818,127.63,615.39,132.63,620.69
ch2_ohr_ncp_20251010T1140338327_d_img_d18_x02560_y67200.png,0.2329,134.27,569.52,140.06,576.4
ch2_ohr_ncp_20251010T1140338327_d_img_d18_x02560_y67840.png,0.3516,223.94,328.08,228.37,333.1
ch2_ohr_ncp_20251010T1140338327_d_img_d18_x02560_y67840.png,0.3261,166.12,335.37,172.0,340.05
ch2_ohr_ncp_20251010T1140338327_d_img_d18_x02560_y67840.png,0.2822,123.61,316.25,132.02,328.77
ch2_ohr_ncp_20251010T1140338327_d_img_d18_x02560_y67840.png,0.2816,203.96,328.79,208.54,333.93
ch2_ohr_ncp_20251010T1140338327_d_img_d18_x02560_y67840.png,0.2726,235.84,291.93,240.59,298.35
ch2_ohr_ncp_20251010T1140338327_d_img_d18_x02560_y67840.png,0.2523,154.66,273.54,159.11,279.5
ch2_ohr_ncp_20251010T1140338327_d_img_d18_x02560_y67840.png,0.2207,78.99,302.86,84.02,308.0
ch2_ohr_ncp_20251010T1140338327_d_img_d18_x02560_y67840.png,0.2004,164.0,264.76,168.87,268.94
ch2_ohr_ncp_20251010T1140338327_d_img_d18_x02560_y68480.png,0.2493,32.49,347.99,36.5,353.23
ch2_ohr_ncp_20251010T1140338327_d_img_d18_x02560_y71040.png,0.2817,630.88,325.14,639.3,350.19
ch2_ohr_ncp_20251010T1140338327_d_img_d18_x02560_y76160.png,0.346,38.03,27.73,44.0,33.01
ch2_ohr_ncp_20251010T1140338327_d_img_d18_x02560_y76160.png,0.3132,166.56,589.51,172.56,596.65
ch2_ohr_ncp_20251010T1140338327_d_img_d18_x02560_y76160.png,0.2579,613.29,21.28,617.89,27.31
ch2_ohr_ncp_20251010T1140338327_d_img_d18_x02560_y76160.png,0.2028,19.99,535.2,25.26,540.81
ch2_ohr_ncp_20251010T1140338327_d_img_d18_x02560_y76800.png,0.3667,387.67,604.97,393.34,614.26
ch2_ohr_ncp_20251010T1140338327_d_img_d18_x02560_y76800.png,0.3028,15.29,620.0,20.02,626.89
ch2_ohr_ncp_20251010T1140338327_d_img_d18_x02560_y76800.png,0.2404,15.78,621.25,20.02,628.0
ch2_ohr_ncp_20251010T1140338327_d_img_d18_x02560_y90240.png,0.2994,616.35,603.75,620.82,609.51
ch2_ohr_ncp_20251010T1140338327_d_img_d18_x02560_y90880.png,0.3583,138.45,10.14,143.24,15.97
ch2_ohr_ncp_20251010T1140338327_d_img_d18_x02560_y90880.png,0.3449,630.47,64.18,636.12,70.19
ch2_ohr_ncp_20251010T1140338327_d_img_d18_x02560_y90880.png,0.3101,613.33,60.51,620.18,70.67
ch2_ohr_ncp_20251010T1140338327_d_img_d18_x02560_y90880.png,0.3086,443.68,48.01,448.3,53.65
ch2_ohr_ncp_20251010T1140338327_d_img_d18_x02560_y91520.png,0.2521,619.83,515.2,624.92,522.43
ch2_ohr_ncp_20251010T1140338327_d_img_d18_x02560_y93440.png,0.2379,603.93,628.29,611.29,636.27
ch2_ohr_ncp_20251010T1140338327_d_img_d18_x02560_y97280.png,0.2515,415.99,627.67,421.23,634.07
ch2_ohr_ncp_20251010T1140338327_d_img_d18_x02560_y97920.png,0.4618,627.96,579.99,633.07,585.81
ch2_ohr_ncp_20251010T1140338327_d_img_d18_x02560_y97920.png,0.4264,614.68,603.81,621.48,612.55
ch2_ohr_ncp_20251010T1140338327_d_img_d18_x02560_y97920.png,0.3534,617.12,584.01,620.62,588.24
ch2_ohr_ncp_20251010T1140338327_d_img_d18_x02560_y97920.png,0.3393,615.1,605.9,621.77,612.96
ch2_ohr_ncp_20251010T1140338327_d_img_d18_x02560_y97920.png,0.2048,601.43,581.44,605.58,588.0
ch2_ohr_ncp_20251010T1140338327_d_img_d18_x02560_y98560.png,0.4066,607.41,384.2,613.37,391.38
ch2_ohr_ncp_20251010T1140338327_d_img_d18_x02560_y99200.png,0.2932,627.99,302.96,633.07,310.12
ch2_ohr_ncp_20251010T1140338327_d_img_d18_x02560_y99200.png,0.2236,544.53,324.09,563.09,368.68
ch2_ohr_ncp_20251010T1140338327_d_img_d18_x03200_y100480.png,0.2871,472.15,164.85,480.18,173.57
ch2_ohr_ncp_20251010T1140338327_d_img_d18_x03200_y65280.png,0.312,595.99,1.32,601.12,5.41
ch2_ohr_ncp_20251010T1140338327_d_img_d18_x03200_y65280.png,0.312,544.04,10.93,549.24,16.96
ch2_ohr_ncp_20251010T1140338327_d_img_d18_x03200_y65280.png,0.2332,588.0,6.68,593.07,12.51
ch2_ohr_ncp_20251010T1140338327_d_img_d18_x03200_y66560.png,0.2735,399.75,549.65,405.72,557.54
ch2_ohr_ncp_20251010T1140338327_d_img_d18_x03200_y66560.png,0.2365,283.8,606.61,289.03,614.5
ch2_ohr_ncp_20251010T1140338327_d_img_d18_x03200_y67200.png,0.2932,485.7,36.04,489.83,40.95
ch2_ohr_ncp_20251010T1140338327_d_img_d18_x03200_y67200.png,0.2392,423.04,19.82,428.01,24.11
ch2_ohr_ncp_20251010T1140338327_d_img_d18_x03200_y69120.png,0.3876,164.84,129.18,207.51,179.84
ch2_ohr_ncp_20251010T1140338327_d_img_d18_x03200_y72960.png,0.2353,0.01,626.65,4.13,636.53
ch2_ohr_ncp_20251010T1140338327_d_img_d18_x03200_y74240.png,0.2715,574.84,3.99,580.01,10.56
ch2_ohr_ncp_20251010T1140338327_d_img_d18_x03200_y74240.png,0.2045,623.53,0.0,630.22,4.0
ch2_ohr_ncp_20251010T1140338327_d_img_d18_x03200_y75520.png,0.3271,597.58,35.94,604.0,43.53
ch2_ohr_ncp_20251010T1140338327_d_img_d18_x03200_y76800.png,0.3403,607.38,621.76,612.06,628.0
ch2_ohr_ncp_20251010T1140338327_d_img_d18_x03200_y78080.png,0.2875,1.38,562.56,38.42,632.49
ch2_ohr_ncp_20251010T1140338327_d_img_d18_x03200_y90880.png,0.2631,207.54,635.69,213.25,639.68
ch2_ohr_ncp_20251010T1140338327_d_img_d18_x03200_y90880.png,0.2186,450.42,1.49,458.91,11.34
ch2_ohr_ncp_20251010T1140338327_d_img_d18_x03200_y93440.png,0.3169,23.69,211.64,28.85,217.27
ch2_ohr_ncp_20251010T1140338327_d_img_d18_x03200_y93440.png,0.2126,31.24,307.09,37.18,314.37
ch2_ohr_ncp_20251010T1140338327_d_img_d18_x03200_y97920.png,0.3346,611.99,633.66,618.24,639.31
ch2_ohr_ncp_20251010T1140338327_d_img_d18_x03200_y97920.png,0.2731,591.7,548.15,597.08,556.08
ch2_ohr_ncp_20251010T1140338327_d_img_d18_x03840_y100480.png,0.4435,483.82,7.3,492.01,16.73
ch2_ohr_ncp_20251010T1140338327_d_img_d18_x03840_y100480.png,0.3742,614.44,243.06,620.0,247.81
ch2_ohr_ncp_20251010T1140338327_d_img_d18_x03840_y100480.png,0.364,611.87,267.24,617.11,273.31
ch2_ohr_ncp_20251010T1140338327_d_img_d18_x03840_y100480.png,0.3444,603.26,56.76,607.54,62.55
ch2_ohr_ncp_20251010T1140338327_d_img_d18_x03840_y100480.png,0.2129,548.59,250.38,577.01,299.3
ch2_ohr_ncp_20251010T1140338327_d_img_d18_x03840_y64000.png,0.2628,0.1,588.86,4.03,598.35
ch2_ohr_ncp_20251010T1140338327_d_img_d18_x03840_y64000.png,0.2025,8.09,603.67,13.97,609.23
ch2_ohr_ncp_20251010T1140338327_d_img_d18_x03840_y64000.png,0.2017,0.0,606.01,4.03,612.25
ch2_ohr_ncp_20251010T1140338327_d_img_d18_x03840_y65920.png,0.3104,576.08,326.48,581.31,334.06
ch2_ohr_ncp_20251010T1140338327_d_img_d18_x03840_y65920.png,0.3085,567.22,181.86,572.01,188.01
ch2_ohr_ncp_20251010T1140338327_d_img_d18_x03840_y66560.png,0.2476,600.4,593.92,604.74,598.32
ch2_ohr_ncp_20251010T1140338327_d_img_d18_x03840_y68480.png,0.2212,5.41,18.64,12.0,22.26
ch2_ohr_ncp_20251010T1140338327_d_img_d18_x03840_y74880.png,0.3254,605.52,596.0,612.0,603.32
ch2_ohr_ncp_20251010T1140338327_d_img_d18_x03840_y74880.png,0.2041,598.76,621.23,604.85,628.02
ch2_ohr_ncp_20251010T1140338327_d_img_d18_x03840_y77440.png,0.3242,609.27,595.98,612.91,600.7
ch2_ohr_ncp_20251010T1140338327_d_img_d18_x03840_y77440.png,0.2672,587.02,599.2,590.42,604.04
ch2_ohr_ncp_20251010T1140338327_d_img_d18_x03840_y92800.png,0.4129,616.19,611.24,620.58,616.34
ch2_ohr_ncp_20251010T1140338327_d_img_d18_x03840_y92800.png,0.2917,608.25,632.27,613.82,638.35
ch2_ohr_ncp_20251010T1140338327_d_img_d18_x03840_y92800.png,0.2657,632.86,625.87,638.05,631.93
ch2_ohr_ncp_20251010T1140338327_d_img_d18_x03840_y99200.png,0.2283,542.76,323.99,548.0,329.85
ch2_ohr_ncp_20251010T1140338327_d_img_d18_x04480_y100480.png,0.5462,391.84,67.35,397.72,73.38
ch2_ohr_ncp_20251010T1140338327_d_img_d18_x04480_y100480.png,0.5316,615.11,9.47,621.05,18.18
ch2_ohr_ncp_20251010T1140338327_d_img_d18_x04480_y100480.png,0.3373,404.94,2.27,422.72,34.99
ch2_ohr_ncp_20251010T1140338327_d_img_d18_x04480_y100480.png,0.2991,440.22,131.2,445.11,139.31
ch2_ohr_ncp_20251010T1140338327_d_img_d18_x04480_y100480.png,0.278,491.61,261.51,525.66,315.95
ch2_ohr_ncp_20251010T1140338327_d_img_d18_x04480_y100480.png,0.2767,598.92,395.52,604.04,402.03
ch2_ohr_ncp_20251010T1140338327_d_img_d18_x04480_y100480.png,0.2488,340.79,349.83,348.02,356.97
ch2_ohr_ncp_20251010T1140338327_d_img_d18_x04480_y100480.png,0.2164,619.99,354.74,625.28,360.4
ch2_ohr_ncp_20251010T1140338327_d_img_d18_x04480_y100480.png,0.2128,501.12,419.1,506.48,425.36
ch2_ohr_ncp_20251010T1140338327_d_img_d18_x04480_y100480.png,0.208,405.31,283.67,412.0,290.37
ch2_ohr_ncp_20251010T1140338327_d_img_d18_x04480_y100480.png,0.2059,532.0,206.06,538.08,214.03
ch2_ohr_ncp_20251010T1140338327_d_img_d18_x04480_y64640.png,0.333,617.34,635.09,622.93,639.62
ch2_ohr_ncp_20251010T1140338327_d_img_d18_x04480_y73600.png,0.4228,36.99,19.37,41.55,24.54
ch2_ohr_ncp_20251010T1140338327_d_img_d18_x04480_y73600.png,0.2938,41.42,96.57,46.57,102.97
ch2_ohr_ncp_20251010T1140338327_d_img_d18_x04480_y73600.png,0.2345,78.38,48.03,84.0,53.99
ch2_ohr_ncp_20251010T1140338327_d_img_d18_x04480_y74240.png,0.2184,624.48,611.98,629.84,619.68
ch2_ohr_ncp_20251010T1140338327_d_img_d18_x04480_y89600.png,0.5275,625.13,2.18,631.5,9.72
ch2_ohr_ncp_20251010T1140338327_d_img_d18_x04480_y89600.png,0.2866,507.59,12.0,512.3,18.88
ch2_ohr_ncp_20251010T1140338327_d_img_d18_x04480_y89600.png,0.2744,596.62,0.19,605.04,8.17
ch2_ohr_ncp_20251010T1140338327_d_img_d18_x04480_y89600.png,0.2292,634.48,4.52,638.77,12.27
ch2_ohr_ncp_20251010T1140338327_d_img_d18_x05120_y100480.png,0.5831,27.76,301.95,32.81,308.83
ch2_ohr_ncp_20251010T1140338327_d_img_d18_x05120_y100480.png,0.4009,598.96,135.06,612.0,172.34
ch2_ohr_ncp_20251010T1140338327_d_img_d18_x05120_y100480.png,0.3218,83.13,250.22,88.42,257.35
ch2_ohr_ncp_20251010T1140338327_d_img_d18_x05120_y100480.png,0.2908,496.17,38.6,503.42,47.75
ch2_ohr_ncp_20251010T1140338327_d_img_d18_x05120_y100480.png,0.2831,510.89,273.58,516.89,280.3
ch2_ohr_ncp_20251010T1140338327_d_img_d18_x05120_y100480.png,0.2395,187.58,184.9,192.38,191.39
ch2_ohr_ncp_20251010T1140338327_d_img_d18_x05120_y64640.png,0.2314,617.39,3.98,622.59,10.5
ch2_ohr_ncp_20251010T1140338327_d_img_d18_x05120_y66560.png,0.2381,0.11,10.23,37.0,65.16
ch2_ohr_ncp_20251010T1140338327_d_img_d18_x05120_y72320.png,0.3994,23.0,606.63,28.0,612.2
ch2_ohr_ncp_20251010T1140338327_d_img_d18_x05120_y77440.png,0.291,623.84,634.17,628.96,639.29
ch2_ohr_ncp_20251010T1140338327_d_img_d18_x05120_y86400.png,0.2388,570.66,635.21,575.09,639.33
ch2_ohr_ncp_20251010T1140338327_d_img_d18_x05120_y90240.png,0.2017,609.43,23.74,613.63,28.69
ch2_ohr_ncp_20251010T1140338327_d_img_d18_x05760_y100480.png,0.4774,42.69,240.51,50.97,255.01
ch2_ohr_ncp_20251010T1140338327_d_img_d18_x05760_y100480.png,0.3231,36.25,370.47,41.14,376.5
ch2_ohr_ncp_20251010T1140338327_d_img_d18_x05760_y100480.png,0.3065,619.28,137.92,625.93,153.87
ch2_ohr_ncp_20251010T1140338327_d_img_d18_x05760_y100480.png,0.2756,224.26,51.11,230.71,58.47
ch2_ohr_ncp_20251010T1140338327_d_img_d18_x05760_y100480.png,0.2429,365.34,233.91,372.01,242.09
ch2_ohr_ncp_20251010T1140338327_d_img_d18_x05760_y100480.png,0.2424,581.76,111.04,588.0,118.17
ch2_ohr_ncp_20251010T1140338327_d_img_d18_x05760_y100480.png,0.2377,21.71,246.89,29.71,257.31
ch2_ohr_ncp_20251010T1140338327_d_img_d18_x05760_y100480.png,0.2369,6.03,0.0,29.27,21.65
ch2_ohr_ncp_20251010T1140338327_d_img_d18_x05760_y60800.png,0.247,23.5,103.41,35.51,127.25
ch2_ohr_ncp_20251010T1140338327_d_img_d18_x05760_y61440.png,0.5645,587.96,401.91,593.2,408.61
ch2_ohr_ncp_20251010T1140338327_d_img_d18_x05760_y61440.png,0.3822,598.03,398.72,604.09,405.23
ch2_ohr_ncp_20251010T1140338327_d_img_d18_x05760_y62080.png,0.3923,575.85,605.44,580.13,612.0
ch2_ohr_ncp_20251010T1140338327_d_img_d18_x05760_y62080.png,0.2375,588.0,607.17,592.8,612.22
ch2_ohr_ncp_20251010T1140338327_d_img_d18_x05760_y62720.png,0.3401,635.63,608.55,639.63,614.56
ch2_ohr_ncp_20251010T1140338327_d_img_d18_x05760_y69120.png,0.2842,615.87,246.28,620.12,252.0
ch2_ohr_ncp_20251010T1140338327_d_img_d18_x05760_y69760.png,0.4291,98.75,344.92,123.94,386.46
ch2_ohr_ncp_20251010T1140338327_d_img_d18_x05760_y69760.png,0.2351,26.71,124.13,47.84,170.69
ch2_ohr_ncp_20251010T1140338327_d_img_d18_x05760_y73600.png,0.2263,575.4,52.96,580.51,61.87
ch2_ohr_ncp_20251010T1140338327_d_img_d18_x05760_y73600.png,0.2138,601.07,67.91,604.9,73.34
ch2_ohr_ncp_20251010T1140338327_d_img_d18_x05760_y82560.png,0.4664,30.92,468.56,45.09,505.24
ch2_ohr_ncp_20251010T1140338327_d_img_d18_x05760_y94720.png,0.3267,69.38,313.07,78.86,341.18
ch2_ohr_ncp_20251010T1140338327_d_img_d18_x05760_y94720.png,0.3203,116.73,344.92,124.0,352.52
ch2_ohr_ncp_20251010T1140338327_d_img_d18_x05760_y94720.png,0.2263,114.88,344.34,122.14,353.83
ch2_ohr_ncp_20251010T1140338327_d_img_d18_x05760_y95360.png,0.2359,633.55,605.05,638.7,612.45
ch2_ohr_ncp_20251010T1140338327_d_img_d18_x05760_y96000.png,0.2925,632.85,26.69,637.82,33.23
ch2_ohr_ncp_20251010T1140338327_d_img_d18_x05760_y96000.png,0.2886,585.41,73.31,590.27,79.34
ch2_ohr_ncp_20251010T1140338327_d_img_d18_x05760_y96000.png,0.2558,535.61,155.99,540.01,161.91
ch2_ohr_ncp_20251010T1140338327_d_img_d18_x05760_y96000.png,0.2298,421.29,311.78,428.02,320.84
ch2_ohr_ncp_20251010T1140338327_d_img_d18_x06400_y100480.png,0.6364,30.27,331.94,36.01,338.35
ch2_ohr_ncp_20251010T1140338327_d_img_d18_x06400_y100480.png,0.3469,621.16,98.76,628.0,106.85
ch2_ohr_ncp_20251010T1140338327_d_img_d18_x06400_y100480.png,0.3463,448.89,25.57,455.96,32.68
ch2_ohr_ncp_20251010T1140338327_d_img_d18_x06400_y100480.png,0.3287,631.82,260.63,637.98,273.0
ch2_ohr_ncp_20251010T1140338327_d_img_d18_x06400_y100480.png,0.2734,583.22,1.75,594.17,18.37
ch2_ohr_ncp_20251010T1140338327_d_img_d18_x06400_y100480.png,0.2597,428.0,65.76,433.92,71.6
ch2_ohr_ncp_20251010T1140338327_d_img_d18_x06400_y100480.png,0.2385,505.59,106.09,517.2,124.28
ch2_ohr_ncp_20251010T1140338327_d_img_d18_x06400_y100480.png,0.2325,349.93,31.17,356.01,38.2
ch2_ohr_ncp_20251010T1140338327_d_img_d18_x06400_y100480.png,0.2137,620.0,98.87,626.67,106.49
ch2_ohr_ncp_20251010T1140338327_d_img_d18_x06400_y100480.png,0.2077,600.16,256.25,604.88,263.63
ch2_ohr_ncp_20251010T1140338327_d_img_d18_x06400_y100480.png,0.2046,485.59,304.51,492.26,310.24
ch2_ohr_ncp_20251010T1140338327_d_img_d18_x06400_y71680.png,0.2429,606.82,43.99,612.0,49.77
ch2_ohr_ncp_20251010T1140338327_d_img_d18_x06400_y74880.png,0.277,215.31,243.32,221.39,250.19
ch2_ohr_ncp_20251010T1140338327_d_img_d18_x06400_y78080.png,0.213,632.09,485.48,638.29,496.3
ch2_ohr_ncp_20251010T1140338327_d_img_d18_x07040_y100480.png,0.2933,248.02,94.13,253.31,101.86
ch2_ohr_ncp_20251010T1140338327_d_img_d18_x07040_y100480.png,0.2584,545.26,333.36,553.15,342.07
ch2_ohr_ncp_20251010T1140338327_d_img_d18_x07040_y100480.png,0.242,35.94,0.85,42.03,9.61
ch2_ohr_ncp_20251010T1140338327_d_img_d18_x07040_y60800.png,0.2513,321.71,633.83,327.19,639.02
ch2_ohr_ncp_20251010T1140338327_d_img_d18_x07040_y60800.png,0.2493,540.0,241.91,546.12,248.5
ch2_ohr_ncp_20251010T1140338327_d_img_d18_x07040_y60800.png,0.2257,541.08,241.86,548.0,248.07
ch2_ohr_ncp_20251010T1140338327_d_img_d18_x07040_y62080.png,0.2941,385.69,274.27,389.74,279.92
ch2_ohr_ncp_20251010T1140338327_d_img_d18_x07040_y64000.png,0.2559,552.24,551.23,593.06,592.58
ch2_ohr_ncp_20251010T1140338327_d_img_d18_x07040_y68480.png,0.318,622.03,265.94,638.35,316.7
ch2_ohr_ncp_20251010T1140338327_d_img_d18_x07040_y71680.png,0.2081,612.15,5.64,618.13,13.42
ch2_ohr_ncp_20251010T1140338327_d_img_d18_x07040_y76800.png,0.2201,615.42,266.41,620.08,272.52
ch2_ohr_ncp_20251010T1140338327_d_img_d18_x07040_y78720.png,0.4363,624.54,546.46,629.36,553.15
ch2_ohr_ncp_20251010T1140338327_d_img_d18_x07040_y78720.png,0.4074,627.14,629.63,632.73,636.01
ch2_ohr_ncp_20251010T1140338327_d_img_d18_x07040_y78720.png,0.2652,620.98,618.29,628.0,625.88
ch2_ohr_ncp_20251010T1140338327_d_img_d18_x07040_y78720.png,0.2101,620.0,617.85,626.47,625.85
ch2_ohr_ncp_20251010T1140338327_d_img_d18_x07040_y80000.png,0.2192,207.25,623.66,212.01,629.39
ch2_ohr_ncp_20251010T1140338327_d_img_d18_x07680_y100480.png,0.5034,254.13,155.98,260.01,162.99
ch2_ohr_ncp_20251010T1140338327_d_img_d18_x07680_y100480.png,0.2716,127.59,244.41,132.36,252.03
ch2_ohr_ncp_20251010T1140338327_d_img_d18_x07680_y100480.png,0.2708,541.89,0.62,550.07,10.27
ch2_ohr_ncp_20251010T1140338327_d_img_d18_x07680_y100480.png,0.266,185.44,324.14,191.11,332.02
ch2_ohr_ncp_20251010T1140338327_d_img_d18_x07680_y100480.png,0.2628,565.68,354.78,570.67,360.76
ch2_ohr_ncp_20251010T1140338327_d_img_d18_x07680_y100480.png,0.2569,381.99,244.22,388.03,252.99
ch2_ohr_ncp_20251010T1140338327_d_img_d18_x07680_y43520.png,0.355,602.8,632.75,606.75,637.42
ch2_ohr_ncp_20251010T1140338327_d_img_d18_x07680_y59520.png,0.4535,566.72,359.64,572.94,369.19
ch2_ohr_ncp_20251010T1140338327_d_img_d18_x07680_y59520.png,0.213,515.9,535.28,521.3,541.66
ch2_ohr_ncp_20251010T1140338327_d_img_d18_x07680_y60160.png,0.5815,624.19,618.77,630.09,627.05
ch2_ohr_ncp_20251010T1140338327_d_img_d18_x07680_y60160.png,0.3072,624.11,619.99,629.5,628.09
ch2_ohr_ncp_20251010T1140338327_d_img_d18_x07680_y65280.png,0.4145,562.1,440.72,598.93,502.31
ch2_ohr_ncp_20251010T1140338327_d_img_d18_x07680_y65280.png,0.3811,172.0,163.02,177.72,170.13
ch2_ohr_ncp_20251010T1140338327_d_img_d18_x07680_y65280.png,0.2837,173.15,162.96,180.0,169.94
ch2_ohr_ncp_20251010T1140338327_d_img_d18_x07680_y71040.png,0.5015,559.47,623.33,564.01,628.05
ch2_ohr_ncp_20251010T1140338327_d_img_d18_x07680_y71040.png,0.2592,588.0,607.03,593.45,612.02
ch2_ohr_ncp_20251010T1140338327_d_img_d18_x07680_y71040.png,0.2274,627.95,118.82,633.26,124.76
ch2_ohr_ncp_20251010T1140338327_d_img_d18_x07680_y73600.png,0.3012,34.54,14.95,43.04,28.26
ch2_ohr_ncp_20251010T1140338327_d_img_d18_x07680_y74880.png,0.2204,630.55,628.03,637.64,638.0
ch2_ohr_ncp_20251010T1140338327_d_img_d18_x07680_y78080.png,0.2594,326.59,360.9,332.09,367.96
ch2_ohr_ncp_20251010T1140338327_d_img_d18_x07680_y78720.png,0.2329,16.56,622.86,20.76,628.01
ch2_ohr_ncp_20251010T1140338327_d_img_d18_x07680_y78720.png,0.2087,583.87,11.15,588.92,18.04
ch2_ohr_ncp_20251010T1140338327_d_img_d18_x07680_y81280.png,0.2838,31.55,287.53,36.76,295.45
ch2_ohr_ncp_20251010T1140338327_d_img_d18_x07680_y81280.png,0.2834,152.51,563.53,158.86,570.52
ch2_ohr_ncp_20251010T1140338327_d_img_d18_x07680_y81280.png,0.2226,24.42,334.12,29.76,340.93
ch2_ohr_ncp_20251010T1140338327_d_img_d18_x07680_y81280.png,0.2171,133.64,606.08,140.05,613.14
ch2_ohr_ncp_20251010T1140338327_d_img_d18_x08320_y100480.png,0.5221,587.96,298.06,593.78,309.78
ch2_ohr_ncp_20251010T1140338327_d_img_d18_x08320_y100480.png,0.4612,450.03,307.08,457.25,316.77
ch2_ohr_ncp_20251010T1140338327_d_img_d18_x08320_y100480.png,0.2822,495.45,92.36,501.38,101.41
ch2_ohr_ncp_20251010T1140338327_d_img_d18_x08320_y100480.png,0.2521,287.25,199.66,293.18,208.57
ch2_ohr_ncp_20251010T1140338327_d_img_d18_x08320_y100480.png,0.2388,43.1,0.01,49.54,5.58
ch2_ohr_ncp_20251010T1140338327_d_img_d18_x08320_y100480.png,0.2031,466.61,62.6,471.24,69.16
ch2_ohr_ncp_20251010T1140338327_d_img_d18_x08320_y58240.png,0.5621,630.56,21.24,636.02,28.02
ch2_ohr_ncp_20251010T1140338327_d_img_d18_x08320_y58240.png,0.389,607.88,74.37,612.1,78.62
ch2_ohr_ncp_20251010T1140338327_d_img_d18_x08320_y58240.png,0.2475,621.26,37.57,629.91,45.6
ch2_ohr_ncp_20251010T1140338327_d_img_d18_x08320_y58240.png,0.2099,613.71,121.42,620.0,126.91
ch2_ohr_ncp_20251010T1140338327_d_img_d18_x08320_y59520.png,0.3913,396.38,539.76,419.16,588.14
ch2_ohr_ncp_20251010T1140338327_d_img_d18_x08320_y59520.png,0.3589,576.02,467.58,580.39,472.29
ch2_ohr_ncp_20251010T1140338327_d_img_d18_x08320_y59520.png,0.3535,513.05,513.5,518.36,521.6
ch2_ohr_ncp_20251010T1140338327_d_img_d18_x08320_y59520.png,0.313,439.93,493.53,448.2,520.05
ch2_ohr_ncp_20251010T1140338327_d_img_d18_x08320_y59520.png,0.2883,575.09,439.18,580.0,444.01
ch2_ohr_ncp_20251010T1140338327_d_img_d18_x08320_y59520.png,0.2653,398.33,545.22,416.64,591.71
ch2_ohr_ncp_20251010T1140338327_d_img_d18_x08320_y59520.png,0.25,627.09,460.0,631.83,466.82
ch2_ohr_ncp_20251010T1140338327_d_img_d18_x08320_y60160.png,0.2077,574.0,18.26,580.0,23.63
ch2_ohr_ncp_20251010T1140338327_d_img_d18_x08320_y60160.png,0.2064,615.73,188.0,620.07,194.36
ch2_ohr_ncp_20251010T1140338327_d_img_d18_x08320_y60800.png,0.3242,564.9,189.61,572.01,198.14
ch2_ohr_ncp_20251010T1140338327_d_img_d18_x08320_y60800.png,0.315,604.0,182.38,609.45,188.41
ch2_ohr_ncp_20251010T1140338327_d_img_d18_x08320_y60800.png,0.3071,568.91,165.45,573.65,172.04
ch2_ohr_ncp_20251010T1140338327_d_img_d18_x08320_y60800.png,0.2655,574.26,187.71,580.0,191.71
ch2_ohr_ncp_20251010T1140338327_d_img_d18_x08320_y60800.png,0.2401,529.63,283.63,534.55,288.81
ch2_ohr_ncp_20251010T1140338327_d_img_d18_x08320_y60800.png,0.235,579.68,216.31,586.45,224.84
ch2_ohr_ncp_20251010T1140338327_d_img_d18_x08320_y60800.png,0.2341,526.16,288.36,532.02,295.28
ch2_ohr_ncp_20251010T1140338327_d_img_d18_x08320_y60800.png,0.2262,55.87,91.62,60.6,99.53
ch2_ohr_ncp_20251010T1140338327_d_img_d18_x08320_y60800.png,0.2102,162.65,49.48,166.36,53.62
ch2_ohr_ncp_20251010T1140338327_d_img_d18_x08320_y60800.png,0.2044,564.0,189.6,570.44,198.29
ch2_ohr_ncp_20251010T1140338327_d_img_d18_x08320_y65920.png,0.2815,251.74,25.16,256.61,30.15
ch2_ohr_ncp_20251010T1140338327_d_img_d18_x08320_y69760.png,0.467,609.86,312.9,637.82,357.1
ch2_ohr_ncp_20251010T1140338327_d_img_d18_x08320_y69760.png,0.466,609.37,313.13,637.12,344.15
ch2_ohr_ncp_20251010T1140338327_d_img_d18_x08320_y69760.png,0.3008,610.96,315.58,631.79,355.74
ch2_ohr_ncp_20251010T1140338327_d_img_d18_x08320_y72960.png,0.3016,403.72,594.6,409.94,611.64
ch2_ohr_ncp_20251010T1140338327_d_img_d18_x08320_y72960.png,0.2149,403.86,593.43,412.06,608.94
ch2_ohr_ncp_20251010T1140338327_d_img_d18_x08320_y72960.png,0.2003,354.09,569.21,358.28,574.54
ch2_ohr_ncp_20251010T1140338327_d_img_d18_x08320_y75520.png,0.2447,305.35,634.5,310.79,639.28
ch2_ohr_ncp_20251010T1140338327_d_img_d18_x08320_y76160.png,0.3591,428.4,600.99,447.86,637.35
ch2_ohr_ncp_20251010T1140338327_d_img_d18_x08320_y76160.png,0.3182,305.28,14.62,309.03,20.0
ch2_ohr_ncp_20251010T1140338327_d_img_d18_x08320_y76160.png,0.2962,200.73,610.93,205.44,616.06
ch2_ohr_ncp_20251010T1140338327_d_img_d18_x08320_y76160.png,0.2072,557.45,426.34,564.0,432.5
ch2_ohr_ncp_20251010T1140338327_d_img_d18_x08320_y76160.png,0.2051,213.77,29.41,220.0,36.87
ch2_ohr_ncp_20251010T1140338327_d_img_d18_x08320_y78080.png,0.3675,43.78,27.88,48.62,34.0
ch2_ohr_ncp_20251010T1140338327_d_img_d18_x08320_y78080.png,0.3412,578.65,39.46,582.87,46.53
ch2_ohr_ncp_20251010T1140338327_d_img_d18_x08320_y78080.png,0.2885,631.86,17.75,636.39,23.44
ch2_ohr_ncp_20251010T1140338327_d_img_d18_x08320_y78080.png,0.2461,561.89,45.68,567.06,52.36
ch2_ohr_ncp_20251010T1140338327_d_img_d18_x08320_y78080.png,0.2318,15.43,491.91,20.13,498.92
ch2_ohr_ncp_20251010T1140338327_d_img_d18_x08320_y78080.png,0.2012,571.91,9.94,577.08,15.36
ch2_ohr_ncp_20251010T1140338327_d_img_d18_x08320_y83840.png,0.271,27.9,470.0,33.8,479.23
ch2_ohr_ncp_20251010T1140338327_d_img_d18_x08960_y100480.png,0.5177,7.25,124.56,12.37,132.84
ch2_ohr_ncp_20251010T1140338327_d_img_d18_x08960_y100480.png,0.5021,109.65,89.76,116.01,97.26
ch2_ohr_ncp_20251010T1140338327_d_img_d18_x08960_y100480.png,0.4412,74.49,278.13,81.2,290.16
ch2_ohr_ncp_20251010T1140338327_d_img_d18_x08960_y100480.png,0.4068,280.09,28.99,285.63,38.35
ch2_ohr_ncp_20251010T1140338327_d_img_d18_x08960_y100480.png,0.3733,135.57,158.3,145.88,179.2
ch2_ohr_ncp_20251010T1140338327_d_img_d18_x08960_y100480.png,0.3126,379.85,294.21,386.26,302.93
ch2_ohr_ncp_20251010T1140338327_d_img_d18_x08960_y100480.png,0.3079,343.0,291.34,348.33,301.67
ch2_ohr_ncp_20251010T1140338327_d_img_d18_x08960_y100480.png,0.3078,136.34,160.47,145.05,181.4
ch2_ohr_ncp_20251010T1140338327_d_img_d18_x08960_y100480.png,0.2849,196.0,63.59,201.26,69.85
ch2_ohr_ncp_20251010T1140338327_d_img_d18_x08960_y100480.png,0.2817,379.76,195.12,384.5,200.33
ch2_ohr_ncp_20251010T1140338327_d_img_d18_x08960_y100480.png,0.2487,435.49,111.94,441.95,122.51
ch2_ohr_ncp_20251010T1140338327_d_img_d18_x08960_y100480.png,0.2365,229.72,295.96,234.38,301.42
ch2_ohr_ncp_20251010T1140338327_d_img_d18_x08960_y100480.png,0.2307,26.22,115.43,30.66,120.36
ch2_ohr_ncp_20251010T1140338327_d_img_d18_x08960_y100480.png,0.2281,228.0,6.68,233.21,12.51
ch2_ohr_ncp_20251010T1140338327_d_img_d18_x08960_y100480.png,0.2217,120.36,138.07,128.34,148.67
ch2_ohr_ncp_20251010T1140338327_d_img_d18_x08960_y100480.png,0.2101,602.63,3.99,607.99,11.66
ch2_ohr_ncp_20251010T1140338327_d_img_d18_x08960_y56960.png,0.3314,616.94,627.99,621.52,633.8
ch2_ohr_ncp_20251010T1140338327_d_img_d18_x08960_y57600.png,0.2571,18.74,634.43,25.31,639.34
ch2_ohr_ncp_20251010T1140338327_d_img_d18_x08960_y58240.png,0.3873,443.74,28.0,448.04,33.73
ch2_ohr_ncp_20251010T1140338327_d_img_d18_x08960_y58240.png,0.3236,399.62,25.85,404.04,31.17
ch2_ohr_ncp_20251010T1140338327_d_img_d18_x08960_y58240.png,0.235,580.0,625.22,585.89,630.7
ch2_ohr_ncp_20251010T1140338327_d_img_d18_x08960_y60160.png,0.535,249.96,263.8,256.4,270.48
ch2_ohr_ncp_20251010T1140338327_d_img_d18_x08960_y60160.png,0.2995,110.78,334.45,116.0,340.35
ch2_ohr_ncp_20251010T1140338327_d_img_d18_x08960_y60160.png,0.2846,245.15,193.68,250.48,201.14
ch2_ohr_ncp_20251010T1140338327_d_img_d18_x08960_y60160.png,0.2437,302.24,219.31,308.0,224.21
ch2_ohr_ncp_20251010T1140338327_d_img_d18_x08960_y60160.png,0.2399,355.49,162.01,361.66,171.2
ch2_ohr_ncp_20251010T1140338327_d_img_d18_x08960_y60160.png,0.2356,632.59,308.0,637.46,314.73
ch2_ohr_ncp_20251010T1140338327_d_img_d18_x08960_y62080.png,0.2478,204.0,257.85,223.73,302.61
ch2_ohr_ncp_20251010T1140338327_d_img_d18_x08960_y62080.png,0.2447,24.1,115.98,28.53,121.33
ch2_ohr_ncp_20251010T1140338327_d_img_d18_x08960_y64640.png,0.2197,96.62,3.79,102.46,10.97
ch2_ohr_ncp_20251010T1140338327_d_img_d18_x08960_y66560.png,0.226,229.33,540.63,263.88,587.64
ch2_ohr_ncp_20251010T1140338327_d_img_d18_x08960_y66560.png,0.2037,88.57,495.71,112.62,541.73
ch2_ohr_ncp_20251010T1140338327_d_img_d18_x08960_y69760.png,0.5751,599.75,619.53,604.05,624.45
ch2_ohr_ncp_20251010T1140338327_d_img_d18_x08960_y69760.png,0.2746,635.32,584.54,639.67,591.12
ch2_ohr_ncp_20251010T1140338327_d_img_d18_x08960_y69760.png,0.2684,631.18,532.01,636.84,540.84
ch2_ohr_ncp_20251010T1140338327_d_img_d18_x08960_y70400.png,0.2383,606.34,84.0,612.0,90.82
ch2_ohr_ncp_20251010T1140338327_d_img_d18_x08960_y76160.png,0.3778,610.64,588.16,615.02,597.24
ch2_ohr_ncp_20251010T1140338327_d_img_d18_x08960_y76160.png,0.3136,627.72,604.17,634.43,613.97
ch2_ohr_ncp_20251010T1140338327_d_img_d18_x08960_y76800.png,0.2172,55.5,1.29,62.53,14.99
ch2_ohr_ncp_20251010T1140338327_d_img_d18_x09600_y100480.png,0.5274,203.76,78.87,208.57,86.48
ch2_ohr_ncp_20251010T1140338327_d_img_d18_x09600_y100480.png,0.359,320.06,355.06,325.04,362.23
ch2_ohr_ncp_20251010T1140338327_d_img_d18_x09600_y100480.png,0.2986,209.53,0.1,214.81,4.64
ch2_ohr_ncp_20251010T1140338327_d_img_d18_x09600_y100480.png,0.2933,363.98,127.12,368.96,134.08
ch2_ohr_ncp_20251010T1140338327_d_img_d18_x09600_y100480.png,0.2519,56.77,57.08,62.28,65.41
ch2_ohr_ncp_20251010T1140338327_d_img_d18_x09600_y100480.png,0.2268,124.0,378.36,130.03,383.27
ch2_ohr_ncp_20251010T1140338327_d_img_d18_x09600_y54400.png,0.243,635.63,186.21,639.84,192.56
ch2_ohr_ncp_20251010T1140338327_d_img_d18_x09600_y55040.png,0.3726,633.74,221.24,638.47,228.57
ch2_ohr_ncp_20251010T1140338327_d_img_d18_x09600_y55040.png,0.3265,634.05,216.47,639.48,228.81
ch2_ohr_ncp_20251010T1140338327_d_img_d18_x09600_y55040.png,0.2067,631.7,75.51,636.32,84.04
ch2_ohr_ncp_20251010T1140338327_d_img_d18_x09600_y55680.png,0.4468,104.07,625.51,108.28,631.06
ch2_ohr_ncp_20251010T1140338327_d_img_d18_x09600_y55680.png,0.3738,631.54,79.47,636.02,84.17
ch2_ohr_ncp_20251010T1140338327_d_img_d18_x09600_y55680.png,0.2537,20.58,176.6,36.64,213.79
ch2_ohr_ncp_20251010T1140338327_d_img_d18_x09600_y55680.png,0.2396,22.99,180.98,31.51,213.51
ch2_ohr_ncp_20251010T1140338327_d_img_d18_x09600_y55680.png,0.2297,631.97,111.72,636.03,116.34
ch2_ohr_ncp_20251010T1140338327_d_img_d18_x09600_y56320.png,0.241,623.14,590.88,628.33,597.27
ch2_ohr_ncp_20251010T1140338327_d_img_d18_x09600_y60800.png,0.588,618.09,58.85,636.44,91.27
ch2_ohr_ncp_20251010T1140338327_d_img_d18_x09600_y61440.png,0.2776,632.64,363.99,636.55,369.71
ch2_ohr_ncp_20251010T1140338327_d_img_d18_x09600_y63360.png,0.683,622.24,494.23,635.19,520.71
ch2_ohr_ncp_20251010T1140338327_d_img_d18_x09600_y65280.png,0.2001,529.74,602.71,534.25,609.73
ch2_ohr_ncp_20251010T1140338327_d_img_d18_x09600_y65920.png,0.5986,585.49,475.91,614.16,520.47
ch2_ohr_ncp_20251010T1140338327_d_img_d18_x09600_y67200.png,0.3988,606.73,282.79,626.32,312.54
ch2_ohr_ncp_20251010T1140338327_d_img_d18_x09600_y71680.png,0.3501,634.32,541.96,638.8,548.03
ch2_ohr_ncp_20251010T1140338327_d_img_d18_x09600_y71680.png,0.3229,612.0,551.49,617.1,557.65
ch2_ohr_ncp_20251010T1140338327_d_img_d18_x09600_y71680.png,0.2741,624.13,555.92,628.52,563.3
ch2_ohr_ncp_20251010T1140338327_d_img_d18_x09600_y71680.png,0.2579,623.2,558.21,628.05,567.06
ch2_ohr_ncp_20251010T1140338327_d_img_d18_x09600_y72320.png,0.321,627.53,2.65,639.74,33.67
ch2_ohr_ncp_20251010T1140338327_d_img_d18_x09600_y72320.png,0.2443,611.27,11.95,615.81,17.36
ch2_ohr_ncp_20251010T1140338327_d_img_d18_x09600_y72320.png,0.2321,597.89,11.77,604.01,18.66
ch2_ohr_ncp_20251010T1140338327_d_img_d18_x09600_y72320.png,0.2297,595.15,0.13,600.9,5.48
ch2_ohr_ncp_20251010T1140338327_d_img_d18_x09600_y72320.png,0.2106,619.02,18.08,622.78,22.52
ch2_ohr_ncp_20251010T1140338327_d_img_d18_x09600_y73600.png,0.4089,548.0,18.47,553.52,24.36
ch2_ohr_ncp_20251010T1140338327_d_img_d18_x09600_y73600.png,0.3153,534.74,11.86,540.0,16.38
ch2_ohr_ncp_20251010T1140338327_d_img_d18_x09600_y74880.png,0.4158,627.94,569.89,634.36,580.51
ch2_ohr_ncp_20251010T1140338327_d_img_d18_x09600_y74880.png,0.3216,619.59,581.49,624.62,588.56
ch2_ohr_ncp_20251010T1140338327_d_img_d18_x09600_y74880.png,0.2436,550.11,621.66,556.03,628.08
ch2_ohr_ncp_20251010T1140338327_d_img_d18_x09600_y74880.png,0.2423,619.38,579.98,624.62,587.33
ch2_ohr_ncp_20251010T1140338327_d_img_d18_x09600_y75520.png,0.2448,598.85,273.73,606.51,287.04
ch2_ohr_ncp_20251010T1140338327_d_img_d18_x09600_y87040.png,0.2238,598.91,1.35,604.01,7.46
ch2_ohr_ncp_20251010T1140338327_d_img_d18_x09600_y90240.png,0.3091,347.94,581.51,354.2,592.17
ch2_ohr_ncp_20251010T1140338327_d_img_d18_x09600_y90880.png,0.312,102.62,620.24,108.06,628.0
ch2_ohr_ncp_20251010T1140338327_d_img_d18_x09600_y91520.png,0.304,603.55,27.03,607.47,32.36
ch2_ohr_ncp_20251010T1140338327_d_img_d18_x09600_y92160.png,0.2904,633.93,0.73,639.41,9.41
ch2_ohr_ncp_20251010T1140338327_d_img_d18_x10240_y100480.png,0.5219,23.79,275.95,29.91,282.47
ch2_ohr_ncp_20251010T1140338327_d_img_d18_x10240_y100480.png,0.4669,115.99,288.94,120.99,294.34
ch2_ohr_ncp_20251010T1140338327_d_img_d18_x10240_y100480.png,0.4266,555.92,257.03,561.07,263.34
ch2_ohr_ncp_20251010T1140338327_d_img_d18_x10240_y100480.png,0.3783,499.97,221.58,507.08,232.76
ch2_ohr_ncp_20251010T1140338327_d_img_d18_x10240_y100480.png,0.3382,24.56,276.88,30.43,284.02
ch2_ohr_ncp_20251010T1140338327_d_img_d18_x10240_y100480.png,0.3307,598.76,9.87,604.59,18.19
ch2_ohr_ncp_20251010T1140338327_d_img_d18_x10240_y100480.png,0.2932,3.34,300.64,9.12,310.39
ch2_ohr_ncp_20251010T1140338327_d_img_d18_x10240_y100480.png,0.2822,90.4,296.11,96.38,303.2
ch2_ohr_ncp_20251010T1140338327_d_img_d18_x10240_y100480.png,0.2384,342.05,17.19,348.0,23.71
ch2_ohr_ncp_20251010T1140338327_d_img_d18_x10240_y100480.png,0.2336,254.38,109.84,260.37,116.87
ch2_ohr_ncp_20251010T1140338327_d_img_d18_x10240_y100480.png,0.228,259.98,362.2,265.18,368.37
ch2_ohr_ncp_20251010T1140338327_d_img_d18_x10240_y100480.png,0.2091,437.33,118.06,444.03,128.92
ch2_ohr_ncp_20251010T1140338327_d_img_d18_x10240_y100480.png,0.202,472.53,6.58,477.85,15.66
ch2_ohr_ncp_20251010T1140338327_d_img_d18_x10240_y50560.png,0.3968,209.73,559.6,213.41,565.29
ch2_ohr_ncp_20251010T1140338327_d_img_d18_x10240_y52480.png,0.2147,620.0,577.48,627.13,589.77
ch2_ohr_ncp_20251010T1140338327_d_img_d18_x10240_y53120.png,0.4602,619.83,402.37,623.58,407.44
ch2_ohr_ncp_20251010T1140338327_d_img_d18_x10240_y53120.png,0.3266,635.93,225.85,639.78,233.03
ch2_ohr_ncp_20251010T1140338327_d_img_d18_x10240_y53120.png,0.3027,606.54,424.94,612.0,430.53
ch2_ohr_ncp_20251010T1140338327_d_img_d18_x10240_y53120.png,0.2789,627.84,214.34,632.52,220.18
ch2_ohr_ncp_20251010T1140338327_d_img_d18_x10240_y53120.png,0.2212,0.0,625.66,5.71,636.67
ch2_ohr_ncp_20251010T1140338327_d_img_d18_x10240_y53120.png,0.221,589.01,515.12,596.1,525.75
ch2_ohr_ncp_20251010T1140338327_d_img_d18_x10240_y53120.png,0.2083,342.8,580.78,348.02,588.24
ch2_ohr_ncp_20251010T1140338327_d_img_d18_x10240_y53760.png,0.344,605.38,453.11,612.01,461.28
ch2_ohr_ncp_20251010T1140338327_d_img_d18_x10240_y53760.png,0.2101,604.0,453.49,611.51,461.97
ch2_ohr_ncp_20251010T1140338327_d_img_d18_x10240_y53760.png,0.2011,607.22,463.69,612.0,469.4
ch2_ohr_ncp_20251010T1140338327_d_img_d18_x10240_y54400.png,0.2867,590.43,39.6,596.23,45.78
ch2_ohr_ncp_20251010T1140338327_d_img_d18_x10240_y54400.png,0.2297,598.59,16.3,606.77,29.0
ch2_ohr_ncp_20251010T1140338327_d_img_d18_x10240_y55680.png,0.2403,627.68,458.01,633.31,464.66
ch2_ohr_ncp_20251010T1140338327_d_img_d18_x10240_y55680.png,0.2382,70.69,3.08,76.03,8.02
ch2_ohr_ncp_20251010T1140338327_d_img_d18_x10240_y55680.png,0.2239,18.63,60.31,24.66,75.35
ch2_ohr_ncp_20251010T1140338327_d_img_d18_x10240_y56320.png,0.364,17.39,219.99,21.13,225.05
ch2_ohr_ncp_20251010T1140338327_d_img_d18_x10240_y56320.png,0.3306,76.0,8.67,81.83,14.13
ch2_ohr_ncp_20251010T1140338327_d_img_d18_x10240_y56320.png,0.2899,62.84,19.45,68.41,26.47
ch2_ohr_ncp_20251010T1140338327_d_img_d18_x10240_y56320.png,0.2418,79.73,148.38,84.63,156.06
ch2_ohr_ncp_20251010T1140338327_d_img_d18_x10240_y56960.png,0.2187,632.7,585.84,638.05,592.19
ch2_ohr_ncp_20251010T1140338327_d_img_d18_x10240_y60800.png,0.2713,614.77,596.0,620.02,603.35
ch2_ohr_ncp_20251010T1140338327_d_img_d18_x10240_y60800.png,0.2287,621.76,603.08,628.01,608.79
ch2_ohr_ncp_20251010T1140338327_d_img_d18_x10240_y66560.png,0.2044,10.06,622.19,14.47,628.0
ch2_ohr_ncp_20251010T1140338327_d_img_d18_x10240_y66560.png,0.2024,33.41,591.62,37.93,599.26
ch2_ohr_ncp_20251010T1140338327_d_img_d18_x10240_y69760.png,0.4336,561.57,22.12,580.69,58.2
ch2_ohr_ncp_20251010T1140338327_d_img_d18_x10240_y73600.png,0.2974,127.09,603.99,132.1,611.57
ch2_ohr_ncp_20251010T1140338327_d_img_d18_x10240_y75520.png,0.3492,630.54,447.15,637.68,469.96
ch2_ohr_ncp_20251010T1140338327_d_img_d18_x10240_y75520.png,0.3255,628.0,461.15,633.87,470.16
ch2_ohr_ncp_20251010T1140338327_d_img_d18_x10240_y75520.png,0.2756,631.63,451.03,637.87,460.86
ch2_ohr_ncp_20251010T1140338327_d_img_d18_x10240_y75520.png,0.2509,551.58,317.79,556.02,324.11
ch2_ohr_ncp_20251010T1140338327_d_img_d18_x10240_y75520.png,0.2043,635.08,0.95,638.92,5.37
ch2_ohr_ncp_20251010T1140338327_d_img_d18_x10240_y86400.png,0.3202,631.87,393.79,637.52,405.38
ch2_ohr_ncp_20251010T1140338327_d_img_d18_x10240_y89600.png,0.2043,629.94,42.29,636.03,50.15
ch2_ohr_ncp_20251010T1140338327_d_img_d18_x10240_y90880.png,0.2515,0.0,620.76,4.16,631.94
ch2_ohr_ncp_20251010T1140338327_d_img_d18_x10240_y90880.png,0.2431,39.77,417.22,44.01,421.72
ch2_ohr_ncp_20251010T1140338327_d_img_d18_x10240_y90880.png,0.2182,11.17,208.24,14.54,213.12
ch2_ohr_ncp_20251010T1140338327_d_img_d18_x10240_y90880.png,0.2169,39.9,91.0,55.76,133.34
ch2_ohr_ncp_20251010T1140338327_d_img_d18_x10240_y90880.png,0.2138,15.45,587.81,20.03,594.47
ch2_ohr_ncp_20251010T1140338327_d_img_d18_x10240_y91520.png,0.2518,444.0,595.65,447.79,599.72
ch2_ohr_ncp_20251010T1140338327_d_img_d18_x10240_y91520.png,0.2306,58.22,115.5,64.35,123.46
ch2_ohr_ncp_20251010T1140338327_d_img_d18_x10240_y96640.png,0.4809,34.28,0.83,39.48,10.22
ch2_ohr_ncp_20251010T1140338327_d_img_d18_x10240_y96640.png,0.2344,0.0,2.67,14.36,42.95
ch2_ohr_ncp_20251010T1140338327_d_img_d18_x10240_y97280.png,0.2295,499.57,23.36,503.6,29.36
ch2_ohr_ncp_20251010T1140338327_d_img_d18_x10880_y100480.png,0.6851,128.66,276.93,134.45,287.58
ch2_ohr_ncp_20251010T1140338327_d_img_d18_x10880_y100480.png,0.5372,610.16,161.1,614.82,172.02
ch2_ohr_ncp_20251010T1140338327_d_img_d18_x10880_y100480.png,0.4537,578.27,69.65,585.74,79.49
ch2_ohr_ncp_20251010T1140338327_d_img_d18_x10880_y100480.png,0.3342,115.92,246.58,121.71,255.53
ch2_ohr_ncp_20251010T1140338327_d_img_d18_x10880_y100480.png,0.3249,583.96,123.01,590.14,131.66
ch2_ohr_ncp_20251010T1140338327_d_img_d18_x10880_y100480.png,0.2488,432.88,2.0,437.64,8.0
ch2_ohr_ncp_20251010T1140338327_d_img_d18_x10880_y100480.png,0.2306,536.6,46.15,541.5,52.18
ch2_ohr_ncp_20251010T1140338327_d_img_d18_x10880_y100480.png,0.2173,208.54,289.3,213.72,294.59
ch2_ohr_ncp_20251010T1140338327_d_img_d18_x10880_y48640.png,0.27,243.52,633.27,248.74,638.88
ch2_ohr_ncp_20251010T1140338327_d_img_d18_x10880_y50560.png,0.3054,563.99,623.91,568.54,630.16
ch2_ohr_ncp_20251010T1140338327_d_img_d18_x10880_y50560.png,0.2883,545.74,629.15,549.44,636.0
ch2_ohr_ncp_20251010T1140338327_d_img_d18_x10880_y50560.png,0.2228,545.16,627.99,549.3,634.87
ch2_ohr_ncp_20251010T1140338327_d_img_d18_x10880_y50560.png,0.2195,632.83,424.79,638.26,431.73
ch2_ohr_ncp_20251010T1140338327_d_img_d18_x10880_y50560.png,0.2148,558.99,608.41,564.0,612.83
ch2_ohr_ncp_20251010T1140338327_d_img_d18_x10880_y52480.png,0.5055,599.9,34.53,606.21,46.2
ch2_ohr_ncp_20251010T1140338327_d_img_d18_x10880_y52480.png,0.2667,609.54,48.79,613.71,53.99
ch2_ohr_ncp_20251010T1140338327_d_img_d18_x10880_y52480.png,0.2023,607.02,58.56,612.15,64.12
ch2_ohr_ncp_20251010T1140338327_d_img_d18_x10880_y54400.png,0.3714,631.61,3.9,636.05,9.98
ch2_ohr_ncp_20251010T1140338327_d_img_d18_x10880_y63360.png,0.3108,0.0,387.87,4.47,394.65
ch2_ohr_ncp_20251010T1140338327_d_img_d18_x10880_y63360.png,0.2325,12.0,392.68,17.53,399.88
ch2_ohr_ncp_20251010T1140338327_d_img_d18_x10880_y66560.png,0.2139,261.2,0.0,272.37,18.11
ch2_ohr_ncp_20251010T1140338327_d_img_d18_x10880_y68480.png,0.3537,593.54,5.5,597.85,12.15
ch2_ohr_ncp_20251010T1140338327_d_img_d18_x10880_y68480.png,0.2194,43.73,5.92,48.11,12.01
ch2_ohr_ncp_20251010T1140338327_d_img_d18_x10880_y68480.png,0.2194,29.56,9.4,36.03,17.2
ch2_ohr_ncp_20251010T1140338327_d_img_d18_x10880_y68480.png,0.2073,70.91,3.34,76.06,7.98
ch2_ohr_ncp_20251010T1140338327_d_img_d18_x10880_y68480.png,0.2054,592.73,0.0,596.85,4.34
ch2_ohr_ncp_20251010T1140338327_d_img_d18_x10880_y69760.png,0.2396,629.76,6.73,637.71,14.88
ch2_ohr_ncp_20251010T1140338327_d_img_d18_x10880_y70400.png,0.2607,635.34,623.29,639.5,630.7
ch2_ohr_ncp_20251010T1140338327_d_img_d18_x10880_y70400.png,0.2071,143.22,584.46,148.0,589.48
ch2_ohr_ncp_20251010T1140338327_d_img_d18_x10880_y71040.png,0.2252,520.88,628.9,526.35,638.77
ch2_ohr_ncp_20251010T1140338327_d_img_d18_x10880_y71040.png,0.2139,9.57,576.74,13.91,581.2
ch2_ohr_ncp_20251010T1140338327_d_img_d18_x10880_y85760.png,0.2251,414.51,2.49,420.01,8.04
ch2_ohr_ncp_20251010T1140338327_d_img_d18_x10880_y87040.png,0.2318,613.89,387.99,620.05,397.37
ch2_ohr_ncp_20251010T1140338327_d_img_d18_x10880_y87680.png,0.3432,620.66,439.35,635.22,474.62
ch2_ohr_ncp_20251010T1140338327_d_img_d18_x10880_y90240.png,0.2333,628.13,283.49,636.03,297.22
ch2_ohr_ncp_20251010T1140338327_d_img_d18_x10880_y90240.png,0.2041,431.87,67.97,436.07,75.0
ch2_ohr_ncp_20251010T1140338327_d_img_d18_x11520_y100480.png,0.4807,63.57,171.86,68.04,178.7
ch2_ohr_ncp_20251010T1140338327_d_img_d18_x11520_y48640.png,0.2794,69.57,347.6,76.0,353.11
ch2_ohr_ncp_20251010T1140338327_d_img_d18_x11520_y48640.png,0.2414,349.65,633.06,357.49,639.64
ch2_ohr_ncp_20251010T1140338327_d_img_d18_x11520_y50560.png,0.2283,147.34,561.18,164.95,591.31
ch2_ohr_ncp_20251010T1140338327_d_img_d18_x11520_y52480.png,0.2599,6.03,545.89,22.21,585.82
ch2_ohr_ncp_20251010T1140338327_d_img_d18_x11520_y52480.png,0.21,360.86,619.02,367.99,628.04
ch2_ohr_ncp_20251010T1140338327_d_img_d18_x11520_y53760.png,0.2168,407.3,4.65,412.07,10.83
ch2_ohr_ncp_20251010T1140338327_d_img_d18_x11520_y53760.png,0.2062,407.88,4.0,412.89,11.12
ch2_ohr_ncp_20251010T1140338327_d_img_d18_x11520_y54400.png,0.3821,176.27,563.22,182.12,570.5
ch2_ohr_ncp_20251010T1140338327_d_img_d18_x11520_y54400.png,0.3622,31.21,307.4,36.26,312.97
ch2_ohr_ncp_20251010T1140338327_d_img_d18_x11520_y54400.png,0.2317,430.21,333.67,436.5,341.63
ch2_ohr_ncp_20251010T1140338327_d_img_d18_x11520_y55040.png,0.2617,121.21,315.38,127.21,321.67
ch2_ohr_ncp_20251010T1140338327_d_img_d18_x11520_y55040.png,0.2114,206.94,613.84,212.55,622.06
ch2_ohr_ncp_20251010T1140338327_d_img_d18_x11520_y55040.png,0.2055,147.43,304.63,153.31,310.56
ch2_ohr_ncp_20251010T1140338327_d_img_d18_x11520_y55680.png,0.5358,16.01,483.55,20.83,490.3
ch2_ohr_ncp_20251010T1140338327_d_img_d18_x11520_y55680.png,0.38,22.15,522.81,28.0,528.26
ch2_ohr_ncp_20251010T1140338327_d_img_d18_x11520_y55680.png,0.3071,39.63,491.48,44.95,497.26
ch2_ohr_ncp_20251010T1140338327_d_img_d18_x11520_y55680.png,0.2535,22.49,73.59,28.0,79.21
ch2_ohr_ncp_20251010T1140338327_d_img_d18_x11520_y55680.png,0.2457,11.81,417.8,16.76,422.75
ch2_ohr_ncp_20251010T1140338327_d_img_d18_x11520_y55680.png,0.2295,19.59,152.87,25.74,159.86
ch2_ohr_ncp_20251010T1140338327_d_img_d18_x11520_y56320.png,0.3158,102.12,411.98,108.01,418.23
ch2_ohr_ncp_20251010T1140338327_d_img_d18_x11520_y56320.png,0.248,232.27,628.0,236.85,634.75
ch2_ohr_ncp_20251010T1140338327_d_img_d18_x11520_y56320.png,0.2441,132.0,599.93,137.3,605.84
ch2_ohr_ncp_20251010T1140338327_d_img_d18_x11520_y57600.png,0.315,223.07,607.41,228.23,613.72
ch2_ohr_ncp_20251010T1140338327_d_img_d18_x11520_y58240.png,0.5187,23.62,252.0,28.03,258.35
ch2_ohr_ncp_20251010T1140338327_d_img_d18_x11520_y58240.png,0.504,179.76,34.43,185.19,42.01
ch2_ohr_ncp_20251010T1140338327_d_img_d18_x11520_y58240.png,0.3769,156.19,492.31,164.56,501.21
ch2_ohr_ncp_20251010T1140338327_d_img_d18_x11520_y58240.png,0.3503,38.31,1.69,44.28,10.61
ch2_ohr_ncp_20251010T1140338327_d_img_d18_x11520_y58240.png,0.2899,195.8,415.58,200.92,423.13
ch2_ohr_ncp_20251010T1140338327_d_img_d18_x11520_y58240.png,0.2866,98.31,59.94,102.96,65.74
ch2_ohr_ncp_20251010T1140338327_d_img_d18_x11520_y58240.png,0.2475,59.91,431.37,64.81,436.93
ch2_ohr_ncp_20251010T1140338327_d_img_d18_x11520_y58240.png,0.2266,48.1,276.0,52.05,282.18
ch2_ohr_ncp_20251010T1140338327_d_img_d18_x11520_y58240.png,0.219,23.92,252.85,28.05,260.0
ch2_ohr_ncp_20251010T1140338327_d_img_d18_x11520_y58240.png,0.2064,150.21,282.89,160.13,296.63
ch2_ohr_ncp_20251010T1140338327_d_img_d18_x11520_y58880.png,0.6645,17.92,289.83,23.03,297.46
ch2_ohr_ncp_20251010T1140338327_d_img_d18_x11520_y58880.png,0.6327,206.8,625.65,212.7,633.54
ch2_ohr_ncp_20251010T1140338327_d_img_d18_x11520_y58880.png,0.5785,110.44,541.52,116.02,548.94
ch2_ohr_ncp_20251010T1140338327_d_img_d18_x11520_y58880.png,0.4832,232.18,123.97,236.84,129.77
ch2_ohr_ncp_20251010T1140338327_d_img_d18_x11520_y58880.png,0.4336,123.98,150.35,129.3,157.48
ch2_ohr_ncp_20251010T1140338327_d_img_d18_x11520_y58880.png,0.4311,201.62,112.62,206.2,117.34
ch2_ohr_ncp_20251010T1140338327_d_img_d18_x11520_y58880.png,0.4236,412.0,208.3,417.54,214.0
ch2_ohr_ncp_20251010T1140338327_d_img_d18_x11520_y58880.png,0.4071,91.77,459.88,98.13,469.23
ch2_ohr_ncp_20251010T1140338327_d_img_d18_x11520_y58880.png,0.2852,197.75,85.66,202.73,91.6
ch2_ohr_ncp_20251010T1140338327_d_img_d18_x11520_y58880.png,0.2793,350.71,55.11,356.02,62.72
ch2_ohr_ncp_20251010T1140338327_d_img_d18_x11520_y58880.png,0.2641,116.73,369.52,122.13,376.83
ch2_ohr_ncp_20251010T1140338327_d_img_d18_x11520_y58880.png,0.2614,196.0,85.76,202.18,92.01
ch2_ohr_ncp_20251010T1140338327_d_img_d18_x11520_y58880.png,0.2596,54.09,257.6,60.0,263.86
ch2_ohr_ncp_20251010T1140338327_d_img_d18_x11520_y58880.png,0.2571,454.81,300.23,460.25,308.7
ch2_ohr_ncp_20251010T1140338327_d_img_d18_x11520_y58880.png,0.2513,218.54,86.65,223.9,93.08
ch2_ohr_ncp_20251010T1140338327_d_img_d18_x11520_y58880.png,0.2348,225.97,157.75,231.19,164.6
ch2_ohr_ncp_20251010T1140338327_d_img_d18_x11520_y58880.png,0.2256,29.45,0.11,41.43,8.84
ch2_ohr_ncp_20251010T1140338327_d_img_d18_x11520_y58880.png,0.2241,294.93,283.66,300.02,288.94
ch2_ohr_ncp_20251010T1140338327_d_img_d18_x11520_y58880.png,0.2184,419.99,449.99,425.42,458.34
ch2_ohr_ncp_20251010T1140338327_d_img_d18_x11520_y58880.png,0.2114,67.2,356.99,72.33,361.91
ch2_ohr_ncp_20251010T1140338327_d_img_d18_x11520_y58880.png,0.2108,323.78,89.67,339.27,114.23
ch2_ohr_ncp_20251010T1140338327_d_img_d18_x11520_y58880.png,0.2103,323.95,94.13,333.33,114.56
ch2_ohr_ncp_20251010T1140338327_d_img_d18_x11520_y58880.png,0.2075,64.31,155.99,68.29,161.45
ch2_ohr_ncp_20251010T1140338327_d_img_d18_x11520_y58880.png,0.2049,152.55,250.53,157.72,258.35
ch2_ohr_ncp_20251010T1140338327_d_img_d18_x11520_y59520.png,0.5973,31.48,94.79,36.81,103.36
ch2_ohr_ncp_20251010T1140338327_d_img_d18_x11520_y59520.png,0.5397,55.41,367.42,60.02,374.76
ch2_ohr_ncp_20251010T1140338327_d_img_d18_x11520_y59520.png,0.4929,64.98,315.67,69.16,321.02
ch2_ohr_ncp_20251010T1140338327_d_img_d18_x11520_y59520.png,0.4835,0.0,139.76,4.01,146.8
ch2_ohr_ncp_20251010T1140338327_d_img_d18_x11520_y59520.png,0.4556,153.27,166.03,159.25,175.57
ch2_ohr_ncp_20251010T1140338327_d_img_d18_x11520_y59520.png,0.3638,61.34,370.67,68.0,378.15
ch2_ohr_ncp_20251010T1140338327_d_img_d18_x11520_y59520.png,0.3578,104.33,529.91,109.15,536.71
ch2_ohr_ncp_20251010T1140338327_d_img_d18_x11520_y59520.png,0.3386,39.57,89.9,44.93,97.27
ch2_ohr_ncp_20251010T1140338327_d_img_d18_x11520_y59520.png,0.3337,31.5,536.46,36.34,541.89
ch2_ohr_ncp_20251010T1140338327_d_img_d18_x11520_y59520.png,0.329,48.43,69.84,53.02,76.05
ch2_ohr_ncp_20251010T1140338327_d_img_d18_x11520_y59520.png,0.3029,201.5,343.93,208.8,352.35
ch2_ohr_ncp_20251010T1140338327_d_img_d18_x11520_y59520.png,0.2956,102.47,344.19,108.0,349.95
ch2_ohr_ncp_20251010T1140338327_d_img_d18_x11520_y59520.png,0.2908,174.12,6.09,180.0,12.05
ch2_ohr_ncp_20251010T1140338327_d_img_d18_x11520_y59520.png,0.2904,79.75,275.47,84.01,282.14
ch2_ohr_ncp_20251010T1140338327_d_img_d18_x11520_y59520.png,0.2833,61.6,372.44,68.0,380.01
ch2_ohr_ncp_20251010T1140338327_d_img_d18_x11520_y59520.png,0.2712,3.99,400.85,9.07,406.84
ch2_ohr_ncp_20251010T1140338327_d_img_d18_x11520_y59520.png,0.2406,276.61,148.28,282.09,154.76
ch2_ohr_ncp_20251010T1140338327_d_img_d18_x11520_y59520.png,0.2399,104.93,18.82,109.87,24.57
ch2_ohr_ncp_20251010T1140338327_d_img_d18_x11520_y59520.png,0.2395,79.8,276.15,84.04,284.01
ch2_ohr_ncp_20251010T1140338327_d_img_d18_x11520_y59520.png,0.2393,60.0,372.07,66.64,380.0
ch2_ohr_ncp_20251010T1140338327_d_img_d18_x11520_y60160.png,0.4157,11.92,294.03,18.67,302.15
ch2_ohr_ncp_20251010T1140338327_d_img_d18_x11520_y60160.png,0.2411,51.87,341.39,57.92,349.45
ch2_ohr_ncp_20251010T1140338327_d_img_d18_x11520_y60160.png,0.2233,139.95,328.06,145.53,333.14
ch2_ohr_ncp_20251010T1140338327_d_img_d18_x11520_y60160.png,0.2225,3.92,345.15,9.4,351.11
ch2_ohr_ncp_20251010T1140338327_d_img_d18_x11520_y60160.png,0.204,171.72,317.64,179.1,327.85
ch2_ohr_ncp_20251010T1140338327_d_img_d18_x11520_y60160.png,0.203,20.0,330.17,28.55,340.79
ch2_ohr_ncp_20251010T1140338327_d_img_d18_x11520_y60800.png,0.6303,189.01,583.25,196.42,591.54
ch2_ohr_ncp_20251010T1140338327_d_img_d18_x11520_y60800.png,0.5006,79.7,331.66,84.1,336.83
ch2_ohr_ncp_20251010T1140338327_d_img_d18_x11520_y60800.png,0.3926,99.67,99.07,106.13,109.11
ch2_ohr_ncp_20251010T1140338327_d_img_d18_x11520_y60800.png,0.3451,191.26,279.39,197.19,288.1
ch2_ohr_ncp_20251010T1140338327_d_img_d18_x11520_y60800.png,0.3224,179.7,408.29,185.43,416.39
ch2_ohr_ncp_20251010T1140338327_d_img_d18_x11520_y60800.png,0.2906,133.23,339.99,140.02,347.56
ch2_ohr_ncp_20251010T1140338327_d_img_d18_x11520_y60800.png,0.2858,178.63,544.44,184.08,551.12
ch2_ohr_ncp_20251010T1140338327_d_img_d18_x11520_y60800.png,0.2463,102.76,510.38,109.18,519.26
ch2_ohr_ncp_20251010T1140338327_d_img_d18_x11520_y60800.png,0.2165,212.08,181.92,217.06,186.86
ch2_ohr_ncp_20251010T1140338327_d_img_d18_x11520_y60800.png,0.2103,33.65,334.42,39.78,341.76
ch2_ohr_ncp_20251010T1140338327_d_img_d18_x11520_y61440.png,0.2973,134.07,349.69,140.04,357.44
ch2_ohr_ncp_20251010T1140338327_d_img_d18_x11520_y61440.png,0.218,38.59,544.86,49.85,561.03
ch2_ohr_ncp_20251010T1140338327_d_img_d18_x11520_y61440.png,0.2049,183.94,562.15,189.24,568.86
ch2_ohr_ncp_20251010T1140338327_d_img_d18_x11520_y61440.png,0.2038,0.38,382.51,5.09,388.21
ch2_ohr_ncp_20251010T1140338327_d_img_d18_x11520_y62080.png,0.4315,34.82,283.97,39.51,290.64
ch2_ohr_ncp_20251010T1140338327_d_img_d18_x11520_y62080.png,0.3818,219.99,328.49,225.71,333.56
ch2_ohr_ncp_20251010T1140338327_d_img_d18_x11520_y62080.png,0.3202,33.75,609.05,38.43,615.1
ch2_ohr_ncp_20251010T1140338327_d_img_d18_x11520_y62080.png,0.2936,172.0,320.42,177.95,326.66
ch2_ohr_ncp_20251010T1140338327_d_img_d18_x11520_y62080.png,0.2491,3.71,622.11,9.5,632.23
ch2_ohr_ncp_20251010T1140338327_d_img_d18_x11520_y62080.png,0.2269,15.98,541.85,22.96,551.23
ch2_ohr_ncp_20251010T1140338327_d_img_d18_x11520_y62080.png,0.2119,0.13,413.34,4.01,420.0
ch2_ohr_ncp_20251010T1140338327_d_img_d18_x11520_y63360.png,0.223,246.73,346.85,252.01,353.15
ch2_ohr_ncp_20251010T1140338327_d_img_d18_x11520_y64640.png,0.3444,75.65,264.75,79.74,269.42
ch2_ohr_ncp_20251010T1140338327_d_img_d18_x11520_y64640.png,0.2063,63.45,261.38,68.03,268.0
ch2_ohr_ncp_20251010T1140338327_d_img_d18_x11520_y65280.png,0.2665,431.0,426.52,436.08,432.05
ch2_ohr_ncp_20251010T1140338327_d_img_d18_x11520_y65920.png,0.3339,0.0,304.88,16.6,346.53
ch2_ohr_ncp_20251010T1140338327_d_img_d18_x11520_y65920.png,0.238,11.89,379.76,17.4,385.5
ch2_ohr_ncp_20251010T1140338327_d_img_d18_x11520_y65920.png,0.2158,291.0,177.81,295.08,182.91
ch2_ohr_ncp_20251010T1140338327_d_img_d18_x11520_y66560.png,0.2587,25.91,598.63,30.43,604.94
ch2_ohr_ncp_20251010T1140338327_d_img_d18_x11520_y66560.png,0.203,21.92,103.96,26.72,111.6
ch2_ohr_ncp_20251010T1140338327_d_img_d18_x11520_y67840.png,0.2956,7.15,603.96,12.14,612.37
ch2_ohr_ncp_20251010T1140338327_d_img_d18_x11520_y67840.png,0.2109,7.43,606.46,12.08,613.81
ch2_ohr_ncp_20251010T1140338327_d_img_d18_x11520_y67840.png,0.2055,11.99,615.55,16.68,621.56
ch2_ohr_ncp_20251010T1140338327_d_img_d18_x11520_y68480.png,0.2744,71.65,421.5,76.14,428.07
ch2_ohr_ncp_20251010T1140338327_d_img_d18_x11520_y68480.png,0.2189,2.29,315.49,13.37,326.55
ch2_ohr_ncp_20251010T1140338327_d_img_d18_x11520_y68480.png,0.2092,72.8,297.77,77.97,304.64
ch2_ohr_ncp_20251010T1140338327_d_img_d18_x11520_y85120.png,0.2314,202.51,17.57,209.3,26.81
ch2_ohr_ncp_20251010T1140338327_d_img_d18_x11520_y85120.png,0.2197,210.04,2.39,215.36,9.55
ch2_ohr_ncp_20251010T1140338327_d_img_d18_x11520_y85760.png,0.2485,48.53,603.46,53.25,609.46
ch2_ohr_ncp_20251010T1140338327_d_img_d18_x11520_y85760.png,0.2427,7.36,582.89,12.06,588.19
ch2_ohr_ncp_20251010T1140338327_d_img_d18_x11520_y85760.png,0.2351,17.34,587.43,25.6,597.65
ch2_ohr_ncp_20251010T1140338327_d_img_d18_x11520_y85760.png,0.2242,34.57,567.2,39.12,572.83
ch2_ohr_ncp_20251010T1140338327_d_img_d18_x11520_y86400.png,0.2604,0.0,534.6,4.01,543.9
ch2_ohr_ncp_20251010T1140338327_d_img_d18_x11520_y86400.png,0.2065,16.32,537.85,22.12,544.36
ch2_ohr_ncp_20251010T1140338327_d_img_d18_x11520_y88960.png,0.4635,18.55,10.12,24.0,17.29
ch2_ohr_ncp_20251010T1140338327_d_img_d18_x11520_y88960.png,0.2339,81.42,146.59,87.01,153.54
ch2_ohr_ncp_20251010T1140338327_d_img_d18_x11520_y88960.png,0.2121,88.74,135.75,93.78,143.64
ch2_ohr_ncp_20251010T1140338327_d_img_d18_x11520_y89600.png,0.2324,16.08,626.63,21.32,634.64
ch2_ohr_ncp_20251010T1140338327_d_img_d18_x11520_y89600.png,0.2214,313.43,627.79,318.39,632.7
ch2_ohr_ncp_20251010T1140338327_d_img_d18_x11520_y90240.png,0.3858,42.05,401.71,47.75,411.04
ch2_ohr_ncp_20251010T1140338327_d_img_d18_x11520_y90240.png,0.3246,25.25,430.79,29.28,436.35
ch2_ohr_ncp_20251010T1140338327_d_img_d18_x11520_y90240.png,0.3025,186.7,625.66,191.35,633.49
ch2_ohr_ncp_20251010T1140338327_d_img_d18_x11520_y90240.png,0.2896,436.0,115.43,442.09,124.97
ch2_ohr_ncp_20251010T1140338327_d_img_d18_x11520_y90240.png,0.2813,15.12,593.91,20.01,599.07
ch2_ohr_ncp_20251010T1140338327_d_img_d18_x11520_y90240.png,0.2695,38.52,588.1,44.81,605.31
ch2_ohr_ncp_20251010T1140338327_d_img_d18_x11520_y90240.png,0.2623,104.63,611.94,108.74,616.86
ch2_ohr_ncp_20251010T1140338327_d_img_d18_x11520_y90880.png,0.3585,267.99,592.68,272.95,599.09
ch2_ohr_ncp_20251010T1140338327_d_img_d18_x11520_y91520.png,0.2761,67.99,462.12,72.21,469.99
ch2_ohr_ncp_20251010T1140338327_d_img_d18_x11520_y91520.png,0.2289,0.03,605.79,4.0,612.02
ch2_ohr_ncp_20251010T1140338327_d_img_d18_x11520_y92160.png,0.554,251.0,599.05,256.94,606.51
ch2_ohr_ncp_20251010T1140338327_d_img_d18_x11520_y92160.png,0.4249,427.86,602.94,432.79,607.88
ch2_ohr_ncp_20251010T1140338327_d_img_d18_x11520_y92160.png,0.3881,374.14,15.89,392.64,49.34
ch2_ohr_ncp_20251010T1140338327_d_img_d18_x11520_y92160.png,0.3698,339.89,604.84,348.1,618.81
ch2_ohr_ncp_20251010T1140338327_d_img_d18_x11520_y92160.png,0.3696,357.44,16.39,362.46,24.03
ch2_ohr_ncp_20251010T1140338327_d_img_d18_x11520_y92160.png,0.3235,287.29,567.57,292.05,573.86
ch2_ohr_ncp_20251010T1140338327_d_img_d18_x11520_y92160.png,0.2982,185.98,619.54,190.35,624.65
ch2_ohr_ncp_20251010T1140338327_d_img_d18_x11520_y92160.png,0.2855,1.42,10.72,8.48,20.85
ch2_ohr_ncp_20251010T1140338327_d_img_d18_x11520_y92160.png,0.2842,356.0,16.69,361.97,23.07
ch2_ohr_ncp_20251010T1140338327_d_img_d18_x11520_y92160.png,0.2785,0.02,29.85,5.08,39.09
ch2_ohr_ncp_20251010T1140338327_d_img_d18_x11520_y92160.png,0.2367,341.14,610.66,348.42,620.24
ch2_ohr_ncp_20251010T1140338327_d_img_d18_x11520_y92160.png,0.2254,331.6,599.47,337.04,605.55
ch2_ohr_ncp_20251010T1140338327_d_img_d18_x11520_y92160.png,0.2152,412.62,525.29,423.94,546.78
ch2_ohr_ncp_20251010T1140338327_d_img_d18_x11520_y92160.png,0.2018,261.41,529.57,268.11,541.4
ch2_ohr_ncp_20251010T1140338327_d_img_d18_x11520_y92800.png,0.3927,166.51,9.35,172.0,15.09
ch2_ohr_ncp_20251010T1140338327_d_img_d18_x11520_y92800.png,0.3395,373.92,3.76,378.96,12.71
ch2_ohr_ncp_20251010T1140338327_d_img_d18_x11520_y92800.png,0.3244,303.18,24.08,315.91,45.56
ch2_ohr_ncp_20251010T1140338327_d_img_d18_x11520_y92800.png,0.3191,321.33,3.19,327.98,10.78
ch2_ohr_ncp_20251010T1140338327_d_img_d18_x11520_y92800.png,0.3042,244.0,58.26,249.88,66.01
ch2_ohr_ncp_20251010T1140338327_d_img_d18_x11520_y92800.png,0.2454,0.0,600.85,4.0,606.73
ch2_ohr_ncp_20251010T1140338327_d_img_d18_x11520_y92800.png,0.2321,166.22,8.0,170.91,15.2
ch2_ohr_ncp_20251010T1140338327_d_img_d18_x11520_y93440.png,0.2487,0.22,322.01,7.55,335.41
ch2_ohr_ncp_20251010T1140338327_d_img_d18_x11520_y93440.png,0.2432,0.11,347.58,5.01,357.68
ch2_ohr_ncp_20251010T1140338327_d_img_d18_x11520_y93440.png,0.2342,49.92,603.99,55.1,611.57
ch2_ohr_ncp_20251010T1140338327_d_img_d18_x11520_y94080.png,0.3049,23.94,365.93,28.46,375.7
ch2_ohr_ncp_20251010T1140338327_d_img_d18_x11520_y94720.png,0.407,61.25,381.87,76.06,414.85
ch2_ohr_ncp_20251010T1140338327_d_img_d18_x11520_y94720.png,0.257,308.22,582.49,313.48,589.72
ch2_ohr_ncp_20251010T1140338327_d_img_d18_x11520_y94720.png,0.2411,30.9,442.1,36.03,447.51
ch2_ohr_ncp_20251010T1140338327_d_img_d18_x11520_y94720.png,0.2212,369.3,2.41,376.04,10.27
ch2_ohr_ncp_20251010T1140338327_d_img_d18_x11520_y94720.png,0.221,56.42,266.46,61.24,275.04
ch2_ohr_ncp_20251010T1140338327_d_img_d18_x11520_y94720.png,0.2072,355.51,593.64,360.33,600.55
ch2_ohr_ncp_20251010T1140338327_d_img_d18_x11520_y95360.png,0.3575,435.51,147.63,441.84,157.95
ch2_ohr_ncp_20251010T1140338327_d_img_d18_x11520_y95360.png,0.3408,72.04,35.18,76.06,40.09
ch2_ohr_ncp_20251010T1140338327_d_img_d18_x11520_y95360.png,0.287,154.2,19.57,162.47,32.3
ch2_ohr_ncp_20251010T1140338327_d_img_d18_x11520_y95360.png,0.2405,207.06,107.98,212.53,115.85
ch2_ohr_ncp_20251010T1140338327_d_img_d18_x11520_y95360.png,0.2104,99.62,510.16,104.03,516.02
ch2_ohr_ncp_20251010T1140338327_d_img_d18_x11520_y96000.png,0.6623,14.99,613.78,20.01,620.04
ch2_ohr_ncp_20251010T1140338327_d_img_d18_x11520_y96000.png,0.4462,390.48,15.94,396.82,24.61
ch2_ohr_ncp_20251010T1140338327_d_img_d18_x11520_y96000.png,0.3942,43.86,432.88,49.75,440.01
ch2_ohr_ncp_20251010T1140338327_d_img_d18_x11520_y96000.png,0.3326,245.91,33.46,252.23,42.32
ch2_ohr_ncp_20251010T1140338327_d_img_d18_x11520_y96000.png,0.2922,206.34,428.07,212.08,437.4
ch2_ohr_ncp_20251010T1140338327_d_img_d18_x11520_y96000.png,0.2698,10.56,263.22,20.45,283.96
ch2_ohr_ncp_20251010T1140338327_d_img_d18_x11520_y96640.png,0.3155,142.06,325.28,148.03,332.18
ch2_ohr_ncp_20251010T1140338327_d_img_d18_x11520_y96640.png,0.3028,247.72,579.99,252.44,586.46
ch2_ohr_ncp_20251010T1140338327_d_img_d18_x11520_y96640.png,0.2578,154.67,1.13,159.56,6.73
ch2_ohr_ncp_20251010T1140338327_d_img_d18_x11520_y96640.png,0.2381,242.32,595.63,248.16,602.48
ch2_ohr_ncp_20251010T1140338327_d_img_d18_x11520_y96640.png,0.2162,85.12,291.09,89.78,296.66
ch2_ohr_ncp_20251010T1140338327_d_img_d18_x11520_y97280.png,0.3765,203.99,282.17,209.88,289.97
ch2_ohr_ncp_20251010T1140338327_d_img_d18_x11520_y97280.png,0.3564,29.12,328.59,36.0,336.02
ch2_ohr_ncp_20251010T1140338327_d_img_d18_x11520_y97280.png,0.3473,83.12,13.38,88.87,21.81
ch2_ohr_ncp_20251010T1140338327_d_img_d18_x11520_y97280.png,0.3238,23.11,358.75,28.01,364.74
ch2_ohr_ncp_20251010T1140338327_d_img_d18_x11520_y97280.png,0.3135,48.55,602.59,52.84,608.1
ch2_ohr_ncp_20251010T1140338327_d_img_d18_x11520_y97280.png,0.3087,47.02,436.0,52.01,442.58
ch2_ohr_ncp_20251010T1140338327_d_img_d18_x11520_y97280.png,0.2705,75.99,222.67,81.53,231.84
ch2_ohr_ncp_20251010T1140338327_d_img_d18_x11520_y97280.png,0.2651,92.0,103.99,98.6,111.68
ch2_ohr_ncp_20251010T1140338327_d_img_d18_x11520_y97280.png,0.2609,42.83,107.6,50.37,119.17
ch2_ohr_ncp_20251010T1140338327_d_img_d18_x11520_y97280.png,0.2439,93.0,103.44,100.0,111.62
ch2_ohr_ncp_20251010T1140338327_d_img_d18_x11520_y97280.png,0.2432,81.79,13.81,88.55,24.01
ch2_ohr_ncp_20251010T1140338327_d_img_d18_x11520_y97280.png,0.2429,143.25,301.3,148.3,308.02
ch2_ohr_ncp_20251010T1140338327_d_img_d18_x11520_y97280.png,0.2394,22.9,33.96,28.0,39.18
ch2_ohr_ncp_20251010T1140338327_d_img_d18_x11520_y97280.png,0.2208,75.44,255.53,79.51,260.57
ch2_ohr_ncp_20251010T1140338327_d_img_d18_x11520_y97920.png,0.3653,49.97,19.82,58.32,33.15
ch2_ohr_ncp_20251010T1140338327_d_img_d18_x11520_y97920.png,0.2798,71.83,622.76,76.33,628.71
ch2_ohr_ncp_20251010T1140338327_d_img_d18_x11520_y97920.png,0.2478,14.3,400.2,26.11,424.45
ch2_ohr_ncp_20251010T1140338327_d_img_d18_x11520_y98560.png,0.5508,34.55,395.53,39.24,401.64
ch2_ohr_ncp_20251010T1140338327_d_img_d18_x11520_y98560.png,0.5003,51.37,284.6,55.52,292.98
ch2_ohr_ncp_20251010T1140338327_d_img_d18_x11520_y98560.png,0.4782,199.73,461.74,204.04,468.03
ch2_ohr_ncp_20251010T1140338327_d_img_d18_x11520_y98560.png,0.4752,81.7,403.7,87.27,412.72
ch2_ohr_ncp_20251010T1140338327_d_img_d18_x11520_y98560.png,0.4179,30.87,250.2,37.0,258.0
ch2_ohr_ncp_20251010T1140338327_d_img_d18_x11520_y98560.png,0.3711,134.06,275.99,140.01,282.98
ch2_ohr_ncp_20251010T1140338327_d_img_d18_x11520_y98560.png,0.363,251.15,534.66,256.13,542.77
ch2_ohr_ncp_20251010T1140338327_d_img_d18_x11520_y98560.png,0.3366,75.94,389.32,81.77,396.21
ch2_ohr_ncp_20251010T1140338327_d_img_d18_x11520_y98560.png,0.3101,222.28,563.99,228.0,570.72
ch2_ohr_ncp_20251010T1140338327_d_img_d18_x11520_y98560.png,0.3089,374.39,337.36,380.07,344.45
ch2_ohr_ncp_20251010T1140338327_d_img_d18_x11520_y98560.png,0.2945,134.3,277.15,140.03,284.0
ch2_ohr_ncp_20251010T1140338327_d_img_d18_x11520_y98560.png,0.2869,53.24,514.76,58.93,523.2
ch2_ohr_ncp_20251010T1140338327_d_img_d18_x11520_y98560.png,0.2837,183.81,488.46,188.03,492.87
ch2_ohr_ncp_20251010T1140338327_d_img_d18_x11520_y98560.png,0.2742,12.0,202.79,18.66,210.93
ch2_ohr_ncp_20251010T1140338327_d_img_d18_x11520_y98560.png,0.263,108.0,552.13,114.25,559.0
ch2_ohr_ncp_20251010T1140338327_d_img_d18_x11520_y98560.png,0.2183,132.0,275.96,139.03,282.95
ch2_ohr_ncp_20251010T1140338327_d_img_d18_x11520_y98560.png,0.2083,52.0,514.89,58.61,524.18
ch2_ohr_ncp_20251010T1140338327_d_img_d18_x11520_y99200.png,0.4396,177.85,401.01,182.28,409.09
ch2_ohr_ncp_20251010T1140338327_d_img_d18_x11520_y99200.png,0.4097,199.0,347.48,204.01,353.55
ch2_ohr_ncp_20251010T1140338327_d_img_d18_x11520_y99200.png,0.4082,34.92,91.82,41.72,103.25
ch2_ohr_ncp_20251010T1140338327_d_img_d18_x11520_y99200.png,0.2934,199.37,347.17,204.03,356.1
ch2_ohr_ncp_20251010T1140338327_d_img_d18_x11520_y99200.png,0.2861,20.87,595.13,28.01,605.39
ch2_ohr_ncp_20251010T1140338327_d_img_d18_x11520_y99200.png,0.2733,174.98,475.94,180.05,481.84
ch2_ohr_ncp_20251010T1140338327_d_img_d18_x11520_y99200.png,0.2347,148.23,336.47,159.37,354.23
ch2_ohr_ncp_20251010T1140338327_d_img_d18_x11520_y99200.png,0.233,209.77,329.85,218.46,342.87
ch2_ohr_ncp_20251010T1140338327_d_img_d18_x11520_y99200.png,0.2181,100.0,464.01,105.41,469.32
ch2_ohr_ncp_20251010T1140338327_d_img_d18_x11520_y99200.png,0.2015,256.01,393.02,260.74,399.07
ch2_ohr_ncp_20251010T1140338327_d_img_d18_x11520_y99840.png,0.6426,22.59,169.22,28.04,175.63
ch2_ohr_ncp_20251010T1140338327_d_img_d18_x11520_y99840.png,0.4528,338.89,269.47,345.77,281.14
ch2_ohr_ncp_20251010T1140338327_d_img_d18_x11520_y99840.png,0.3301,276.0,511.36,281.85,519.38
ch2_ohr_ncp_20251010T1140338327_d_img_d18_x11520_y99840.png,0.3118,256.86,283.25,261.19,288.73
ch2_ohr_ncp_20251010T1140338327_d_img_d18_x11520_y99840.png,0.289,199.81,34.78,205.18,42.05
ch2_ohr_ncp_20251010T1140338327_d_img_d18_x11520_y99840.png,0.224,395.5,0.55,401.16,8.09
ch2_ohr_ncp_20251105T0849435342_d_img_d18_x00000_y66560.png,0.2566,11.01,539.97,15.77,545.59
ch2_ohr_ncp_20251105T0849435342_d_img_d18_x00000_y66560.png,0.2242,615.14,625.51,620.48,635.64
ch2_ohr_ncp_20251105T0849435342_d_img_d18_x00000_y67200.png,0.2768,33.56,11.98,38.45,17.98
ch2_ohr_ncp_20251105T0849435342_d_img_d18_x00000_y67200.png,0.2367,8.67,0.22,15.03,4.94
ch2_ohr_ncp_20251105T0849435342_d_img_d18_x00000_y67200.png,0.2174,24.53,7.16,28.83,12.02
ch2_ohr_ncp_20251105T0849435342_d_img_d18_x00000_y67200.png,0.2142,475.71,216.33,481.2,222.7
ch2_ohr_ncp_20251105T0849435342_d_img_d18_x00000_y67200.png,0.2083,564.0,327.74,570.09,333.17
ch2_ohr_ncp_20251105T0849435342_d_img_d18_x00000_y67200.png,0.2037,531.41,241.85,534.96,246.88
ch2_ohr_ncp_20251105T0849435342_d_img_d18_x00000_y67840.png,0.2471,596.0,118.95,601.27,124.01
ch2_ohr_ncp_20251105T0849435342_d_img_d18_x00000_y67840.png,0.2343,449.01,0.0,453.91,4.01
ch2_ohr_ncp_20251105T0849435342_d_img_d18_x00000_y67840.png,0.221,525.69,195.98,532.59,201.94
ch2_ohr_ncp_20251105T0849435342_d_img_d18_x00000_y67840.png,0.2072,612.0,129.05,618.09,133.92
ch2_ohr_ncp_20251105T0849435342_d_img_d18_x00640_y65920.png,0.2377,252.0,619.42,257.82,625.46
ch2_ohr_ncp_20251105T0849435342_d_img_d18_x00640_y66560.png,0.3232,448.2,28.0,453.39,36.17
ch2_ohr_ncp_20251105T0849435342_d_img_d18_x00640_y66560.png,0.2874,435.65,25.88,441.92,31.8
ch2_ohr_ncp_20251105T0849435342_d_img_d18_x00640_y66560.png,0.269,471.74,34.26,478.51,45.46
ch2_ohr_ncp_20251105T0849435342_d_img_d18_x00640_y66560.png,0.2386,439.85,5.97,444.04,12.0
ch2_ohr_ncp_20251105T0849435342_d_img_d18_x00640_y66560.png,0.2092,423.22,2.77,429.51,9.73
ch2_ohr_ncp_20251105T0849435342_d_img_d18_x00640_y67200.png,0.3498,414.5,518.2,420.38,524.15
ch2_ohr_ncp_20251105T0849435342_d_img_d18_x00640_y67200.png,0.3193,59.72,621.89,67.02,629.45
ch2_ohr_ncp_20251105T0849435342_d_img_d18_x00640_y67200.png,0.2114,29.95,533.82,36.13,540.22
ch2_ohr_ncp_20251105T0849435342_d_img_d18_x00640_y88320.png,0.2058,417.73,635.08,424.7,639.68
ch2_ohr_ncp_20251105T0849435342_d_img_d18_x01280_y67200.png,0.4521,30.59,546.23,36.94,556.16
ch2_ohr_ncp_20251105T0849435342_d_img_d18_x01280_y67200.png,0.4217,15.34,629.12,20.11,636.0
ch2_ohr_ncp_20251105T0849435342_d_img_d18_x01280_y67200.png,0.3408,15.16,628.0,20.57,634.87
ch2_ohr_ncp_20251105T0849435342_d_img_d18_x01280_y67200.png,0.3041,6.51,572.06,12.18,580.99
ch2_ohr_ncp_20251105T0849435342_d_img_d18_x01280_y67200.png,0.2307,0.04,563.81,6.38,572.8
ch2_ohr_ncp_20251105T0849435342_d_img_d18_x01280_y87040.png,0.4402,362.04,604.61,415.55,639.71
ch2_ohr_ncp_20251105T0849435342_d_img_d18_x01280_y87040.png,0.2916,411.06,566.3,416.36,572.0
ch2_ohr_ncp_20251105T0849435342_d_img_d18_x01280_y87040.png,0.2428,613.64,30.02,620.11,36.17
ch2_ohr_ncp_20251105T0849435342_d_img_d18_x01280_y87040.png,0.2313,635.86,514.66,639.73,520.71
ch2_ohr_ncp_20251105T0849435342_d_img_d18_x01280_y88320.png,0.2736,569.7,177.17,576.51,182.98
ch2_ohr_ncp_20251105T0849435342_d_img_d18_x01280_y88320.png,0.2295,542.04,107.76,581.96,139.61
ch2_ohr_ncp_20251105T0849435342_d_img_d18_x01280_y88960.png,0.2685,112.04,69.05,174.47,99.48
ch2_ohr_ncp_20251105T0849435342_d_img_d18_x01920_y87040.png,0.4337,35.85,90.38,41.1,96.35
ch2_ohr_ncp_20251105T0849435342_d_img_d18_x01920_y87040.png,0.4081,60.0,88.02,66.6,94.87
ch2_ohr_ncp_20251105T0849435342_d_img_d18_x01920_y87040.png,0.3667,0.0,299.83,4.29,305.58
ch2_ohr_ncp_20251105T0849435342_d_img_d18_x01920_y87040.png,0.3217,61.26,87.77,68.0,94.51
ch2_ohr_ncp_20251105T0849435342_d_img_d18_x01920_y87040.png,0.3156,5.64,242.34,12.0,248.25
ch2_ohr_ncp_20251105T0849435342_d_img_d18_x01920_y87040.png,0.2896,126.86,139.96,134.09,148.39
ch2_ohr_ncp_20251105T0849435342_d_img_d18_x01920_y87040.png,0.2666,0.07,208.99,4.92,221.65
ch2_ohr_ncp_20251105T0849435342_d_img_d18_x01920_y87040.png,0.2661,175.87,206.76,180.53,212.04
ch2_ohr_ncp_20251105T0849435342_d_img_d18_x01920_y87040.png,0.2454,186.41,126.1,203.59,152.83
ch2_ohr_ncp_20251105T0849435342_d_img_d18_x01920_y87040.png,0.2424,24.1,17.33,29.56,23.73
ch2_ohr_ncp_20251105T0849435342_d_img_d18_x01920_y87040.png,0.2396,0.07,206.31,6.36,221.13
ch2_ohr_ncp_20251105T0849435342_d_img_d18_x01920_y87040.png,0.2395,55.6,11.53,60.66,16.14
ch2_ohr_ncp_20251105T0849435342_d_img_d18_x01920_y87040.png,0.2042,20.92,6.02,26.08,11.22
ch2_ohr_ncp_20251105T0849435342_d_img_d18_x01920_y87040.png,0.2031,45.09,182.39,52.29,189.66
ch2_ohr_ncp_20251105T0849435342_d_img_d18_x01920_y87040.png,0.2019,144.43,172.0,148.65,176.98
ch2_ohr_ncp_20251105T0849435342_d_img_d18_x01920_y87680.png,0.2418,470.02,245.45,477.96,253.96
ch2_ohr_ncp_20251105T0849435342_d_img_d18_x01920_y88960.png,0.2114,0.51,0.0,12.77,5.39
ch2_ohr_ncp_20251105T0849435342_d_img_d18_x02560_y74240.png,0.3024,627.63,627.99,633.25,634.23
ch2_ohr_ncp_20251105T0849435342_d_img_d18_x02560_y83840.png,0.3286,623.0,1.56,628.04,6.74
ch2_ohr_ncp_20251105T0849435342_d_img_d18_x02560_y83840.png,0.2183,633.48,229.3,638.96,236.74
ch2_ohr_ncp_20251105T0849435342_d_img_d18_x02560_y83840.png,0.2073,176.55,634.8,181.07,639.29
ch2_ohr_ncp_20251105T0849435342_d_img_d18_x02560_y85120.png,0.503,503.34,221.62,510.1,230.68
ch2_ohr_ncp_20251105T0849435342_d_img_d18_x02560_y85120.png,0.3254,382.27,366.57,388.04,372.73
ch2_ohr_ncp_20251105T0849435342_d_img_d18_x02560_y85120.png,0.2769,619.89,538.96,626.7,549.67
ch2_ohr_ncp_20251105T0849435342_d_img_d18_x02560_y85120.png,0.2599,566.63,268.4,600.18,315.23
ch2_ohr_ncp_20251105T0849435342_d_img_d18_x02560_y85120.png,0.2479,532.93,346.9,540.03,355.0
ch2_ohr_ncp_20251105T0849435342_d_img_d18_x02560_y85120.png,0.2119,587.33,540.0,591.33,545.85
ch2_ohr_ncp_20251105T0849435342_d_img_d18_x02560_y85120.png,0.2057,621.87,312.68,628.0,318.28
ch2_ohr_ncp_20251105T0849435342_d_img_d18_x02560_y86400.png,0.2988,99.47,623.69,103.77,628.33
ch2_ohr_ncp_20251105T0849435342_d_img_d18_x02560_y87680.png,0.2749,599.89,36.0,604.75,42.63
ch2_ohr_ncp_20251105T0849435342_d_img_d18_x02560_y87680.png,0.2401,261.39,610.87,268.5,619.34
ch2_ohr_ncp_20251105T0849435342_d_img_d18_x03200_y69760.png,0.3258,627.13,317.25,634.28,324.14
ch2_ohr_ncp_20251105T0849435342_d_img_d18_x03200_y70400.png,0.3227,619.95,627.94,624.52,632.46
ch2_ohr_ncp_20251105T0849435342_d_img_d18_x03200_y71680.png,0.2694,34.69,617.16,40.82,623.56
ch2_ohr_ncp_20251105T0849435342_d_img_d18_x03200_y85120.png,0.5617,74.85,249.0,79.81,255.02
ch2_ohr_ncp_20251105T0849435342_d_img_d18_x03200_y85120.png,0.5507,14.98,290.81,20.08,296.23
ch2_ohr_ncp_20251105T0849435342_d_img_d18_x03200_y85120.png,0.3377,56.52,387.92,60.77,392.53
ch2_ohr_ncp_20251105T0849435342_d_img_d18_x03200_y85120.png,0.3175,63.72,115.99,68.35,123.22
ch2_ohr_ncp_20251105T0849435342_d_img_d18_x03200_y85120.png,0.2817,154.52,153.85,161.11,161.08
ch2_ohr_ncp_20251105T0849435342_d_img_d18_x03200_y85120.png,0.2736,71.53,220.0,77.83,227.93
ch2_ohr_ncp_20251105T0849435342_d_img_d18_x03200_y85120.png,0.2525,70.56,221.58,76.36,228.64
ch2_ohr_ncp_20251105T0849435342_d_img_d18_x03200_y85120.png,0.2444,113.44,97.13,124.75,111.68
ch2_ohr_ncp_20251105T0849435342_d_img_d18_x03200_y85120.png,0.2425,72.08,286.67,80.31,299.3
ch2_ohr_ncp_20251105T0849435342_d_img_d18_x03200_y85120.png,0.2381,64.23,259.99,69.18,265.61
ch2_ohr_ncp_20251105T0849435342_d_img_d18_x03200_y85120.png,0.2361,51.98,277.91,57.22,284.02
ch2_ohr_ncp_20251105T0849435342_d_img_d18_x03200_y85120.png,0.2232,65.95,349.79,71.99,356.28
ch2_ohr_ncp_20251105T0849435342_d_img_d18_x03200_y85120.png,0.2116,163.7,137.12,167.58,141.41
ch2_ohr_ncp_20251105T0849435342_d_img_d18_x03200_y85120.png,0.2116,101.09,135.98,106.58,141.96
ch2_ohr_ncp_20251105T0849435342_d_img_d18_x03200_y85120.png,0.2097,163.93,126.52,169.89,133.22
ch2_ohr_ncp_20251105T0849435342_d_img_d18_x03200_y85120.png,0.2062,0.68,131.91,6.26,137.93
ch2_ohr_ncp_20251105T0849435342_d_img_d18_x03840_y69760.png,0.2121,627.99,0.0,636.62,4.47
ch2_ohr_ncp_20251105T0849435342_d_img_d18_x03840_y70400.png,0.2042,165.64,6.89,172.52,13.0
ch2_ohr_ncp_20251105T0849435342_d_img_d18_x03840_y81280.png,0.3298,555.1,4.75,600.53,53.04
ch2_ohr_ncp_20251105T0849435342_d_img_d18_x03840_y81920.png,0.2059,30.38,618.07,36.8,625.08
ch2_ohr_ncp_20251105T0849435342_d_img_d18_x03840_y83840.png,0.289,616.78,396.0,621.29,402.34
ch2_ohr_ncp_20251105T0849435342_d_img_d18_x03840_y83840.png,0.2638,630.62,632.58,637.63,638.71
ch2_ohr_ncp_20251105T0849435342_d_img_d18_x04480_y67840.png,0.4503,622.77,48.85,629.2,53.55
ch2_ohr_ncp_20251105T0849435342_d_img_d18_x04480_y67840.png,0.3333,599.23,0.31,633.08,34.66
ch2_ohr_ncp_20251105T0849435342_d_img_d18_x04480_y67840.png,0.3163,617.48,105.69,622.83,111.48
ch2_ohr_ncp_20251105T0849435342_d_img_d18_x04480_y67840.png,0.2856,625.95,127.99,630.72,132.48
ch2_ohr_ncp_20251105T0849435342_d_img_d18_x04480_y73600.png,0.5883,616.57,570.55,624.72,579.24
ch2_ohr_ncp_20251105T0849435342_d_img_d18_x04480_y73600.png,0.4924,407.21,586.1,414.4,593.93
ch2_ohr_ncp_20251105T0849435342_d_img_d18_x04480_y73600.png,0.4112,418.82,585.39,424.96,592.0
ch2_ohr_ncp_20251105T0849435342_d_img_d18_x04480_y73600.png,0.3202,417.07,576.1,422.54,581.42
ch2_ohr_ncp_20251105T0849435342_d_img_d18_x04480_y73600.png,0.2901,595.3,495.14,600.72,500.44
ch2_ohr_ncp_20251105T0849435342_d_img_d18_x04480_y73600.png,0.2897,276.84,311.69,284.17,321.27
ch2_ohr_ncp_20251105T0849435342_d_img_d18_x04480_y73600.png,0.26,506.69,558.39,512.04,564.24
ch2_ohr_ncp_20251105T0849435342_d_img_d18_x04480_y73600.png,0.2249,583.94,596.7,590.31,603.71
ch2_ohr_ncp_20251105T0849435342_d_img_d18_x04480_y73600.png,0.2166,398.42,634.19,404.06,639.43
ch2_ohr_ncp_20251105T0849435342_d_img_d18_x04480_y73600.png,0.2123,483.22,532.59,489.44,540.0
ch2_ohr_ncp_20251105T0849435342_d_img_d18_x04480_y73600.png,0.2044,564.97,505.01,572.01,511.41
ch2_ohr_ncp_20251105T0849435342_d_img_d18_x04480_y74240.png,0.5372,577.46,51.58,582.59,57.38
ch2_ohr_ncp_20251105T0849435342_d_img_d18_x04480_y74240.png,0.5197,616.73,121.95,622.65,128.29
ch2_ohr_ncp_20251105T0849435342_d_img_d18_x04480_y74240.png,0.4614,559.26,0.0,564.57,4.02
ch2_ohr_ncp_20251105T0849435342_d_img_d18_x04480_y74240.png,0.4373,537.37,40.19,543.58,47.04
ch2_ohr_ncp_20251105T0849435342_d_img_d18_x04480_y74240.png,0.3941,506.36,88.81,511.49,93.58
ch2_ohr_ncp_20251105T0849435342_d_img_d18_x04480_y74240.png,0.3903,577.89,203.13,587.38,213.75
ch2_ohr_ncp_20251105T0849435342_d_img_d18_x04480_y74240.png,0.3566,515.98,134.6,521.86,140.96
ch2_ohr_ncp_20251105T0849435342_d_img_d18_x04480_y74240.png,0.3531,616.85,11.24,624.18,20.33
ch2_ohr_ncp_20251105T0849435342_d_img_d18_x04480_y74240.png,0.3524,590.14,186.02,596.76,194.0
ch2_ohr_ncp_20251105T0849435342_d_img_d18_x04480_y74240.png,0.3204,610.65,214.92,616.0,221.32
ch2_ohr_ncp_20251105T0849435342_d_img_d18_x04480_y74240.png,0.2869,516.99,133.73,522.27,140.61
ch2_ohr_ncp_20251105T0849435342_d_img_d18_x04480_y74240.png,0.2798,466.66,203.96,473.52,209.89
ch2_ohr_ncp_20251105T0849435342_d_img_d18_x04480_y74240.png,0.2592,618.86,191.26,625.36,199.14
ch2_ohr_ncp_20251105T0849435342_d_img_d18_x04480_y74240.png,0.2237,510.93,562.94,516.79,569.82
ch2_ohr_ncp_20251105T0849435342_d_img_d18_x04480_y74240.png,0.2103,628.0,214.65,637.51,224.4
ch2_ohr_ncp_20251105T0849435342_d_img_d18_x04480_y74240.png,0.2055,577.82,52.04,584.01,58.97
ch2_ohr_ncp_20251105T0849435342_d_img_d18_x04480_y74240.png,0.2039,596.0,618.59,602.02,624.03
ch2_ohr_ncp_20251105T0849435342_d_img_d18_x04480_y74880.png,0.2327,524.0,121.54,529.22,125.31
ch2_ohr_ncp_20251105T0849435342_d_img_d18_x04480_y77440.png,0.2985,613.6,291.55,619.0,297.73
ch2_ohr_ncp_20251105T0849435342_d_img_d18_x04480_y77440.png,0.2506,443.55,594.3,448.19,600.54
ch2_ohr_ncp_20251105T0849435342_d_img_d18_x04480_y77440.png,0.2291,489.29,502.86,496.14,509.87
ch2_ohr_ncp_20251105T0849435342_d_img_d18_x04480_y77440.png,0.2213,608.95,233.96,613.66,239.12
ch2_ohr_ncp_20251105T0849435342_d_img_d18_x04480_y77440.png,0.2181,392.41,395.98,398.05,402.2
ch2_ohr_ncp_20251105T0849435342_d_img_d18_x04480_y77440.png,0.2072,478.5,617.29,484.0,622.72
ch2_ohr_ncp_20251105T0849435342_d_img_d18_x04480_y78080.png,0.2477,570.62,11.62,580.0,20.66
ch2_ohr_ncp_20251105T0849435342_d_img_d18_x04480_y78080.png,0.2004,276.0,361.64,282.09,367.83
ch2_ohr_ncp_20251105T0849435342_d_img_d18_x04480_y78720.png,0.2184,170.7,0.82,246.24,32.95
ch2_ohr_ncp_20251105T0849435342_d_img_d18_x04480_y78720.png,0.2021,395.48,76.2,415.84,122.26
ch2_ohr_ncp_20251105T0849435342_d_img_d18_x04480_y79360.png,0.4077,608.17,307.83,614.03,317.0
ch2_ohr_ncp_20251105T0849435342_d_img_d18_x04480_y79360.png,0.396,624.08,179.97,630.82,187.0
ch2_ohr_ncp_20251105T0849435342_d_img_d18_x04480_y79360.png,0.38,608.72,283.65,612.88,288.31
ch2_ohr_ncp_20251105T0849435342_d_img_d18_x04480_y79360.png,0.374,534.35,265.83,540.0,272.38
ch2_ohr_ncp_20251105T0849435342_d_img_d18_x04480_y79360.png,0.3732,603.58,415.19,608.07,420.09
ch2_ohr_ncp_20251105T0849435342_d_img_d18_x04480_y79360.png,0.3578,631.93,166.15,637.87,172.09
ch2_ohr_ncp_20251105T0849435342_d_img_d18_x04480_y79360.png,0.3382,593.93,275.67,599.0,282.08
ch2_ohr_ncp_20251105T0849435342_d_img_d18_x04480_y79360.png,0.2812,455.91,197.65,460.01,204.0
ch2_ohr_ncp_20251105T0849435342_d_img_d18_x04480_y79360.png,0.2789,581.91,178.54,586.03,184.11
ch2_ohr_ncp_20251105T0849435342_d_img_d18_x04480_y79360.png,0.2539,590.95,427.51,612.48,465.71
ch2_ohr_ncp_20251105T0849435342_d_img_d18_x04480_y79360.png,0.2291,520.93,379.12,525.07,383.42
ch2_ohr_ncp_20251105T0849435342_d_img_d18_x04480_y79360.png,0.2253,518.17,333.91,524.08,342.32
ch2_ohr_ncp_20251105T0849435342_d_img_d18_x04480_y80640.png,0.3998,122.88,614.8,129.6,622.29
ch2_ohr_ncp_20251105T0849435342_d_img_d18_x04480_y80640.png,0.2613,78.62,625.03,84.03,630.78
ch2_ohr_ncp_20251105T0849435342_d_img_d18_x04480_y80640.png,0.2494,599.64,614.33,604.2,620.01
ch2_ohr_ncp_20251105T0849435342_d_img_d18_x04480_y80640.png,0.2095,598.63,542.1,604.07,548.58
ch2_ohr_ncp_20251105T0849435342_d_img_d18_x04480_y82560.png,0.2591,610.0,633.91,615.87,639.21
ch2_ohr_ncp_20251105T0849435342_d_img_d18_x05120_y68480.png,0.2982,583.41,85.95,638.22,152.29
ch2_ohr_ncp_20251105T0849435342_d_img_d18_x05120_y70400.png,0.2415,0.0,31.88,38.31,89.98
ch2_ohr_ncp_20251105T0849435342_d_img_d18_x05120_y72960.png,0.2834,138.36,607.11,145.09,617.04
ch2_ohr_ncp_20251105T0849435342_d_img_d18_x05120_y72960.png,0.2432,368.16,2.92,373.75,7.77
ch2_ohr_ncp_20251105T0849435342_d_img_d18_x05120_y73600.png,0.4425,16.19,608.73,21.61,615.16
ch2_ohr_ncp_20251105T0849435342_d_img_d18_x05120_y73600.png,0.4392,53.47,577.2,60.0,582.9
ch2_ohr_ncp_20251105T0849435342_d_img_d18_x05120_y73600.png,0.3937,325.95,377.9,332.15,384.53
ch2_ohr_ncp_20251105T0849435342_d_img_d18_x05120_y73600.png,0.3443,53.15,577.22,58.64,584.01
ch2_ohr_ncp_20251105T0849435342_d_img_d18_x05120_y73600.png,0.3326,624.46,75.99,629.28,81.11
ch2_ohr_ncp_20251105T0849435342_d_img_d18_x05120_y73600.png,0.3281,75.94,623.43,82.96,632.48
ch2_ohr_ncp_20251105T0849435342_d_img_d18_x05120_y73600.png,0.3205,222.6,473.56,229.1,479.76
ch2_ohr_ncp_20251105T0849435342_d_img_d18_x05120_y73600.png,0.3041,5.97,459.98,12.01,465.93
ch2_ohr_ncp_20251105T0849435342_d_img_d18_x05120_y73600.png,0.3016,633.82,215.91,638.96,220.84
ch2_ohr_ncp_20251105T0849435342_d_img_d18_x05120_y73600.png,0.2823,298.86,352.27,305.58,359.18
ch2_ohr_ncp_20251105T0849435342_d_img_d18_x05120_y73600.png,0.2801,296.91,91.74,303.0,97.7
ch2_ohr_ncp_20251105T0849435342_d_img_d18_x05120_y73600.png,0.2784,8.09,225.37,13.84,230.73
ch2_ohr_ncp_20251105T0849435342_d_img_d18_x05120_y73600.png,0.2758,497.47,387.75,501.6,392.37
ch2_ohr_ncp_20251105T0849435342_d_img_d18_x05120_y73600.png,0.259,526.52,47.06,544.47,63.86
ch2_ohr_ncp_20251105T0849435342_d_img_d18_x05120_y73600.png,0.2267,0.0,376.62,6.79,383.55
ch2_ohr_ncp_20251105T0849435342_d_img_d18_x05120_y73600.png,0.226,58.19,219.85,63.14,224.66
ch2_ohr_ncp_20251105T0849435342_d_img_d18_x05120_y73600.png,0.226,64.36,214.69,69.97,220.35
ch2_ohr_ncp_20251105T0849435342_d_img_d18_x05120_y73600.png,0.2147,30.25,477.12,43.8,496.55
ch2_ohr_ncp_20251105T0849435342_d_img_d18_x05120_y73600.png,0.2138,52.0,577.09,58.35,583.12
ch2_ohr_ncp_20251105T0849435342_d_img_d18_x05120_y73600.png,0.2015,248.62,373.45,254.45,380.01
ch2_ohr_ncp_20251105T0849435342_d_img_d18_x05120_y74240.png,0.2797,76.0,375.76,81.16,380.97
ch2_ohr_ncp_20251105T0849435342_d_img_d18_x05120_y74240.png,0.2378,52.0,617.01,60.79,626.35
ch2_ohr_ncp_20251105T0849435342_d_img_d18_x05120_y75520.png,0.2995,438.46,626.78,444.01,631.55
ch2_ohr_ncp_20251105T0849435342_d_img_d18_x05120_y76800.png,0.4977,523.94,16.23,529.99,23.16
ch2_ohr_ncp_20251105T0849435342_d_img_d18_x05120_y76800.png,0.4622,443.86,23.82,450.24,31.58
ch2_ohr_ncp_20251105T0849435342_d_img_d18_x05120_y76800.png,0.4314,483.95,112.05,488.74,118.5
ch2_ohr_ncp_20251105T0849435342_d_img_d18_x05120_y76800.png,0.4232,388.85,139.92,396.01,145.56
ch2_ohr_ncp_20251105T0849435342_d_img_d18_x05120_y76800.png,0.4116,193.89,627.99,199.62,634.35
ch2_ohr_ncp_20251105T0849435342_d_img_d18_x05120_y76800.png,0.3886,509.33,343.96,521.13,356.12
ch2_ohr_ncp_20251105T0849435342_d_img_d18_x05120_y76800.png,0.3691,288.84,465.75,295.02,473.41
ch2_ohr_ncp_20251105T0849435342_d_img_d18_x05120_y76800.png,0.366,238.48,357.56,274.97,409.21
ch2_ohr_ncp_20251105T0849435342_d_img_d18_x05120_y76800.png,0.3561,221.23,510.23,228.17,516.66
ch2_ohr_ncp_20251105T0849435342_d_img_d18_x05120_y76800.png,0.3558,309.83,562.24,316.01,568.26
ch2_ohr_ncp_20251105T0849435342_d_img_d18_x05120_y76800.png,0.3362,543.87,0.1,552.36,8.34
ch2_ohr_ncp_20251105T0849435342_d_img_d18_x05120_y76800.png,0.3138,377.15,0.14,384.79,7.79
ch2_ohr_ncp_20251105T0849435342_d_img_d18_x05120_y76800.png,0.309,597.1,97.76,603.96,105.0
ch2_ohr_ncp_20251105T0849435342_d_img_d18_x05120_y76800.png,0.2986,250.91,432.49,258.69,439.77
ch2_ohr_ncp_20251105T0849435342_d_img_d18_x05120_y76800.png,0.292,496.28,107.3,503.32,114.43
ch2_ohr_ncp_20251105T0849435342_d_img_d18_x05120_y76800.png,0.291,169.21,630.76,173.9,636.01
ch2_ohr_ncp_20251105T0849435342_d_img_d18_x05120_y76800.png,0.2909,358.11,82.25,363.81,88.77
ch2_ohr_ncp_20251105T0849435342_d_img_d18_x05120_y76800.png,0.2836,370.23,11.79,376.14,18.67
ch2_ohr_ncp_20251105T0849435342_d_img_d18_x05120_y76800.png,0.259,595.98,270.28,603.17,277.94
ch2_ohr_ncp_20251105T0849435342_d_img_d18_x05120_y76800.png,0.2486,296.22,46.04,300.8,52.0
ch2_ohr_ncp_20251105T0849435342_d_img_d18_x05120_y76800.png,0.2397,231.89,476.03,244.62,489.75
ch2_ohr_ncp_20251105T0849435342_d_img_d18_x05120_y76800.png,0.2363,0.0,311.19,15.64,353.26
ch2_ohr_ncp_20251105T0849435342_d_img_d18_x05120_y76800.png,0.2358,358.91,130.85,364.24,135.91
ch2_ohr_ncp_20251105T0849435342_d_img_d18_x05120_y76800.png,0.2262,320.59,507.8,327.36,514.12
ch2_ohr_ncp_20251105T0849435342_d_img_d18_x05120_y76800.png,0.2228,133.82,632.27,144.51,639.58
ch2_ohr_ncp_20251105T0849435342_d_img_d18_x05120_y76800.png,0.2215,303.76,612.63,309.84,621.13
ch2_ohr_ncp_20251105T0849435342_d_img_d18_x05120_y76800.png,0.2176,456.96,39.74,462.73,45.13
ch2_ohr_ncp_20251105T0849435342_d_img_d18_x05120_y76800.png,0.2082,594.14,179.01,602.14,188.42
ch2_ohr_ncp_20251105T0849435342_d_img_d18_x05120_y76800.png,0.2077,455.42,55.03,465.18,64.09
ch2_ohr_ncp_20251105T0849435342_d_img_d18_x05120_y76800.png,0.2011,149.95,475.89,156.67,482.18
ch2_ohr_ncp_20251105T0849435342_d_img_d18_x05120_y76800.png,0.2006,468.77,288.78,502.7,339.64
ch2_ohr_ncp_20251105T0849435342_d_img_d18_x05120_y77440.png,0.3729,174.17,406.05,180.01,412.0
ch2_ohr_ncp_20251105T0849435342_d_img_d18_x05120_y78080.png,0.2916,623.83,258.0,639.68,279.49
ch2_ohr_ncp_20251105T0849435342_d_img_d18_x05120_y79360.png,0.3948,614.84,244.0,620.0,249.87
ch2_ohr_ncp_20251105T0849435342_d_img_d18_x05120_y79360.png,0.2619,555.39,321.83,559.57,326.75
ch2_ohr_ncp_20251105T0849435342_d_img_d18_x05120_y80640.png,0.3062,511.58,492.0,516.05,498.8
ch2_ohr_ncp_20251105T0849435342_d_img_d18_x05120_y80640.png,0.2808,511.88,493.39,516.13,500.0
ch2_ohr_ncp_20251105T0849435342_d_img_d18_x05120_y80640.png,0.2393,630.87,85.96,636.02,92.01
ch2_ohr_ncp_20251105T0849435342_d_img_d18_x05120_y81280.png,0.4197,518.63,75.43,524.0,80.75
ch2_ohr_ncp_20251105T0849435342_d_img_d18_x05120_y81280.png,0.4191,581.93,0.0,610.75,31.69
ch2_ohr_ncp_20251105T0849435342_d_img_d18_x05120_y81280.png,0.3551,541.47,0.09,564.38,32.86
ch2_ohr_ncp_20251105T0849435342_d_img_d18_x05120_y81280.png,0.3258,462.67,0.0,473.63,6.32
ch2_ohr_ncp_20251105T0849435342_d_img_d18_x05120_y81280.png,0.247,622.68,14.34,628.0,20.01
ch2_ohr_ncp_20251105T0849435342_d_img_d18_x05120_y81280.png,0.2219,544.53,51.98,550.02,57.97
ch2_ohr_ncp_20251105T0849435342_d_img_d18_x05760_y66560.png,0.3513,566.34,563.13,574.74,570.36
ch2_ohr_ncp_20251105T0849435342_d_img_d18_x05760_y66560.png,0.3358,593.18,572.0,598.38,578.58
ch2_ohr_ncp_20251105T0849435342_d_img_d18_x05760_y66560.png,0.2927,539.99,575.76,545.96,581.71
ch2_ohr_ncp_20251105T0849435342_d_img_d18_x05760_y66560.png,0.2376,593.06,573.19,598.01,580.01
ch2_ohr_ncp_20251105T0849435342_d_img_d18_x05760_y67840.png,0.4523,421.41,595.3,428.03,602.08
ch2_ohr_ncp_20251105T0849435342_d_img_d18_x05760_y67840.png,0.2319,634.51,511.11,639.84,525.07
ch2_ohr_ncp_20251105T0849435342_d_img_d18_x05760_y68480.png,0.3302,615.12,587.88,621.62,594.66
ch2_ohr_ncp_20251105T0849435342_d_img_d18_x05760_y68480.png,0.3236,594.51,573.47,601.83,581.48
ch2_ohr_ncp_20251105T0849435342_d_img_d18_x05760_y68480.png,0.2593,593.86,601.33,599.55,606.94
ch2_ohr_ncp_20251105T0849435342_d_img_d18_x05760_y72320.png,0.2569,517.61,1.75,539.15,41.66
ch2_ohr_ncp_20251105T0849435342_d_img_d18_x05760_y72320.png,0.2222,516.39,1.87,547.36,41.99
ch2_ohr_ncp_20251105T0849435342_d_img_d18_x05760_y72960.png,0.2828,103.98,614.1,108.92,618.34
ch2_ohr_ncp_20251105T0849435342_d_img_d18_x05760_y72960.png,0.2704,25.39,590.82,33.55,598.95
ch2_ohr_ncp_20251105T0849435342_d_img_d18_x05760_y72960.png,0.268,0.02,504.46,4.03,511.1
ch2_ohr_ncp_20251105T0849435342_d_img_d18_x05760_y72960.png,0.2547,632.58,570.91,637.91,576.54
ch2_ohr_ncp_20251105T0849435342_d_img_d18_x05760_y72960.png,0.2543,30.16,458.18,36.06,463.29
ch2_ohr_ncp_20251105T0849435342_d_img_d18_x05760_y76800.png,0.2092,13.09,615.1,20.46,622.37
ch2_ohr_ncp_20251105T0849435342_d_img_d18_x05760_y77440.png,0.3477,608.77,10.98,613.92,16.51
ch2_ohr_ncp_20251105T0849435342_d_img_d18_x05760_y77440.png,0.3407,593.98,39.71,599.96,47.93
ch2_ohr_ncp_20251105T0849435342_d_img_d18_x05760_y77440.png,0.3347,605.62,28.93,613.13,36.41
ch2_ohr_ncp_20251105T0849435342_d_img_d18_x05760_y77440.png,0.2469,593.2,71.01,597.86,76.01
ch2_ohr_ncp_20251105T0849435342_d_img_d18_x05760_y77440.png,0.202,565.11,46.68,572.32,53.93
ch2_ohr_ncp_20251105T0849435342_d_img_d18_x05760_y79360.png,0.204,630.2,352.28,636.02,359.13
ch2_ohr_ncp_20251105T0849435342_d_img_d18_x05760_y80000.png,0.2923,590.82,36.38,597.4,44.36
ch2_ohr_ncp_20251105T0849435342_d_img_d18_x06400_y62720.png,0.2479,616.89,626.39,623.88,635.18
ch2_ohr_ncp_20251105T0849435342_d_img_d18_x06400_y66560.png,0.2061,7.32,2.74,12.08,7.03
ch2_ohr_ncp_20251105T0849435342_d_img_d18_x06400_y67200.png,0.3193,36.44,51.34,42.38,56.96
ch2_ohr_ncp_20251105T0849435342_d_img_d18_x06400_y67200.png,0.2941,29.25,68.01,38.84,76.16
ch2_ohr_ncp_20251105T0849435342_d_img_d18_x06400_y67200.png,0.2729,201.36,331.99,208.03,339.35
ch2_ohr_ncp_20251105T0849435342_d_img_d18_x06400_y67200.png,0.2296,205.84,442.42,212.0,448.11
ch2_ohr_ncp_20251105T0849435342_d_img_d18_x06400_y68480.png,0.2444,11.12,620.39,18.66,628.17
ch2_ohr_ncp_20251105T0849435342_d_img_d18_x06400_y74240.png,0.6233,598.26,626.61,604.82,632.9
ch2_ohr_ncp_20251105T0849435342_d_img_d18_x06400_y74240.png,0.4788,502.64,606.8,508.73,612.79
ch2_ohr_ncp_20251105T0849435342_d_img_d18_x06400_y74240.png,0.3148,319.38,632.42,330.77,639.74
ch2_ohr_ncp_20251105T0849435342_d_img_d18_x06400_y74240.png,0.3118,582.53,549.54,588.04,556.06
ch2_ohr_ncp_20251105T0849435342_d_img_d18_x06400_y74240.png,0.3038,554.63,299.38,559.82,304.99
ch2_ohr_ncp_20251105T0849435342_d_img_d18_x06400_y74240.png,0.2648,513.89,289.75,520.76,297.56
ch2_ohr_ncp_20251105T0849435342_d_img_d18_x06400_y74240.png,0.2574,511.12,315.99,516.68,322.44
ch2_ohr_ncp_20251105T0849435342_d_img_d18_x06400_y74240.png,0.2452,512.74,583.45,517.21,588.5
ch2_ohr_ncp_20251105T0849435342_d_img_d18_x06400_y74240.png,0.245,430.15,501.07,436.28,508.0
ch2_ohr_ncp_20251105T0849435342_d_img_d18_x06400_y74240.png,0.2443,296.79,634.69,302.13,639.32
ch2_ohr_ncp_20251105T0849435342_d_img_d18_x06400_y74240.png,0.2435,576.75,631.25,581.33,636.1
ch2_ohr_ncp_20251105T0849435342_d_img_d18_x06400_y74240.png,0.2388,352.23,531.98,356.82,537.81
ch2_ohr_ncp_20251105T0849435342_d_img_d18_x06400_y74240.png,0.2117,538.34,214.82,544.06,220.06
ch2_ohr_ncp_20251105T0849435342_d_img_d18_x06400_y74240.png,0.2022,145.61,631.89,151.47,636.35
ch2_ohr_ncp_20251105T0849435342_d_img_d18_x06400_y74240.png,0.2012,618.77,590.37,623.38,596.04
ch2_ohr_ncp_20251105T0849435342_d_img_d18_x06400_y74880.png,0.5373,451.75,61.6,460.26,69.84
ch2_ohr_ncp_20251105T0849435342_d_img_d18_x06400_y75520.png,0.2439,605.91,526.55,612.43,533.14
ch2_ohr_ncp_20251105T0849435342_d_img_d18_x06400_y79360.png,0.2026,151.69,127.27,193.5,166.48
ch2_ohr_ncp_20251105T0849435342_d_img_d18_x07040_y68480.png,0.4049,16.72,352.92,24.8,360.19
ch2_ohr_ncp_20251105T0849435342_d_img_d18_x07040_y69120.png,0.2709,627.71,497.98,632.91,503.29
ch2_ohr_ncp_20251105T0849435342_d_img_d18_x07040_y71040.png,0.4593,613.06,584.02,640.0,624.56
ch2_ohr_ncp_20251105T0849435342_d_img_d18_x07040_y71040.png,0.2273,614.25,577.41,639.11,619.16
ch2_ohr_ncp_20251105T0849435342_d_img_d18_x07040_y76800.png,0.3138,78.33,628.0,84.01,634.69
ch2_ohr_ncp_20251105T0849435342_d_img_d18_x07040_y77440.png,0.576,539.28,21.63,546.28,28.77
ch2_ohr_ncp_20251105T0849435342_d_img_d18_x07040_y77440.png,0.3731,575.74,116.0,580.94,122.27
ch2_ohr_ncp_20251105T0849435342_d_img_d18_x07040_y77440.png,0.3263,481.11,0.31,488.27,7.2
ch2_ohr_ncp_20251105T0849435342_d_img_d18_x07040_y77440.png,0.3195,587.6,95.72,592.76,100.82
ch2_ohr_ncp_20251105T0849435342_d_img_d18_x07040_y77440.png,0.245,294.07,614.39,300.09,620.45
ch2_ohr_ncp_20251105T0849435342_d_img_d18_x07040_y77440.png,0.2409,595.87,125.8,601.01,132.06
ch2_ohr_ncp_20251105T0849435342_d_img_d18_x07040_y77440.png,0.2206,590.35,49.35,596.59,55.77
ch2_ohr_ncp_20251105T0849435342_d_img_d18_x07040_y81280.png,0.4159,575.61,198.33,580.79,207.46
ch2_ohr_ncp_20251105T0849435342_d_img_d18_x07680_y62720.png,0.2474,507.97,164.66,513.7,174.17
ch2_ohr_ncp_20251105T0849435342_d_img_d18_x07680_y64640.png,0.2398,633.15,3.99,638.53,10.36
ch2_ohr_ncp_20251105T0849435342_d_img_d18_x07680_y67200.png,0.472,544.21,506.56,549.83,515.07
ch2_ohr_ncp_20251105T0849435342_d_img_d18_x07680_y67200.png,0.3041,579.98,136.34,585.25,141.72
ch2_ohr_ncp_20251105T0849435342_d_img_d18_x07680_y67200.png,0.2987,544.42,507.75,549.04,516.02
ch2_ohr_ncp_20251105T0849435342_d_img_d18_x07680_y67200.png,0.2091,554.14,495.01,559.09,500.02
ch2_ohr_ncp_20251105T0849435342_d_img_d18_x07680_y67200.png,0.2039,497.24,305.85,502.9,311.7
ch2_ohr_ncp_20251105T0849435342_d_img_d18_x07680_y72320.png,0.2161,330.14,595.89,369.01,631.24
ch2_ohr_ncp_20251105T0849435342_d_img_d18_x07680_y73600.png,0.2765,59.78,15.37,65.08,21.81
ch2_ohr_ncp_20251105T0849435342_d_img_d18_x07680_y78080.png,0.2757,576.03,25.48,580.89,31.32
ch2_ohr_ncp_20251105T0849435342_d_img_d18_x08320_y63360.png,0.3177,555.99,448.02,561.4,453.19
ch2_ohr_ncp_20251105T0849435342_d_img_d18_x08320_y63360.png,0.2508,614.59,381.5,620.18,388.01
ch2_ohr_ncp_20251105T0849435342_d_img_d18_x08320_y63360.png,0.2145,604.0,411.16,610.62,417.07
ch2_ohr_ncp_20251105T0849435342_d_img_d18_x08320_y64000.png,0.2876,99.99,614.12,105.84,620.42
ch2_ohr_ncp_20251105T0849435342_d_img_d18_x08320_y66560.png,0.2767,12.62,0.86,40.24,36.49
ch2_ohr_ncp_20251105T0849435342_d_img_d18_x08320_y67840.png,0.3815,555.71,103.22,591.7,143.49
ch2_ohr_ncp_20251105T0849435342_d_img_d18_x08960_y60160.png,0.2054,75.65,339.09,114.33,414.61
ch2_ohr_ncp_20251105T0849435342_d_img_d18_x08960_y62080.png,0.3357,23.94,5.68,30.05,10.87
ch2_ohr_ncp_20251105T0849435342_d_img_d18_x08960_y65920.png,0.3061,547.9,411.7,575.73,442.68
ch2_ohr_ncp_20251105T0849435342_d_img_d18_x08960_y71680.png,0.2704,568.31,333.46,609.51,384.82
ch2_ohr_ncp_20251105T0849435342_d_img_d18_x08960_y71680.png,0.2213,571.3,338.25,596.08,387.47
ch2_ohr_ncp_20251105T0849435342_d_img_d18_x08960_y73600.png,0.2051,371.27,625.86,375.96,630.58
ch2_ohr_ncp_20251105T0849435342_d_img_d18_x09600_y45440.png,0.4822,612.96,4.18,619.17,12.14
ch2_ohr_ncp_20251105T0849435342_d_img_d18_x09600_y45440.png,0.2313,607.62,53.85,612.72,60.01
ch2_ohr_ncp_20251105T0849435342_d_img_d18_x09600_y51200.png,0.3146,147.79,623.63,153.17,631.22
ch2_ohr_ncp_20251105T0849435342_d_img_d18_x09600_y55040.png,0.205,599.17,266.46,607.19,277.25
ch2_ohr_ncp_20251105T0849435342_d_img_d18_x09600_y55680.png,0.3999,559.57,634.48,564.83,639.66
ch2_ohr_ncp_20251105T0849435342_d_img_d18_x09600_y55680.png,0.3595,627.98,611.41,634.14,617.59
ch2_ohr_ncp_20251105T0849435342_d_img_d18_x09600_y55680.png,0.2285,621.79,598.4,628.01,604.54
ch2_ohr_ncp_20251105T0849435342_d_img_d18_x09600_y56320.png,0.225,522.71,631.67,527.61,637.02
ch2_ohr_ncp_20251105T0849435342_d_img_d18_x09600_y56960.png,0.4579,580.0,98.04,585.28,103.58
ch2_ohr_ncp_20251105T0849435342_d_img_d18_x09600_y56960.png,0.3641,549.16,1.66,560.0,25.92
ch2_ohr_ncp_20251105T0849435342_d_img_d18_x09600_y56960.png,0.2903,630.59,180.0,636.02,186.76
ch2_ohr_ncp_20251105T0849435342_d_img_d18_x09600_y56960.png,0.283,629.95,53.49,634.65,59.6
ch2_ohr_ncp_20251105T0849435342_d_img_d18_x09600_y56960.png,0.2555,475.99,35.82,484.23,43.55
ch2_ohr_ncp_20251105T0849435342_d_img_d18_x09600_y56960.png,0.2407,564.86,88.48,572.0,96.44
ch2_ohr_ncp_20251105T0849435342_d_img_d18_x09600_y56960.png,0.2228,546.29,0.64,563.46,25.89
ch2_ohr_ncp_20251105T0849435342_d_img_d18_x09600_y56960.png,0.2172,630.94,181.76,636.03,188.0
ch2_ohr_ncp_20251105T0849435342_d_img_d18_x09600_y57600.png,0.6499,589.25,59.56,596.05,66.44
ch2_ohr_ncp_20251105T0849435342_d_img_d18_x09600_y57600.png,0.3251,627.67,609.85,636.25,618.13
ch2_ohr_ncp_20251105T0849435342_d_img_d18_x09600_y57600.png,0.232,585.25,24.38,594.77,39.11
ch2_ohr_ncp_20251105T0849435342_d_img_d18_x09600_y58240.png,0.2464,440.23,522.71,445.32,527.82
ch2_ohr_ncp_20251105T0849435342_d_img_d18_x09600_y59520.png,0.4562,497.28,227.94,502.95,233.76
ch2_ohr_ncp_20251105T0849435342_d_img_d18_x09600_y59520.png,0.4031,559.91,622.27,565.95,628.01
ch2_ohr_ncp_20251105T0849435342_d_img_d18_x09600_y59520.png,0.3174,471.02,613.59,476.28,620.0
ch2_ohr_ncp_20251105T0849435342_d_img_d18_x09600_y59520.png,0.3136,446.03,20.7,452.12,28.85
ch2_ohr_ncp_20251105T0849435342_d_img_d18_x09600_y59520.png,0.273,550.38,583.39,560.57,598.41
ch2_ohr_ncp_20251105T0849435342_d_img_d18_x09600_y59520.png,0.2622,559.83,630.73,564.8,636.08
ch2_ohr_ncp_20251105T0849435342_d_img_d18_x09600_y59520.png,0.2472,498.07,331.91,502.63,336.98
ch2_ohr_ncp_20251105T0849435342_d_img_d18_x09600_y59520.png,0.2353,535.94,524.0,540.25,530.25
ch2_ohr_ncp_20251105T0849435342_d_img_d18_x09600_y60800.png,0.2487,583.53,20.0,589.23,26.62
ch2_ohr_ncp_20251105T0849435342_d_img_d18_x09600_y67840.png,0.292,1.4,0.0,46.72,42.3
ch2_ohr_ncp_20251105T0849435342_d_img_d18_x09600_y71680.png,0.2492,451.87,16.35,457.26,21.62
ch2_ohr_ncp_20251105T0849435342_d_img_d18_x09600_y71680.png,0.2357,532.0,26.9,538.32,32.1
ch2_ohr_ncp_20251105T0849435342_d_img_d18_x09600_y73600.png,0.2648,0.21,380.96,15.63,409.74
ch2_ohr_ncp_20251105T0849435342_d_img_d18_x09600_y75520.png,0.4868,6.07,25.65,12.43,31.9
ch2_ohr_ncp_20251105T0849435342_d_img_d18_x09600_y75520.png,0.2362,383.23,591.83,389.13,597.51
ch2_ohr_ncp_20251105T0849435342_d_img_d18_x09600_y78720.png,0.2503,611.45,21.35,617.08,27.58
ch2_ohr_ncp_20251105T0849435342_d_img_d18_x10240_y44800.png,0.2359,219.71,625.08,224.72,630.34
ch2_ohr_ncp_20251105T0849435342_d_img_d18_x10240_y44800.png,0.2212,184.5,627.59,189.27,632.64
ch2_ohr_ncp_20251105T0849435342_d_img_d18_x10240_y44800.png,0.2199,165.9,589.47,184.69,617.06
ch2_ohr_ncp_20251105T0849435342_d_img_d18_x10240_y46080.png,0.2517,4.59,435.61,24.6,469.08
ch2_ohr_ncp_20251105T0849435342_d_img_d18_x10240_y47360.png,0.207,630.83,620.0,636.02,626.38
ch2_ohr_ncp_20251105T0849435342_d_img_d18_x10240_y48000.png,0.4134,613.92,603.18,620.0,608.85
ch2_ohr_ncp_20251105T0849435342_d_img_d18_x10240_y48000.png,0.2873,634.45,443.97,638.92,450.38
ch2_ohr_ncp_20251105T0849435342_d_img_d18_x10240_y48000.png,0.2047,612.0,603.52,619.2,609.41
ch2_ohr_ncp_20251105T0849435342_d_img_d18_x10240_y50560.png,0.2277,622.0,610.5,628.1,618.18
ch2_ohr_ncp_20251105T0849435342_d_img_d18_x10240_y53120.png,0.4198,618.6,289.25,624.56,296.57
ch2_ohr_ncp_20251105T0849435342_d_img_d18_x10240_y53120.png,0.3186,145.23,615.86,149.34,620.72
ch2_ohr_ncp_20251105T0849435342_d_img_d18_x10240_y53120.png,0.2265,152.25,634.83,157.59,639.56
ch2_ohr_ncp_20251105T0849435342_d_img_d18_x10240_y53120.png,0.2005,501.16,262.68,521.84,300.38
ch2_ohr_ncp_20251105T0849435342_d_img_d18_x10240_y53760.png,0.2207,351.48,555.16,357.3,561.26
ch2_ohr_ncp_20251105T0849435342_d_img_d18_x10240_y53760.png,0.2053,103.94,6.17,109.21,12.06
ch2_ohr_ncp_20251105T0849435342_d_img_d18_x10240_y54400.png,0.3175,582.64,516.0,588.0,522.61
ch2_ohr_ncp_20251105T0849435342_d_img_d18_x10240_y55040.png,0.4297,616.88,576.15,622.95,582.63
ch2_ohr_ncp_20251105T0849435342_d_img_d18_x10240_y55040.png,0.4087,582.66,571.0,588.0,575.38
ch2_ohr_ncp_20251105T0849435342_d_img_d18_x10240_y55040.png,0.3622,634.64,592.5,639.96,602.21
ch2_ohr_ncp_20251105T0849435342_d_img_d18_x10240_y55040.png,0.2245,618.75,549.71,625.44,557.35
ch2_ohr_ncp_20251105T0849435342_d_img_d18_x10240_y55040.png,0.2102,552.28,529.19,559.27,538.33
ch2_ohr_ncp_20251105T0849435342_d_img_d18_x10240_y55040.png,0.2083,560.83,528.03,566.89,534.36
ch2_ohr_ncp_20251105T0849435342_d_img_d18_x10240_y55040.png,0.2074,558.79,537.03,564.6,542.62
ch2_ohr_ncp_20251105T0849435342_d_img_d18_x10240_y55680.png,0.3414,371.62,607.71,376.81,613.7
ch2_ohr_ncp_20251105T0849435342_d_img_d18_x10240_y56320.png,0.2355,0.0,0.01,36.87,53.82
ch2_ohr_ncp_20251105T0849435342_d_img_d18_x10240_y58240.png,0.2317,555.49,299.99,560.2,305.52
ch2_ohr_ncp_20251105T0849435342_d_img_d18_x10240_y58880.png,0.3697,142.04,81.38,148.01,86.77
ch2_ohr_ncp_20251105T0849435342_d_img_d18_x10240_y58880.png,0.2732,486.42,267.74,502.52,301.6
ch2_ohr_ncp_20251105T0849435342_d_img_d18_x10240_y58880.png,0.2461,52.99,154.82,60.05,161.19
ch2_ohr_ncp_20251105T0849435342_d_img_d18_x10240_y58880.png,0.2293,127.05,17.45,138.33,29.91
ch2_ohr_ncp_20251105T0849435342_d_img_d18_x10240_y59520.png,0.312,489.41,599.07,492.98,604.01
ch2_ohr_ncp_20251105T0849435342_d_img_d18_x10240_y59520.png,0.2909,59.14,588.76,68.8,600.71
ch2_ohr_ncp_20251105T0849435342_d_img_d18_x10240_y59520.png,0.2268,551.62,619.31,557.16,625.67
ch2_ohr_ncp_20251105T0849435342_d_img_d18_x10240_y59520.png,0.2237,585.43,503.61,590.63,511.87
ch2_ohr_ncp_20251105T0849435342_d_img_d18_x10240_y59520.png,0.2008,125.33,615.17,132.01,622.41
ch2_ohr_ncp_20251105T0849435342_d_img_d18_x10240_y60160.png,0.2097,337.7,507.18,437.15,570.0
ch2_ohr_ncp_20251105T0849435342_d_img_d18_x10240_y71040.png,0.2916,601.44,54.55,636.69,95.65
ch2_ohr_ncp_20251105T0849435342_d_img_d18_x10240_y72960.png,0.3384,597.8,22.52,604.34,30.39
ch2_ohr_ncp_20251105T0849435342_d_img_d18_x10240_y73600.png,0.5439,50.32,510.94,55.89,517.72
ch2_ohr_ncp_20251105T0849435342_d_img_d18_x10240_y76800.png,0.2253,19.86,591.16,25.06,596.17
ch2_ohr_ncp_20251105T0849435342_d_img_d18_x10240_y79360.png,0.6061,600.98,363.84,604.87,368.34
ch2_ohr_ncp_20251105T0849435342_d_img_d18_x10240_y79360.png,0.3673,592.82,353.91,596.81,358.61
ch2_ohr_ncp_20251105T0849435342_d_img_d18_x10240_y79360.png,0.2191,0.0,3.74,5.37,10.33
ch2_ohr_ncp_20251105T0849435342_d_img_d18_x10240_y79360.png,0.2184,630.26,345.09,636.15,350.81
ch2_ohr_ncp_20251105T0849435342_d_img_d18_x10240_y79360.png,0.2125,622.26,351.23,628.01,358.72
ch2_ohr_ncp_20251105T0849435342_d_img_d18_x10880_y38400.png,0.203,36.95,16.69,41.41,25.02
ch2_ohr_ncp_20251105T0849435342_d_img_d18_x10880_y42880.png,0.2739,542.94,31.21,548.01,36.08
ch2_ohr_ncp_20251105T0849435342_d_img_d18_x10880_y51840.png,0.6277,605.9,86.74,612.82,94.99
ch2_ohr_ncp_20251105T0849435342_d_img_d18_x10880_y51840.png,0.4808,595.62,102.8,600.65,108.01
ch2_ohr_ncp_20251105T0849435342_d_img_d18_x10880_y51840.png,0.4145,628.95,161.63,634.55,169.32
ch2_ohr_ncp_20251105T0849435342_d_img_d18_x10880_y51840.png,0.3519,545.96,63.08,551.95,70.53
ch2_ohr_ncp_20251105T0849435342_d_img_d18_x10880_y51840.png,0.3502,526.9,79.75,532.14,85.51
ch2_ohr_ncp_20251105T0849435342_d_img_d18_x10880_y51840.png,0.3075,538.44,62.51,543.38,68.76
ch2_ohr_ncp_20251105T0849435342_d_img_d18_x10880_y51840.png,0.2646,608.69,210.81,627.44,256.35
ch2_ohr_ncp_20251105T0849435342_d_img_d18_x10880_y53120.png,0.2027,83.14,1.57,116.94,40.36
ch2_ohr_ncp_20251105T0849435342_d_img_d18_x10880_y58240.png,0.275,627.82,583.11,637.56,593.93
ch2_ohr_ncp_20251105T0849435342_d_img_d18_x10880_y71040.png,0.2929,610.79,15.91,621.53,28.07
ch2_ohr_ncp_20251105T0849435342_d_img_d18_x11520_y37120.png,0.3409,54.77,69.47,66.48,85.51
ch2_ohr_ncp_20251105T0849435342_d_img_d18_x11520_y37120.png,0.2452,91.97,32.3,99.01,40.75
ch2_ohr_ncp_20251105T0849435342_d_img_d18_x11520_y37120.png,0.2298,126.78,159.92,149.57,202.92
ch2_ohr_ncp_20251105T0849435342_d_img_d18_x11520_y37120.png,0.2294,159.76,117.91,166.5,126.79
ch2_ohr_ncp_20251105T0849435342_d_img_d18_x11520_y37120.png,0.2289,249.38,243.99,253.59,249.58
ch2_ohr_ncp_20251105T0849435342_d_img_d18_x11520_y37120.png,0.2209,21.17,507.33,28.01,515.03
ch2_ohr_ncp_20251105T0849435342_d_img_d18_x11520_y37120.png,0.2052,20.54,85.46,31.94,102.47
ch2_ohr_ncp_20251105T0849435342_d_img_d18_x11520_y37760.png,0.6404,127.25,58.13,133.04,65.39
ch2_ohr_ncp_20251105T0849435342_d_img_d18_x11520_y37760.png,0.2256,141.15,35.83,148.03,44.65
ch2_ohr_ncp_20251105T0849435342_d_img_d18_x11520_y39040.png,0.2429,0.17,72.95,7.32,82.24
ch2_ohr_ncp_20251105T0849435342_d_img_d18_x11520_y42240.png,0.2696,390.16,399.82,396.26,405.4
ch2_ohr_ncp_20251105T0849435342_d_img_d18_x11520_y42240.png,0.2442,413.76,617.77,420.01,623.38
ch2_ohr_ncp_20251105T0849435342_d_img_d18_x11520_y44160.png,0.4057,74.45,274.55,82.03,283.67
ch2_ohr_ncp_20251105T0849435342_d_img_d18_x11520_y44160.png,0.3529,147.99,239.37,152.72,244.38
ch2_ohr_ncp_20251105T0849435342_d_img_d18_x11520_y44800.png,0.3648,66.49,495.97,71.98,504.26
ch2_ohr_ncp_20251105T0849435342_d_img_d18_x11520_y44800.png,0.245,35.99,463.57,40.98,468.3
ch2_ohr_ncp_20251105T0849435342_d_img_d18_x11520_y45440.png,0.4485,45.22,270.51,52.02,279.2
ch2_ohr_ncp_20251105T0849435342_d_img_d18_x11520_y45440.png,0.2516,98.72,613.08,139.57,639.69
ch2_ohr_ncp_20251105T0849435342_d_img_d18_x11520_y46080.png,0.3154,375.88,581.84,380.06,588.03
ch2_ohr_ncp_20251105T0849435342_d_img_d18_x11520_y46080.png,0.2155,299.98,605.76,305.98,614.16
ch2_ohr_ncp_20251105T0849435342_d_img_d18_x11520_y46080.png,0.2151,357.6,580.34,364.52,591.73
ch2_ohr_ncp_20251105T0849435342_d_img_d18_x11520_y46080.png,0.2093,438.99,227.14,444.11,232.65
ch2_ohr_ncp_20251105T0849435342_d_img_d18_x11520_y48000.png,0.2383,246.49,260.71,252.01,268.24
ch2_ohr_ncp_20251105T0849435342_d_img_d18_x11520_y48640.png,0.3079,161.22,292.0,167.1,298.83
ch2_ohr_ncp_20251105T0849435342_d_img_d18_x11520_y48640.png,0.2823,11.81,394.44,18.5,404.98
ch2_ohr_ncp_20251105T0849435342_d_img_d18_x11520_y48640.png,0.2781,7.44,319.38,13.13,325.61
ch2_ohr_ncp_20251105T0849435342_d_img_d18_x11520_y48640.png,0.2746,16.43,407.51,23.07,415.88
ch2_ohr_ncp_20251105T0849435342_d_img_d18_x11520_y48640.png,0.254,11.62,392.52,18.8,403.52
ch2_ohr_ncp_20251105T0849435342_d_img_d18_x11520_y48640.png,0.2355,110.24,370.03,151.67,431.16
ch2_ohr_ncp_20251105T0849435342_d_img_d18_x11520_y48640.png,0.2339,61.49,425.9,68.0,431.56
ch2_ohr_ncp_20251105T0849435342_d_img_d18_x11520_y48640.png,0.2137,0.15,315.99,4.35,322.51
ch2_ohr_ncp_20251105T0849435342_d_img_d18_x11520_y48640.png,0.2083,59.38,343.33,66.58,349.35
ch2_ohr_ncp_20251105T0849435342_d_img_d18_x11520_y49280.png,0.3347,187.92,26.49,196.54,36.85
ch2_ohr_ncp_20251105T0849435342_d_img_d18_x11520_y49280.png,0.2878,63.63,587.55,68.69,592.5
ch2_ohr_ncp_20251105T0849435342_d_img_d18_x11520_y49280.png,0.283,0.11,468.68,4.03,476.0
ch2_ohr_ncp_20251105T0849435342_d_img_d18_x11520_y49280.png,0.2793,79.32,617.18,84.25,621.84
ch2_ohr_ncp_20251105T0849435342_d_img_d18_x11520_y49280.png,0.2607,96.3,630.13,109.65,639.58
ch2_ohr_ncp_20251105T0849435342_d_img_d18_x11520_y49280.png,0.2482,3.57,533.44,9.91,540.36
ch2_ohr_ncp_20251105T0849435342_d_img_d18_x11520_y49280.png,0.2038,29.51,467.57,36.61,475.57
ch2_ohr_ncp_20251105T0849435342_d_img_d18_x11520_y50560.png,0.4701,23.69,27.5,30.39,39.42
ch2_ohr_ncp_20251105T0849435342_d_img_d18_x11520_y51200.png,0.2711,120.67,401.87,126.59,409.43
ch2_ohr_ncp_20251105T0849435342_d_img_d18_x11520_y53120.png,0.5033,67.3,533.52,72.89,541.74
ch2_ohr_ncp_20251105T0849435342_d_img_d18_x11520_y53120.png,0.353,153.52,604.1,159.69,612.01
ch2_ohr_ncp_20251105T0849435342_d_img_d18_x11520_y53120.png,0.3455,239.69,558.37,244.22,564.01
ch2_ohr_ncp_20251105T0849435342_d_img_d18_x11520_y53120.png,0.3445,153.34,602.24,159.27,611.0
ch2_ohr_ncp_20251105T0849435342_d_img_d18_x11520_y53120.png,0.2601,103.68,560.15,108.55,566.16
ch2_ohr_ncp_20251105T0849435342_d_img_d18_x11520_y53120.png,0.2282,95.93,630.76,100.15,636.02
ch2_ohr_ncp_20251105T0849435342_d_img_d18_x11520_y53120.png,0.2165,19.68,613.7,27.43,621.28
ch2_ohr_ncp_20251105T0849435342_d_img_d18_x11520_y53120.png,0.2142,5.27,564.63,13.04,572.06
ch2_ohr_ncp_20251105T0849435342_d_img_d18_x11520_y53120.png,0.2019,0.22,556.0,6.79,563.63
ch2_ohr_ncp_20251105T0849435342_d_img_d18_x11520_y53760.png,0.4741,10.09,495.59,15.0,500.85
ch2_ohr_ncp_20251105T0849435342_d_img_d18_x11520_y53760.png,0.3877,142.47,315.12,148.49,322.2
ch2_ohr_ncp_20251105T0849435342_d_img_d18_x11520_y53760.png,0.3782,85.01,611.37,95.37,623.72
ch2_ohr_ncp_20251105T0849435342_d_img_d18_x11520_y53760.png,0.3757,63.99,446.75,71.71,457.78
ch2_ohr_ncp_20251105T0849435342_d_img_d18_x11520_y53760.png,0.3612,189.77,584.78,204.77,619.86
ch2_ohr_ncp_20251105T0849435342_d_img_d18_x11520_y53760.png,0.3427,147.65,452.33,156.32,462.3
ch2_ohr_ncp_20251105T0849435342_d_img_d18_x11520_y53760.png,0.2959,0.0,505.22,4.01,511.02
ch2_ohr_ncp_20251105T0849435342_d_img_d18_x11520_y53760.png,0.2876,7.54,318.71,14.17,325.8
ch2_ohr_ncp_20251105T0849435342_d_img_d18_x11520_y53760.png,0.2532,325.28,611.77,349.3,639.55
ch2_ohr_ncp_20251105T0849435342_d_img_d18_x11520_y53760.png,0.2494,131.83,617.11,136.85,622.87
ch2_ohr_ncp_20251105T0849435342_d_img_d18_x11520_y53760.png,0.2447,11.28,331.33,18.36,338.48
ch2_ohr_ncp_20251105T0849435342_d_img_d18_x11520_y53760.png,0.2356,0.0,575.87,6.96,590.4
ch2_ohr_ncp_20251105T0849435342_d_img_d18_x11520_y53760.png,0.2206,93.18,364.09,121.8,409.9
ch2_ohr_ncp_20251105T0849435342_d_img_d18_x11520_y53760.png,0.2123,28.66,418.98,36.08,426.82
ch2_ohr_ncp_20251105T0849435342_d_img_d18_x11520_y53760.png,0.2067,27.71,576.6,34.22,584.6
ch2_ohr_ncp_20251105T0849435342_d_img_d18_x11520_y53760.png,0.203,64.62,605.99,72.35,613.79
ch2_ohr_ncp_20251105T0849435342_d_img_d18_x11520_y55680.png,0.3446,242.47,294.5,249.27,305.39
ch2_ohr_ncp_20251105T0849435342_d_img_d18_x11520_y56320.png,0.6814,191.83,512.39,198.78,520.89
ch2_ohr_ncp_20251105T0849435342_d_img_d18_x11520_y56320.png,0.6033,193.2,488.83,201.0,496.6
ch2_ohr_ncp_20251105T0849435342_d_img_d18_x11520_y56320.png,0.4984,24.99,598.65,31.18,606.16
ch2_ohr_ncp_20251105T0849435342_d_img_d18_x11520_y56320.png,0.4943,159.51,554.19,166.48,565.34
ch2_ohr_ncp_20251105T0849435342_d_img_d18_x11520_y56320.png,0.4571,251.55,585.26,257.93,594.13
ch2_ohr_ncp_20251105T0849435342_d_img_d18_x11520_y56320.png,0.4256,25.63,607.9,30.32,613.28
ch2_ohr_ncp_20251105T0849435342_d_img_d18_x11520_y56320.png,0.4113,158.72,555.63,164.75,566.02
ch2_ohr_ncp_20251105T0849435342_d_img_d18_x11520_y56320.png,0.3701,181.09,606.24,188.0,612.01
ch2_ohr_ncp_20251105T0849435342_d_img_d18_x11520_y56320.png,0.2954,167.55,462.02,172.03,468.0
ch2_ohr_ncp_20251105T0849435342_d_img_d18_x11520_y56320.png,0.2785,179.99,606.12,186.44,612.01
ch2_ohr_ncp_20251105T0849435342_d_img_d18_x11520_y56320.png,0.2301,138.9,541.91,143.59,548.16
ch2_ohr_ncp_20251105T0849435342_d_img_d18_x11520_y56320.png,0.2215,189.13,583.63,196.03,591.95
ch2_ohr_ncp_20251105T0849435342_d_img_d18_x11520_y56320.png,0.2163,25.13,119.74,37.78,131.14
ch2_ohr_ncp_20251105T0849435342_d_img_d18_x11520_y56320.png,0.215,95.26,598.54,100.82,605.18
ch2_ohr_ncp_20251105T0849435342_d_img_d18_x11520_y56320.png,0.2068,179.38,583.77,194.97,599.34
ch2_ohr_ncp_20251105T0849435342_d_img_d18_x11520_y56320.png,0.2052,0.3,631.53,6.89,638.99
ch2_ohr_ncp_20251105T0849435342_d_img_d18_x11520_y56960.png,0.5732,284.0,381.77,290.76,389.24
ch2_ohr_ncp_20251105T0849435342_d_img_d18_x11520_y56960.png,0.5575,48.52,491.96,54.43,500.44
ch2_ohr_ncp_20251105T0849435342_d_img_d18_x11520_y56960.png,0.5533,199.26,539.65,204.92,545.78
ch2_ohr_ncp_20251105T0849435342_d_img_d18_x11520_y56960.png,0.4726,13.12,635.47,20.01,639.79
ch2_ohr_ncp_20251105T0849435342_d_img_d18_x11520_y56960.png,0.4279,93.84,547.79,100.0,553.4
ch2_ohr_ncp_20251105T0849435342_d_img_d18_x11520_y56960.png,0.4205,113.0,574.48,119.54,581.0
ch2_ohr_ncp_20251105T0849435342_d_img_d18_x11520_y56960.png,0.4077,153.03,388.0,158.09,394.19
ch2_ohr_ncp_20251105T0849435342_d_img_d18_x11520_y56960.png,0.394,46.86,456.61,54.25,470.01
ch2_ohr_ncp_20251105T0849435342_d_img_d18_x11520_y56960.png,0.371,0.0,533.84,4.04,542.67
ch2_ohr_ncp_20251105T0849435342_d_img_d18_x11520_y56960.png,0.3699,11.99,634.88,18.8,639.58
ch2_ohr_ncp_20251105T0849435342_d_img_d18_x11520_y56960.png,0.3429,0.0,435.13,4.11,441.86
ch2_ohr_ncp_20251105T0849435342_d_img_d18_x11520_y56960.png,0.3419,152.0,388.57,157.47,394.1
ch2_ohr_ncp_20251105T0849435342_d_img_d18_x11520_y56960.png,0.2973,0.03,556.9,4.01,564.0
ch2_ohr_ncp_20251105T0849435342_d_img_d18_x11520_y56960.png,0.2919,0.0,555.99,4.01,562.48
ch2_ohr_ncp_20251105T0849435342_d_img_d18_x11520_y56960.png,0.2759,439.95,266.0,447.42,274.99
ch2_ohr_ncp_20251105T0849435342_d_img_d18_x11520_y56960.png,0.2482,373.48,560.98,378.93,568.76
ch2_ohr_ncp_20251105T0849435342_d_img_d18_x11520_y56960.png,0.2345,439.39,267.14,445.83,276.02
ch2_ohr_ncp_20251105T0849435342_d_img_d18_x11520_y56960.png,0.2188,199.12,540.03,204.29,548.0
ch2_ohr_ncp_20251105T0849435342_d_img_d18_x11520_y56960.png,0.2169,31.54,607.67,36.85,614.47
ch2_ohr_ncp_20251105T0849435342_d_img_d18_x11520_y57600.png,0.5294,77.34,278.78,84.0,287.39
ch2_ohr_ncp_20251105T0849435342_d_img_d18_x11520_y57600.png,0.5119,93.89,368.57,100.02,374.62
ch2_ohr_ncp_20251105T0849435342_d_img_d18_x11520_y57600.png,0.5072,0.0,283.95,4.07,291.05
ch2_ohr_ncp_20251105T0849435342_d_img_d18_x11520_y57600.png,0.3426,32.14,482.93,37.3,488.94
ch2_ohr_ncp_20251105T0849435342_d_img_d18_x11520_y57600.png,0.3096,0.0,530.78,4.01,537.07
ch2_ohr_ncp_20251105T0849435342_d_img_d18_x11520_y57600.png,0.2975,152.29,194.19,158.69,202.13
ch2_ohr_ncp_20251105T0849435342_d_img_d18_x11520_y57600.png,0.2885,76.0,279.15,82.79,287.7
ch2_ohr_ncp_20251105T0849435342_d_img_d18_x11520_y57600.png,0.2671,107.4,214.63,113.27,221.97
ch2_ohr_ncp_20251105T0849435342_d_img_d18_x11520_y58240.png,0.512,21.0,537.55,28.12,546.79
ch2_ohr_ncp_20251105T0849435342_d_img_d18_x11520_y58240.png,0.3695,64.88,358.95,70.71,365.65
ch2_ohr_ncp_20251105T0849435342_d_img_d18_x11520_y58240.png,0.3553,0.0,352.26,4.03,357.79
ch2_ohr_ncp_20251105T0849435342_d_img_d18_x11520_y58240.png,0.35,141.81,429.75,148.02,436.07
ch2_ohr_ncp_20251105T0849435342_d_img_d18_x11520_y58240.png,0.3176,363.96,335.34,369.9,341.61
ch2_ohr_ncp_20251105T0849435342_d_img_d18_x11520_y58240.png,0.3113,0.01,178.43,4.12,184.42
ch2_ohr_ncp_20251105T0849435342_d_img_d18_x11520_y58240.png,0.2774,67.81,309.5,73.13,314.9
ch2_ohr_ncp_20251105T0849435342_d_img_d18_x11520_y58240.png,0.2643,416.23,606.97,422.76,614.78
ch2_ohr_ncp_20251105T0849435342_d_img_d18_x11520_y58240.png,0.2603,50.27,366.76,56.3,374.12
ch2_ohr_ncp_20251105T0849435342_d_img_d18_x11520_y58240.png,0.2522,67.89,499.98,73.61,506.47
ch2_ohr_ncp_20251105T0849435342_d_img_d18_x11520_y58240.png,0.2388,189.9,145.47,196.99,151.98
ch2_ohr_ncp_20251105T0849435342_d_img_d18_x11520_y58240.png,0.2267,177.53,505.88,183.64,513.24
ch2_ohr_ncp_20251105T0849435342_d_img_d18_x11520_y58240.png,0.2242,19.99,537.72,27.43,548.02
ch2_ohr_ncp_20251105T0849435342_d_img_d18_x11520_y58240.png,0.2207,3.6,582.71,12.01,591.18
ch2_ohr_ncp_20251105T0849435342_d_img_d18_x11520_y58240.png,0.2169,351.26,628.0,356.4,634.88
ch2_ohr_ncp_20251105T0849435342_d_img_d18_x11520_y58240.png,0.2143,122.11,401.37,127.72,407.5
ch2_ohr_ncp_20251105T0849435342_d_img_d18_x11520_y58240.png,0.2074,87.75,362.06,93.41,369.03
ch2_ohr_ncp_20251105T0849435342_d_img_d18_x11520_y58240.png,0.2031,176.54,522.21,182.17,528.24
ch2_ohr_ncp_20251105T0849435342_d_img_d18_x11520_y58880.png,0.2888,304.86,524.0,310.01,530.1
ch2_ohr_ncp_20251105T0849435342_d_img_d18_x11520_y58880.png,0.2379,63.5,549.61,69.32,556.0
ch2_ohr_ncp_20251105T0849435342_d_img_d18_x11520_y58880.png,0.226,19.75,12.03,27.1,20.02
ch2_ohr_ncp_20251105T0849435342_d_img_d18_x11520_y58880.png,0.2051,55.82,410.31,61.63,416.64
ch2_ohr_ncp_20251105T0849435342_d_img_d18_x11520_y59520.png,0.4531,81.9,75.03,88.26,82.29
ch2_ohr_ncp_20251105T0849435342_d_img_d18_x11520_y59520.png,0.3619,212.86,52.26,218.59,58.64
ch2_ohr_ncp_20251105T0849435342_d_img_d18_x11520_y59520.png,0.3225,68.61,195.78,74.45,202.77
ch2_ohr_ncp_20251105T0849435342_d_img_d18_x11520_y59520.png,0.2889,37.47,573.06,44.17,581.21
ch2_ohr_ncp_20251105T0849435342_d_img_d18_x11520_y60160.png,0.5549,188.0,440.54,194.55,447.28
ch2_ohr_ncp_20251105T0849435342_d_img_d18_x11520_y60160.png,0.5253,35.47,336.51,40.67,341.75
ch2_ohr_ncp_20251105T0849435342_d_img_d18_x11520_y60160.png,0.5184,189.05,440.36,196.0,447.26
ch2_ohr_ncp_20251105T0849435342_d_img_d18_x11520_y60160.png,0.4768,225.45,329.72,233.26,339.37
ch2_ohr_ncp_20251105T0849435342_d_img_d18_x11520_y60160.png,0.4708,272.47,47.34,279.29,56.19
ch2_ohr_ncp_20251105T0849435342_d_img_d18_x11520_y60160.png,0.4521,0.3,544.3,8.42,552.39
ch2_ohr_ncp_20251105T0849435342_d_img_d18_x11520_y60160.png,0.4329,83.6,481.44,91.45,493.92
ch2_ohr_ncp_20251105T0849435342_d_img_d18_x11520_y60160.png,0.4274,49.28,556.0,54.45,562.6
ch2_ohr_ncp_20251105T0849435342_d_img_d18_x11520_y60160.png,0.4181,241.33,311.7,247.41,321.13
ch2_ohr_ncp_20251105T0849435342_d_img_d18_x11520_y60160.png,0.4089,0.08,83.62,4.25,92.11
ch2_ohr_ncp_20251105T0849435342_d_img_d18_x11520_y60160.png,0.3962,70.22,482.63,76.07,489.95
ch2_ohr_ncp_20251105T0849435342_d_img_d18_x11520_y60160.png,0.321,83.94,480.03,93.41,493.62
ch2_ohr_ncp_20251105T0849435342_d_img_d18_x11520_y60160.png,0.2989,159.47,595.98,166.06,602.63
ch2_ohr_ncp_20251105T0849435342_d_img_d18_x11520_y60160.png,0.2866,34.48,617.37,41.93,625.03
ch2_ohr_ncp_20251105T0849435342_d_img_d18_x11520_y60160.png,0.284,69.92,483.97,76.03,492.0
ch2_ohr_ncp_20251105T0849435342_d_img_d18_x11520_y60160.png,0.2581,55.9,481.49,62.61,488.89
ch2_ohr_ncp_20251105T0849435342_d_img_d18_x11520_y60160.png,0.2381,268.91,268.68,278.68,277.67
ch2_ohr_ncp_20251105T0849435342_d_img_d18_x11520_y60160.png,0.2178,18.76,0.14,49.18,32.1
ch2_ohr_ncp_20251105T0849435342_d_img_d18_x11520_y60800.png,0.6721,178.35,351.5,186.27,362.1
ch2_ohr_ncp_20251105T0849435342_d_img_d18_x11520_y60800.png,0.5522,133.68,367.28,140.01,373.14
ch2_ohr_ncp_20251105T0849435342_d_img_d18_x11520_y60800.png,0.4979,187.75,427.1,193.48,433.1
ch2_ohr_ncp_20251105T0849435342_d_img_d18_x11520_y60800.png,0.3941,277.48,298.58,284.0,305.12
ch2_ohr_ncp_20251105T0849435342_d_img_d18_x11520_y60800.png,0.3294,415.43,286.16,424.06,296.23
ch2_ohr_ncp_20251105T0849435342_d_img_d18_x11520_y60800.png,0.3146,318.18,333.11,328.52,344.32
ch2_ohr_ncp_20251105T0849435342_d_img_d18_x11520_y60800.png,0.3035,178.97,351.1,188.0,360.8
ch2_ohr_ncp_20251105T0849435342_d_img_d18_x11520_y60800.png,0.2987,75.63,219.98,83.63,229.4
ch2_ohr_ncp_20251105T0849435342_d_img_d18_x11520_y60800.png,0.2768,119.9,330.16,125.52,336.45
ch2_ohr_ncp_20251105T0849435342_d_img_d18_x11520_y60800.png,0.2464,13.09,442.18,20.01,448.27
ch2_ohr_ncp_20251105T0849435342_d_img_d18_x11520_y60800.png,0.243,276.0,298.61,282.57,305.36
ch2_ohr_ncp_20251105T0849435342_d_img_d18_x11520_y60800.png,0.236,207.14,522.97,212.06,528.4
ch2_ohr_ncp_20251105T0849435342_d_img_d18_x11520_y60800.png,0.2318,132.0,366.97,138.94,373.14
ch2_ohr_ncp_20251105T0849435342_d_img_d18_x11520_y60800.png,0.2306,394.54,76.88,401.65,84.32
ch2_ohr_ncp_20251105T0849435342_d_img_d18_x11520_y60800.png,0.2068,104.99,556.0,110.29,562.53
ch2_ohr_ncp_20251105T0849435342_d_img_d18_x11520_y61440.png,0.5367,25.46,562.19,39.34,577.82
ch2_ohr_ncp_20251105T0849435342_d_img_d18_x11520_y61440.png,0.3589,0.09,220.57,4.13,228.27
ch2_ohr_ncp_20251105T0849435342_d_img_d18_x11520_y61440.png,0.3287,144.05,510.22,150.38,516.7
ch2_ohr_ncp_20251105T0849435342_d_img_d18_x11520_y62080.png,0.2617,75.88,95.66,85.61,104.35
ch2_ohr_ncp_20251105T0849435342_d_img_d18_x11520_y62080.png,0.2004,0.0,411.44,5.08,418.76
ch2_ohr_ncp_20251105T0849435342_d_img_d18_x11520_y62720.png,0.5076,75.35,343.3,81.97,352.17
ch2_ohr_ncp_20251105T0849435342_d_img_d18_x11520_y62720.png,0.3769,240.73,315.41,245.05,320.52
ch2_ohr_ncp_20251105T0849435342_d_img_d18_x11520_y62720.png,0.3137,197.5,532.62,203.54,539.08
ch2_ohr_ncp_20251105T0849435342_d_img_d18_x11520_y62720.png,0.2395,261.48,259.7,271.47,271.68
ch2_ohr_ncp_20251105T0849435342_d_img_d18_x11520_y62720.png,0.2298,207.82,255.2,213.52,262.06
ch2_ohr_ncp_20251105T0849435342_d_img_d18_x11520_y62720.png,0.2266,164.56,307.48,175.24,319.9
ch2_ohr_ncp_20251105T0849435342_d_img_d18_x11520_y62720.png,0.226,27.35,160.85,36.03,169.83
ch2_ohr_ncp_20251105T0849435342_d_img_d18_x11520_y62720.png,0.2226,238.97,546.57,245.92,554.43
ch2_ohr_ncp_20251105T0849435342_d_img_d18_x11520_y63360.png,0.4344,30.32,312.69,36.87,320.15
ch2_ohr_ncp_20251105T0849435342_d_img_d18_x11520_y63360.png,0.4032,0.06,269.03,4.11,276.0
ch2_ohr_ncp_20251105T0849435342_d_img_d18_x11520_y63360.png,0.3696,270.81,166.03,276.29,172.04
ch2_ohr_ncp_20251105T0849435342_d_img_d18_x11520_y63360.png,0.3074,5.47,376.91,12.06,383.17
ch2_ohr_ncp_20251105T0849435342_d_img_d18_x11520_y63360.png,0.2857,137.32,395.69,142.73,401.31
ch2_ohr_ncp_20251105T0849435342_d_img_d18_x11520_y63360.png,0.2847,38.18,157.27,44.14,164.03
ch2_ohr_ncp_20251105T0849435342_d_img_d18_x11520_y64000.png,0.3783,407.98,295.61,414.96,304.39
ch2_ohr_ncp_20251105T0849435342_d_img_d18_x11520_y64000.png,0.2738,34.0,622.58,41.36,629.58
ch2_ohr_ncp_20251105T0849435342_d_img_d18_x11520_y64640.png,0.4889,254.24,3.72,260.01,9.86
ch2_ohr_ncp_20251105T0849435342_d_img_d18_x11520_y64640.png,0.2615,83.99,382.33,89.47,388.89
ch2_ohr_ncp_20251105T0849435342_d_img_d18_x11520_y64640.png,0.2576,57.71,600.07,63.27,605.43
ch2_ohr_ncp_20251105T0849435342_d_img_d18_x11520_y65280.png,0.5205,21.78,491.44,28.0,497.23
ch2_ohr_ncp_20251105T0849435342_d_img_d18_x11520_y65280.png,0.3277,130.94,442.09,136.15,447.57
ch2_ohr_ncp_20251105T0849435342_d_img_d18_x11520_y65280.png,0.2195,27.99,470.23,35.53,478.93
ch2_ohr_ncp_20251105T0849435342_d_img_d18_x11520_y65920.png,0.5047,175.3,567.81,182.09,575.11
ch2_ohr_ncp_20251105T0849435342_d_img_d18_x11520_y65920.png,0.2199,5.67,66.19,12.22,73.12
ch2_ohr_ncp_20251105T0849435342_d_img_d18_x11520_y66560.png,0.6218,127.6,442.12,133.09,448.83
ch2_ohr_ncp_20251105T0849435342_d_img_d18_x11520_y66560.png,0.5834,170.25,254.69,177.56,262.76
ch2_ohr_ncp_20251105T0849435342_d_img_d18_x11520_y66560.png,0.5361,92.98,347.65,100.01,355.15
ch2_ohr_ncp_20251105T0849435342_d_img_d18_x11520_y66560.png,0.4402,130.61,506.99,139.48,516.34
ch2_ohr_ncp_20251105T0849435342_d_img_d18_x11520_y66560.png,0.4335,78.74,484.56,84.93,492.59
ch2_ohr_ncp_20251105T0849435342_d_img_d18_x11520_y66560.png,0.3638,4.24,530.52,10.42,536.72
ch2_ohr_ncp_20251105T0849435342_d_img_d18_x11520_y66560.png,0.361,4.87,530.36,12.0,536.54
ch2_ohr_ncp_20251105T0849435342_d_img_d18_x11520_y66560.png,0.2859,123.93,204.72,130.48,212.01
ch2_ohr_ncp_20251105T0849435342_d_img_d18_x11520_y66560.png,0.264,275.99,350.32,283.07,356.62
ch2_ohr_ncp_20251105T0849435342_d_img_d18_x11520_y66560.png,0.2343,275.98,223.72,282.23,229.99
ch2_ohr_ncp_20251105T0849435342_d_img_d18_x11520_y67840.png,0.659,197.32,234.91,204.69,242.62
ch2_ohr_ncp_20251105T0849435342_d_img_d18_x11520_y67840.png,0.4035,196.94,292.24,202.45,298.23
ch2_ohr_ncp_20251105T0849435342_d_img_d18_x11520_y67840.png,0.362,136.0,347.93,143.68,356.44
ch2_ohr_ncp_20251105T0849435342_d_img_d18_x11520_y67840.png,0.297,113.06,179.95,119.09,185.99
ch2_ohr_ncp_20251105T0849435342_d_img_d18_x11520_y67840.png,0.2811,157.38,587.9,173.58,614.13
ch2_ohr_ncp_20251105T0849435342_d_img_d18_x11520_y67840.png,0.2495,197.1,291.87,204.0,297.81
ch2_ohr_ncp_20251105T0849435342_d_img_d18_x11520_y68480.png,0.4862,7.67,407.53,13.27,415.05
ch2_ohr_ncp_20251105T0849435342_d_img_d18_x11520_y68480.png,0.3838,27.46,345.63,34.44,353.89
ch2_ohr_ncp_20251105T0849435342_d_img_d18_x11520_y68480.png,0.2146,35.85,480.44,41.05,486.32
ch2_ohr_ncp_20251105T0849435342_d_img_d18_x11520_y68480.png,0.2129,30.25,374.49,39.33,382.88
ch2_ohr_ncp_20251105T0849435342_d_img_d18_x11520_y69120.png,0.5275,67.75,288.22,73.41,295.55
ch2_ohr_ncp_20251105T0849435342_d_img_d18_x11520_y69120.png,0.3887,259.79,27.24,283.43,64.59
ch2_ohr_ncp_20251105T0849435342_d_img_d18_x11520_y69120.png,0.3842,47.38,327.08,56.47,341.11
ch2_ohr_ncp_20251105T0849435342_d_img_d18_x11520_y69120.png,0.3004,194.4,15.03,199.76,21.18
ch2_ohr_ncp_20251105T0849435342_d_img_d18_x11520_y69120.png,0.2949,125.91,30.32,139.64,49.95
ch2_ohr_ncp_20251105T0849435342_d_img_d18_x11520_y69120.png,0.2725,264.58,0.61,284.93,20.5
ch2_ohr_ncp_20251105T0849435342_d_img_d18_x11520_y69120.png,0.2056,79.87,267.67,87.63,274.44
ch2_ohr_ncp_20251105T0849435342_d_img_d18_x11520_y69760.png,0.2942,30.48,24.21,36.69,31.07
ch2_ohr_ncp_20251105T0849435342_d_img_d18_x11520_y70400.png,0.7571,103.31,345.5,112.39,355.58
ch2_ohr_ncp_20251105T0849435342_d_img_d18_x11520_y70400.png,0.63,4.93,74.42,12.0,80.96
ch2_ohr_ncp_20251105T0849435342_d_img_d18_x11520_y70400.png,0.586,130.37,239.08,137.54,246.85
ch2_ohr_ncp_20251105T0849435342_d_img_d18_x11520_y70400.png,0.5842,367.59,295.41,374.62,303.01
ch2_ohr_ncp_20251105T0849435342_d_img_d18_x11520_y70400.png,0.5545,250.33,153.89,259.32,162.9
ch2_ohr_ncp_20251105T0849435342_d_img_d18_x11520_y70400.png,0.5513,132.75,276.55,139.72,284.69
ch2_ohr_ncp_20251105T0849435342_d_img_d18_x11520_y70400.png,0.5248,114.32,633.27,121.56,639.42
ch2_ohr_ncp_20251105T0849435342_d_img_d18_x11520_y70400.png,0.5021,352.64,323.42,358.94,330.44
ch2_ohr_ncp_20251105T0849435342_d_img_d18_x11520_y70400.png,0.4654,4.32,260.27,9.84,265.95
ch2_ohr_ncp_20251105T0849435342_d_img_d18_x11520_y70400.png,0.448,42.01,44.0,46.4,50.52
ch2_ohr_ncp_20251105T0849435342_d_img_d18_x11520_y70400.png,0.4465,6.44,387.14,13.16,393.94
ch2_ohr_ncp_20251105T0849435342_d_img_d18_x11520_y70400.png,0.4269,85.42,584.25,92.0,591.34
ch2_ohr_ncp_20251105T0849435342_d_img_d18_x11520_y70400.png,0.4127,66.88,302.26,75.08,310.88
ch2_ohr_ncp_20251105T0849435342_d_img_d18_x11520_y70400.png,0.411,23.54,1.53,36.87,21.86
ch2_ohr_ncp_20251105T0849435342_d_img_d18_x11520_y70400.png,0.4101,0.15,504.82,6.07,512.86
ch2_ohr_ncp_20251105T0849435342_d_img_d18_x11520_y70400.png,0.4033,22.06,584.69,34.97,598.39
ch2_ohr_ncp_20251105T0849435342_d_img_d18_x11520_y70400.png,0.4008,4.0,74.38,10.79,81.5
ch2_ohr_ncp_20251105T0849435342_d_img_d18_x11520_y70400.png,0.3849,233.87,336.09,241.97,350.56
ch2_ohr_ncp_20251105T0849435342_d_img_d18_x11520_y70400.png,0.3684,24.79,2.91,34.62,21.85
ch2_ohr_ncp_20251105T0849435342_d_img_d18_x11520_y70400.png,0.3653,84.0,584.88,90.73,591.57
ch2_ohr_ncp_20251105T0849435342_d_img_d18_x11520_y70400.png,0.348,38.66,379.98,44.31,386.17
ch2_ohr_ncp_20251105T0849435342_d_img_d18_x11520_y70400.png,0.3398,149.95,389.22,156.82,396.02
ch2_ohr_ncp_20251105T0849435342_d_img_d18_x11520_y70400.png,0.3199,207.85,541.44,214.24,550.23
ch2_ohr_ncp_20251105T0849435342_d_img_d18_x11520_y70400.png,0.3182,233.85,331.97,245.75,350.66
ch2_ohr_ncp_20251105T0849435342_d_img_d18_x11520_y70400.png,0.2992,0.0,205.98,4.2,212.03
ch2_ohr_ncp_20251105T0849435342_d_img_d18_x11520_y70400.png,0.2873,225.08,244.0,234.28,254.87
ch2_ohr_ncp_20251105T0849435342_d_img_d18_x11520_y70400.png,0.2808,11.67,194.26,20.34,204.63
ch2_ohr_ncp_20251105T0849435342_d_img_d18_x11520_y70400.png,0.2593,269.57,184.95,276.0,190.37
ch2_ohr_ncp_20251105T0849435342_d_img_d18_x11520_y70400.png,0.2552,41.98,45.48,46.02,52.0
ch2_ohr_ncp_20251105T0849435342_d_img_d18_x11520_y70400.png,0.2489,16.48,369.77,23.79,377.04
ch2_ohr_ncp_20251105T0849435342_d_img_d18_x11520_y70400.png,0.2376,109.31,509.15,116.26,519.69
ch2_ohr_ncp_20251105T0849435342_d_img_d18_x11520_y70400.png,0.2334,78.33,444.28,89.43,457.15
ch2_ohr_ncp_20251105T0849435342_d_img_d18_x11520_y70400.png,0.2303,216.51,522.61,223.77,530.23
ch2_ohr_ncp_20251105T0849435342_d_img_d18_x11520_y70400.png,0.2247,13.08,194.0,20.75,203.27
ch2_ohr_ncp_20251105T0849435342_d_img_d18_x11520_y70400.png,0.2227,265.45,286.51,270.21,292.42
ch2_ohr_ncp_20251105T0849435342_d_img_d18_x11520_y70400.png,0.2226,109.61,243.31,116.0,249.14
ch2_ohr_ncp_20251105T0849435342_d_img_d18_x11520_y70400.png,0.2172,108.0,509.91,115.43,519.9
ch2_ohr_ncp_20251105T0849435342_d_img_d18_x11520_y70400.png,0.216,4.53,259.82,12.0,265.76
ch2_ohr_ncp_20251105T0849435342_d_img_d18_x11520_y70400.png,0.2126,187.35,250.74,193.42,257.62
ch2_ohr_ncp_20251105T0849435342_d_img_d18_x11520_y70400.png,0.2096,134.48,35.75,140.02,40.88
ch2_ohr_ncp_20251105T0849435342_d_img_d18_x11520_y70400.png,0.2081,149.59,9.76,156.21,16.38
ch2_ohr_ncp_20251105T0849435342_d_img_d18_x11520_y70400.png,0.2047,154.66,19.37,161.53,26.88
ch2_ohr_ncp_20251105T0849435342_d_img_d18_x11520_y71040.png,0.2791,48.77,264.0,53.6,269.31
ch2_ohr_ncp_20251105T0849435342_d_img_d18_x11520_y71040.png,0.2685,29.48,236.54,40.11,255.93
ch2_ohr_ncp_20251105T0849435342_d_img_d18_x11520_y71040.png,0.2607,115.36,203.3,122.04,212.19
ch2_ohr_ncp_20251105T0849435342_d_img_d18_x11520_y71040.png,0.2536,103.02,206.21,108.03,212.45
ch2_ohr_ncp_20251105T0849435342_d_img_d18_x11520_y71040.png,0.2398,33.51,283.86,37.23,288.27
ch2_ohr_ncp_20251105T0849435342_d_img_d18_x11520_y71680.png,0.2018,66.08,8.04,70.76,14.43
ch2_ohr_ncp_20251105T0849435342_d_img_d18_x11520_y72960.png,0.4744,157.79,379.92,164.01,385.8
ch2_ohr_ncp_20251105T0849435342_d_img_d18_x11520_y72960.png,0.4413,136.44,358.41,143.43,368.02
ch2_ohr_ncp_20251105T0849435342_d_img_d18_x11520_y72960.png,0.2969,77.44,379.23,86.73,388.28
ch2_ohr_ncp_20251105T0849435342_d_img_d18_x11520_y72960.png,0.2513,0.0,398.36,16.22,421.95
ch2_ohr_ncp_20251105T0849435342_d_img_d18_x11520_y73600.png,0.398,22.1,627.52,28.0,633.39
ch2_ohr_ncp_20251105T0849435342_d_img_d18_x11520_y74240.png,0.5583,0.02,549.44,4.11,556.03
ch2_ohr_ncp_20251105T0849435342_d_img_d18_x11520_y74240.png,0.4338,139.02,600.6,149.92,611.84
ch2_ohr_ncp_20251105T0849435342_d_img_d18_x11520_y74240.png,0.3538,92.0,579.52,97.21,584.91
ch2_ohr_ncp_20251105T0849435342_d_img_d18_x11520_y74240.png,0.2937,17.67,451.56,24.11,458.42
ch2_ohr_ncp_20251105T0849435342_d_img_d18_x11520_y74240.png,0.2458,250.14,623.45,256.11,629.92
ch2_ohr_ncp_20251105T0849435342_d_img_d18_x11520_y74240.png,0.2406,422.46,508.14,437.45,523.89
ch2_ohr_ncp_20251105T0849435342_d_img_d18_x11520_y74880.png,0.554,71.64,559.09,77.65,565.85
ch2_ohr_ncp_20251105T0849435342_d_img_d18_x11520_y74880.png,0.5491,120.93,621.43,132.01,631.98
ch2_ohr_ncp_20251105T0849435342_d_img_d18_x11520_y74880.png,0.4788,87.76,552.24,95.59,561.37
ch2_ohr_ncp_20251105T0849435342_d_img_d18_x11520_y74880.png,0.2947,111.59,334.33,117.03,340.14
ch2_ohr_ncp_20251105T0849435342_d_img_d18_x11520_y74880.png,0.2536,79.11,323.1,86.67,333.33
ch2_ohr_ncp_20251105T0849435342_d_img_d18_x11520_y74880.png,0.2278,51.72,535.7,56.97,542.55
ch2_ohr_ncp_20251105T0849435342_d_img_d18_x11520_y74880.png,0.2127,24.27,616.09,29.5,622.26
ch2_ohr_ncp_20251105T0849435342_d_img_d18_x11520_y74880.png,0.2088,23.82,615.55,30.37,622.84
ch2_ohr_ncp_20251105T0849435342_d_img_d18_x11520_y74880.png,0.2027,97.1,455.46,104.7,463.26
ch2_ohr_ncp_20251105T0849435342_d_img_d18_x11520_y76160.png,0.2483,390.14,284.56,396.4,292.22
ch2_ohr_ncp_20251105T1048273563_d_img_d18_x00000_y55040.png,0.3501,498.81,633.43,505.07,637.8
ch2_ohr_ncp_20251105T1048273563_d_img_d18_x00000_y55040.png,0.2668,335.03,630.64,340.31,636.04
ch2_ohr_ncp_20251105T1048273563_d_img_d18_x00000_y55680.png,0.225,600.15,609.84,606.0,615.16
ch2_ohr_ncp_20251105T1048273563_d_img_d18_x00640_y76160.png,0.2194,630.93,597.21,637.54,604.26
ch2_ohr_ncp_20251105T1048273563_d_img_d18_x00640_y76800.png,0.2464,608.68,59.75,615.53,68.05
ch2_ohr_ncp_20251105T1048273563_d_img_d18_x00640_y76800.png,0.2206,603.27,223.2,606.83,228.01
ch2_ohr_ncp_20251105T1048273563_d_img_d18_x00640_y76800.png,0.2109,376.2,634.94,380.6,639.12
ch2_ohr_ncp_20251105T1048273563_d_img_d18_x00640_y76800.png,0.2037,612.32,558.97,639.28,605.12
ch2_ohr_ncp_20251105T1048273563_d_img_d18_x00640_y77440.png,0.2561,518.71,22.27,530.55,34.04
ch2_ohr_ncp_20251105T1048273563_d_img_d18_x00640_y77440.png,0.2476,519.37,61.54,526.42,68.26
ch2_ohr_ncp_20251105T1048273563_d_img_d18_x01280_y75520.png,0.2178,35.31,200.95,43.1,211.42
ch2_ohr_ncp_20251105T1048273563_d_img_d18_x01280_y75520.png,0.2124,631.12,571.99,636.03,576.53
ch2_ohr_ncp_20251105T1048273563_d_img_d18_x01280_y76160.png,0.4538,0.15,502.55,7.23,510.59
ch2_ohr_ncp_20251105T1048273563_d_img_d18_x01280_y76160.png,0.4157,44.8,615.94,54.06,627.15
ch2_ohr_ncp_20251105T1048273563_d_img_d18_x01280_y76160.png,0.3337,35.55,619.14,40.69,624.7
ch2_ohr_ncp_20251105T1048273563_d_img_d18_x01280_y76160.png,0.2583,631.83,6.74,639.17,17.33
ch2_ohr_ncp_20251105T1048273563_d_img_d18_x01280_y76160.png,0.2571,67.99,632.04,73.43,636.22
ch2_ohr_ncp_20251105T1048273563_d_img_d18_x01280_y76160.png,0.2131,43.95,617.96,53.03,628.05
ch2_ohr_ncp_20251105T1048273563_d_img_d18_x01920_y64640.png,0.2968,632.61,386.44,637.9,392.46
ch2_ohr_ncp_20251105T1048273563_d_img_d18_x01920_y64640.png,0.2859,331.98,581.73,339.64,589.21
ch2_ohr_ncp_20251105T1048273563_d_img_d18_x01920_y64640.png,0.2706,97.37,611.35,101.37,615.95
ch2_ohr_ncp_20251105T1048273563_d_img_d18_x01920_y64640.png,0.2641,412.09,143.43,457.33,191.51
ch2_ohr_ncp_20251105T1048273563_d_img_d18_x01920_y64640.png,0.2405,607.03,377.68,612.75,383.52
ch2_ohr_ncp_20251105T1048273563_d_img_d18_x01920_y64640.png,0.2141,26.51,377.73,31.22,382.45
ch2_ohr_ncp_20251105T1048273563_d_img_d18_x01920_y64640.png,0.2127,392.74,528.3,398.02,534.28
ch2_ohr_ncp_20251105T1048273563_d_img_d18_x01920_y64640.png,0.2047,348.0,586.45,355.65,591.67
ch2_ohr_ncp_20251105T1048273563_d_img_d18_x01920_y64640.png,0.2033,356.0,579.97,361.36,585.2
ch2_ohr_ncp_20251105T1048273563_d_img_d18_x01920_y64640.png,0.2003,27.22,385.16,33.6,391.25
ch2_ohr_ncp_20251105T1048273563_d_img_d18_x01920_y75520.png,0.3039,566.51,628.0,572.0,633.89
ch2_ohr_ncp_20251105T1048273563_d_img_d18_x01920_y75520.png,0.2611,0.15,585.7,5.3,591.63
ch2_ohr_ncp_20251105T1048273563_d_img_d18_x01920_y76160.png,0.22,626.6,630.14,632.48,636.51
ch2_ohr_ncp_20251105T1048273563_d_img_d18_x01920_y76160.png,0.2066,579.48,507.97,584.45,516.76
ch2_ohr_ncp_20251105T1048273563_d_img_d18_x02560_y64640.png,0.476,6.71,522.61,12.14,528.97
ch2_ohr_ncp_20251105T1048273563_d_img_d18_x02560_y64640.png,0.4703,26.63,598.44,32.01,604.15
ch2_ohr_ncp_20251105T1048273563_d_img_d18_x02560_y64640.png,0.4387,11.87,569.75,16.23,574.52
ch2_ohr_ncp_20251105T1048273563_d_img_d18_x02560_y64640.png,0.4017,105.89,594.23,110.89,599.37
ch2_ohr_ncp_20251105T1048273563_d_img_d18_x02560_y64640.png,0.3054,19.16,581.99,24.82,588.46
ch2_ohr_ncp_20251105T1048273563_d_img_d18_x02560_y64640.png,0.2473,144.08,631.38,155.15,639.14
ch2_ohr_ncp_20251105T1048273563_d_img_d18_x02560_y64640.png,0.2471,6.8,523.41,12.07,532.0
ch2_ohr_ncp_20251105T1048273563_d_img_d18_x03840_y58880.png,0.2782,623.65,627.91,630.18,634.24
ch2_ohr_ncp_20251105T1048273563_d_img_d18_x03840_y58880.png,0.2715,555.9,633.34,562.11,638.83
ch2_ohr_ncp_20251105T1048273563_d_img_d18_x03840_y67840.png,0.3602,316.79,251.31,380.94,319.84
ch2_ohr_ncp_20251105T1048273563_d_img_d18_x05120_y56960.png,0.2447,632.63,2.58,638.76,11.02
ch2_ohr_ncp_20251105T1048273563_d_img_d18_x05120_y58240.png,0.2445,207.49,471.27,281.99,540.13
ch2_ohr_ncp_20251105T1048273563_d_img_d18_x05120_y60160.png,0.2477,0.0,301.6,37.85,354.71
ch2_ohr_ncp_20251105T1048273563_d_img_d18_x05760_y48640.png,0.2325,286.17,197.87,343.16,238.56
ch2_ohr_ncp_20251105T1048273563_d_img_d18_x05760_y65920.png,0.511,613.77,612.19,618.63,617.25
ch2_ohr_ncp_20251105T1048273563_d_img_d18_x05760_y65920.png,0.2362,582.49,626.96,589.95,634.83
ch2_ohr_ncp_20251105T1048273563_d_img_d18_x06400_y57600.png,0.2135,616.07,529.44,620.48,533.85
ch2_ohr_ncp_20251105T1048273563_d_img_d18_x06400_y58240.png,0.2076,617.4,606.43,639.58,637.22
ch2_ohr_ncp_20251105T1048273563_d_img_d18_x06400_y59520.png,0.2072,16.05,165.52,20.25,172.0
ch2_ohr_ncp_20251105T1048273563_d_img_d18_x06400_y61440.png,0.3304,277.27,16.37,300.76,49.14
ch2_ohr_ncp_20251105T1048273563_d_img_d18_x07040_y51840.png,0.2996,101.49,60.94,166.15,136.97
ch2_ohr_ncp_20251105T1048273563_d_img_d18_x07040_y55680.png,0.2282,598.66,366.81,640.0,442.81
ch2_ohr_ncp_20251105T1048273563_d_img_d18_x07040_y61440.png,0.204,0.0,310.45,47.15,374.8
ch2_ohr_ncp_20251105T1048273563_d_img_d18_x08960_y58240.png,0.2,0.0,112.12,39.22,182.7
ch2_ohr_ncp_20251105T1048273563_d_img_d18_x08960_y66560.png,0.204,589.22,629.66,596.49,636.51
ch2_ohr_ncp_20251105T1048273563_d_img_d18_x09600_y48000.png,0.2613,146.95,407.46,199.29,458.64
ch2_ohr_ncp_20251105T1048273563_d_img_d18_x09600_y48000.png,0.2253,136.84,406.51,201.61,467.49
ch2_ohr_ncp_20251105T1048273563_d_img_d18_x09600_y49280.png,0.4613,519.83,611.89,526.39,619.75
ch2_ohr_ncp_20251105T1048273563_d_img_d18_x09600_y49280.png,0.333,482.09,632.47,487.01,637.03
ch2_ohr_ncp_20251105T1048273563_d_img_d18_x09600_y49280.png,0.2729,543.22,620.0,548.33,625.59
ch2_ohr_ncp_20251105T1048273563_d_img_d18_x09600_y49920.png,0.3209,565.3,377.46,584.02,404.08
ch2_ohr_ncp_20251105T1048273563_d_img_d18_x09600_y49920.png,0.2224,629.73,348.21,639.08,360.01
ch2_ohr_ncp_20251105T1048273563_d_img_d18_x10880_y55680.png,0.2129,598.57,0.0,640.0,38.66
ch2_ohr_ncp_20251105T1048273563_d_img_d18_x10880_y64640.png,0.5058,342.27,90.28,349.15,97.49
ch2_ohr_ncp_20251105T1048273563_d_img_d18_x10880_y64640.png,0.2931,240.17,291.99,244.63,297.13
ch2_ohr_ncp_20251105T1048273563_d_img_d18_x10880_y64640.png,0.2894,405.99,5.55,411.24,11.38
ch2_ohr_ncp_20251105T1048273563_d_img_d18_x10880_y64640.png,0.2538,520.66,43.92,525.27,48.3
ch2_ohr_ncp_20251105T1048273563_d_img_d18_x10880_y64640.png,0.2378,15.12,617.05,20.06,621.82
ch2_ohr_ncp_20251105T1048273563_d_img_d18_x10880_y64640.png,0.2217,231.74,5.25,237.41,11.25
ch2_ohr_ncp_20251105T1048273563_d_img_d18_x11520_y49920.png,0.2955,1.54,439.13,9.56,448.2
ch2_ohr_ncp_20251105T1048273563_d_img_d18_x11520_y49920.png,0.2614,166.08,469.7,171.74,476.68
ch2_ohr_ncp_20251105T1048273563_d_img_d18_x11520_y51840.png,0.356,20.84,520.66,28.21,527.41
ch2_ohr_ncp_20251105T1048273563_d_img_d18_x11520_y51840.png,0.3036,18.11,520.59,26.81,528.39
ch2_ohr_ncp_20251105T1048273563_d_img_d18_x11520_y51840.png,0.2847,14.5,623.28,20.45,629.56
ch2_ohr_ncp_20251105T1048273563_d_img_d18_x11520_y53120.png,0.3359,146.07,569.3,152.71,577.91
ch2_ohr_ncp_20251105T1048273563_d_img_d18_x11520_y53120.png,0.2733,233.65,407.7,242.25,417.83
ch2_ohr_ncp_20251105T1048273563_d_img_d18_x11520_y53120.png,0.2346,118.34,164.82,124.19,171.36
ch2_ohr_ncp_20251105T1048273563_d_img_d18_x11520_y53120.png,0.2159,47.67,203.98,52.31,209.97
ch2_ohr_ncp_20251105T1048273563_d_img_d18_x11520_y54400.png,0.4616,23.02,233.89,29.07,239.93
ch2_ohr_ncp_20251105T1048273563_d_img_d18_x11520_y54400.png,0.3608,27.28,130.01,33.57,137.61
ch2_ohr_ncp_20251105T1048273563_d_img_d18_x11520_y54400.png,0.3069,445.82,366.52,465.92,392.46
ch2_ohr_ncp_20251105T1048273563_d_img_d18_x11520_y55680.png,0.3856,419.31,407.96,470.28,463.39
ch2_ohr_ncp_20251105T1048273563_d_img_d18_x11520_y56320.png,0.326,38.04,298.18,45.76,306.42
ch2_ohr_ncp_20251105T1048273563_d_img_d18_x11520_y58240.png,0.2216,54.84,507.61,60.81,515.76
ch2_ohr_ncp_20251105T1048273563_d_img_d18_x11520_y69120.png,0.3544,9.23,632.93,15.86,639.08
ch2_ohr_ncp_20251227T1027178560_d_img_d18_x00000_y58880.png,0.2021,0.0,10.54,55.13,64.93
ch2_ohr_ncp_20251227T1027178560_d_img_d18_x00000_y66560.png,0.232,117.52,597.99,194.59,640.0
ch2_ohr_ncp_20251227T1027178560_d_img_d18_x00640_y64000.png,0.2524,103.05,588.0,108.34,594.09
ch2_ohr_ncp_20251227T1027178560_d_img_d18_x00640_y66560.png,0.3304,583.28,568.0,592.61,578.27
ch2_ohr_ncp_20251227T1027178560_d_img_d18_x00640_y66560.png,0.2229,580.0,569.0,592.21,577.26
ch2_ohr_ncp_20251227T1027178560_d_img_d18_x00640_y67200.png,0.2418,144.92,157.33,208.07,212.74
ch2_ohr_ncp_20251227T1027178560_d_img_d18_x00640_y67200.png,0.212,123.89,156.26,212.34,218.7
ch2_ohr_ncp_20251227T1027178560_d_img_d18_x00640_y67840.png,0.2285,536.56,0.17,541.29,4.35
ch2_ohr_ncp_20251227T1027178560_d_img_d18_x00640_y68480.png,0.2231,586.55,1.72,638.4,66.02
ch2_ohr_ncp_20251227T1027178560_d_img_d18_x01280_y55040.png,0.2047,268.05,565.2,334.1,631.18
ch2_ohr_ncp_20251227T1027178560_d_img_d18_x01280_y57600.png,0.2211,0.0,554.81,40.81,609.7
ch2_ohr_ncp_20251227T1027178560_d_img_d18_x01280_y60800.png,0.2468,25.15,11.6,31.62,16.62
ch2_ohr_ncp_20251227T1027178560_d_img_d18_x01280_y60800.png,0.2074,9.29,2.69,16.31,9.62
ch2_ohr_ncp_20251227T1027178560_d_img_d18_x01280_y61440.png,0.2894,69.86,315.51,130.88,372.3
ch2_ohr_ncp_20251227T1027178560_d_img_d18_x01280_y68480.png,0.5525,8.39,613.98,73.68,639.96
ch2_ohr_ncp_20251227T1027178560_d_img_d18_x01280_y68480.png,0.2037,448.94,135.57,506.88,181.19
ch2_ohr_ncp_20251227T1027178560_d_img_d18_x01280_y76800.png,0.2773,0.0,191.11,54.27,255.34
ch2_ohr_ncp_20251227T1027178560_d_img_d18_x01280_y77440.png,0.2303,9.62,220.0,16.94,226.26
ch2_ohr_ncp_20251227T1027178560_d_img_d18_x01280_y79360.png,0.2709,0.0,589.16,105.38,640.0
ch2_ohr_ncp_20251227T1027178560_d_img_d18_x01920_y55040.png,0.2055,0.0,558.56,37.37,622.84
ch2_ohr_ncp_20251227T1027178560_d_img_d18_x01920_y57600.png,0.2302,27.05,591.48,103.53,640.0
ch2_ohr_ncp_20251227T1027178560_d_img_d18_x01920_y62720.png,0.3054,4.5,138.49,84.56,196.26
ch2_ohr_ncp_20251227T1027178560_d_img_d18_x01920_y62720.png,0.2364,44.86,290.64,120.65,340.42
ch2_ohr_ncp_20251227T1027178560_d_img_d18_x01920_y62720.png,0.2159,71.33,294.08,116.92,327.64
ch2_ohr_ncp_20251227T1027178560_d_img_d18_x01920_y64000.png,0.2285,70.3,11.02,83.36,17.25
ch2_ohr_ncp_20251227T1027178560_d_img_d18_x01920_y64000.png,0.2023,510.64,3.15,516.05,7.08
ch2_ohr_ncp_20251227T1027178560_d_img_d18_x01920_y65280.png,0.3066,566.7,87.92,597.72,112.21
ch2_ohr_ncp_20251227T1027178560_d_img_d18_x01920_y65920.png,0.2202,0.0,340.21,39.4,418.19
ch2_ohr_ncp_20251227T1027178560_d_img_d18_x01920_y66560.png,0.2002,272.24,6.98,309.39,46.46
ch2_ohr_ncp_20251227T1027178560_d_img_d18_x01920_y68480.png,0.2179,75.54,534.48,141.15,575.76
ch2_ohr_ncp_20251227T1027178560_d_img_d18_x02560_y53760.png,0.2287,627.99,619.2,634.91,624.47
ch2_ohr_ncp_20251227T1027178560_d_img_d18_x02560_y56320.png,0.2297,447.31,9.34,453.28,14.78
ch2_ohr_ncp_20251227T1027178560_d_img_d18_x02560_y57600.png,0.234,555.99,0.28,562.58,4.43
ch2_ohr_ncp_20251227T1027178560_d_img_d18_x02560_y64640.png,0.2062,56.42,282.85,61.29,287.99
ch2_ohr_ncp_20251227T1027178560_d_img_d18_x02560_y65280.png,0.2684,626.54,6.86,631.08,12.0
ch2_ohr_ncp_20251227T1027178560_d_img_d18_x02560_y65920.png,0.232,560.65,516.0,565.98,521.62
ch2_ohr_ncp_20251227T1027178560_d_img_d18_x02560_y76160.png,0.3372,599.07,587.02,613.18,600.08
ch2_ohr_ncp_20251227T1027178560_d_img_d18_x02560_y76160.png,0.2015,0.2,11.51,5.66,16.45
ch2_ohr_ncp_20251227T1027178560_d_img_d18_x02560_y76800.png,0.2434,544.02,203.23,628.76,273.21
ch2_ohr_ncp_20251227T1027178560_d_img_d18_x03200_y53760.png,0.3135,57.46,10.36,64.61,16.97
ch2_ohr_ncp_20251227T1027178560_d_img_d18_x03200_y56960.png,0.2194,479.24,146.41,548.8,203.6
ch2_ohr_ncp_20251227T1027178560_d_img_d18_x03200_y57600.png,0.6708,291.73,616.03,301.3,624.27
ch2_ohr_ncp_20251227T1027178560_d_img_d18_x03200_y62080.png,0.2214,23.13,2.09,29.57,8.58
ch2_ohr_ncp_20251227T1027178560_d_img_d18_x03200_y64000.png,0.2923,108.75,0.0,161.75,47.91
ch2_ohr_ncp_20251227T1027178560_d_img_d18_x03200_y64000.png,0.2601,72.17,0.0,77.6,4.02
ch2_ohr_ncp_20251227T1027178560_d_img_d18_x03200_y66560.png,0.2026,13.47,602.18,93.6,640.0
ch2_ohr_ncp_20251227T1027178560_d_img_d18_x03200_y75520.png,0.2772,140.31,0.19,185.72,20.19
ch2_ohr_ncp_20251227T1027178560_d_img_d18_x03200_y78080.png,0.2105,583.44,3.92,589.36,10.44
ch2_ohr_ncp_20251227T1027178560_d_img_d18_x03840_y56320.png,0.2096,481.09,597.29,551.01,640.0
ch2_ohr_ncp_20251227T1027178560_d_img_d18_x03840_y56960.png,0.294,501.62,512.29,543.67,550.57
ch2_ohr_ncp_20251227T1027178560_d_img_d18_x03840_y56960.png,0.2898,491.49,511.78,547.11,562.02
ch2_ohr_ncp_20251227T1027178560_d_img_d18_x03840_y62720.png,0.2219,5.64,3.99,12.49,9.95
ch2_ohr_ncp_20251227T1027178560_d_img_d18_x03840_y66560.png,0.211,495.06,4.0,500.99,10.67
ch2_ohr_ncp_20251227T1027178560_d_img_d18_x03840_y68480.png,0.2236,67.74,404.7,145.62,470.11
ch2_ohr_ncp_20251227T1027178560_d_img_d18_x03840_y74880.png,0.4215,484.87,9.97,492.02,15.43
ch2_ohr_ncp_20251227T1027178560_d_img_d18_x03840_y75520.png,0.2894,0.0,259.41,42.38,322.64
ch2_ohr_ncp_20251227T1027178560_d_img_d18_x03840_y75520.png,0.2358,0.0,263.48,49.6,327.63
ch2_ohr_ncp_20251227T1027178560_d_img_d18_x03840_y76800.png,0.2564,0.0,605.67,46.77,639.52
ch2_ohr_ncp_20251227T1027178560_d_img_d18_x03840_y76800.png,0.2253,0.0,601.11,57.67,640.0
ch2_ohr_ncp_20251227T1027178560_d_img_d18_x04480_y54400.png,0.2064,503.12,1.37,508.28,6.52
ch2_ohr_ncp_20251227T1027178560_d_img_d18_x04480_y57600.png,0.213,284.0,283.49,289.53,288.08
ch2_ohr_ncp_20251227T1027178560_d_img_d18_x04480_y64640.png,0.2577,434.93,237.46,496.0,273.6
ch2_ohr_ncp_20251227T1027178560_d_img_d18_x04480_y64640.png,0.2195,520.48,3.27,526.05,8.25
ch2_ohr_ncp_20251227T1027178560_d_img_d18_x05120_y58880.png,0.26,437.36,242.84,558.35,308.84
ch2_ohr_ncp_20251227T1027178560_d_img_d18_x05120_y58880.png,0.2171,459.14,239.11,567.56,301.62
ch2_ohr_ncp_20251227T1027178560_d_img_d18_x05120_y61440.png,0.2093,60.15,611.57,110.48,638.35
ch2_ohr_ncp_20251227T1027178560_d_img_d18_x05120_y64000.png,0.2046,245.34,2.03,255.11,11.03
ch2_ohr_ncp_20251227T1027178560_d_img_d18_x05120_y71040.png,0.2237,0.0,241.72,55.99,294.04
ch2_ohr_ncp_20251227T1027178560_d_img_d18_x05120_y76800.png,0.2432,69.8,579.17,142.77,640.0
ch2_ohr_ncp_20251227T1027178560_d_img_d18_x05120_y99200.png,0.3575,466.67,150.73,529.32,209.52
ch2_ohr_ncp_20251227T1027178560_d_img_d18_x05760_y53760.png,0.3003,392.04,39.59,450.83,86.23
ch2_ohr_ncp_20251227T1027178560_d_img_d18_x05760_y56960.png,0.2286,0.07,403.99,4.9,410.13
ch2_ohr_ncp_20251227T1027178560_d_img_d18_x05760_y57600.png,0.2203,487.38,82.1,532.24,123.23
ch2_ohr_ncp_20251227T1027178560_d_img_d18_x05760_y59520.png,0.253,122.95,628.0,127.66,633.84
ch2_ohr_ncp_20251227T1027178560_d_img_d18_x05760_y61440.png,0.4112,443.16,2.8,447.41,6.99
ch2_ohr_ncp_20251227T1027178560_d_img_d18_x05760_y61440.png,0.2282,361.85,395.72,365.46,399.64
ch2_ohr_ncp_20251227T1027178560_d_img_d18_x05760_y64640.png,0.3512,393.8,2.69,400.76,7.95
ch2_ohr_ncp_20251227T1027178560_d_img_d18_x05760_y64640.png,0.2791,376.92,0.0,383.93,6.43
ch2_ohr_ncp_20251227T1027178560_d_img_d18_x05760_y74240.png,0.4287,285.52,1.26,297.92,9.9
ch2_ohr_ncp_20251227T1027178560_d_img_d18_x05760_y98560.png,0.4209,268.18,88.28,332.93,147.76
ch2_ohr_ncp_20251227T1027178560_d_img_d18_x05760_y98560.png,0.359,280.05,89.47,332.01,130.81
ch2_ohr_ncp_20251227T1027178560_d_img_d18_x05760_y98560.png,0.2534,185.52,162.47,243.83,212.67
ch2_ohr_ncp_20251227T1027178560_d_img_d18_x06400_y62080.png,0.279,0.0,579.59,33.01,640.0
ch2_ohr_ncp_20251227T1027178560_d_img_d18_x06400_y64000.png,0.23,39.44,2.94,44.04,7.33
ch2_ohr_ncp_20251227T1027178560_d_img_d18_x06400_y64000.png,0.2028,56.31,6.08,61.09,12.0
ch2_ohr_ncp_20251227T1027178560_d_img_d18_x06400_y73600.png,0.219,520.55,584.64,593.61,640.0
ch2_ohr_ncp_20251227T1027178560_d_img_d18_x06400_y97280.png,0.3329,0.0,358.38,65.94,403.99
ch2_ohr_ncp_20251227T1027178560_d_img_d18_x06400_y97280.png,0.2501,175.17,257.69,246.43,301.29
ch2_ohr_ncp_20251227T1027178560_d_img_d18_x06400_y97920.png,0.2452,36.95,430.16,131.27,497.27
ch2_ohr_ncp_20251227T1027178560_d_img_d18_x06400_y98560.png,0.2548,150.32,628.0,156.25,634.68
ch2_ohr_ncp_20251227T1027178560_d_img_d18_x06400_y98560.png,0.2522,120.24,339.45,200.01,401.02
ch2_ohr_ncp_20251227T1027178560_d_img_d18_x07040_y100480.png,0.2128,485.73,318.41,492.02,324.04
ch2_ohr_ncp_20251227T1027178560_d_img_d18_x07040_y55680.png,0.3174,156.18,259.76,224.68,324.3
ch2_ohr_ncp_20251227T1027178560_d_img_d18_x07040_y58880.png,0.2096,565.62,55.57,627.57,110.61
ch2_ohr_ncp_20251227T1027178560_d_img_d18_x07040_y60160.png,0.2739,565.71,328.71,640.0,361.21
ch2_ohr_ncp_20251227T1027178560_d_img_d18_x07040_y73600.png,0.2535,0.0,544.39,50.58,601.75
ch2_ohr_ncp_20251227T1027178560_d_img_d18_x07040_y97280.png,0.2312,8.98,528.16,117.46,595.69
ch2_ohr_ncp_20251227T1027178560_d_img_d18_x07040_y99840.png,0.2271,234.57,593.58,333.28,638.01
ch2_ohr_ncp_20251227T1027178560_d_img_d18_x07680_y100480.png,0.4678,534.16,2.58,549.42,14.61
ch2_ohr_ncp_20251227T1027178560_d_img_d18_x07680_y100480.png,0.3631,32.67,299.98,40.94,308.03
ch2_ohr_ncp_20251227T1027178560_d_img_d18_x07680_y100480.png,0.3034,561.3,190.7,577.37,204.36
ch2_ohr_ncp_20251227T1027178560_d_img_d18_x07680_y100480.png,0.2954,267.66,154.73,275.09,161.68
ch2_ohr_ncp_20251227T1027178560_d_img_d18_x07680_y100480.png,0.264,315.53,295.02,328.41,304.54
ch2_ohr_ncp_20251227T1027178560_d_img_d18_x07680_y100480.png,0.2428,118.05,324.55,122.86,329.37
ch2_ohr_ncp_20251227T1027178560_d_img_d18_x07680_y100480.png,0.2333,388.16,203.29,396.9,212.09
ch2_ohr_ncp_20251227T1027178560_d_img_d18_x07680_y100480.png,0.2316,287.65,155.69,293.91,161.55
ch2_ohr_ncp_20251227T1027178560_d_img_d18_x07680_y100480.png,0.2232,514.43,12.86,525.0,21.72
ch2_ohr_ncp_20251227T1027178560_d_img_d18_x07680_y100480.png,0.2202,575.68,231.2,581.9,237.22
ch2_ohr_ncp_20251227T1027178560_d_img_d18_x07680_y100480.png,0.2062,72.02,307.8,78.0,313.17
ch2_ohr_ncp_20251227T1027178560_d_img_d18_x07680_y100480.png,0.2013,33.25,348.0,39.67,354.47
ch2_ohr_ncp_20251227T1027178560_d_img_d18_x07680_y54400.png,0.2146,0.0,598.93,63.2,638.8
ch2_ohr_ncp_20251227T1027178560_d_img_d18_x07680_y62080.png,0.3276,180.31,580.32,293.06,640.0
ch2_ohr_ncp_20251227T1027178560_d_img_d18_x07680_y71040.png,0.2228,483.28,624.72,488.11,629.81
ch2_ohr_ncp_20251227T1027178560_d_img_d18_x07680_y75520.png,0.2034,549.54,119.4,599.87,165.22
ch2_ohr_ncp_20251227T1027178560_d_img_d18_x07680_y76160.png,0.2808,418.98,78.28,482.29,147.98
ch2_ohr_ncp_20251227T1027178560_d_img_d18_x07680_y96640.png,0.331,37.2,58.47,47.16,68.57
ch2_ohr_ncp_20251227T1027178560_d_img_d18_x07680_y96640.png,0.2532,36.0,58.94,46.23,67.12
ch2_ohr_ncp_20251227T1027178560_d_img_d18_x07680_y96640.png,0.2101,380.51,142.86,490.53,198.64
ch2_ohr_ncp_20251227T1027178560_d_img_d18_x08320_y100480.png,0.4221,87.45,82.27,94.35,88.63
ch2_ohr_ncp_20251227T1027178560_d_img_d18_x08320_y100480.png,0.3837,594.95,242.4,601.98,249.48
ch2_ohr_ncp_20251227T1027178560_d_img_d18_x08320_y100480.png,0.3069,164.62,287.6,177.3,298.37
ch2_ohr_ncp_20251227T1027178560_d_img_d18_x08320_y100480.png,0.2487,30.91,131.19,36.04,135.48
ch2_ohr_ncp_20251227T1027178560_d_img_d18_x08320_y100480.png,0.2424,562.56,17.92,568.84,24.42
ch2_ohr_ncp_20251227T1027178560_d_img_d18_x08320_y100480.png,0.2278,81.06,130.35,88.1,136.49
ch2_ohr_ncp_20251227T1027178560_d_img_d18_x08320_y100480.png,0.2109,64.61,53.36,74.78,60.98
ch2_ohr_ncp_20251227T1027178560_d_img_d18_x08320_y60160.png,0.3596,584.38,1.32,591.93,7.45
ch2_ohr_ncp_20251227T1027178560_d_img_d18_x08320_y63360.png,0.2354,273.8,68.59,335.38,114.84
ch2_ohr_ncp_20251227T1027178560_d_img_d18_x08320_y99200.png,0.2233,455.01,487.5,581.73,578.28
ch2_ohr_ncp_20251227T1027178560_d_img_d18_x08960_y100480.png,0.4732,30.25,197.46,38.1,204.8
ch2_ohr_ncp_20251227T1027178560_d_img_d18_x08960_y100480.png,0.4566,445.59,165.73,452.47,172.56
ch2_ohr_ncp_20251227T1027178560_d_img_d18_x08960_y100480.png,0.4249,71.2,295.83,77.13,301.42
ch2_ohr_ncp_20251227T1027178560_d_img_d18_x08960_y100480.png,0.4141,284.12,78.22,293.28,87.68
ch2_ohr_ncp_20251227T1027178560_d_img_d18_x08960_y100480.png,0.4063,158.99,118.26,168.11,126.43
ch2_ohr_ncp_20251227T1027178560_d_img_d18_x08960_y100480.png,0.3935,192.16,3.89,206.35,15.86
ch2_ohr_ncp_20251227T1027178560_d_img_d18_x08960_y100480.png,0.3836,460.97,296.42,475.36,309.3
ch2_ohr_ncp_20251227T1027178560_d_img_d18_x08960_y100480.png,0.3823,158.9,182.81,165.36,189.38
ch2_ohr_ncp_20251227T1027178560_d_img_d18_x08960_y100480.png,0.3739,225.96,197.53,234.0,204.22
ch2_ohr_ncp_20251227T1027178560_d_img_d18_x08960_y100480.png,0.346,158.59,13.69,167.34,21.29
ch2_ohr_ncp_20251227T1027178560_d_img_d18_x08960_y100480.png,0.3393,53.28,77.22,72.66,94.22
ch2_ohr_ncp_20251227T1027178560_d_img_d18_x08960_y100480.png,0.3362,189.11,35.97,196.12,42.64
ch2_ohr_ncp_20251227T1027178560_d_img_d18_x08960_y100480.png,0.2622,40.88,285.44,49.63,292.29
ch2_ohr_ncp_20251227T1027178560_d_img_d18_x08960_y100480.png,0.2594,444.0,166.04,451.77,172.43
ch2_ohr_ncp_20251227T1027178560_d_img_d18_x08960_y100480.png,0.2501,373.65,236.73,380.13,244.01
ch2_ohr_ncp_20251227T1027178560_d_img_d18_x08960_y100480.png,0.2342,28.25,270.34,46.49,287.63
ch2_ohr_ncp_20251227T1027178560_d_img_d18_x08960_y100480.png,0.2331,211.97,46.18,218.48,52.02
ch2_ohr_ncp_20251227T1027178560_d_img_d18_x08960_y100480.png,0.2268,495.48,365.15,505.71,374.42
ch2_ohr_ncp_20251227T1027178560_d_img_d18_x08960_y100480.png,0.2162,30.73,197.04,40.01,205.01
ch2_ohr_ncp_20251227T1027178560_d_img_d18_x08960_y100480.png,0.2077,17.06,121.67,22.03,126.56
ch2_ohr_ncp_20251227T1027178560_d_img_d18_x08960_y57600.png,0.4314,219.23,10.82,228.32,15.86
ch2_ohr_ncp_20251227T1027178560_d_img_d18_x08960_y57600.png,0.2926,220.99,10.78,229.44,16.5
ch2_ohr_ncp_20251227T1027178560_d_img_d18_x08960_y72960.png,0.3581,136.85,599.43,216.19,640.0
ch2_ohr_ncp_20251227T1027178560_d_img_d18_x08960_y72960.png,0.2839,139.87,601.65,204.3,638.53
ch2_ohr_ncp_20251227T1027178560_d_img_d18_x09600_y100480.png,0.3922,194.05,241.0,201.37,248.44
ch2_ohr_ncp_20251227T1027178560_d_img_d18_x09600_y100480.png,0.2617,286.66,312.55,292.64,318.32
ch2_ohr_ncp_20251227T1027178560_d_img_d18_x09600_y100480.png,0.2593,94.0,87.66,101.52,95.25
ch2_ohr_ncp_20251227T1027178560_d_img_d18_x09600_y62720.png,0.231,37.41,214.75,115.56,275.23
ch2_ohr_ncp_20251227T1027178560_d_img_d18_x09600_y64000.png,0.2144,0.0,305.15,38.81,373.81
ch2_ohr_ncp_20251227T1027178560_d_img_d18_x09600_y65920.png,0.2561,558.34,367.56,628.28,431.74
ch2_ohr_ncp_20251227T1027178560_d_img_d18_x09600_y71040.png,0.2156,542.53,551.71,640.0,630.5
ch2_ohr_ncp_20251227T1027178560_d_img_d18_x09600_y72960.png,0.2751,0.0,414.54,52.0,481.19
ch2_ohr_ncp_20251227T1027178560_d_img_d18_x09600_y72960.png,0.2493,0.0,261.85,45.86,324.47
ch2_ohr_ncp_20251227T1027178560_d_img_d18_x09600_y72960.png,0.2387,0.0,249.9,42.69,333.81
ch2_ohr_ncp_20251227T1027178560_d_img_d18_x09600_y72960.png,0.2366,0.0,254.14,52.89,345.52
ch2_ohr_ncp_20251227T1027178560_d_img_d18_x09600_y72960.png,0.2178,181.67,457.35,233.67,501.52
ch2_ohr_ncp_20251227T1027178560_d_img_d18_x09600_y96000.png,0.2215,545.69,427.88,606.44,494.06
ch2_ohr_ncp_20251227T1027178560_d_img_d18_x09600_y97280.png,0.2216,494.34,601.11,572.71,638.88
ch2_ohr_ncp_20251227T1027178560_d_img_d18_x10240_y100480.png,0.4108,575.54,187.99,581.14,193.82
ch2_ohr_ncp_20251227T1027178560_d_img_d18_x10240_y100480.png,0.2362,519.3,474.23,527.57,481.37
ch2_ohr_ncp_20251227T1027178560_d_img_d18_x10240_y56960.png,0.2245,0.0,219.47,106.62,287.75
ch2_ohr_ncp_20251227T1027178560_d_img_d18_x10240_y58880.png,0.2188,9.48,2.89,16.15,8.11
ch2_ohr_ncp_20251227T1027178560_d_img_d18_x10240_y59520.png,0.2206,451.13,563.26,529.64,612.08
ch2_ohr_ncp_20251227T1027178560_d_img_d18_x10240_y64000.png,0.2448,326.78,497.89,396.07,561.91
ch2_ohr_ncp_20251227T1027178560_d_img_d18_x10240_y71680.png,0.481,597.15,109.08,626.44,149.07
ch2_ohr_ncp_20251227T1027178560_d_img_d18_x10240_y72320.png,0.2402,127.79,566.21,195.41,627.92
ch2_ohr_ncp_20251227T1027178560_d_img_d18_x10240_y72960.png,0.2312,94.31,195.18,153.48,247.63
ch2_ohr_ncp_20251227T1027178560_d_img_d18_x10240_y74240.png,0.2148,229.17,198.97,282.48,253.04
ch2_ohr_ncp_20251227T1027178560_d_img_d18_x10240_y94080.png,0.2593,169.7,586.4,243.76,640.0
ch2_ohr_ncp_20251227T1027178560_d_img_d18_x10240_y96640.png,0.2176,40.42,404.62,114.41,462.79
ch2_ohr_ncp_20251227T1027178560_d_img_d18_x10880_y100480.png,0.5833,520.62,280.51,527.67,288.67
ch2_ohr_ncp_20251227T1027178560_d_img_d18_x10880_y57600.png,0.2755,270.17,97.94,315.54,145.36
ch2_ohr_ncp_20251227T1027178560_d_img_d18_x10880_y60160.png,0.2105,396.78,435.94,460.64,490.48
ch2_ohr_ncp_20251227T1027178560_d_img_d18_x10880_y72960.png,0.2023,166.01,383.15,229.01,448.1
ch2_ohr_ncp_20251227T1027178560_d_img_d18_x10880_y73600.png,0.2139,540.52,340.68,617.58,401.86
ch2_ohr_ncp_20251227T1027178560_d_img_d18_x10880_y95360.png,0.2474,55.76,587.92,114.7,640.0
ch2_ohr_ncp_20251227T1027178560_d_img_d18_x10880_y95360.png,0.2443,485.38,244.41,553.63,302.25
ch2_ohr_ncp_20251227T1027178560_d_img_d18_x10880_y96640.png,0.2078,0.0,135.8,44.68,181.04
ch2_ohr_ncp_20251227T1027178560_d_img_d18_x11520_y100480.png,0.5866,240.24,249.44,246.24,256.92
ch2_ohr_ncp_20251227T1027178560_d_img_d18_x11520_y100480.png,0.3114,233.27,294.76,237.89,300.03
ch2_ohr_ncp_20251227T1027178560_d_img_d18_x11520_y100480.png,0.2541,77.2,355.64,84.13,362.64
ch2_ohr_ncp_20251227T1027178560_d_img_d18_x11520_y100480.png,0.2313,231.99,294.84,237.52,299.6
ch2_ohr_ncp_20251227T1027178560_d_img_d18_x11520_y100480.png,0.2033,13.13,473.27,20.01,479.88
ch2_ohr_ncp_20251227T1027178560_d_img_d18_x11520_y58880.png,0.2157,125.01,377.67,249.01,445.48
ch2_ohr_ncp_20251227T1027178560_d_img_d18_x11520_y73600.png,0.2071,0.0,358.96,31.56,427.03
ch2_ohr_ncp_20251227T1027178560_d_img_d18_x11520_y92800.png,0.2074,277.87,110.36,346.12,160.68
ch2_ohr_ncp_20251227T1027178560_d_img_d18_x11520_y94720.png,0.256,0.0,256.19,38.19,294.96
ch2_ohr_ncp_20251227T1027178560_d_img_d18_x11520_y94720.png,0.2102,11.54,339.92,17.59,345.7
ch2_ohr_ncp_20251227T1027178560_d_img_d18_x11520_y96640.png,0.6144,109.27,333.78,123.23,345.06
ch2_ohr_ncp_20251227T1027178560_d_img_d18_x11520_y96640.png,0.4317,160.03,330.35,166.97,336.81
ch2_ohr_ncp_20251227T1027178560_d_img_d18_x11520_y96640.png,0.4119,29.82,361.21,39.4,369.98
ch2_ohr_ncp_20251227T1027178560_d_img_d18_x11520_y96640.png,0.3577,210.04,359.58,220.29,367.47
ch2_ohr_ncp_20251227T1027178560_d_img_d18_x11520_y96640.png,0.2835,30.11,318.68,36.05,324.08
ch2_ohr_ncp_20251227T1027178560_d_img_d18_x11520_y96640.png,0.281,63.87,487.62,72.77,495.7
ch2_ohr_ncp_20251227T1027178560_d_img_d18_x11520_y96640.png,0.2248,192.38,371.97,197.33,376.62
ch2_ohr_ncp_20251227T1027178560_d_img_d18_x11520_y97280.png,0.2379,136.51,39.25,147.12,48.39
ch2_ohr_ncp_20251227T1027178560_d_img_d18_x11520_y98560.png,0.6421,80.23,433.99,85.7,439.68
ch2_ohr_ncp_20251227T1027178560_d_img_d18_x11520_y98560.png,0.403,21.56,414.62,28.35,420.3
ch2_ohr_ncp_20251227T1027178560_d_img_d18_x11520_y98560.png,0.3216,117.21,397.17,124.04,404.04
ch2_ohr_ncp_20251227T1027178560_d_img_d18_x11520_y98560.png,0.2728,131.99,402.51,138.08,407.44
ch2_ohr_ncp_20251227T1027178560_d_img_d18_x11520_y98560.png,0.2716,115.99,396.0,123.4,403.31
ch2_ohr_ncp_20251227T1027178560_d_img_d18_x11520_y98560.png,0.2626,0.05,399.52,7.36,405.24
ch2_ohr_ncp_20251227T1027178560_d_img_d18_x11520_y98560.png,0.258,44.33,543.86,52.58,552.0
ch2_ohr_ncp_20251227T1027178560_d_img_d18_x11520_y98560.png,0.2513,20.0,415.01,27.64,420.34
ch2_ohr_ncp_20251227T1027178560_d_img_d18_x11520_y98560.png,0.2347,0.0,88.35,13.31,107.02
ch2_ohr_ncp_20251227T1027178560_d_img_d18_x11520_y98560.png,0.2335,245.82,473.21,253.04,480.37
ch2_ohr_ncp_20251227T1027178560_d_img_d18_x11520_y98560.png,0.2159,187.31,351.27,192.0,356.09
ch2_ohr_ncp_20251227T1027178560_d_img_d18_x11520_y99840.png,0.3039,25.43,550.17,33.73,558.46
