tile,conf,x1,y1,x2,y2
ch2_ohr_ncp_20190906T2241285714_d_img_gds_x01920_y47360.png,0.6725,250.17,509.31,262.61,556.41
ch2_ohr_ncp_20190906T2241285714_d_img_gds_x01920_y47360.png,0.2989,250.34,526.4,260.4,555.84
ch2_ohr_ncp_20190906T2241285714_d_img_gds_x01920_y91520.png,0.2515,132.85,491.7,149.94,541.31
ch2_ohr_ncp_20190906T2241285714_d_img_gds_x02560_y40960.png,0.2907,310.69,527.36,324.76,566.26
ch2_ohr_ncp_20190906T2241285714_d_img_gds_x02560_y40960.png,0.2643,310.63,509.61,325.43,551.65
ch2_ohr_ncp_20190906T2241285714_d_img_gds_x02560_y40960.png,0.2193,311.66,501.39,325.46,540.57
ch2_ohr_ncp_20190906T2241285714_d_img_gds_x03200_y08960.png,0.3458,263.05,151.92,276.89,190.36
ch2_ohr_ncp_20190906T2241285714_d_img_gds_x03200_y08960.png,0.2724,268.05,69.1,275.75,93.95
ch2_ohr_ncp_20190906T2241285714_d_img_gds_x03200_y08960.png,0.2116,263.66,108.82,278.57,157.18
ch2_ohr_ncp_20190906T2241285714_d_img_gds_x03200_y25600.png,0.2072,107.84,150.29,117.89,181.13
ch2_ohr_ncp_20190906T2241285714_d_img_gds_x03840_y05120.png,0.2388,547.7,185.7,635.07,267.93
ch2_ohr_ncp_20190906T2241285714_d_img_gds_x03840_y64000.png,0.2299,570.98,500.81,580.53,528.01
ch2_ohr_ncp_20190906T2241285714_d_img_gds_x04480_y64640.png,0.641,413.05,243.45,420.38,269.92
ch2_ohr_ncp_20190906T2241285714_d_img_gds_x04480_y64640.png,0.5673,411.22,224.09,422.48,269.84
ch2_ohr_ncp_20190906T2241285714_d_img_gds_x04480_y64640.png,0.4414,412.0,275.59,421.09,308.68
ch2_ohr_ncp_20190906T2241285714_d_img_gds_x04480_y64640.png,0.3534,399.5,255.45,421.27,303.09
ch2_ohr_ncp_20190906T2241285714_d_img_gds_x04480_y64640.png,0.3236,407.03,206.59,421.41,252.17
ch2_ohr_ncp_20190906T2241285714_d_img_gds_x05120_y12160.png,0.3407,237.7,524.33,261.15,573.07
ch2_ohr_ncp_20190906T2241285714_d_img_gds_x05120_y21120.png,0.2495,608.26,124.24,629.52,171.37
ch2_ohr_ncp_20190906T2241285714_d_img_gds_x05120_y51200.png,0.5665,592.39,284.03,613.8,335.23
ch2_ohr_ncp_20190906T2241285714_d_img_gds_x05760_y22400.png,0.449,620.83,425.63,629.28,453.24
ch2_ohr_ncp_20190906T2241285714_d_img_gds_x05760_y22400.png,0.3844,613.41,429.29,630.35,475.31
ch2_ohr_ncp_20190906T2241285714_d_img_gds_x05760_y75520.png,0.2333,167.82,382.34,252.32,468.62
ch2_ohr_ncp_20190906T2241285714_d_img_gds_x06400_y08320.png,0.2269,373.75,474.1,390.97,518.98
ch2_ohr_ncp_20190906T2241285714_d_img_gds_x06400_y17280.png,0.4401,177.63,491.52,197.78,540.89
ch2_ohr_ncp_20190906T2241285714_d_img_gds_x06400_y17280.png,0.2261,177.07,509.13,196.91,542.18
ch2_ohr_ncp_20190906T2241285714_d_img_gds_x06400_y42880.png,0.2098,438.3,336.89,453.71,374.49
ch2_ohr_ncp_20190906T2241285714_d_img_gds_x06400_y45440.png,0.2012,0.0,20.96,64.86,98.08
ch2_ohr_ncp_20190906T2241285714_d_img_gds_x07040_y58240.png,0.2901,598.84,424.79,640.0,487.73
ch2_ohr_ncp_20190906T2241285714_d_img_gds_x07040_y58240.png,0.2882,600.54,419.29,636.74,476.74
ch2_ohr_ncp_20190906T2241285714_d_img_gds_x08320_y33280.png,0.2052,521.34,569.31,532.77,595.9
ch2_ohr_ncp_20190906T2241285714_d_img_gds_x08320_y40320.png,0.4293,124.31,113.25,138.75,149.08
ch2_ohr_ncp_20190906T2241285714_d_img_gds_x08320_y52480.png,0.2339,0.0,220.16,17.19,275.64
ch2_ohr_ncp_20190906T2241285714_d_img_gds_x08960_y87040.png,0.3134,133.04,99.13,197.52,163.9
ch2_ohr_ncp_20190906T2241285714_d_img_gds_x10240_y03200.png,0.3709,42.96,93.3,55.35,139.84
ch2_ohr_ncp_20190906T2241285714_d_img_gds_x10240_y03200.png,0.3316,43.37,82.57,55.05,127.87
ch2_ohr_ncp_20190906T2241285714_d_img_gds_x10240_y03200.png,0.2962,146.74,67.28,181.44,147.65
ch2_ohr_ncp_20190906T2241285714_d_img_gds_x10240_y03200.png,0.286,62.6,106.4,85.53,142.98
ch2_ohr_ncp_20190906T2241285714_d_img_gds_x10240_y69120.png,0.3915,81.38,222.31,100.67,269.7
ch2_ohr_ncp_20190906T2241285714_d_img_gds_x10240_y69120.png,0.2751,79.55,242.18,90.81,266.57
ch2_ohr_ncp_20190907T0438126359_d_img_g26_x01280_y46080.png,0.3931,456.9,463.22,470.1,505.48
ch2_ohr_ncp_20190907T0438126359_d_img_g26_x01280_y46080.png,0.361,457.55,449.85,469.94,492.37
ch2_ohr_ncp_20190907T0438126359_d_img_g26_x01280_y46080.png,0.268,459.81,483.39,468.73,505.96
ch2_ohr_ncp_20190907T0438126359_d_img_g26_x01280_y65920.png,0.2441,465.65,82.37,547.34,157.37
ch2_ohr_ncp_20190907T0438126359_d_img_g26_x01920_y73600.png,0.2963,275.96,125.04,294.34,171.02
ch2_ohr_ncp_20190907T0438126359_d_img_g26_x01920_y73600.png,0.2465,134.27,152.8,236.75,243.37
ch2_ohr_ncp_20190907T0438126359_d_img_g26_x02560_y66560.png,0.6496,217.99,213.75,229.51,246.76
ch2_ohr_ncp_20190907T0438126359_d_img_g26_x02560_y66560.png,0.3779,157.44,218.85,241.2,301.01
ch2_ohr_ncp_20190907T0438126359_d_img_g26_x03840_y39680.png,0.3036,1.95,347.5,84.04,429.71
ch2_ohr_ncp_20190907T0438126359_d_img_g26_x03840_y39680.png,0.258,57.02,319.04,70.61,362.7
ch2_ohr_ncp_20190907T0438126359_d_img_g26_x03840_y39680.png,0.2497,59.24,341.71,69.34,368.08
ch2_ohr_ncp_20190907T0438126359_d_img_g26_x03840_y39680.png,0.2299,8.98,345.84,79.37,414.7
ch2_ohr_ncp_20190907T0438126359_d_img_g26_x03840_y63360.png,0.2611,138.88,177.01,162.45,212.1
ch2_ohr_ncp_20190907T0438126359_d_img_g26_x03840_y63360.png,0.2602,154.78,162.62,165.95,198.18
ch2_ohr_ncp_20190907T0438126359_d_img_g26_x04480_y14080.png,0.5333,477.6,598.19,483.65,617.83
ch2_ohr_ncp_20190907T0438126359_d_img_g26_x04480_y14080.png,0.4278,476.77,612.94,483.17,631.17
ch2_ohr_ncp_20190907T0438126359_d_img_g26_x04480_y18560.png,0.2278,378.42,402.67,389.29,435.66
ch2_ohr_ncp_20190907T0438126359_d_img_g26_x04480_y49280.png,0.2063,556.74,544.58,635.96,618.59
ch2_ohr_ncp_20190907T0438126359_d_img_g26_x05760_y85760.png,0.6527,38.22,429.48,53.73,477.59
ch2_ohr_ncp_20190907T0438126359_d_img_g26_x06400_y08960.png,0.2142,0.0,282.66,48.62,348.35
ch2_ohr_ncp_20190907T0438126359_d_img_g26_x06400_y51840.png,0.5043,7.34,377.2,36.95,427.31
ch2_ohr_ncp_20190907T0438126359_d_img_g26_x07040_y90240.png,0.2968,325.8,485.98,398.15,551.36
ch2_ohr_ncp_20190907T0438126359_d_img_g26_x07040_y90240.png,0.2004,316.28,490.63,405.71,563.09
ch2_ohr_ncp_20190907T0438126359_d_img_g26_x07680_y48000.png,0.2248,174.14,163.99,263.64,242.0
ch2_ohr_ncp_20190907T0438126359_d_img_g26_x07680_y65280.png,0.4535,104.35,130.1,130.78,165.64
ch2_ohr_ncp_20190907T0438126359_d_img_g26_x07680_y65280.png,0.381,91.4,127.95,123.52,166.49
ch2_ohr_ncp_20190907T0438126359_d_img_g26_x07680_y65280.png,0.3363,91.61,98.5,102.73,141.03
ch2_ohr_ncp_20190907T0438126359_d_img_g26_x07680_y65280.png,0.2682,92.46,112.82,102.23,144.59
ch2_ohr_ncp_20190907T0438126359_d_img_g26_x07680_y65280.png,0.2439,92.43,84.92,100.17,109.05
ch2_ohr_ncp_20190907T0438126359_d_img_g26_x08960_y05120.png,0.427,55.5,432.02,69.54,475.74
ch2_ohr_ncp_20190907T0438126359_d_img_g26_x08960_y05120.png,0.3238,54.78,443.21,70.22,488.56
ch2_ohr_ncp_20190907T0438126359_d_img_g26_x09600_y16000.png,0.2198,459.39,42.27,485.38,80.89
ch2_ohr_ncp_20190907T0438126359_d_img_g26_x09600_y16000.png,0.2065,464.18,38.66,485.13,76.24
ch2_ohr_ncp_20190907T0438126359_d_img_g26_x10880_y37120.png,0.2269,601.58,350.0,620.65,407.27
ch2_ohr_ncp_20190907T0438126359_d_img_g26_x11520_y81920.png,0.3294,169.12,161.52,181.58,204.55
ch2_ohr_ncp_20190907T0438126359_d_img_g26_x11520_y81920.png,0.2816,168.96,174.07,181.98,220.46
ch2_ohr_ncp_20190907T0438126359_d_img_g26_x11520_y81920.png,0.2588,170.29,190.8,181.69,232.29
ch2_ohr_ncp_20240425T1012478407_d_img_d18_x00000_y60160.png,0.3666,436.9,556.34,528.81,640.0
ch2_ohr_ncp_20240425T1012478407_d_img_d18_x00640_y18560.png,0.2537,566.92,424.03,588.53,487.54
ch2_ohr_ncp_20240425T1012478407_d_img_d18_x00640_y18560.png,0.2354,566.47,410.52,590.1,480.83
ch2_ohr_ncp_20240425T1012478407_d_img_d18_x00640_y24320.png,0.5609,264.05,188.11,278.58,238.06
ch2_ohr_ncp_20240425T1012478407_d_img_d18_x00640_y24320.png,0.4718,262.59,208.77,276.48,245.48
ch2_ohr_ncp_20240425T1012478407_d_img_d18_x00640_y24320.png,0.3529,263.98,173.62,279.35,226.12
ch2_ohr_ncp_20240425T1012478407_d_img_d18_x00640_y39680.png,0.3381,0.0,140.42,65.95,235.76
ch2_ohr_ncp_20240425T1012478407_d_img_d18_x00640_y49280.png,0.2341,88.17,316.23,104.13,371.33
ch2_ohr_ncp_20240425T1012478407_d_img_d18_x00640_y49280.png,0.2149,89.7,304.23,103.79,356.53
ch2_ohr_ncp_20240425T1012478407_d_img_d18_x01280_y02560.png,0.4538,155.79,174.36,183.02,231.01
ch2_ohr_ncp_20240425T1012478407_d_img_d18_x01280_y02560.png,0.4513,158.42,185.81,182.99,234.7
ch2_ohr_ncp_20240425T1012478407_d_img_d18_x01280_y21760.png,0.3002,298.15,221.82,310.72,266.94
ch2_ohr_ncp_20240425T1012478407_d_img_d18_x01280_y21760.png,0.2036,298.53,177.56,309.2,214.64
ch2_ohr_ncp_20240425T1012478407_d_img_d18_x01280_y51840.png,0.3177,332.32,580.42,381.05,640.0
ch2_ohr_ncp_20240425T1012478407_d_img_d18_x01280_y51840.png,0.2064,338.39,585.8,373.61,636.31
ch2_ohr_ncp_20240425T1012478407_d_img_d18_x01920_y10880.png,0.3505,417.81,478.3,437.33,526.0
ch2_ohr_ncp_20240425T1012478407_d_img_d18_x01920_y10880.png,0.2511,378.61,482.84,388.9,515.41
ch2_ohr_ncp_20240425T1012478407_d_img_d18_x01920_y42880.png,0.2593,228.19,541.57,245.63,584.76
ch2_ohr_ncp_20240425T1012478407_d_img_d18_x01920_y42880.png,0.247,222.51,553.56,245.58,597.14
ch2_ohr_ncp_20240425T1012478407_d_img_d18_x01920_y42880.png,0.2023,233.28,533.22,244.7,565.95
ch2_ohr_ncp_20240425T1012478407_d_img_d18_x01920_y71680.png,0.2977,16.81,61.88,112.38,146.56
ch2_ohr_ncp_20240425T1012478407_d_img_d18_x01920_y84480.png,0.2749,570.78,225.33,580.67,257.96
ch2_ohr_ncp_20240425T1012478407_d_img_d18_x01920_y84480.png,0.2697,572.04,214.44,580.67,243.14
ch2_ohr_ncp_20240425T1012478407_d_img_d18_x02560_y18560.png,0.2319,469.79,523.04,550.02,602.35
ch2_ohr_ncp_20240425T1012478407_d_img_d18_x03200_y64000.png,0.2659,313.65,30.93,410.96,117.27
ch2_ohr_ncp_20240425T1012478407_d_img_d18_x03840_y80000.png,0.3666,108.5,323.98,116.12,349.36
ch2_ohr_ncp_20240425T1012478407_d_img_d18_x03840_y80000.png,0.2355,108.89,342.41,116.78,370.43
ch2_ohr_ncp_20240425T1012478407_d_img_d18_x03840_y80000.png,0.2057,106.65,307.12,116.17,341.51
ch2_ohr_ncp_20240425T1012478407_d_img_d18_x04480_y42880.png,0.4001,178.19,388.93,196.91,430.78
ch2_ohr_ncp_20240425T1012478407_d_img_d18_x04480_y42880.png,0.3802,122.59,320.46,133.23,359.41
ch2_ohr_ncp_20240425T1012478407_d_img_d18_x04480_y42880.png,0.3535,183.59,317.96,197.72,363.65
ch2_ohr_ncp_20240425T1012478407_d_img_d18_x04480_y42880.png,0.2765,123.35,335.69,131.9,365.36
ch2_ohr_ncp_20240425T1012478407_d_img_d18_x04480_y42880.png,0.2567,185.95,353.89,197.6,392.59
ch2_ohr_ncp_20240425T1012478407_d_img_d18_x04480_y42880.png,0.2334,166.49,393.7,195.02,430.82
ch2_ohr_ncp_20240425T1012478407_d_img_d18_x05120_y62720.png,0.2299,143.15,0.46,150.4,6.99
ch2_ohr_ncp_20240425T1012478407_d_img_d18_x05120_y79360.png,0.2712,388.87,488.59,411.52,557.54
ch2_ohr_ncp_20240425T1012478407_d_img_d18_x07680_y19840.png,0.2228,289.03,515.85,343.8,589.12
ch2_ohr_ncp_20240425T1012478407_d_img_d18_x07680_y33280.png,0.313,231.79,299.72,245.47,346.32
ch2_ohr_ncp_20240425T1012478407_d_img_d18_x07680_y33280.png,0.3072,232.73,315.59,247.82,373.63
ch2_ohr_ncp_20240425T1012478407_d_img_d18_x07680_y33280.png,0.254,230.39,332.42,246.94,377.91
ch2_ohr_ncp_20240425T1012478407_d_img_d18_x07680_y58240.png,0.2957,425.24,544.87,436.45,576.78
ch2_ohr_ncp_20240425T1012478407_d_img_d18_x07680_y58240.png,0.2488,423.27,496.49,437.96,537.75
ch2_ohr_ncp_20240425T1012478407_d_img_d18_x07680_y58240.png,0.2131,422.13,528.77,437.86,571.51
ch2_ohr_ncp_20240425T1012478407_d_img_d18_x08320_y85120.png,0.2056,329.84,160.92,341.69,202.04
ch2_ohr_ncp_20240425T1012478407_d_img_d18_x08320_y85120.png,0.201,331.95,196.97,340.03,224.26
ch2_ohr_ncp_20240425T1012478407_d_img_d18_x08960_y64640.png,0.2773,234.89,241.37,244.64,274.01
ch2_ohr_ncp_20240425T1012478407_d_img_d18_x08960_y64640.png,0.2625,236.2,274.45,243.82,300.46
ch2_ohr_ncp_20240425T1012478407_d_img_d18_x08960_y64640.png,0.2028,215.77,287.64,242.13,341.24
ch2_ohr_ncp_20240425T1012478407_d_img_d18_x09600_y51200.png,0.2079,526.64,620.31,534.74,630.97
ch2_ohr_ncp_20240425T1012478407_d_img_d18_x09600_y89600.png,0.2566,264.76,79.32,278.52,129.87
ch2_ohr_ncp_20240425T1012478407_d_img_d18_x09600_y89600.png,0.2524,267.41,98.18,276.88,129.59
ch2_ohr_ncp_20240425T1012478407_d_img_d18_x09600_y89600.png,0.2427,267.05,47.4,276.37,79.25
ch2_ohr_ncp_20240425T1012478407_d_img_d18_x09600_y89600.png,0.2272,266.09,32.69,277.58,73.43
ch2_ohr_ncp_20240425T1012478407_d_img_d18_x10240_y42880.png,0.2086,405.72,232.7,430.34,303.18
ch2_ohr_ncp_20240425T1012478407_d_img_d18_x10240_y64640.png,0.6364,186.81,45.27,198.75,87.09
ch2_ohr_ncp_20240425T1012478407_d_img_d18_x10240_y64640.png,0.4289,186.75,31.39,200.09,82.24
ch2_ohr_ncp_20240425T1012478407_d_img_d18_x10880_y19840.png,0.2041,537.8,88.5,548.63,120.6
ch2_ohr_ncp_20240425T1012478407_d_img_d18_x10880_y30720.png,0.3732,263.0,462.27,276.8,502.15
ch2_ohr_ncp_20240425T1012478407_d_img_d18_x10880_y89600.png,0.3284,0.0,311.53,40.29,385.47
ch2_ohr_ncp_20240425T1209509264_d_img_d18_x00000_y88960.png,0.2454,534.36,393.19,549.83,442.98
ch2_ohr_ncp_20240425T1209509264_d_img_d18_x00000_y88960.png,0.2319,360.62,432.67,371.79,463.11
ch2_ohr_ncp_20240425T1209509264_d_img_d18_x00000_y88960.png,0.2136,537.55,387.63,549.11,425.3
ch2_ohr_ncp_20240425T1209509264_d_img_d18_x00640_y24320.png,0.2594,430.73,539.12,451.59,590.89
ch2_ohr_ncp_20240425T1209509264_d_img_d18_x00640_y24320.png,0.2277,432.13,522.63,450.36,566.41
ch2_ohr_ncp_20240425T1209509264_d_img_d18_x00640_y36480.png,0.2302,305.95,327.65,325.12,372.62
ch2_ohr_ncp_20240425T1209509264_d_img_d18_x01280_y51200.png,0.2491,609.58,602.39,626.35,630.34
ch2_ohr_ncp_20240425T1209509264_d_img_d18_x01920_y46720.png,0.2874,203.49,34.21,212.29,65.91
ch2_ohr_ncp_20240425T1209509264_d_img_d18_x01920_y46720.png,0.2014,203.48,49.42,213.36,85.89
ch2_ohr_ncp_20240425T1209509264_d_img_d18_x01920_y74240.png,0.2056,186.32,461.08,233.12,524.08
ch2_ohr_ncp_20240425T1209509264_d_img_d18_x01920_y89600.png,0.3456,135.45,591.22,149.7,627.18
ch2_ohr_ncp_20240425T1209509264_d_img_d18_x01920_y89600.png,0.345,136.3,577.2,149.37,617.95
ch2_ohr_ncp_20240425T1209509264_d_img_d18_x02560_y10880.png,0.2925,210.55,526.75,280.72,607.21
ch2_ohr_ncp_20240425T1209509264_d_img_d18_x02560_y25600.png,0.3068,279.67,140.28,293.83,188.21
ch2_ohr_ncp_20240425T1209509264_d_img_d18_x02560_y25600.png,0.2907,259.1,186.46,290.67,245.78
ch2_ohr_ncp_20240425T1209509264_d_img_d18_x02560_y25600.png,0.2649,281.63,156.1,294.69,207.51
ch2_ohr_ncp_20240425T1209509264_d_img_d18_x03200_y84480.png,0.2687,0.0,511.85,74.59,584.26
ch2_ohr_ncp_20240425T1209509264_d_img_d18_x04480_y08960.png,0.2504,385.14,273.66,400.63,313.36
ch2_ohr_ncp_20240425T1209509264_d_img_d18_x04480_y08960.png,0.2133,387.43,251.7,404.06,290.67
ch2_ohr_ncp_20240425T1209509264_d_img_d18_x04480_y08960.png,0.2109,388.57,238.48,405.49,284.25
ch2_ohr_ncp_20240425T1209509264_d_img_d18_x04480_y08960.png,0.2051,393.7,227.8,404.07,258.45
ch2_ohr_ncp_20240425T1209509264_d_img_d18_x04480_y21760.png,0.3468,469.94,102.46,494.89,179.19
ch2_ohr_ncp_20240425T1209509264_d_img_d18_x04480_y21760.png,0.2396,470.13,115.52,495.31,193.39
ch2_ohr_ncp_20240425T1209509264_d_img_d18_x05120_y28800.png,0.2164,523.87,212.07,532.25,244.17
ch2_ohr_ncp_20240425T1209509264_d_img_d18_x05120_y28800.png,0.2011,504.23,238.65,533.39,296.71
ch2_ohr_ncp_20240425T1209509264_d_img_d18_x05120_y55040.png,0.4241,326.84,75.94,343.54,129.68
ch2_ohr_ncp_20240425T1209509264_d_img_d18_x05120_y55040.png,0.3946,330.18,94.05,341.2,129.92
ch2_ohr_ncp_20240425T1209509264_d_img_d18_x05120_y55040.png,0.219,328.57,66.64,341.38,108.72
ch2_ohr_ncp_20240425T1209509264_d_img_d18_x06400_y78720.png,0.3869,214.78,28.19,229.34,74.74
ch2_ohr_ncp_20240425T1209509264_d_img_d18_x06400_y78720.png,0.3532,210.26,48.61,222.15,78.38
ch2_ohr_ncp_20240425T1209509264_d_img_d18_x07680_y15360.png,0.3299,512.41,152.28,538.29,216.64
ch2_ohr_ncp_20240425T1209509264_d_img_d18_x07680_y15360.png,0.2989,519.24,168.16,538.45,216.03
ch2_ohr_ncp_20240425T1209509264_d_img_d18_x07680_y15360.png,0.2686,512.23,96.66,537.66,168.62
ch2_ohr_ncp_20240425T1209509264_d_img_d18_x07680_y15360.png,0.2311,512.95,71.11,540.7,153.95
ch2_ohr_ncp_20240425T1209509264_d_img_d18_x07680_y17280.png,0.2451,503.08,93.26,516.7,134.71
ch2_ohr_ncp_20240425T1209509264_d_img_d18_x07680_y36480.png,0.2431,454.19,350.71,550.62,420.02
ch2_ohr_ncp_20240425T1209509264_d_img_d18_x07680_y37760.png,0.2196,112.93,474.8,196.52,567.86
ch2_ohr_ncp_20240425T1209509264_d_img_d18_x07680_y39680.png,0.4277,231.93,369.49,246.78,423.18
ch2_ohr_ncp_20240425T1209509264_d_img_d18_x07680_y39680.png,0.4104,226.04,377.42,245.61,434.55
ch2_ohr_ncp_20240425T1209509264_d_img_d18_x07680_y39680.png,0.2005,232.47,335.09,244.54,372.14
ch2_ohr_ncp_20240425T1209509264_d_img_d18_x07680_y51840.png,0.3411,142.41,494.45,166.21,546.63
ch2_ohr_ncp_20240425T1209509264_d_img_d18_x07680_y51840.png,0.2434,142.42,506.45,165.74,556.01
ch2_ohr_ncp_20240425T1209509264_d_img_d18_x07680_y51840.png,0.2278,151.26,475.45,165.7,518.51
ch2_ohr_ncp_20240425T1209509264_d_img_d18_x07680_y55680.png,0.2086,21.59,185.76,116.72,248.97
ch2_ohr_ncp_20240425T1209509264_d_img_d18_x07680_y80640.png,0.2294,404.0,506.64,422.54,556.18
ch2_ohr_ncp_20240425T1209509264_d_img_d18_x07680_y80640.png,0.2021,406.1,494.37,422.02,541.72
ch2_ohr_ncp_20240425T1209509264_d_img_d18_x08320_y67200.png,0.3089,231.68,461.33,246.26,508.81
ch2_ohr_ncp_20240425T1209509264_d_img_d18_x08320_y67200.png,0.2888,226.99,478.87,246.01,522.36
ch2_ohr_ncp_20240425T1209509264_d_img_d18_x08320_y67200.png,0.276,234.02,447.41,245.77,489.27
ch2_ohr_ncp_20240425T1209509264_d_img_d18_x08320_y72320.png,0.3093,276.77,109.86,375.83,189.81
ch2_ohr_ncp_20240425T1209509264_d_img_d18_x08320_y85760.png,0.2397,0.0,153.84,65.2,252.32
ch2_ohr_ncp_20240425T1209509264_d_img_d18_x08320_y85760.png,0.2259,0.0,149.56,58.07,232.29
ch2_ohr_ncp_20240425T1209509264_d_img_d18_x08320_y85760.png,0.2152,294.86,324.38,384.56,388.57
ch2_ohr_ncp_20240425T1209509264_d_img_d18_x09600_y04480.png,0.4646,120.52,461.15,133.9,508.33
ch2_ohr_ncp_20240425T1209509264_d_img_d18_x09600_y04480.png,0.3011,123.0,479.79,132.69,510.56
ch2_ohr_ncp_20240425T1209509264_d_img_d18_x09600_y82560.png,0.2479,293.7,375.99,311.58,430.05
ch2_ohr_ncp_20240425T1209509264_d_img_d18_x09600_y87040.png,0.301,402.05,325.38,427.31,403.22
ch2_ohr_ncp_20240425T1209509264_d_img_d18_x10240_y25600.png,0.3213,117.64,301.38,205.25,383.0
ch2_ohr_ncp_20240425T1209509264_d_img_d18_x10880_y87040.png,0.5485,79.0,411.36,101.11,461.36
ch2_ohr_ncp_20240425T1406019344_d_img_d18_x00000_y08320.png,0.2605,565.47,39.91,591.44,119.2
ch2_ohr_ncp_20240425T1406019344_d_img_d18_x00000_y50560.png,0.2065,44.19,228.22,53.28,264.15
ch2_ohr_ncp_20240425T1406019344_d_img_d18_x00000_y78080.png,0.2319,85.11,458.73,102.08,507.14
ch2_ohr_ncp_20240425T1406019344_d_img_d18_x00640_y01920.png,0.2036,171.05,325.27,217.81,404.28
ch2_ohr_ncp_20240425T1406019344_d_img_d18_x00640_y22400.png,0.383,601.04,187.14,631.72,236.44
ch2_ohr_ncp_20240425T1406019344_d_img_d18_x00640_y22400.png,0.2743,620.36,180.87,629.14,207.76
ch2_ohr_ncp_20240425T1406019344_d_img_d18_x00640_y39680.png,0.2933,585.68,93.57,597.79,133.32
ch2_ohr_ncp_20240425T1406019344_d_img_d18_x00640_y39680.png,0.2566,578.24,127.27,598.79,177.48
ch2_ohr_ncp_20240425T1406019344_d_img_d18_x00640_y39680.png,0.2263,584.1,83.67,597.3,123.48
ch2_ohr_ncp_20240425T1406019344_d_img_d18_x00640_y40320.png,0.2345,185.41,139.02,278.12,227.33
ch2_ohr_ncp_20240425T1406019344_d_img_d18_x00640_y45440.png,0.4577,199.42,411.31,215.02,460.67
ch2_ohr_ncp_20240425T1406019344_d_img_d18_x00640_y45440.png,0.2142,196.15,392.87,216.28,452.93
ch2_ohr_ncp_20240425T1406019344_d_img_d18_x00640_y62720.png,0.2916,356.27,457.1,389.07,519.84
ch2_ohr_ncp_20240425T1406019344_d_img_d18_x00640_y74240.png,0.3296,362.47,125.5,373.48,168.09
ch2_ohr_ncp_20240425T1406019344_d_img_d18_x00640_y74240.png,0.2291,598.14,304.97,640.0,383.16
ch2_ohr_ncp_20240425T1406019344_d_img_d18_x01280_y28800.png,0.2181,630.02,20.28,638.98,32.13
ch2_ohr_ncp_20240425T1406019344_d_img_d18_x01280_y33280.png,0.2584,6.77,11.65,18.44,32.92
ch2_ohr_ncp_20240425T1406019344_d_img_d18_x01280_y53760.png,0.3311,157.17,198.52,163.6,218.4
ch2_ohr_ncp_20240425T1406019344_d_img_d18_x01280_y53760.png,0.3263,155.31,174.76,165.87,215.46
ch2_ohr_ncp_20240425T1406019344_d_img_d18_x01280_y53760.png,0.2514,153.26,159.8,165.99,206.61
ch2_ohr_ncp_20240425T1406019344_d_img_d18_x01280_y53760.png,0.217,152.47,144.86,164.96,182.71
ch2_ohr_ncp_20240425T1406019344_d_img_d18_x01280_y53760.png,0.2149,149.3,209.64,165.37,251.29
ch2_ohr_ncp_20240425T1406019344_d_img_d18_x01280_y61440.png,0.2418,30.33,583.75,125.3,640.0
ch2_ohr_ncp_20240425T1406019344_d_img_d18_x01280_y76160.png,0.2961,55.97,510.31,69.7,548.74
ch2_ohr_ncp_20240425T1406019344_d_img_d18_x01280_y76160.png,0.2641,0.0,526.84,50.37,624.82
ch2_ohr_ncp_20240425T1406019344_d_img_d18_x01280_y76160.png,0.2182,0.0,517.29,45.81,599.55
ch2_ohr_ncp_20240425T1406019344_d_img_d18_x01920_y19840.png,0.5522,155.49,289.43,165.94,329.87
ch2_ohr_ncp_20240425T1406019344_d_img_d18_x01920_y19840.png,0.4663,155.59,277.31,165.0,309.81
ch2_ohr_ncp_20240425T1406019344_d_img_d18_x01920_y19840.png,0.2312,156.39,308.05,163.52,327.71
ch2_ohr_ncp_20240425T1406019344_d_img_d18_x01920_y24320.png,0.2282,599.95,0.56,606.99,6.69
ch2_ohr_ncp_20240425T1406019344_d_img_d18_x01920_y24320.png,0.2047,438.56,245.69,443.16,251.27
ch2_ohr_ncp_20240425T1406019344_d_img_d18_x01920_y34560.png,0.3327,328.19,592.88,341.94,629.52
ch2_ohr_ncp_20240425T1406019344_d_img_d18_x01920_y34560.png,0.261,325.09,559.11,341.72,604.26
ch2_ohr_ncp_20240425T1406019344_d_img_d18_x01920_y71680.png,0.24,0.0,574.64,62.02,638.82
ch2_ohr_ncp_20240425T1406019344_d_img_d18_x02560_y12800.png,0.3128,241.31,310.61,343.42,382.99
ch2_ohr_ncp_20240425T1406019344_d_img_d18_x02560_y15360.png,0.4558,6.66,268.95,23.25,313.15
ch2_ohr_ncp_20240425T1406019344_d_img_d18_x02560_y15360.png,0.3871,5.44,260.09,22.09,303.3
ch2_ohr_ncp_20240425T1406019344_d_img_d18_x02560_y64640.png,0.2115,304.6,134.86,315.29,161.51
ch2_ohr_ncp_20240425T1406019344_d_img_d18_x03840_y08960.png,0.3129,342.57,381.52,357.19,424.02
ch2_ohr_ncp_20240425T1406019344_d_img_d18_x03840_y53120.png,0.2252,199.98,335.65,225.59,378.74
ch2_ohr_ncp_20240425T1406019344_d_img_d18_x03840_y65920.png,0.6598,202.04,258.86,213.23,295.2
ch2_ohr_ncp_20240425T1406019344_d_img_d18_x03840_y65920.png,0.2793,202.12,251.37,212.59,282.37
ch2_ohr_ncp_20240425T1406019344_d_img_d18_x03840_y65920.png,0.2767,202.18,272.85,213.13,304.82
ch2_ohr_ncp_20240425T1406019344_d_img_d18_x03840_y89600.png,0.3289,0.0,133.31,49.32,214.89
ch2_ohr_ncp_20240425T1406019344_d_img_d18_x04480_y16000.png,0.3076,258.69,528.04,335.42,617.47
ch2_ohr_ncp_20240425T1406019344_d_img_d18_x05120_y47360.png,0.288,139.56,281.64,235.26,370.81
ch2_ohr_ncp_20240425T1406019344_d_img_d18_x05760_y88960.png,0.2365,107.37,115.58,189.95,183.42
ch2_ohr_ncp_20240425T1406019344_d_img_d18_x06400_y07680.png,0.2501,363.06,36.41,434.31,111.03
ch2_ohr_ncp_20240425T1406019344_d_img_d18_x06400_y51200.png,0.3008,31.84,506.8,121.56,602.6
ch2_ohr_ncp_20240425T1406019344_d_img_d18_x07680_y56320.png,0.3057,153.08,99.26,237.07,169.07
ch2_ohr_ncp_20240425T1406019344_d_img_d18_x07680_y72320.png,0.2455,38.7,567.31,58.74,618.6
ch2_ohr_ncp_20240425T1406019344_d_img_d18_x07680_y72320.png,0.2199,36.47,557.22,60.99,620.2
ch2_ohr_ncp_20240425T1406019344_d_img_d18_x08320_y02560.png,0.2079,40.21,158.01,134.58,232.17
ch2_ohr_ncp_20240425T1406019344_d_img_d18_x08320_y19200.png,0.3182,59.29,356.76,68.82,390.78
ch2_ohr_ncp_20240425T1406019344_d_img_d18_x08320_y19200.png,0.2516,59.78,338.72,68.4,370.92
ch2_ohr_ncp_20240425T1406019344_d_img_d18_x08320_y19200.png,0.2321,58.8,370.72,70.29,412.44
ch2_ohr_ncp_20240425T1406019344_d_img_d18_x08320_y48640.png,0.2654,385.01,594.02,454.65,640.0
ch2_ohr_ncp_20240425T1406019344_d_img_d18_x08960_y17920.png,0.2756,455.79,490.98,470.57,539.23
ch2_ohr_ncp_20240425T1406019344_d_img_d18_x08960_y17920.png,0.2533,455.64,461.68,469.82,506.92
ch2_ohr_ncp_20240425T1406019344_d_img_d18_x08960_y17920.png,0.2011,454.92,474.08,471.55,530.67
ch2_ohr_ncp_20240425T1406019344_d_img_d18_x08960_y52480.png,0.2772,428.15,214.4,435.54,238.85
ch2_ohr_ncp_20240425T1406019344_d_img_d18_x08960_y52480.png,0.2399,427.09,228.07,436.53,261.73
ch2_ohr_ncp_20240425T1406019344_d_img_d18_x10240_y06400.png,0.4775,450.62,127.13,468.03,172.17
ch2_ohr_ncp_20240425T1406019344_d_img_d18_x10240_y06400.png,0.3201,458.62,99.02,468.47,131.75
ch2_ohr_ncp_20240425T1406019344_d_img_d18_x10240_y06400.png,0.2731,459.28,84.8,468.21,115.63
ch2_ohr_ncp_20240425T1406019344_d_img_d18_x10240_y06400.png,0.2556,451.1,138.61,468.61,186.31
ch2_ohr_ncp_20240425T1406019344_d_img_d18_x10240_y06400.png,0.223,289.39,29.18,339.34,95.16
ch2_ohr_ncp_20240425T1406019344_d_img_d18_x10240_y06400.png,0.2216,457.04,113.85,468.46,148.5
ch2_ohr_ncp_20240425T1406019344_d_img_d18_x10240_y07040.png,0.5553,491.79,50.82,499.87,77.47
ch2_ohr_ncp_20240425T1406019344_d_img_d18_x10240_y07040.png,0.4835,491.65,37.0,500.31,65.33
ch2_ohr_ncp_20240425T1406019344_d_img_d18_x10880_y28800.png,0.2347,188.23,259.44,196.93,293.34
ch2_ohr_ncp_20240425T1603031918_d_img_d18_x00000_y85760.png,0.4331,74.46,128.78,84.6,164.75
ch2_ohr_ncp_20240425T1603031918_d_img_d18_x00000_y85760.png,0.3915,73.39,143.5,84.51,181.12
ch2_ohr_ncp_20240425T1603031918_d_img_d18_x00000_y85760.png,0.3868,72.97,160.06,84.28,196.59
ch2_ohr_ncp_20240425T1603031918_d_img_d18_x00000_y85760.png,0.3817,72.58,174.26,85.15,217.85
ch2_ohr_ncp_20240425T1603031918_d_img_d18_x00000_y85760.png,0.3713,75.04,192.54,84.75,224.36
ch2_ohr_ncp_20240425T1603031918_d_img_d18_x00000_y85760.png,0.3284,74.29,115.03,84.81,150.66
ch2_ohr_ncp_20240425T1603031918_d_img_d18_x00000_y85760.png,0.2041,1.81,200.83,94.83,276.29
ch2_ohr_ncp_20240425T1603031918_d_img_d18_x00640_y08320.png,0.3888,279.51,523.7,294.26,572.27
ch2_ohr_ncp_20240425T1603031918_d_img_d18_x00640_y08320.png,0.2891,278.71,512.7,291.37,543.74
ch2_ohr_ncp_20240425T1603031918_d_img_d18_x00640_y58240.png,0.2604,462.95,155.87,485.74,203.09
ch2_ohr_ncp_20240425T1603031918_d_img_d18_x00640_y62720.png,0.3986,235.3,459.92,262.47,518.05
ch2_ohr_ncp_20240425T1603031918_d_img_d18_x00640_y62720.png,0.2776,249.52,433.04,260.51,466.19
ch2_ohr_ncp_20240425T1603031918_d_img_d18_x00640_y62720.png,0.2467,240.63,444.45,263.67,505.21
ch2_ohr_ncp_20240425T1603031918_d_img_d18_x01280_y23680.png,0.3147,491.93,211.32,499.98,240.44
ch2_ohr_ncp_20240425T1603031918_d_img_d18_x01280_y23680.png,0.2757,490.85,193.52,500.3,227.27
ch2_ohr_ncp_20240425T1603031918_d_img_d18_x01280_y49280.png,0.2976,324.46,290.2,352.26,376.12
ch2_ohr_ncp_20240425T1603031918_d_img_d18_x01280_y49280.png,0.2828,261.3,269.07,277.44,315.32
ch2_ohr_ncp_20240425T1603031918_d_img_d18_x01280_y49280.png,0.2639,321.23,278.17,348.92,360.93
ch2_ohr_ncp_20240425T1603031918_d_img_d18_x01280_y49280.png,0.2494,324.98,306.78,351.78,387.92
ch2_ohr_ncp_20240425T1603031918_d_img_d18_x01280_y49280.png,0.2304,263.14,299.73,277.22,342.14
ch2_ohr_ncp_20240425T1603031918_d_img_d18_x01280_y49280.png,0.2244,262.92,283.63,277.5,328.46
ch2_ohr_ncp_20240425T1603031918_d_img_d18_x01280_y64000.png,0.2691,253.01,36.36,260.56,61.94
ch2_ohr_ncp_20240425T1603031918_d_img_d18_x01280_y71680.png,0.2255,136.42,435.93,148.25,469.64
ch2_ohr_ncp_20240425T1603031918_d_img_d18_x01280_y80640.png,0.2048,185.94,590.4,267.1,640.0
ch2_ohr_ncp_20240425T1603031918_d_img_d18_x01280_y83200.png,0.2294,40.63,286.12,54.6,336.05
ch2_ohr_ncp_20240425T1603031918_d_img_d18_x01920_y03840.png,0.236,604.83,94.01,621.3,131.59
ch2_ohr_ncp_20240425T1603031918_d_img_d18_x01920_y25600.png,0.2819,431.82,468.25,525.15,534.1
ch2_ohr_ncp_20240425T1603031918_d_img_d18_x01920_y26880.png,0.4198,331.39,129.49,340.83,162.93
ch2_ohr_ncp_20240425T1603031918_d_img_d18_x01920_y26880.png,0.3378,330.44,115.73,341.09,156.51
ch2_ohr_ncp_20240425T1603031918_d_img_d18_x01920_y26880.png,0.2808,330.88,83.92,340.7,117.86
ch2_ohr_ncp_20240425T1603031918_d_img_d18_x01920_y26880.png,0.2791,331.56,98.94,339.52,124.88
ch2_ohr_ncp_20240425T1603031918_d_img_d18_x01920_y26880.png,0.2662,263.67,155.64,352.88,237.63
ch2_ohr_ncp_20240425T1603031918_d_img_d18_x01920_y26880.png,0.2256,330.98,143.55,341.37,176.4
ch2_ohr_ncp_20240425T1603031918_d_img_d18_x01920_y54400.png,0.2127,249.96,575.88,331.98,640.0
ch2_ohr_ncp_20240425T1603031918_d_img_d18_x03200_y61440.png,0.2935,268.32,478.61,361.2,552.92
ch2_ohr_ncp_20240425T1603031918_d_img_d18_x03200_y74240.png,0.3279,0.0,193.88,61.68,278.48
ch2_ohr_ncp_20240425T1603031918_d_img_d18_x03200_y74240.png,0.2881,42.99,185.78,52.4,213.04
ch2_ohr_ncp_20240425T1603031918_d_img_d18_x03200_y74240.png,0.2219,44.13,198.51,52.51,218.04
ch2_ohr_ncp_20240425T1603031918_d_img_d18_x03840_y44800.png,0.2212,421.15,282.65,522.98,365.15
ch2_ohr_ncp_20240425T1603031918_d_img_d18_x04480_y00640.png,0.3083,247.33,106.45,262.82,156.51
ch2_ohr_ncp_20240425T1603031918_d_img_d18_x05120_y52480.png,0.3296,502.41,255.1,518.53,304.08
ch2_ohr_ncp_20240425T1603031918_d_img_d18_x05120_y84480.png,0.5692,107.13,144.59,117.56,184.58
ch2_ohr_ncp_20240425T1603031918_d_img_d18_x05120_y84480.png,0.4919,107.7,160.7,117.85,201.81
ch2_ohr_ncp_20240425T1603031918_d_img_d18_x05120_y84480.png,0.4905,106.48,130.52,116.99,168.74
ch2_ohr_ncp_20240425T1603031918_d_img_d18_x05120_y84480.png,0.3282,107.52,177.56,117.21,213.27
ch2_ohr_ncp_20240425T1603031918_d_img_d18_x05760_y72960.png,0.327,293.84,235.36,311.26,283.0
ch2_ohr_ncp_20240425T1603031918_d_img_d18_x07040_y23680.png,0.2573,605.03,392.02,640.0,470.29
ch2_ohr_ncp_20240425T1603031918_d_img_d18_x07040_y84480.png,0.2092,150.83,489.16,167.26,539.18
ch2_ohr_ncp_20240425T1603031918_d_img_d18_x07040_y85760.png,0.2372,129.64,285.26,235.42,372.2
ch2_ohr_ncp_20240425T1603031918_d_img_d18_x08320_y03840.png,0.3518,151.42,205.84,165.0,245.18
ch2_ohr_ncp_20240425T1603031918_d_img_d18_x08320_y03840.png,0.3083,149.33,253.22,166.48,304.53
ch2_ohr_ncp_20240425T1603031918_d_img_d18_x08320_y03840.png,0.2138,149.43,267.22,166.33,315.5
ch2_ohr_ncp_20240425T1603031918_d_img_d18_x08320_y31360.png,0.3504,586.38,433.87,597.99,475.34
ch2_ohr_ncp_20240425T1603031918_d_img_d18_x08320_y31360.png,0.2279,586.43,419.05,597.41,458.15
ch2_ohr_ncp_20240425T1603031918_d_img_d18_x08960_y87040.png,0.2756,118.52,538.87,141.86,606.74
ch2_ohr_ncp_20240425T1603031918_d_img_d18_x09600_y14720.png,0.3877,123.09,320.29,133.69,358.44
ch2_ohr_ncp_20240425T1603031918_d_img_d18_x09600_y14720.png,0.3721,121.93,300.39,133.56,340.53
ch2_ohr_ncp_20240425T1603031918_d_img_d18_x09600_y14720.png,0.3629,104.16,347.71,134.05,405.2
ch2_ohr_ncp_20240425T1603031918_d_img_d18_x09600_y14720.png,0.3337,102.63,359.32,133.88,413.28
ch2_ohr_ncp_20240425T1603031918_d_img_d18_x09600_y14720.png,0.2965,120.21,292.44,133.23,332.64
ch2_ohr_ncp_20240425T1603031918_d_img_d18_x09600_y26880.png,0.2211,457.85,350.3,469.89,394.01
ch2_ohr_ncp_20240425T1603031918_d_img_d18_x09600_y26880.png,0.209,454.13,397.68,469.85,442.43
ch2_ohr_ncp_20240425T1603031918_d_img_d18_x09600_y26880.png,0.2061,458.66,368.75,468.21,398.39
ch2_ohr_ncp_20240425T1603031918_d_img_d18_x09600_y64640.png,0.3945,335.61,260.01,402.06,331.4
ch2_ohr_ncp_20240425T1603031918_d_img_d18_x09600_y64640.png,0.3166,330.93,272.24,396.9,335.86
ch2_ohr_ncp_20240425T1603031918_d_img_d18_x09600_y64640.png,0.2506,374.49,236.12,390.37,280.74
ch2_ohr_ncp_20240425T1603031918_d_img_d18_x09600_y64640.png,0.2427,340.9,271.7,394.02,311.81
ch2_ohr_ncp_20240425T1603031918_d_img_d18_x09600_y64640.png,0.2292,377.07,230.44,388.62,266.68
ch2_ohr_ncp_20240425T1603031918_d_img_d18_x09600_y64640.png,0.2184,337.94,276.03,396.82,325.83
ch2_ohr_ncp_20240425T1603031918_d_img_d18_x10240_y19200.png,0.3322,545.44,411.75,567.77,472.35
ch2_ohr_ncp_20240425T1603031918_d_img_d18_x10240_y19200.png,0.2902,551.53,366.33,565.46,412.06
ch2_ohr_ncp_20240425T1603031918_d_img_d18_x10240_y23040.png,0.2456,126.14,264.01,240.71,352.08
ch2_ohr_ncp_20240425T1603031918_d_img_d18_x10240_y62720.png,0.2067,28.07,574.3,143.25,640.0
ch2_ohr_ncp_20250516T0948068899_d_img_d18_x05760_y78080.png,0.2595,356.97,155.39,374.33,193.55
ch2_ohr_ncp_20250516T0948068899_d_img_d18_x05760_y78080.png,0.2431,359.12,151.08,374.09,189.1
ch2_ohr_ncp_20250516T1145499313_d_img_d18_x01920_y41600.png,0.2776,404.88,110.03,420.62,148.8
ch2_ohr_ncp_20250516T1145499313_d_img_d18_x01920_y41600.png,0.2674,403.99,81.65,421.49,119.37
ch2_ohr_ncp_20250516T1145499313_d_img_d18_x01920_y41600.png,0.2591,403.13,91.62,421.67,136.88
ch2_ohr_ncp_20250516T1145499313_d_img_d18_x01920_y41600.png,0.2138,403.79,124.99,422.16,170.07
ch2_ohr_ncp_20250516T1145499313_d_img_d18_x07040_y64640.png,0.5872,431.09,575.3,453.74,617.94
ch2_ohr_ncp_20250516T1145499313_d_img_d18_x07040_y64640.png,0.4593,356.12,543.28,373.07,582.25
ch2_ohr_ncp_20250516T1145499313_d_img_d18_x07040_y64640.png,0.4465,435.57,546.36,452.99,584.11
ch2_ohr_ncp_20250516T1145499313_d_img_d18_x07040_y64640.png,0.3106,431.72,587.93,453.49,623.69
ch2_ohr_ncp_20250516T1145499313_d_img_d18_x07040_y64640.png,0.2623,354.96,559.03,372.39,598.64
ch2_ohr_ncp_20250516T1145499313_d_img_d18_x07040_y64640.png,0.2548,432.76,563.55,453.51,602.59
ch2_ohr_ncp_20250516T1145499313_d_img_d18_x07040_y64640.png,0.2456,355.45,573.77,372.42,612.41
ch2_ohr_ncp_20250516T1145499313_d_img_d18_x07040_y64640.png,0.2333,360.71,538.26,371.51,562.56
ch2_ohr_ncp_20250516T1342347288_d_img_d18_x05120_y49280.png,0.2399,137.37,189.71,266.57,265.39
ch2_ohr_ncp_20250516T1342347288_d_img_d18_x10240_y26880.png,0.255,431.94,299.33,525.44,404.03
ch2_ohr_ncp_20250516T1342347288_d_img_d18_x10240_y26880.png,0.2268,511.68,0.0,631.63,43.79
ch2_ohr_ncp_20250516T1540191774_d_img_d18_x02560_y07680.png,0.2134,204.64,602.84,216.41,631.16
ch2_ohr_ncp_20250612T2031048828_d_img_d18_x04480_y32000.png,0.2468,4.65,556.7,29.18,599.38
ch2_ohr_ncp_20250612T2031048828_d_img_d18_x04480_y39040.png,0.4288,325.86,578.15,340.82,615.24
ch2_ohr_ncp_20250612T2031048828_d_img_d18_x04480_y39040.png,0.3739,324.65,590.63,340.41,626.54
ch2_ohr_ncp_20250612T2031048828_d_img_d18_x05120_y32000.png,0.2239,454.11,213.72,469.08,254.99
ch2_ohr_ncp_20250612T2031048828_d_img_d18_x06400_y76800.png,0.2674,391.54,389.86,404.14,421.96
ch2_ohr_ncp_20250612T2031048828_d_img_d18_x08960_y71040.png,0.2105,533.02,514.32,550.21,551.29
ch2_ohr_ncp_20250612T2031048828_d_img_d18_x09600_y00000.png,0.4258,403.41,110.62,422.12,156.26
ch2_ohr_ncp_20250612T2031048828_d_img_d18_x10880_y50560.png,0.2257,595.88,178.28,614.75,215.17
ch2_ohr_ncp_20250612T2031048828_d_img_d18_x10880_y50560.png,0.2166,517.59,166.81,532.82,198.92
ch2_ohr_ncp_20250612T2031048828_d_img_d18_x10880_y73600.png,0.5168,240.84,45.67,262.1,89.39
ch2_ohr_ncp_20250612T2229094979_d_img_d18_x00000_y16640.png,0.3564,496.11,398.17,518.18,447.37
ch2_ohr_ncp_20250612T2229094979_d_img_d18_x00000_y16640.png,0.2646,497.07,413.24,518.6,457.79
ch2_ohr_ncp_20250612T2229094979_d_img_d18_x00000_y50560.png,0.2831,185.12,471.24,197.37,503.09
ch2_ohr_ncp_20250612T2229094979_d_img_d18_x00640_y39680.png,0.6784,123.17,546.46,132.75,580.06
ch2_ohr_ncp_20250612T2229094979_d_img_d18_x00640_y39680.png,0.6756,122.86,559.19,133.32,599.72
ch2_ohr_ncp_20250612T2229094979_d_img_d18_x00640_y39680.png,0.2951,121.26,571.37,133.82,615.9
ch2_ohr_ncp_20250612T2229094979_d_img_d18_x00640_y39680.png,0.2579,123.83,536.86,132.42,565.53
ch2_ohr_ncp_20250612T2229094979_d_img_d18_x01280_y74240.png,0.2145,431.12,452.43,529.15,513.09
ch2_ohr_ncp_20250612T2229094979_d_img_d18_x02560_y78720.png,0.4871,504.94,597.37,515.81,628.62
ch2_ohr_ncp_20250612T2229094979_d_img_d18_x02560_y78720.png,0.3798,504.11,603.76,515.53,632.61
ch2_ohr_ncp_20250612T2229094979_d_img_d18_x02560_y78720.png,0.3514,455.68,599.33,468.85,629.69
ch2_ohr_ncp_20250612T2229094979_d_img_d18_x02560_y78720.png,0.2499,455.49,604.8,467.88,632.64
ch2_ohr_ncp_20250612T2229094979_d_img_d18_x03200_y25600.png,0.343,188.69,344.94,195.76,365.51
ch2_ohr_ncp_20250612T2229094979_d_img_d18_x04480_y64640.png,0.2322,610.65,271.48,630.78,310.21
ch2_ohr_ncp_20250612T2229094979_d_img_d18_x05760_y28800.png,0.2137,469.41,98.82,485.79,139.45
ch2_ohr_ncp_20250612T2229094979_d_img_d18_x06400_y28160.png,0.2965,577.87,449.68,597.37,492.53
ch2_ohr_ncp_20250612T2229094979_d_img_d18_x06400_y31360.png,0.2147,0.0,238.53,84.45,327.62
ch2_ohr_ncp_20250612T2229094979_d_img_d18_x07680_y42240.png,0.2418,610.89,121.96,629.51,159.38
ch2_ohr_ncp_20250612T2229094979_d_img_d18_x07680_y54400.png,0.2331,119.42,69.01,133.67,103.13
ch2_ohr_ncp_20250612T2229094979_d_img_d18_x08320_y23680.png,0.2946,464.31,76.56,486.57,127.5
ch2_ohr_ncp_20250612T2229094979_d_img_d18_x08320_y23680.png,0.218,470.01,94.77,483.94,126.8
ch2_ohr_ncp_20250612T2229094979_d_img_d18_x08960_y51200.png,0.3348,372.33,574.28,390.44,616.62
ch2_ohr_ncp_20250612T2229094979_d_img_d18_x09600_y14080.png,0.22,484.04,360.14,498.54,393.91
ch2_ohr_ncp_20250612T2229094979_d_img_d18_x09600_y29440.png,0.2693,436.13,128.45,453.1,168.18
ch2_ohr_ncp_20250612T2229094979_d_img_d18_x10880_y21120.png,0.235,57.49,608.93,67.96,630.49
ch2_ohr_ncp_20250612T2229094979_d_img_d18_x10880_y49280.png,0.2469,229.17,545.17,246.76,580.44
ch2_ohr_ncp_20250612T2229094979_d_img_d18_x10880_y71040.png,0.3256,530.17,209.71,640.0,291.83
ch2_ohr_ncp_20250612T2229094979_d_img_d18_x10880_y71040.png,0.278,547.81,207.53,640.0,278.58
ch2_ohr_ncp_20190906T2241285714_d_img_gds_x08960_y10240.png,0.25,235.74,545.82,241.9,551.94
ch2_ohr_ncp_20190906T2241285714_d_img_gds_x11520_y64640.png,0.3999,24.04,38.94,33.7,49.37
ch2_ohr_ncp_20190906T2241285714_d_img_gds_x11520_y64640.png,0.2958,270.53,110.88,276.76,116.85
ch2_ohr_ncp_20240425T1406019344_d_img_d18_x01920_y83200.png,0.304,585.31,338.0,598.18,352.84
ch2_ohr_ncp_20250516T0948068899_d_img_d18_x11520_y08960.png,0.5741,309.39,614.49,315.65,620.21
ch2_ohr_ncp_20250516T0948068899_d_img_d18_x11520_y08960.png,0.4993,285.38,508.62,291.24,514.68
ch2_ohr_ncp_20250516T0948068899_d_img_d18_x11520_y08960.png,0.4878,408.95,178.71,429.59,203.56
ch2_ohr_ncp_20250516T0948068899_d_img_d18_x11520_y08960.png,0.4765,356.6,629.08,362.07,635.38
ch2_ohr_ncp_20250516T0948068899_d_img_d18_x11520_y08960.png,0.4384,171.47,267.79,177.57,273.62
ch2_ohr_ncp_20250516T0948068899_d_img_d18_x11520_y08960.png,0.4251,314.11,226.44,320.08,231.86
ch2_ohr_ncp_20250516T0948068899_d_img_d18_x11520_y08960.png,0.4073,239.53,509.3,246.21,515.31
ch2_ohr_ncp_20250516T0948068899_d_img_d18_x11520_y08960.png,0.3943,429.53,293.8,435.76,298.8
ch2_ohr_ncp_20250516T0948068899_d_img_d18_x11520_y08960.png,0.3865,232.08,451.04,239.54,458.15
ch2_ohr_ncp_20250516T0948068899_d_img_d18_x11520_y08960.png,0.3826,263.64,324.74,270.44,331.5
ch2_ohr_ncp_20250516T0948068899_d_img_d18_x11520_y08960.png,0.3617,383.22,441.68,388.81,445.7
ch2_ohr_ncp_20250516T0948068899_d_img_d18_x11520_y08960.png,0.3414,71.65,564.66,78.15,571.72
ch2_ohr_ncp_20250516T0948068899_d_img_d18_x11520_y08960.png,0.3256,283.89,471.26,289.92,476.5
ch2_ohr_ncp_20250516T0948068899_d_img_d18_x11520_y08960.png,0.3163,165.63,634.01,173.06,639.32
ch2_ohr_ncp_20250516T0948068899_d_img_d18_x11520_y08960.png,0.3102,404.59,248.31,410.01,253.18
ch2_ohr_ncp_20250516T0948068899_d_img_d18_x11520_y08960.png,0.2939,133.09,457.97,138.78,463.35
ch2_ohr_ncp_20250516T0948068899_d_img_d18_x11520_y08960.png,0.2847,304.04,536.69,311.56,542.95
ch2_ohr_ncp_20250516T0948068899_d_img_d18_x11520_y08960.png,0.2846,293.93,224.13,301.86,230.65
ch2_ohr_ncp_20250516T0948068899_d_img_d18_x11520_y08960.png,0.2752,222.97,418.0,234.73,429.95
ch2_ohr_ncp_20250516T0948068899_d_img_d18_x11520_y08960.png,0.2737,22.27,324.22,27.64,329.86
ch2_ohr_ncp_20250516T0948068899_d_img_d18_x11520_y08960.png,0.2679,371.89,34.76,377.89,41.01
ch2_ohr_ncp_20250516T0948068899_d_img_d18_x11520_y08960.png,0.2561,275.57,252.21,282.54,258.18
ch2_ohr_ncp_20250516T0948068899_d_img_d18_x11520_y08960.png,0.2526,296.14,493.13,300.97,497.5
ch2_ohr_ncp_20250516T0948068899_d_img_d18_x11520_y08960.png,0.2487,29.33,483.74,34.43,488.99
ch2_ohr_ncp_20250516T0948068899_d_img_d18_x11520_y08960.png,0.2381,307.74,420.64,312.84,425.73
ch2_ohr_ncp_20250516T0948068899_d_img_d18_x11520_y08960.png,0.2313,198.42,255.1,203.47,259.63
ch2_ohr_ncp_20250516T0948068899_d_img_d18_x11520_y08960.png,0.223,343.19,185.07,348.02,189.4
ch2_ohr_ncp_20250516T0948068899_d_img_d18_x11520_y08960.png,0.2226,418.96,305.48,424.79,310.35
ch2_ohr_ncp_20250516T0948068899_d_img_d18_x11520_y08960.png,0.2192,93.06,553.3,98.67,558.3
ch2_ohr_ncp_20250516T0948068899_d_img_d18_x11520_y08960.png,0.2145,214.1,40.63,218.28,45.11
ch2_ohr_ncp_20250516T0948068899_d_img_d18_x11520_y08960.png,0.2071,416.52,14.67,422.39,18.95
ch2_ohr_ncp_20250516T0948068899_d_img_d18_x11520_y08960.png,0.2042,370.6,405.25,376.33,410.46
ch2_ohr_ncp_20250516T0948068899_d_img_d18_x11520_y08960.png,0.2033,404.98,584.27,411.62,591.56
ch2_ohr_ncp_20250516T0948068899_d_img_d18_x11520_y09600.png,0.3497,150.4,247.16,156.14,253.04
ch2_ohr_ncp_20250516T0948068899_d_img_d18_x11520_y09600.png,0.3148,381.22,429.49,387.94,436.08
ch2_ohr_ncp_20250516T0948068899_d_img_d18_x11520_y09600.png,0.3042,404.26,598.11,411.02,603.43
ch2_ohr_ncp_20250516T0948068899_d_img_d18_x11520_y09600.png,0.2199,384.72,186.26,392.09,191.55
ch2_ohr_ncp_20250516T0948068899_d_img_d18_x11520_y09600.png,0.2155,1.72,524.94,8.89,531.19
ch2_ohr_ncp_20250516T0948068899_d_img_d18_x11520_y09600.png,0.2121,325.69,544.93,330.85,549.93
ch2_ohr_ncp_20250516T0948068899_d_img_d18_x11520_y09600.png,0.2009,415.41,385.95,421.0,391.35
ch2_ohr_ncp_20250516T0948068899_d_img_d18_x11520_y12800.png,0.2591,407.77,24.9,413.79,30.14
ch2_ohr_ncp_20250516T0948068899_d_img_d18_x11520_y12800.png,0.2138,209.96,611.19,215.03,616.41
ch2_ohr_ncp_20250516T0948068899_d_img_d18_x11520_y12800.png,0.2033,378.45,43.45,384.37,49.11
ch2_ohr_ncp_20250516T0948068899_d_img_d18_x11520_y19200.png,0.3515,317.2,534.0,324.04,539.85
ch2_ohr_ncp_20250516T0948068899_d_img_d18_x11520_y19200.png,0.3111,253.9,581.17,259.62,586.34
ch2_ohr_ncp_20250516T0948068899_d_img_d18_x11520_y19200.png,0.2356,87.46,408.22,93.7,414.58
ch2_ohr_ncp_20250516T0948068899_d_img_d18_x11520_y19200.png,0.2047,332.97,180.4,339.46,186.71
ch2_ohr_ncp_20250516T0948068899_d_img_d18_x11520_y19840.png,0.4468,117.85,57.04,127.18,65.16
ch2_ohr_ncp_20250516T0948068899_d_img_d18_x11520_y19840.png,0.4184,100.41,612.51,107.46,619.24
ch2_ohr_ncp_20250516T0948068899_d_img_d18_x11520_y19840.png,0.416,445.93,597.3,452.49,603.31
ch2_ohr_ncp_20250516T0948068899_d_img_d18_x11520_y19840.png,0.3199,80.98,34.67,99.66,55.34
ch2_ohr_ncp_20250516T0948068899_d_img_d18_x11520_y19840.png,0.2914,264.22,231.21,271.66,237.7
ch2_ohr_ncp_20250516T0948068899_d_img_d18_x11520_y19840.png,0.2589,87.36,541.83,93.61,547.27
ch2_ohr_ncp_20250516T0948068899_d_img_d18_x11520_y19840.png,0.2525,165.15,25.22,172.72,32.12
ch2_ohr_ncp_20250516T0948068899_d_img_d18_x11520_y19840.png,0.2522,366.53,233.8,373.06,238.72
ch2_ohr_ncp_20250516T0948068899_d_img_d18_x11520_y19840.png,0.2431,275.3,183.71,283.62,196.0
ch2_ohr_ncp_20250516T0948068899_d_img_d18_x11520_y19840.png,0.238,201.03,22.16,206.66,26.95
ch2_ohr_ncp_20250516T0948068899_d_img_d18_x11520_y19840.png,0.2246,204.49,78.26,211.43,84.4
ch2_ohr_ncp_20250516T0948068899_d_img_d18_x11520_y19840.png,0.2219,204.89,77.0,212.21,83.65
ch2_ohr_ncp_20250516T0948068899_d_img_d18_x11520_y21760.png,0.2827,95.66,467.69,104.13,474.31
ch2_ohr_ncp_20250516T0948068899_d_img_d18_x11520_y21760.png,0.2567,176.19,564.12,181.89,569.34
ch2_ohr_ncp_20250516T0948068899_d_img_d18_x11520_y21760.png,0.2311,137.79,122.03,143.18,127.27
ch2_ohr_ncp_20250516T0948068899_d_img_d18_x11520_y21760.png,0.2299,454.72,613.54,461.37,620.98
ch2_ohr_ncp_20250516T0948068899_d_img_d18_x11520_y22400.png,0.4187,375.53,582.95,380.24,588.02
ch2_ohr_ncp_20250516T0948068899_d_img_d18_x11520_y22400.png,0.3237,391.73,69.36,398.34,76.94
ch2_ohr_ncp_20250516T0948068899_d_img_d18_x11520_y22400.png,0.2298,278.97,209.27,287.89,216.45
ch2_ohr_ncp_20250516T0948068899_d_img_d18_x11520_y22400.png,0.2162,298.96,254.04,305.53,260.34
ch2_ohr_ncp_20250516T0948068899_d_img_d18_x11520_y23680.png,0.3733,133.04,7.0,139.97,14.46
ch2_ohr_ncp_20250516T0948068899_d_img_d18_x11520_y23680.png,0.3416,270.06,448.01,276.3,453.84
ch2_ohr_ncp_20250516T0948068899_d_img_d18_x11520_y23680.png,0.3317,131.22,27.23,145.52,46.63
ch2_ohr_ncp_20250516T0948068899_d_img_d18_x11520_y23680.png,0.3282,344.66,256.44,351.7,262.76
ch2_ohr_ncp_20250516T0948068899_d_img_d18_x11520_y23680.png,0.3113,212.84,314.14,220.01,321.71
ch2_ohr_ncp_20250516T0948068899_d_img_d18_x11520_y23680.png,0.3034,309.96,211.45,317.05,218.34
ch2_ohr_ncp_20250516T0948068899_d_img_d18_x11520_y23680.png,0.291,350.19,525.18,356.12,531.09
ch2_ohr_ncp_20250516T0948068899_d_img_d18_x11520_y23680.png,0.2898,221.36,374.77,226.88,380.14
ch2_ohr_ncp_20250516T0948068899_d_img_d18_x11520_y23680.png,0.2893,376.51,531.57,387.01,540.41
ch2_ohr_ncp_20250516T0948068899_d_img_d18_x11520_y23680.png,0.2787,365.91,620.94,372.24,626.41
ch2_ohr_ncp_20250516T0948068899_d_img_d18_x11520_y23680.png,0.2748,293.53,503.01,302.23,510.15
ch2_ohr_ncp_20250516T0948068899_d_img_d18_x11520_y23680.png,0.2697,336.62,52.76,342.91,59.13
ch2_ohr_ncp_20250516T0948068899_d_img_d18_x11520_y23680.png,0.2612,376.0,368.74,381.6,374.36
ch2_ohr_ncp_20250516T0948068899_d_img_d18_x11520_y23680.png,0.2596,244.93,527.05,251.89,533.93
ch2_ohr_ncp_20250516T0948068899_d_img_d18_x11520_y23680.png,0.2374,395.97,251.58,401.87,256.73
ch2_ohr_ncp_20250516T0948068899_d_img_d18_x11520_y23680.png,0.2358,140.89,591.52,147.47,598.14
ch2_ohr_ncp_20250516T0948068899_d_img_d18_x11520_y23680.png,0.2319,22.57,471.4,28.89,477.84
ch2_ohr_ncp_20250516T0948068899_d_img_d18_x11520_y23680.png,0.2269,23.22,529.19,28.52,533.97
ch2_ohr_ncp_20250516T0948068899_d_img_d18_x11520_y23680.png,0.219,398.47,138.18,404.32,144.25
ch2_ohr_ncp_20250516T0948068899_d_img_d18_x11520_y24320.png,0.4837,368.82,197.38,374.32,203.5
ch2_ohr_ncp_20250516T0948068899_d_img_d18_x11520_y24320.png,0.4744,207.92,38.3,219.97,52.6
ch2_ohr_ncp_20250516T0948068899_d_img_d18_x11520_y24320.png,0.4506,336.13,119.93,342.41,126.08
ch2_ohr_ncp_20250516T0948068899_d_img_d18_x11520_y24320.png,0.409,358.49,99.48,365.81,106.99
ch2_ohr_ncp_20250516T0948068899_d_img_d18_x11520_y24320.png,0.3764,359.37,443.08,366.79,448.87
ch2_ohr_ncp_20250516T0948068899_d_img_d18_x11520_y24320.png,0.3738,84.15,76.49,92.13,83.37
ch2_ohr_ncp_20250516T0948068899_d_img_d18_x11520_y24320.png,0.3508,49.4,0.0,55.57,5.35
ch2_ohr_ncp_20250516T0948068899_d_img_d18_x11520_y24320.png,0.3422,422.66,442.19,430.32,448.74
ch2_ohr_ncp_20250516T0948068899_d_img_d18_x11520_y24320.png,0.3357,242.45,525.02,249.62,531.59
ch2_ohr_ncp_20250516T0948068899_d_img_d18_x11520_y24320.png,0.3356,283.35,43.65,289.74,49.44
ch2_ohr_ncp_20250516T0948068899_d_img_d18_x11520_y24320.png,0.3162,215.26,607.58,221.36,612.93
ch2_ohr_ncp_20250516T0948068899_d_img_d18_x11520_y24320.png,0.3018,420.75,396.25,426.87,402.9
ch2_ohr_ncp_20250516T0948068899_d_img_d18_x11520_y24320.png,0.293,146.06,454.43,153.97,462.24
ch2_ohr_ncp_20250516T0948068899_d_img_d18_x11520_y24320.png,0.2862,14.32,288.3,21.33,293.94
ch2_ohr_ncp_20250516T0948068899_d_img_d18_x11520_y24320.png,0.2696,247.19,164.1,255.24,171.18
ch2_ohr_ncp_20250516T0948068899_d_img_d18_x11520_y24320.png,0.2624,68.28,112.27,75.47,118.88
ch2_ohr_ncp_20250516T0948068899_d_img_d18_x11520_y24320.png,0.254,58.86,394.32,65.88,399.99
ch2_ohr_ncp_20250516T0948068899_d_img_d18_x11520_y24320.png,0.2209,409.25,477.38,414.39,482.56
ch2_ohr_ncp_20250516T0948068899_d_img_d18_x11520_y24320.png,0.2203,62.95,517.23,70.93,524.67
ch2_ohr_ncp_20250516T0948068899_d_img_d18_x11520_y24320.png,0.2185,334.57,261.85,341.78,268.73
ch2_ohr_ncp_20250516T0948068899_d_img_d18_x11520_y24320.png,0.2162,288.89,172.71,295.74,178.36
ch2_ohr_ncp_20250516T0948068899_d_img_d18_x11520_y24320.png,0.211,319.3,608.32,326.75,616.31
ch2_ohr_ncp_20250516T0948068899_d_img_d18_x11520_y24320.png,0.2053,365.79,74.05,377.99,86.29
ch2_ohr_ncp_20250516T0948068899_d_img_d18_x11520_y26240.png,0.2511,387.73,0.34,394.52,3.63
ch2_ohr_ncp_20250516T0948068899_d_img_d18_x11520_y26240.png,0.2414,143.3,44.67,150.32,50.73
ch2_ohr_ncp_20250516T0948068899_d_img_d18_x11520_y26240.png,0.2213,115.24,13.47,122.11,19.98
ch2_ohr_ncp_20250516T0948068899_d_img_d18_x11520_y26240.png,0.2124,87.81,109.49,93.98,115.08
ch2_ohr_ncp_20250516T0948068899_d_img_d18_x11520_y26240.png,0.2112,164.57,59.39,171.24,65.77
ch2_ohr_ncp_20250516T0948068899_d_img_d18_x11520_y26240.png,0.2064,367.88,231.27,374.84,237.81
ch2_ohr_ncp_20250516T0948068899_d_img_d18_x11520_y27520.png,0.3328,283.69,348.18,291.04,354.84
ch2_ohr_ncp_20250516T0948068899_d_img_d18_x11520_y27520.png,0.2045,284.95,372.96,291.09,378.85
ch2_ohr_ncp_20250516T0948068899_d_img_d18_x11520_y33280.png,0.2686,204.6,564.99,211.82,571.9
ch2_ohr_ncp_20250516T0948068899_d_img_d18_x11520_y43520.png,0.2978,343.22,235.32,352.98,243.07
ch2_ohr_ncp_20250516T0948068899_d_img_d18_x11520_y43520.png,0.2571,136.05,277.54,143.02,283.79
ch2_ohr_ncp_20250516T0948068899_d_img_d18_x11520_y48640.png,0.3599,382.08,289.52,389.67,295.66
ch2_ohr_ncp_20250516T0948068899_d_img_d18_x11520_y48640.png,0.2885,365.2,226.6,372.85,233.86
ch2_ohr_ncp_20250516T0948068899_d_img_d18_x11520_y48640.png,0.2793,419.34,229.67,427.91,236.74
ch2_ohr_ncp_20250516T0948068899_d_img_d18_x11520_y48640.png,0.2152,194.86,120.65,200.66,126.17
ch2_ohr_ncp_20250516T0948068899_d_img_d18_x11520_y48640.png,0.2028,37.35,438.86,43.94,445.79
ch2_ohr_ncp_20250516T0948068899_d_img_d18_x11520_y49920.png,0.3324,90.87,285.3,97.47,291.08
ch2_ohr_ncp_20250516T0948068899_d_img_d18_x11520_y49920.png,0.2696,262.47,421.97,271.5,430.31
ch2_ohr_ncp_20250516T0948068899_d_img_d18_x11520_y49920.png,0.2112,357.45,552.46,363.71,558.0
ch2_ohr_ncp_20250516T0948068899_d_img_d18_x11520_y49920.png,0.2082,1.07,94.39,12.26,105.76
ch2_ohr_ncp_20250516T0948068899_d_img_d18_x11520_y49920.png,0.2061,351.7,408.54,357.93,413.64
ch2_ohr_ncp_20250516T0948068899_d_img_d18_x11520_y50560.png,0.2473,61.76,565.34,68.34,571.08
ch2_ohr_ncp_20250516T0948068899_d_img_d18_x11520_y50560.png,0.2192,233.4,0.0,242.66,3.46
ch2_ohr_ncp_20250516T0948068899_d_img_d18_x11520_y51200.png,0.2665,268.95,142.73,274.47,148.07
ch2_ohr_ncp_20250516T0948068899_d_img_d18_x11520_y51200.png,0.2516,374.12,170.05,381.47,176.86
ch2_ohr_ncp_20250516T0948068899_d_img_d18_x11520_y51200.png,0.2284,11.45,277.83,18.1,283.51
ch2_ohr_ncp_20250516T0948068899_d_img_d18_x11520_y56960.png,0.2986,9.27,11.52,46.06,49.67
ch2_ohr_ncp_20250516T0948068899_d_img_d18_x11520_y57600.png,0.2268,283.88,404.17,290.09,410.71
ch2_ohr_ncp_20250516T0948068899_d_img_d18_x11520_y60800.png,0.2241,68.06,343.2,74.02,348.76
ch2_ohr_ncp_20250516T0948068899_d_img_d18_x11520_y63360.png,0.3238,224.78,355.67,233.05,363.51
ch2_ohr_ncp_20250516T0948068899_d_img_d18_x11520_y63360.png,0.2549,156.75,93.33,162.48,98.65
ch2_ohr_ncp_20250516T0948068899_d_img_d18_x11520_y63360.png,0.2227,370.38,35.28,378.16,43.33
ch2_ohr_ncp_20250516T0948068899_d_img_d18_x11520_y64000.png,0.2625,398.7,0.57,404.13,4.89
ch2_ohr_ncp_20250516T0948068899_d_img_d18_x11520_y64640.png,0.3191,131.77,77.81,138.88,84.15
ch2_ohr_ncp_20250516T0948068899_d_img_d18_x11520_y64640.png,0.2486,199.71,166.46,206.18,171.65
ch2_ohr_ncp_20250516T0948068899_d_img_d18_x11520_y64640.png,0.2411,168.95,278.11,174.25,283.31
ch2_ohr_ncp_20250516T0948068899_d_img_d18_x11520_y64640.png,0.2185,343.57,529.9,350.38,537.41
ch2_ohr_ncp_20250516T0948068899_d_img_d18_x11520_y65280.png,0.2604,134.9,212.54,142.38,218.67
ch2_ohr_ncp_20250516T0948068899_d_img_d18_x11520_y67200.png,0.302,72.27,349.28,78.33,355.64
ch2_ohr_ncp_20250516T0948068899_d_img_d18_x11520_y71680.png,0.3049,85.67,0.42,92.45,5.93
ch2_ohr_ncp_20250516T0948068899_d_img_d18_x11520_y74880.png,0.2222,57.92,536.38,65.27,542.54
ch2_ohr_ncp_20250516T0948068899_d_img_d18_x11520_y76160.png,0.481,338.29,180.22,352.76,195.2
ch2_ohr_ncp_20250516T0948068899_d_img_d18_x11520_y76160.png,0.3346,230.51,87.73,236.62,92.84
ch2_ohr_ncp_20250516T0948068899_d_img_d18_x11520_y76160.png,0.2943,264.41,131.87,271.8,141.64
ch2_ohr_ncp_20250516T0948068899_d_img_d18_x11520_y76160.png,0.2835,177.12,81.03,183.69,87.28
ch2_ohr_ncp_20250516T0948068899_d_img_d18_x11520_y76160.png,0.2621,0.0,52.37,10.84,65.9
ch2_ohr_ncp_20250516T0948068899_d_img_d18_x11520_y76160.png,0.2444,411.53,357.87,418.61,364.48
ch2_ohr_ncp_20250516T0948068899_d_img_d18_x11520_y76160.png,0.2133,179.24,248.71,186.81,254.42
ch2_ohr_ncp_20250516T0948068899_d_img_d18_x11520_y77440.png,0.2497,357.85,180.02,365.01,186.96
ch2_ohr_ncp_20250516T0948068899_d_img_d18_x11520_y78080.png,0.3206,338.89,148.57,347.54,157.03
ch2_ohr_ncp_20250516T0948068899_d_img_d18_x11520_y78080.png,0.3166,44.43,387.93,52.13,394.69
ch2_ohr_ncp_20250516T0948068899_d_img_d18_x11520_y78080.png,0.2996,263.21,12.01,270.24,19.15
ch2_ohr_ncp_20250516T0948068899_d_img_d18_x11520_y78080.png,0.2701,11.17,498.98,18.78,506.55
ch2_ohr_ncp_20250516T0948068899_d_img_d18_x11520_y78080.png,0.2228,45.96,387.88,52.87,394.25
ch2_ohr_ncp_20250516T0948068899_d_img_d18_x11520_y78080.png,0.2065,4.92,560.65,10.77,566.06
ch2_ohr_ncp_20250516T0948068899_d_img_d18_x11520_y78720.png,0.2407,270.78,319.18,276.74,325.76
ch2_ohr_ncp_20250516T0948068899_d_img_d18_x11520_y78720.png,0.2271,317.28,262.54,323.51,268.87
ch2_ohr_ncp_20250516T0948068899_d_img_d18_x11520_y78720.png,0.2031,38.19,405.52,45.33,411.65
ch2_ohr_ncp_20250516T0948068899_d_img_d18_x11520_y79360.png,0.3093,279.04,348.78,285.74,355.01
ch2_ohr_ncp_20250516T0948068899_d_img_d18_x11520_y79360.png,0.27,402.41,298.82,408.05,304.17
ch2_ohr_ncp_20250516T0948068899_d_img_d18_x11520_y80000.png,0.3915,223.6,301.59,230.2,307.65
ch2_ohr_ncp_20250516T0948068899_d_img_d18_x11520_y80640.png,0.3738,353.55,458.02,361.23,464.25
ch2_ohr_ncp_20250516T0948068899_d_img_d18_x11520_y80640.png,0.3686,421.12,558.01,427.7,563.68
ch2_ohr_ncp_20250516T0948068899_d_img_d18_x11520_y80640.png,0.3429,348.94,613.27,355.37,619.53
ch2_ohr_ncp_20250516T0948068899_d_img_d18_x11520_y80640.png,0.2899,103.58,199.92,110.82,206.17
ch2_ohr_ncp_20250516T0948068899_d_img_d18_x11520_y80640.png,0.2555,346.39,380.91,351.4,385.98
ch2_ohr_ncp_20250516T0948068899_d_img_d18_x11520_y80640.png,0.2532,337.96,311.62,345.75,318.96
ch2_ohr_ncp_20250516T0948068899_d_img_d18_x11520_y80640.png,0.2504,180.27,541.25,187.57,547.05
ch2_ohr_ncp_20250516T0948068899_d_img_d18_x11520_y80640.png,0.2188,403.71,147.66,409.1,152.95
ch2_ohr_ncp_20250516T0948068899_d_img_d18_x11520_y80640.png,0.218,159.3,528.49,165.15,534.41
ch2_ohr_ncp_20250516T0948068899_d_img_d18_x11520_y81280.png,0.4086,342.93,152.48,349.7,158.31
ch2_ohr_ncp_20250516T0948068899_d_img_d18_x11520_y81280.png,0.3826,148.46,389.53,154.2,395.61
ch2_ohr_ncp_20250516T0948068899_d_img_d18_x11520_y81280.png,0.2533,287.61,310.89,294.33,315.75
ch2_ohr_ncp_20250516T0948068899_d_img_d18_x11520_y81280.png,0.2127,80.79,14.05,85.69,19.33
ch2_ohr_ncp_20250516T0948068899_d_img_d18_x11520_y81280.png,0.202,388.03,529.27,395.19,535.43
ch2_ohr_ncp_20250516T1145499313_d_img_d18_x11520_y00640.png,0.3513,341.27,559.2,348.21,564.71
ch2_ohr_ncp_20250516T1145499313_d_img_d18_x11520_y00640.png,0.2647,126.75,149.16,133.27,155.02
ch2_ohr_ncp_20250516T1145499313_d_img_d18_x11520_y00640.png,0.2346,319.43,196.24,325.85,201.62
ch2_ohr_ncp_20250516T1145499313_d_img_d18_x11520_y00640.png,0.2212,230.03,99.84,238.35,106.52
ch2_ohr_ncp_20250516T1145499313_d_img_d18_x11520_y01280.png,0.3364,136.59,279.37,144.67,284.76
ch2_ohr_ncp_20250516T1145499313_d_img_d18_x11520_y01280.png,0.2864,404.09,101.73,409.9,106.97
ch2_ohr_ncp_20250516T1145499313_d_img_d18_x11520_y01280.png,0.2615,408.91,510.08,417.32,518.49
ch2_ohr_ncp_20250516T1145499313_d_img_d18_x11520_y01280.png,0.2555,447.25,253.31,455.73,260.65
ch2_ohr_ncp_20250516T1145499313_d_img_d18_x11520_y01280.png,0.2518,150.87,591.3,156.5,596.5
ch2_ohr_ncp_20250516T1145499313_d_img_d18_x11520_y01280.png,0.2335,464.78,95.76,471.02,101.64
ch2_ohr_ncp_20250516T1145499313_d_img_d18_x11520_y01280.png,0.2321,110.78,119.24,117.58,126.0
ch2_ohr_ncp_20250516T1145499313_d_img_d18_x11520_y11520.png,0.2931,38.3,133.02,44.69,139.46
ch2_ohr_ncp_20250516T1145499313_d_img_d18_x11520_y21120.png,0.3585,336.82,439.56,343.44,446.78
ch2_ohr_ncp_20250516T1145499313_d_img_d18_x11520_y21120.png,0.3159,23.53,528.99,29.81,533.85
ch2_ohr_ncp_20250516T1145499313_d_img_d18_x11520_y21120.png,0.2914,345.74,247.01,354.14,255.22
ch2_ohr_ncp_20250516T1145499313_d_img_d18_x11520_y21120.png,0.2855,148.11,80.89,155.18,87.37
ch2_ohr_ncp_20250516T1145499313_d_img_d18_x11520_y21120.png,0.2785,346.93,399.2,352.35,403.91
ch2_ohr_ncp_20250516T1145499313_d_img_d18_x11520_y21120.png,0.2763,238.67,21.47,244.54,28.4
ch2_ohr_ncp_20250516T1145499313_d_img_d18_x11520_y21120.png,0.2749,103.89,205.66,109.78,210.6
ch2_ohr_ncp_20250516T1145499313_d_img_d18_x11520_y21120.png,0.2732,132.76,359.11,140.14,366.33
ch2_ohr_ncp_20250516T1145499313_d_img_d18_x11520_y21120.png,0.2705,167.24,541.42,171.62,545.94
ch2_ohr_ncp_20250516T1145499313_d_img_d18_x11520_y21120.png,0.2622,285.02,349.49,292.13,355.48
ch2_ohr_ncp_20250516T1145499313_d_img_d18_x11520_y21120.png,0.2578,305.15,261.37,311.32,267.11
ch2_ohr_ncp_20250516T1145499313_d_img_d18_x11520_y21120.png,0.2505,367.11,428.53,373.36,434.6
ch2_ohr_ncp_20250516T1145499313_d_img_d18_x11520_y21120.png,0.24,407.18,249.78,415.94,257.2
ch2_ohr_ncp_20250516T1145499313_d_img_d18_x11520_y21120.png,0.2378,34.36,402.52,40.28,407.61
ch2_ohr_ncp_20250516T1145499313_d_img_d18_x11520_y21120.png,0.2213,148.85,95.82,155.74,101.82
ch2_ohr_ncp_20250516T1145499313_d_img_d18_x11520_y21120.png,0.2198,346.32,438.87,356.19,448.66
ch2_ohr_ncp_20250516T1145499313_d_img_d18_x11520_y21120.png,0.218,75.39,537.1,81.67,543.58
ch2_ohr_ncp_20250516T1145499313_d_img_d18_x11520_y21120.png,0.216,280.37,362.98,289.41,370.81
ch2_ohr_ncp_20250516T1145499313_d_img_d18_x11520_y21120.png,0.2151,254.63,0.29,261.14,3.02
ch2_ohr_ncp_20250516T1145499313_d_img_d18_x11520_y21120.png,0.2004,224.59,453.2,232.2,458.56
ch2_ohr_ncp_20250516T1145499313_d_img_d18_x11520_y24960.png,0.3223,78.55,453.97,84.13,461.01
ch2_ohr_ncp_20250516T1145499313_d_img_d18_x11520_y24960.png,0.236,0.17,135.17,8.39,142.83
ch2_ohr_ncp_20250516T1145499313_d_img_d18_x11520_y28160.png,0.2938,283.76,87.3,290.29,93.34
ch2_ohr_ncp_20250516T1145499313_d_img_d18_x11520_y33920.png,0.3147,364.83,485.5,370.89,490.61
ch2_ohr_ncp_20250516T1145499313_d_img_d18_x11520_y38400.png,0.3125,283.57,390.12,291.61,396.8
ch2_ohr_ncp_20250516T1145499313_d_img_d18_x11520_y38400.png,0.2326,71.62,292.03,78.79,298.98
ch2_ohr_ncp_20250516T1145499313_d_img_d18_x11520_y38400.png,0.2047,51.4,520.56,57.62,526.64
ch2_ohr_ncp_20250516T1145499313_d_img_d18_x11520_y38400.png,0.2033,395.0,501.46,401.76,508.37
ch2_ohr_ncp_20250516T1145499313_d_img_d18_x11520_y41600.png,0.2488,354.56,586.19,360.48,591.68
ch2_ohr_ncp_20250516T1145499313_d_img_d18_x11520_y47360.png,0.2271,342.85,35.84,350.65,41.58
ch2_ohr_ncp_20250516T1145499313_d_img_d18_x11520_y47360.png,0.2176,378.71,92.22,385.17,97.28
ch2_ohr_ncp_20250516T1145499313_d_img_d18_x11520_y49920.png,0.2437,286.48,565.29,293.15,571.3
ch2_ohr_ncp_20250516T1145499313_d_img_d18_x11520_y49920.png,0.2377,47.25,43.77,54.15,50.67
ch2_ohr_ncp_20250516T1145499313_d_img_d18_x11520_y49920.png,0.2188,316.22,144.35,321.3,149.29
ch2_ohr_ncp_20250516T1145499313_d_img_d18_x11520_y52480.png,0.365,112.76,343.34,118.88,349.38
ch2_ohr_ncp_20250516T1145499313_d_img_d18_x11520_y52480.png,0.2381,127.91,26.12,135.79,33.7
ch2_ohr_ncp_20250516T1145499313_d_img_d18_x11520_y52480.png,0.2006,381.04,70.25,387.29,75.14
ch2_ohr_ncp_20250516T1145499313_d_img_d18_x11520_y53120.png,0.2677,295.29,483.49,302.49,490.82
ch2_ohr_ncp_20250516T1145499313_d_img_d18_x11520_y55680.png,0.2394,351.08,67.59,356.54,72.97
ch2_ohr_ncp_20250516T1145499313_d_img_d18_x11520_y56960.png,0.2837,322.98,191.68,328.22,197.11
ch2_ohr_ncp_20250516T1145499313_d_img_d18_x11520_y58240.png,0.2202,173.48,389.44,179.26,394.97
ch2_ohr_ncp_20250516T1145499313_d_img_d18_x11520_y58880.png,0.3116,78.6,60.35,85.63,66.75
ch2_ohr_ncp_20250516T1145499313_d_img_d18_x11520_y60160.png,0.2199,404.4,146.69,412.03,153.66
ch2_ohr_ncp_20250516T1145499313_d_img_d18_x11520_y62720.png,0.2204,262.94,293.05,270.66,299.64
ch2_ohr_ncp_20250516T1145499313_d_img_d18_x11520_y64000.png,0.2217,351.2,355.43,359.08,362.86
ch2_ohr_ncp_20250516T1145499313_d_img_d18_x11520_y64640.png,0.2127,184.13,251.47,194.45,259.73
ch2_ohr_ncp_20250516T1145499313_d_img_d18_x11520_y65920.png,0.3882,206.99,36.64,214.41,43.49
ch2_ohr_ncp_20250516T1145499313_d_img_d18_x11520_y65920.png,0.3603,189.85,349.2,195.96,355.05
ch2_ohr_ncp_20250516T1145499313_d_img_d18_x11520_y65920.png,0.2379,48.65,213.6,54.88,219.23
ch2_ohr_ncp_20250516T1145499313_d_img_d18_x11520_y67200.png,0.2375,60.43,453.68,67.73,459.83
ch2_ohr_ncp_20250516T1145499313_d_img_d18_x11520_y67200.png,0.2064,51.88,443.05,59.76,451.14
ch2_ohr_ncp_20250516T1145499313_d_img_d18_x11520_y67840.png,0.3121,452.09,92.2,459.46,99.24
ch2_ohr_ncp_20250516T1145499313_d_img_d18_x11520_y67840.png,0.2723,285.4,228.3,292.28,235.22
ch2_ohr_ncp_20250516T1145499313_d_img_d18_x11520_y67840.png,0.2492,111.69,467.06,118.81,473.85
ch2_ohr_ncp_20250516T1145499313_d_img_d18_x11520_y67840.png,0.2456,446.91,38.02,452.69,43.12
ch2_ohr_ncp_20250516T1145499313_d_img_d18_x11520_y67840.png,0.2449,301.67,631.63,307.96,638.1
ch2_ohr_ncp_20250516T1145499313_d_img_d18_x11520_y67840.png,0.2402,451.98,419.17,460.24,426.16
ch2_ohr_ncp_20250516T1145499313_d_img_d18_x11520_y71040.png,0.284,342.18,37.88,348.29,43.25
ch2_ohr_ncp_20250516T1145499313_d_img_d18_x11520_y75520.png,0.2737,341.43,208.96,351.65,219.03
ch2_ohr_ncp_20250516T1145499313_d_img_d18_x11520_y75520.png,0.2353,260.35,325.39,267.36,331.18
ch2_ohr_ncp_20250516T1145499313_d_img_d18_x11520_y77440.png,0.2879,156.05,172.92,163.83,180.13
ch2_ohr_ncp_20250516T1145499313_d_img_d18_x11520_y77440.png,0.2442,302.35,481.84,310.81,491.31
ch2_ohr_ncp_20250516T1145499313_d_img_d18_x11520_y78720.png,0.2934,93.49,501.48,99.29,506.76
ch2_ohr_ncp_20250516T1145499313_d_img_d18_x11520_y78720.png,0.2263,348.46,143.26,355.16,148.74
ch2_ohr_ncp_20250516T1145499313_d_img_d18_x11520_y78720.png,0.214,102.7,485.27,109.11,491.41
ch2_ohr_ncp_20250516T1145499313_d_img_d18_x11520_y80000.png,0.4567,15.07,596.82,23.66,604.48
ch2_ohr_ncp_20250516T1145499313_d_img_d18_x11520_y80000.png,0.3203,294.35,12.51,299.45,17.03
ch2_ohr_ncp_20250516T1145499313_d_img_d18_x11520_y80000.png,0.317,155.56,191.87,161.59,197.31
ch2_ohr_ncp_20250516T1145499313_d_img_d18_x11520_y80000.png,0.2864,317.74,587.99,325.05,594.61
ch2_ohr_ncp_20250516T1145499313_d_img_d18_x11520_y80000.png,0.2842,437.51,589.53,443.81,595.08
ch2_ohr_ncp_20250516T1145499313_d_img_d18_x11520_y80000.png,0.2789,392.47,36.55,402.66,44.7
ch2_ohr_ncp_20250516T1145499313_d_img_d18_x11520_y80000.png,0.2742,279.53,215.81,286.72,221.7
ch2_ohr_ncp_20250516T1145499313_d_img_d18_x11520_y80000.png,0.2631,298.99,138.17,305.31,143.17
ch2_ohr_ncp_20250516T1145499313_d_img_d18_x11520_y80000.png,0.2454,149.49,633.59,155.13,639.12
ch2_ohr_ncp_20250516T1145499313_d_img_d18_x11520_y80000.png,0.2396,283.63,251.43,289.8,257.41
ch2_ohr_ncp_20250516T1145499313_d_img_d18_x11520_y80000.png,0.231,22.91,585.86,36.91,597.3
ch2_ohr_ncp_20250516T1145499313_d_img_d18_x11520_y80000.png,0.2292,52.74,572.26,59.09,577.58
ch2_ohr_ncp_20250516T1145499313_d_img_d18_x11520_y80000.png,0.2026,285.84,205.08,293.66,211.97
ch2_ohr_ncp_20250516T1145499313_d_img_d18_x11520_y80640.png,0.3452,412.19,254.22,419.75,261.92
ch2_ohr_ncp_20250516T1145499313_d_img_d18_x11520_y80640.png,0.3098,182.22,77.85,188.55,83.05
ch2_ohr_ncp_20250516T1145499313_d_img_d18_x11520_y80640.png,0.2256,6.32,493.34,16.22,501.26
ch2_ohr_ncp_20250516T1145499313_d_img_d18_x11520_y89600.png,0.2274,304.26,148.37,311.15,155.0
ch2_ohr_ncp_20250516T1145499313_d_img_d18_x11520_y89600.png,0.2082,302.81,400.5,308.47,405.1
ch2_ohr_ncp_20250516T1342347288_d_img_d18_x11520_y10240.png,0.2653,65.09,624.72,71.8,630.19
ch2_ohr_ncp_20250516T1342347288_d_img_d18_x11520_y10240.png,0.2087,373.59,367.19,380.27,373.68
ch2_ohr_ncp_20250516T1342347288_d_img_d18_x11520_y10240.png,0.2057,300.06,394.41,306.41,400.53
ch2_ohr_ncp_20250516T1342347288_d_img_d18_x11520_y16000.png,0.5375,287.46,173.22,294.48,180.1
ch2_ohr_ncp_20250516T1342347288_d_img_d18_x11520_y16000.png,0.4218,288.67,136.33,294.03,142.6
ch2_ohr_ncp_20250516T1342347288_d_img_d18_x11520_y16000.png,0.3854,258.39,128.58,267.52,137.4
ch2_ohr_ncp_20250516T1342347288_d_img_d18_x11520_y16000.png,0.3466,113.09,323.78,120.11,331.55
ch2_ohr_ncp_20250516T1342347288_d_img_d18_x11520_y16000.png,0.3375,88.03,119.22,95.65,125.08
ch2_ohr_ncp_20250516T1342347288_d_img_d18_x11520_y16000.png,0.3319,133.33,629.13,139.72,635.44
ch2_ohr_ncp_20250516T1342347288_d_img_d18_x11520_y16000.png,0.3214,378.66,585.07,388.54,594.2
ch2_ohr_ncp_20250516T1342347288_d_img_d18_x11520_y16000.png,0.321,87.17,170.75,93.82,177.08
ch2_ohr_ncp_20250516T1342347288_d_img_d18_x11520_y16000.png,0.3191,334.96,340.61,343.09,348.04
ch2_ohr_ncp_20250516T1342347288_d_img_d18_x11520_y16000.png,0.3135,408.67,78.27,416.62,85.18
ch2_ohr_ncp_20250516T1342347288_d_img_d18_x11520_y16000.png,0.313,94.57,613.15,101.89,620.52
ch2_ohr_ncp_20250516T1342347288_d_img_d18_x11520_y16000.png,0.3055,359.54,447.0,365.67,452.79
ch2_ohr_ncp_20250516T1342347288_d_img_d18_x11520_y16000.png,0.2896,94.79,629.42,101.58,635.05
ch2_ohr_ncp_20250516T1342347288_d_img_d18_x11520_y16000.png,0.2852,31.02,356.95,36.96,362.83
ch2_ohr_ncp_20250516T1342347288_d_img_d18_x11520_y16000.png,0.2753,0.4,195.81,8.09,203.27
ch2_ohr_ncp_20250516T1342347288_d_img_d18_x11520_y16000.png,0.252,205.28,142.98,212.2,148.53
ch2_ohr_ncp_20250516T1342347288_d_img_d18_x11520_y16000.png,0.2493,394.94,484.6,400.98,490.42
ch2_ohr_ncp_20250516T1342347288_d_img_d18_x11520_y16000.png,0.2464,370.33,69.96,379.07,77.47
ch2_ohr_ncp_20250516T1342347288_d_img_d18_x11520_y16000.png,0.2457,387.77,462.96,393.14,467.79
ch2_ohr_ncp_20250516T1342347288_d_img_d18_x11520_y16000.png,0.2405,96.41,557.13,102.53,562.8
ch2_ohr_ncp_20250516T1342347288_d_img_d18_x11520_y16000.png,0.2348,299.15,630.08,305.66,635.84
ch2_ohr_ncp_20250516T1342347288_d_img_d18_x11520_y16000.png,0.2346,192.96,121.91,198.61,126.52
ch2_ohr_ncp_20250516T1342347288_d_img_d18_x11520_y16000.png,0.234,104.21,224.65,112.73,232.7
ch2_ohr_ncp_20250516T1342347288_d_img_d18_x11520_y16000.png,0.2325,204.78,240.0,212.09,246.47
ch2_ohr_ncp_20250516T1342347288_d_img_d18_x11520_y16000.png,0.2308,291.23,477.33,300.01,485.77
ch2_ohr_ncp_20250516T1342347288_d_img_d18_x11520_y16000.png,0.2222,256.6,276.51,263.81,282.61
ch2_ohr_ncp_20250516T1342347288_d_img_d18_x11520_y16000.png,0.2202,170.31,346.84,176.69,352.04
ch2_ohr_ncp_20250516T1342347288_d_img_d18_x11520_y16000.png,0.2174,51.8,63.81,58.44,69.63
ch2_ohr_ncp_20250516T1342347288_d_img_d18_x11520_y16000.png,0.2136,418.52,202.88,490.83,271.4
ch2_ohr_ncp_20250516T1342347288_d_img_d18_x11520_y16000.png,0.2131,409.94,79.14,417.25,85.44
ch2_ohr_ncp_20250516T1342347288_d_img_d18_x11520_y16000.png,0.2039,295.97,516.22,304.83,525.01
ch2_ohr_ncp_20250516T1342347288_d_img_d18_x11520_y16640.png,0.3256,274.23,535.23,280.83,541.89
ch2_ohr_ncp_20250516T1342347288_d_img_d18_x11520_y16640.png,0.2589,395.85,524.92,402.57,531.71
ch2_ohr_ncp_20250516T1342347288_d_img_d18_x11520_y16640.png,0.205,44.95,517.28,52.9,523.6
ch2_ohr_ncp_20250516T1342347288_d_img_d18_x11520_y17280.png,0.3509,301.51,501.41,309.52,508.04
ch2_ohr_ncp_20250516T1342347288_d_img_d18_x11520_y17280.png,0.3234,375.37,590.83,381.33,595.63
ch2_ohr_ncp_20250516T1342347288_d_img_d18_x11520_y17280.png,0.2633,301.21,573.71,308.51,580.29
ch2_ohr_ncp_20250516T1342347288_d_img_d18_x11520_y17280.png,0.2617,239.65,45.96,249.49,53.48
ch2_ohr_ncp_20250516T1342347288_d_img_d18_x11520_y17280.png,0.2561,338.01,181.63,344.83,188.0
ch2_ohr_ncp_20250516T1342347288_d_img_d18_x11520_y17280.png,0.2556,312.62,547.85,319.29,553.07
ch2_ohr_ncp_20250516T1342347288_d_img_d18_x11520_y17280.png,0.2196,46.79,620.93,57.27,629.89
ch2_ohr_ncp_20250516T1342347288_d_img_d18_x11520_y17280.png,0.2121,181.47,564.43,189.15,570.91
ch2_ohr_ncp_20250516T1342347288_d_img_d18_x11520_y17280.png,0.2077,192.74,277.49,199.94,283.17
ch2_ohr_ncp_20250516T1342347288_d_img_d18_x11520_y17920.png,0.5275,294.09,613.09,301.59,619.65
ch2_ohr_ncp_20250516T1342347288_d_img_d18_x11520_y17920.png,0.4389,400.03,561.88,409.29,571.18
ch2_ohr_ncp_20250516T1342347288_d_img_d18_x11520_y17920.png,0.4373,61.48,533.45,68.01,539.03
ch2_ohr_ncp_20250516T1342347288_d_img_d18_x11520_y17920.png,0.3534,121.34,243.59,128.83,250.97
ch2_ohr_ncp_20250516T1342347288_d_img_d18_x11520_y17920.png,0.3499,205.8,77.04,212.16,82.67
ch2_ohr_ncp_20250516T1342347288_d_img_d18_x11520_y17920.png,0.3357,372.79,22.44,378.76,28.28
ch2_ohr_ncp_20250516T1342347288_d_img_d18_x11520_y17920.png,0.3097,208.36,135.19,216.58,142.61
ch2_ohr_ncp_20250516T1342347288_d_img_d18_x11520_y17920.png,0.3093,375.58,521.9,383.54,528.16
ch2_ohr_ncp_20250516T1342347288_d_img_d18_x11520_y17920.png,0.2968,271.12,48.93,276.81,54.12
ch2_ohr_ncp_20250516T1342347288_d_img_d18_x11520_y17920.png,0.2793,253.42,38.07,259.26,43.3
ch2_ohr_ncp_20250516T1342347288_d_img_d18_x11520_y17920.png,0.2551,193.15,175.4,198.43,179.64
ch2_ohr_ncp_20250516T1342347288_d_img_d18_x11520_y17920.png,0.2458,192.63,175.6,197.57,180.11
ch2_ohr_ncp_20250516T1342347288_d_img_d18_x11520_y17920.png,0.2389,60.71,129.6,67.69,135.32
ch2_ohr_ncp_20250516T1342347288_d_img_d18_x11520_y17920.png,0.2351,326.03,529.65,332.52,534.66
ch2_ohr_ncp_20250516T1342347288_d_img_d18_x11520_y17920.png,0.231,360.24,121.36,365.19,125.77
ch2_ohr_ncp_20250516T1342347288_d_img_d18_x11520_y17920.png,0.2176,286.65,473.03,291.9,477.85
ch2_ohr_ncp_20250516T1342347288_d_img_d18_x11520_y17920.png,0.2172,100.66,303.18,106.34,308.67
ch2_ohr_ncp_20250516T1342347288_d_img_d18_x11520_y17920.png,0.2147,215.72,599.31,222.93,606.65
ch2_ohr_ncp_20250516T1342347288_d_img_d18_x11520_y19200.png,0.3518,367.39,464.39,376.32,473.22
ch2_ohr_ncp_20250516T1342347288_d_img_d18_x11520_y19200.png,0.3512,119.92,245.2,127.93,251.97
ch2_ohr_ncp_20250516T1342347288_d_img_d18_x11520_y19200.png,0.3187,369.97,49.38,376.07,54.78
ch2_ohr_ncp_20250516T1342347288_d_img_d18_x11520_y19200.png,0.2988,87.98,122.57,94.68,131.23
ch2_ohr_ncp_20250516T1342347288_d_img_d18_x11520_y19200.png,0.293,389.82,524.8,396.49,530.68
ch2_ohr_ncp_20250516T1342347288_d_img_d18_x11520_y19200.png,0.2771,216.22,583.79,223.56,590.37
ch2_ohr_ncp_20250516T1342347288_d_img_d18_x11520_y19200.png,0.2629,124.43,77.62,135.1,87.65
ch2_ohr_ncp_20250516T1342347288_d_img_d18_x11520_y19200.png,0.2623,386.55,221.21,396.0,229.72
ch2_ohr_ncp_20250516T1342347288_d_img_d18_x11520_y19200.png,0.2622,388.23,234.06,397.88,242.15
ch2_ohr_ncp_20250516T1342347288_d_img_d18_x11520_y19200.png,0.2459,436.01,94.63,444.33,104.1
ch2_ohr_ncp_20250516T1342347288_d_img_d18_x11520_y19200.png,0.2405,58.0,84.96,65.52,91.87
ch2_ohr_ncp_20250516T1342347288_d_img_d18_x11520_y19200.png,0.2384,288.33,245.31,295.77,251.71
ch2_ohr_ncp_20250516T1342347288_d_img_d18_x11520_y19200.png,0.2368,342.33,414.75,349.15,421.28
ch2_ohr_ncp_20250516T1342347288_d_img_d18_x11520_y19200.png,0.2334,342.66,97.15,350.12,104.26
ch2_ohr_ncp_20250516T1342347288_d_img_d18_x11520_y19200.png,0.2299,279.25,356.77,288.13,365.81
ch2_ohr_ncp_20250516T1342347288_d_img_d18_x11520_y19200.png,0.2296,320.79,420.5,329.27,427.93
ch2_ohr_ncp_20250516T1342347288_d_img_d18_x11520_y19200.png,0.2223,365.71,558.79,372.0,564.58
ch2_ohr_ncp_20250516T1342347288_d_img_d18_x11520_y19200.png,0.2211,16.09,553.66,24.98,561.11
ch2_ohr_ncp_20250516T1342347288_d_img_d18_x11520_y19200.png,0.2208,49.56,60.53,56.66,67.02
ch2_ohr_ncp_20250516T1342347288_d_img_d18_x11520_y19200.png,0.2099,167.93,11.45,174.84,17.38
ch2_ohr_ncp_20250516T1342347288_d_img_d18_x11520_y19200.png,0.2078,304.87,100.53,311.98,106.76
ch2_ohr_ncp_20250516T1342347288_d_img_d18_x11520_y19200.png,0.2068,307.82,559.16,337.04,584.0
ch2_ohr_ncp_20250516T1342347288_d_img_d18_x11520_y24320.png,0.2722,37.47,454.48,43.55,459.03
ch2_ohr_ncp_20250516T1342347288_d_img_d18_x11520_y24320.png,0.2374,84.11,392.33,89.39,397.17
ch2_ohr_ncp_20250516T1342347288_d_img_d18_x11520_y24320.png,0.2025,225.78,249.39,232.05,254.35
ch2_ohr_ncp_20250516T1342347288_d_img_d18_x11520_y24960.png,0.3801,294.3,536.54,301.31,542.95
ch2_ohr_ncp_20250516T1342347288_d_img_d18_x11520_y24960.png,0.3288,297.87,555.94,305.11,564.16
ch2_ohr_ncp_20250516T1342347288_d_img_d18_x11520_y24960.png,0.3019,55.38,149.55,63.02,156.2
ch2_ohr_ncp_20250516T1342347288_d_img_d18_x11520_y24960.png,0.2933,299.42,548.83,306.52,554.53
ch2_ohr_ncp_20250516T1342347288_d_img_d18_x11520_y24960.png,0.2444,372.95,436.48,379.56,442.78
ch2_ohr_ncp_20250516T1342347288_d_img_d18_x11520_y24960.png,0.222,405.27,486.12,410.83,491.36
ch2_ohr_ncp_20250516T1342347288_d_img_d18_x11520_y24960.png,0.2218,279.75,243.71,287.43,250.83
ch2_ohr_ncp_20250516T1342347288_d_img_d18_x11520_y28160.png,0.3635,78.04,607.58,85.65,614.58
ch2_ohr_ncp_20250516T1342347288_d_img_d18_x11520_y28160.png,0.3491,402.67,303.48,407.99,309.2
ch2_ohr_ncp_20250516T1342347288_d_img_d18_x11520_y28160.png,0.3471,79.44,296.52,85.48,302.49
ch2_ohr_ncp_20250516T1342347288_d_img_d18_x11520_y28160.png,0.2815,295.63,431.87,300.97,437.0
ch2_ohr_ncp_20250516T1342347288_d_img_d18_x11520_y28160.png,0.2472,277.53,503.47,284.44,508.8
ch2_ohr_ncp_20250516T1342347288_d_img_d18_x11520_y28160.png,0.2223,103.93,269.83,109.84,275.26
ch2_ohr_ncp_20250516T1342347288_d_img_d18_x11520_y28160.png,0.2111,22.1,41.94,29.47,49.89
ch2_ohr_ncp_20250516T1342347288_d_img_d18_x11520_y28160.png,0.2093,42.98,617.99,48.09,622.23
ch2_ohr_ncp_20250516T1342347288_d_img_d18_x11520_y30080.png,0.4156,37.1,85.04,44.18,91.22
ch2_ohr_ncp_20250516T1342347288_d_img_d18_x11520_y30080.png,0.3861,406.81,502.76,415.82,510.64
ch2_ohr_ncp_20250516T1342347288_d_img_d18_x11520_y30080.png,0.3448,368.16,90.6,374.14,96.33
ch2_ohr_ncp_20250516T1342347288_d_img_d18_x11520_y30080.png,0.3321,1.71,400.03,8.59,405.96
ch2_ohr_ncp_20250516T1342347288_d_img_d18_x11520_y30080.png,0.3274,415.79,609.55,424.06,617.51
ch2_ohr_ncp_20250516T1342347288_d_img_d18_x11520_y30080.png,0.3202,382.04,543.26,395.09,555.5
ch2_ohr_ncp_20250516T1342347288_d_img_d18_x11520_y30080.png,0.2977,347.81,557.34,355.08,563.21
ch2_ohr_ncp_20250516T1342347288_d_img_d18_x11520_y30080.png,0.2668,431.99,348.12,440.51,355.37
ch2_ohr_ncp_20250516T1342347288_d_img_d18_x11520_y30080.png,0.2541,197.46,1.06,202.19,5.71
ch2_ohr_ncp_20250516T1342347288_d_img_d18_x11520_y30080.png,0.2515,358.31,35.54,391.84,69.33
ch2_ohr_ncp_20250516T1342347288_d_img_d18_x11520_y30080.png,0.2373,204.6,3.87,211.95,9.95
ch2_ohr_ncp_20250516T1342347288_d_img_d18_x11520_y30080.png,0.2103,399.92,373.87,407.87,380.78
ch2_ohr_ncp_20250516T1342347288_d_img_d18_x11520_y30080.png,0.2056,373.0,539.79,381.46,547.26
ch2_ohr_ncp_20250516T1342347288_d_img_d18_x11520_y31360.png,0.3531,23.87,541.59,30.41,547.58
ch2_ohr_ncp_20250516T1342347288_d_img_d18_x11520_y31360.png,0.3457,37.73,607.77,44.9,613.98
ch2_ohr_ncp_20250516T1342347288_d_img_d18_x11520_y31360.png,0.3451,297.08,335.99,303.77,341.69
ch2_ohr_ncp_20250516T1342347288_d_img_d18_x11520_y31360.png,0.3187,398.62,188.68,411.74,201.63
ch2_ohr_ncp_20250516T1342347288_d_img_d18_x11520_y31360.png,0.3049,15.87,5.12,24.5,12.31
ch2_ohr_ncp_20250516T1342347288_d_img_d18_x11520_y31360.png,0.2975,382.65,0.21,389.14,4.42
ch2_ohr_ncp_20250516T1342347288_d_img_d18_x11520_y31360.png,0.2382,408.01,292.27,416.04,301.25
ch2_ohr_ncp_20250516T1342347288_d_img_d18_x11520_y31360.png,0.212,15.64,233.18,21.52,238.48
ch2_ohr_ncp_20250516T1342347288_d_img_d18_x11520_y31360.png,0.2035,164.05,566.86,171.03,573.69
ch2_ohr_ncp_20250516T1342347288_d_img_d18_x11520_y31360.png,0.2016,398.21,104.47,405.73,111.44
ch2_ohr_ncp_20250516T1342347288_d_img_d18_x11520_y40320.png,0.3401,254.57,388.81,261.36,394.82
ch2_ohr_ncp_20250516T1342347288_d_img_d18_x11520_y40320.png,0.2124,382.69,587.46,390.17,593.09
ch2_ohr_ncp_20250516T1342347288_d_img_d18_x11520_y40960.png,0.2574,54.13,270.5,60.07,276.1
ch2_ohr_ncp_20250516T1342347288_d_img_d18_x11520_y43520.png,0.2608,361.14,470.45,366.84,474.89
ch2_ohr_ncp_20250516T1342347288_d_img_d18_x11520_y43520.png,0.2161,341.99,510.13,348.49,516.8
ch2_ohr_ncp_20250516T1342347288_d_img_d18_x11520_y44160.png,0.2683,344.3,57.16,349.58,62.08
ch2_ohr_ncp_20250516T1342347288_d_img_d18_x11520_y44160.png,0.2463,253.64,630.15,259.67,635.92
ch2_ohr_ncp_20250516T1342347288_d_img_d18_x11520_y44160.png,0.2207,7.42,588.38,42.85,620.12
ch2_ohr_ncp_20250516T1342347288_d_img_d18_x11520_y44800.png,0.417,341.73,443.49,352.52,453.24
ch2_ohr_ncp_20250516T1342347288_d_img_d18_x11520_y44800.png,0.289,312.0,507.62,322.23,514.59
ch2_ohr_ncp_20250516T1342347288_d_img_d18_x11520_y44800.png,0.234,228.92,141.32,235.11,146.66
ch2_ohr_ncp_20250516T1342347288_d_img_d18_x11520_y44800.png,0.2335,394.13,352.89,402.51,361.48
ch2_ohr_ncp_20250516T1342347288_d_img_d18_x11520_y44800.png,0.2329,338.03,580.52,345.78,585.65
ch2_ohr_ncp_20250516T1342347288_d_img_d18_x11520_y46080.png,0.3795,355.17,549.2,362.76,556.41
ch2_ohr_ncp_20250516T1342347288_d_img_d18_x11520_y46080.png,0.2907,238.02,380.72,244.61,386.79
ch2_ohr_ncp_20250516T1342347288_d_img_d18_x11520_y46080.png,0.2509,301.09,125.42,307.05,130.91
ch2_ohr_ncp_20250516T1342347288_d_img_d18_x11520_y46080.png,0.2388,413.3,181.24,419.93,187.0
ch2_ohr_ncp_20250516T1342347288_d_img_d18_x11520_y46080.png,0.2366,360.07,0.0,387.92,12.75
ch2_ohr_ncp_20250516T1342347288_d_img_d18_x11520_y46080.png,0.2196,412.94,0.17,425.1,8.31
ch2_ohr_ncp_20250516T1342347288_d_img_d18_x11520_y46720.png,0.3677,31.36,269.82,40.09,276.97
ch2_ohr_ncp_20250516T1342347288_d_img_d18_x11520_y46720.png,0.3298,184.27,278.45,193.26,287.37
ch2_ohr_ncp_20250516T1342347288_d_img_d18_x11520_y46720.png,0.2932,447.02,21.6,453.64,27.83
ch2_ohr_ncp_20250516T1342347288_d_img_d18_x11520_y46720.png,0.2261,412.51,234.13,421.33,243.08
ch2_ohr_ncp_20250516T1342347288_d_img_d18_x11520_y46720.png,0.2223,115.99,511.31,122.17,517.93
ch2_ohr_ncp_20250516T1342347288_d_img_d18_x11520_y46720.png,0.2005,0.0,22.04,7.45,31.09
ch2_ohr_ncp_20250516T1342347288_d_img_d18_x11520_y47360.png,0.4054,389.12,252.71,395.37,258.58
ch2_ohr_ncp_20250516T1342347288_d_img_d18_x11520_y47360.png,0.2957,443.56,405.49,451.83,411.6
ch2_ohr_ncp_20250516T1342347288_d_img_d18_x11520_y47360.png,0.2104,380.59,390.09,387.68,397.51
ch2_ohr_ncp_20250516T1342347288_d_img_d18_x11520_y47360.png,0.2103,266.39,95.38,272.87,101.49
ch2_ohr_ncp_20250516T1342347288_d_img_d18_x11520_y51200.png,0.4009,79.14,224.43,87.43,231.41
ch2_ohr_ncp_20250516T1342347288_d_img_d18_x11520_y51200.png,0.372,383.0,624.11,391.42,630.49
ch2_ohr_ncp_20250516T1342347288_d_img_d18_x11520_y51200.png,0.3283,328.3,572.55,333.7,578.08
ch2_ohr_ncp_20250516T1342347288_d_img_d18_x11520_y51200.png,0.3269,351.62,337.92,359.6,346.36
ch2_ohr_ncp_20250516T1342347288_d_img_d18_x11520_y51200.png,0.2809,136.7,528.87,143.14,534.44
ch2_ohr_ncp_20250516T1342347288_d_img_d18_x11520_y51200.png,0.2524,61.77,61.05,67.76,67.25
ch2_ohr_ncp_20250516T1342347288_d_img_d18_x11520_y51200.png,0.2042,78.83,213.59,86.79,220.99
ch2_ohr_ncp_20250516T1342347288_d_img_d18_x11520_y51200.png,0.2028,156.14,584.68,162.47,590.08
ch2_ohr_ncp_20250516T1342347288_d_img_d18_x11520_y51200.png,0.2001,197.15,142.24,203.51,147.51
ch2_ohr_ncp_20250516T1342347288_d_img_d18_x11520_y53760.png,0.3099,41.34,465.96,47.53,472.03
ch2_ohr_ncp_20250516T1342347288_d_img_d18_x11520_y56960.png,0.3445,60.05,452.71,67.38,460.24
ch2_ohr_ncp_20250516T1342347288_d_img_d18_x11520_y56960.png,0.3165,45.55,197.96,51.82,203.74
ch2_ohr_ncp_20250516T1342347288_d_img_d18_x11520_y56960.png,0.2556,15.73,164.98,22.09,171.07
ch2_ohr_ncp_20250516T1342347288_d_img_d18_x11520_y57600.png,0.3479,408.11,533.55,484.76,595.75
ch2_ohr_ncp_20250516T1342347288_d_img_d18_x11520_y57600.png,0.3304,62.92,139.43,70.62,146.62
ch2_ohr_ncp_20250516T1342347288_d_img_d18_x11520_y57600.png,0.3181,400.59,50.56,407.72,58.63
ch2_ohr_ncp_20250516T1342347288_d_img_d18_x11520_y57600.png,0.2924,133.19,20.69,139.98,27.18
ch2_ohr_ncp_20250516T1342347288_d_img_d18_x11520_y57600.png,0.2497,30.72,375.51,37.02,381.21
ch2_ohr_ncp_20250516T1342347288_d_img_d18_x11520_y58240.png,0.2439,439.1,259.12,445.77,266.52
ch2_ohr_ncp_20250516T1342347288_d_img_d18_x11520_y58880.png,0.2812,245.32,252.43,255.81,261.49
ch2_ohr_ncp_20250516T1342347288_d_img_d18_x11520_y60160.png,0.2346,286.01,420.28,293.17,426.71
ch2_ohr_ncp_20250516T1342347288_d_img_d18_x11520_y60160.png,0.2164,362.37,317.83,369.24,323.91
ch2_ohr_ncp_20250516T1342347288_d_img_d18_x11520_y60800.png,0.237,273.03,493.61,280.86,498.88
ch2_ohr_ncp_20250516T1342347288_d_img_d18_x11520_y60800.png,0.2037,335.03,420.67,342.55,427.59
ch2_ohr_ncp_20250516T1342347288_d_img_d18_x11520_y62720.png,0.3938,12.21,0.08,24.67,4.79
ch2_ohr_ncp_20250516T1342347288_d_img_d18_x11520_y62720.png,0.2033,254.34,460.46,260.8,466.54
ch2_ohr_ncp_20250516T1342347288_d_img_d18_x11520_y63360.png,0.3542,375.65,3.78,384.08,11.12
ch2_ohr_ncp_20250516T1342347288_d_img_d18_x11520_y63360.png,0.2041,408.72,0.22,415.85,3.43
ch2_ohr_ncp_20250516T1342347288_d_img_d18_x11520_y64640.png,0.3098,331.76,524.42,337.82,532.16
ch2_ohr_ncp_20250516T1342347288_d_img_d18_x11520_y64640.png,0.2536,144.27,597.73,150.05,603.64
ch2_ohr_ncp_20250516T1342347288_d_img_d18_x11520_y64640.png,0.231,343.64,419.62,350.28,425.76
ch2_ohr_ncp_20250516T1342347288_d_img_d18_x11520_y65280.png,0.4329,352.89,434.72,359.95,441.21
ch2_ohr_ncp_20250516T1342347288_d_img_d18_x11520_y65280.png,0.3556,203.33,525.42,209.76,530.74
ch2_ohr_ncp_20250516T1342347288_d_img_d18_x11520_y65280.png,0.3011,311.12,451.28,319.02,457.96
ch2_ohr_ncp_20250516T1342347288_d_img_d18_x11520_y65280.png,0.2289,103.59,562.89,112.03,569.84
ch2_ohr_ncp_20250516T1342347288_d_img_d18_x11520_y65280.png,0.2136,286.58,304.34,293.07,310.44
ch2_ohr_ncp_20250516T1342347288_d_img_d18_x11520_y67840.png,0.2337,366.75,564.01,374.3,570.49
ch2_ohr_ncp_20250516T1342347288_d_img_d18_x11520_y68480.png,0.227,371.42,21.99,380.02,29.56
ch2_ohr_ncp_20250516T1342347288_d_img_d18_x11520_y69120.png,0.3607,159.18,329.24,166.39,335.71
ch2_ohr_ncp_20250516T1342347288_d_img_d18_x11520_y70400.png,0.378,166.31,39.1,173.65,45.15
ch2_ohr_ncp_20250516T1342347288_d_img_d18_x11520_y70400.png,0.2661,82.62,220.93,89.98,227.03
ch2_ohr_ncp_20250516T1342347288_d_img_d18_x11520_y70400.png,0.2569,88.21,173.14,96.53,180.03
ch2_ohr_ncp_20250516T1342347288_d_img_d18_x11520_y72320.png,0.4403,358.45,566.88,365.11,572.68
ch2_ohr_ncp_20250516T1342347288_d_img_d18_x11520_y72320.png,0.4094,351.08,537.45,357.72,544.09
ch2_ohr_ncp_20250516T1342347288_d_img_d18_x11520_y72320.png,0.3681,306.52,197.99,313.15,204.04
ch2_ohr_ncp_20250516T1342347288_d_img_d18_x11520_y72320.png,0.2943,389.15,379.5,396.53,385.98
ch2_ohr_ncp_20250516T1342347288_d_img_d18_x11520_y74880.png,0.2881,336.0,400.29,342.86,405.81
ch2_ohr_ncp_20250516T1342347288_d_img_d18_x11520_y74880.png,0.2511,39.97,533.97,45.78,540.01
ch2_ohr_ncp_20250516T1342347288_d_img_d18_x11520_y74880.png,0.2253,320.56,536.7,326.87,543.08
ch2_ohr_ncp_20250516T1342347288_d_img_d18_x11520_y76160.png,0.3225,382.91,532.82,391.26,541.53
ch2_ohr_ncp_20250516T1342347288_d_img_d18_x11520_y76160.png,0.2536,167.36,12.39,176.67,20.21
ch2_ohr_ncp_20250516T1342347288_d_img_d18_x11520_y77440.png,0.4344,349.54,93.17,355.95,99.05
ch2_ohr_ncp_20250516T1342347288_d_img_d18_x11520_y77440.png,0.415,367.1,252.33,375.77,260.21
ch2_ohr_ncp_20250516T1342347288_d_img_d18_x11520_y77440.png,0.3034,445.5,227.53,458.11,237.97
ch2_ohr_ncp_20250516T1342347288_d_img_d18_x11520_y77440.png,0.3031,388.82,445.05,395.45,450.88
ch2_ohr_ncp_20250516T1342347288_d_img_d18_x11520_y77440.png,0.2844,420.73,45.87,427.57,52.92
ch2_ohr_ncp_20250516T1342347288_d_img_d18_x11520_y77440.png,0.2775,68.03,5.35,75.36,11.25
ch2_ohr_ncp_20250516T1342347288_d_img_d18_x11520_y77440.png,0.267,310.41,228.34,322.59,238.48
ch2_ohr_ncp_20250516T1342347288_d_img_d18_x11520_y77440.png,0.2519,420.77,458.72,427.98,465.72
ch2_ohr_ncp_20250516T1342347288_d_img_d18_x11520_y77440.png,0.2482,459.03,155.59,467.98,162.57
ch2_ohr_ncp_20250516T1342347288_d_img_d18_x11520_y77440.png,0.2381,32.76,504.13,39.59,509.74
ch2_ohr_ncp_20250516T1342347288_d_img_d18_x11520_y77440.png,0.2326,402.43,535.18,409.49,541.68
ch2_ohr_ncp_20250516T1342347288_d_img_d18_x11520_y78080.png,0.4881,63.41,4.97,70.72,12.79
ch2_ohr_ncp_20250516T1342347288_d_img_d18_x11520_y78080.png,0.4007,71.19,581.28,77.16,587.35
ch2_ohr_ncp_20250516T1342347288_d_img_d18_x11520_y78080.png,0.3485,117.61,315.74,125.16,322.86
ch2_ohr_ncp_20250516T1342347288_d_img_d18_x11520_y78080.png,0.3143,253.77,581.15,264.2,589.1
ch2_ohr_ncp_20250516T1342347288_d_img_d18_x11520_y78080.png,0.3028,71.98,408.15,78.45,413.72
ch2_ohr_ncp_20250516T1342347288_d_img_d18_x11520_y78080.png,0.2113,165.46,241.49,172.18,247.1
ch2_ohr_ncp_20250516T1342347288_d_img_d18_x11520_y79360.png,0.2582,199.12,197.42,205.5,203.34
ch2_ohr_ncp_20250516T1342347288_d_img_d18_x11520_y80000.png,0.544,401.2,580.6,409.31,588.41
ch2_ohr_ncp_20250516T1342347288_d_img_d18_x11520_y80000.png,0.4558,173.03,255.02,178.83,261.12
ch2_ohr_ncp_20250516T1342347288_d_img_d18_x11520_y80000.png,0.4525,192.24,625.39,197.67,631.72
ch2_ohr_ncp_20250516T1342347288_d_img_d18_x11520_y80000.png,0.4374,56.61,605.42,62.75,612.71
ch2_ohr_ncp_20250516T1342347288_d_img_d18_x11520_y80000.png,0.4259,306.56,621.38,315.64,630.0
ch2_ohr_ncp_20250516T1342347288_d_img_d18_x11520_y80000.png,0.4232,337.75,165.83,343.54,170.94
ch2_ohr_ncp_20250516T1342347288_d_img_d18_x11520_y80000.png,0.3645,117.25,341.59,123.82,347.34
ch2_ohr_ncp_20250516T1342347288_d_img_d18_x11520_y80000.png,0.3644,329.99,596.41,337.95,604.22
ch2_ohr_ncp_20250516T1342347288_d_img_d18_x11520_y80000.png,0.3518,134.29,150.53,140.18,155.62
ch2_ohr_ncp_20250516T1342347288_d_img_d18_x11520_y80000.png,0.349,253.76,214.63,261.32,222.56
ch2_ohr_ncp_20250516T1342347288_d_img_d18_x11520_y80000.png,0.3366,225.68,463.73,232.32,469.59
ch2_ohr_ncp_20250516T1342347288_d_img_d18_x11520_y80000.png,0.3291,369.45,214.08,382.24,227.28
ch2_ohr_ncp_20250516T1342347288_d_img_d18_x11520_y80000.png,0.3209,205.89,387.02,213.72,393.66
ch2_ohr_ncp_20250516T1342347288_d_img_d18_x11520_y80000.png,0.3187,430.81,63.49,436.49,68.44
ch2_ohr_ncp_20250516T1342347288_d_img_d18_x11520_y80000.png,0.3045,402.53,355.18,408.74,361.34
ch2_ohr_ncp_20250516T1342347288_d_img_d18_x11520_y80000.png,0.3024,396.47,329.11,403.3,335.44
ch2_ohr_ncp_20250516T1342347288_d_img_d18_x11520_y80000.png,0.2936,461.6,492.51,468.0,498.38
ch2_ohr_ncp_20250516T1342347288_d_img_d18_x11520_y80000.png,0.259,129.49,187.42,134.99,192.18
ch2_ohr_ncp_20250516T1342347288_d_img_d18_x11520_y80000.png,0.2504,423.82,193.69,430.04,198.14
ch2_ohr_ncp_20250516T1342347288_d_img_d18_x11520_y80000.png,0.25,216.59,543.69,225.33,552.73
ch2_ohr_ncp_20250516T1342347288_d_img_d18_x11520_y80000.png,0.2259,262.18,473.47,270.65,480.57
ch2_ohr_ncp_20250516T1342347288_d_img_d18_x11520_y80000.png,0.2253,427.33,34.85,433.3,41.19
ch2_ohr_ncp_20250516T1342347288_d_img_d18_x11520_y80000.png,0.2147,159.42,341.11,169.27,349.41
ch2_ohr_ncp_20250516T1342347288_d_img_d18_x11520_y80000.png,0.2114,88.65,592.48,103.0,605.91
ch2_ohr_ncp_20250516T1342347288_d_img_d18_x11520_y80000.png,0.2109,377.5,422.92,382.1,427.22
ch2_ohr_ncp_20250516T1342347288_d_img_d18_x11520_y80640.png,0.3792,351.64,460.66,358.53,465.97
ch2_ohr_ncp_20250516T1342347288_d_img_d18_x11520_y80640.png,0.3285,62.22,438.05,67.39,443.36
ch2_ohr_ncp_20250516T1342347288_d_img_d18_x11520_y80640.png,0.2881,211.98,48.88,218.71,55.48
ch2_ohr_ncp_20250516T1342347288_d_img_d18_x11520_y80640.png,0.2875,412.66,127.18,418.56,133.1
ch2_ohr_ncp_20250516T1342347288_d_img_d18_x11520_y80640.png,0.2799,80.24,421.23,85.62,426.38
ch2_ohr_ncp_20250516T1342347288_d_img_d18_x11520_y80640.png,0.2774,127.17,591.43,132.88,597.42
ch2_ohr_ncp_20250516T1342347288_d_img_d18_x11520_y80640.png,0.2674,225.51,506.81,231.64,512.0
ch2_ohr_ncp_20250516T1342347288_d_img_d18_x11520_y80640.png,0.2562,116.88,453.31,123.26,459.23
ch2_ohr_ncp_20250516T1342347288_d_img_d18_x11520_y80640.png,0.2525,287.35,96.37,292.9,102.07
ch2_ohr_ncp_20250516T1342347288_d_img_d18_x11520_y80640.png,0.2445,353.81,128.31,361.51,134.65
ch2_ohr_ncp_20250516T1342347288_d_img_d18_x11520_y80640.png,0.2357,286.0,151.54,291.98,156.89
ch2_ohr_ncp_20250516T1342347288_d_img_d18_x11520_y80640.png,0.2252,455.97,70.74,462.93,76.41
ch2_ohr_ncp_20250516T1342347288_d_img_d18_x11520_y80640.png,0.2202,365.48,92.6,372.11,99.33
ch2_ohr_ncp_20250516T1342347288_d_img_d18_x11520_y80640.png,0.2116,260.77,468.67,265.35,473.21
ch2_ohr_ncp_20250516T1342347288_d_img_d18_x11520_y83840.png,0.212,302.87,558.21,308.7,564.01
ch2_ohr_ncp_20250516T1342347288_d_img_d18_x11520_y84480.png,0.2403,314.7,404.31,324.59,413.62
ch2_ohr_ncp_20250516T1342347288_d_img_d18_x11520_y84480.png,0.2159,245.06,69.33,251.27,73.98
ch2_ohr_ncp_20250516T1342347288_d_img_d18_x11520_y85120.png,0.2543,312.67,130.87,318.59,136.17
ch2_ohr_ncp_20250516T1342347288_d_img_d18_x11520_y85120.png,0.2409,374.53,176.42,381.08,183.07
ch2_ohr_ncp_20250516T1342347288_d_img_d18_x11520_y85760.png,0.3165,422.52,61.12,429.49,67.36
ch2_ohr_ncp_20250516T1342347288_d_img_d18_x11520_y85760.png,0.2883,386.86,519.08,393.43,525.18
ch2_ohr_ncp_20250516T1342347288_d_img_d18_x11520_y86400.png,0.44,79.79,260.83,88.46,268.2
ch2_ohr_ncp_20250516T1342347288_d_img_d18_x11520_y86400.png,0.3304,399.4,196.62,407.93,204.19
ch2_ohr_ncp_20250516T1342347288_d_img_d18_x11520_y86400.png,0.2717,101.29,374.96,109.98,382.89
ch2_ohr_ncp_20250516T1342347288_d_img_d18_x11520_y86400.png,0.2371,398.86,410.23,420.53,434.34
ch2_ohr_ncp_20250516T1540191774_d_img_d18_x11520_y00000.png,0.4037,340.52,165.57,346.47,170.66
ch2_ohr_ncp_20250516T1540191774_d_img_d18_x11520_y00000.png,0.341,176.32,452.7,183.85,458.7
ch2_ohr_ncp_20250516T1540191774_d_img_d18_x11520_y00000.png,0.3084,366.05,170.44,378.17,180.28
ch2_ohr_ncp_20250516T1540191774_d_img_d18_x11520_y00000.png,0.2829,103.97,412.03,110.21,418.73
ch2_ohr_ncp_20250516T1540191774_d_img_d18_x11520_y00000.png,0.2443,126.83,397.78,132.16,402.5
ch2_ohr_ncp_20250516T1540191774_d_img_d18_x11520_y00000.png,0.2015,268.7,47.02,277.09,54.23
ch2_ohr_ncp_20250516T1540191774_d_img_d18_x11520_y02560.png,0.2488,353.42,151.21,361.96,158.77
ch2_ohr_ncp_20250516T1540191774_d_img_d18_x11520_y02560.png,0.2258,12.07,4.4,18.79,10.19
ch2_ohr_ncp_20250516T1540191774_d_img_d18_x11520_y03200.png,0.2349,319.51,625.53,327.35,633.63
ch2_ohr_ncp_20250516T1540191774_d_img_d18_x11520_y04480.png,0.3812,95.07,484.89,101.72,491.37
ch2_ohr_ncp_20250516T1540191774_d_img_d18_x11520_y04480.png,0.214,397.34,385.57,403.51,390.87
ch2_ohr_ncp_20250516T1540191774_d_img_d18_x11520_y07040.png,0.3837,269.06,517.06,276.05,523.33
ch2_ohr_ncp_20250516T1540191774_d_img_d18_x11520_y07040.png,0.2492,453.74,94.57,459.12,100.14
ch2_ohr_ncp_20250516T1540191774_d_img_d18_x11520_y07040.png,0.2012,461.91,357.31,467.85,363.1
ch2_ohr_ncp_20250516T1540191774_d_img_d18_x11520_y11520.png,0.2887,388.07,157.61,395.79,165.26
ch2_ohr_ncp_20250516T1540191774_d_img_d18_x11520_y11520.png,0.2386,17.27,211.37,23.37,216.64
ch2_ohr_ncp_20250516T1540191774_d_img_d18_x11520_y11520.png,0.2181,7.07,304.73,15.51,312.93
ch2_ohr_ncp_20250516T1540191774_d_img_d18_x11520_y12160.png,0.3128,196.41,17.54,201.49,21.92
ch2_ohr_ncp_20250516T1540191774_d_img_d18_x11520_y12160.png,0.293,270.44,593.84,279.79,601.69
ch2_ohr_ncp_20250516T1540191774_d_img_d18_x11520_y12160.png,0.2701,44.38,366.6,50.27,372.5
ch2_ohr_ncp_20250516T1540191774_d_img_d18_x11520_y12160.png,0.2589,232.87,629.01,237.59,634.19
ch2_ohr_ncp_20250516T1540191774_d_img_d18_x11520_y12160.png,0.228,110.74,492.12,118.06,498.81
ch2_ohr_ncp_20250516T1540191774_d_img_d18_x11520_y12160.png,0.2203,347.16,522.99,354.08,530.28
ch2_ohr_ncp_20250516T1540191774_d_img_d18_x11520_y12160.png,0.2096,206.98,56.51,212.55,61.78
ch2_ohr_ncp_20250516T1540191774_d_img_d18_x11520_y16000.png,0.3127,54.51,629.88,61.93,637.58
ch2_ohr_ncp_20250516T1540191774_d_img_d18_x11520_y16000.png,0.2879,447.6,571.35,455.77,579.16
ch2_ohr_ncp_20250516T1540191774_d_img_d18_x11520_y16000.png,0.2844,6.58,443.36,13.9,451.82
ch2_ohr_ncp_20250516T1540191774_d_img_d18_x11520_y16000.png,0.2277,95.55,568.16,101.97,574.28
ch2_ohr_ncp_20250516T1540191774_d_img_d18_x11520_y16000.png,0.2179,317.9,81.61,323.17,86.48
ch2_ohr_ncp_20250516T1540191774_d_img_d18_x11520_y16640.png,0.4098,374.71,371.59,384.15,380.57
ch2_ohr_ncp_20250516T1540191774_d_img_d18_x11520_y16640.png,0.3731,103.97,235.45,111.3,242.14
ch2_ohr_ncp_20250516T1540191774_d_img_d18_x11520_y16640.png,0.353,175.63,172.62,184.86,180.64
ch2_ohr_ncp_20250516T1540191774_d_img_d18_x11520_y16640.png,0.2931,272.08,423.96,280.32,431.54
ch2_ohr_ncp_20250516T1540191774_d_img_d18_x11520_y16640.png,0.2669,283.82,157.64,291.19,165.09
ch2_ohr_ncp_20250516T1540191774_d_img_d18_x11520_y16640.png,0.2628,120.31,436.04,127.25,443.06
ch2_ohr_ncp_20250516T1540191774_d_img_d18_x11520_y16640.png,0.2133,347.24,164.68,353.88,170.46
ch2_ohr_ncp_20250516T1540191774_d_img_d18_x11520_y16640.png,0.2012,71.55,570.94,79.58,579.0
ch2_ohr_ncp_20250516T1540191774_d_img_d18_x11520_y17920.png,0.3603,22.76,2.25,32.47,11.48
ch2_ohr_ncp_20250516T1540191774_d_img_d18_x11520_y17920.png,0.2185,327.17,606.0,333.25,611.89
ch2_ohr_ncp_20250516T1540191774_d_img_d18_x11520_y19840.png,0.219,63.11,566.91,69.31,572.21
ch2_ohr_ncp_20250516T1540191774_d_img_d18_x11520_y24320.png,0.4365,447.61,110.74,454.42,117.21
ch2_ohr_ncp_20250516T1540191774_d_img_d18_x11520_y24320.png,0.3487,38.77,410.11,47.13,417.67
ch2_ohr_ncp_20250516T1540191774_d_img_d18_x11520_y24320.png,0.3014,372.74,571.67,379.68,578.56
ch2_ohr_ncp_20250516T1540191774_d_img_d18_x11520_y24320.png,0.28,33.16,401.85,39.77,407.48
ch2_ohr_ncp_20250516T1540191774_d_img_d18_x11520_y24320.png,0.2527,301.86,239.67,307.92,245.51
ch2_ohr_ncp_20250516T1540191774_d_img_d18_x11520_y24320.png,0.2413,340.84,68.69,346.99,74.54
ch2_ohr_ncp_20250516T1540191774_d_img_d18_x11520_y24320.png,0.237,275.1,40.16,281.01,45.7
ch2_ohr_ncp_20250516T1540191774_d_img_d18_x11520_y24320.png,0.2248,48.11,289.12,53.86,294.79
ch2_ohr_ncp_20250516T1540191774_d_img_d18_x11520_y24320.png,0.2203,348.36,22.58,356.85,31.56
ch2_ohr_ncp_20250516T1540191774_d_img_d18_x11520_y24320.png,0.214,400.45,276.97,406.45,283.36
ch2_ohr_ncp_20250516T1540191774_d_img_d18_x11520_y24320.png,0.2068,145.48,101.18,155.87,111.04
ch2_ohr_ncp_20250516T1540191774_d_img_d18_x11520_y24960.png,0.5013,174.04,55.32,181.55,62.11
ch2_ohr_ncp_20250516T1540191774_d_img_d18_x11520_y24960.png,0.4205,295.19,43.78,301.44,50.5
ch2_ohr_ncp_20250516T1540191774_d_img_d18_x11520_y24960.png,0.3973,343.91,212.74,349.68,218.45
ch2_ohr_ncp_20250516T1540191774_d_img_d18_x11520_y24960.png,0.2942,429.38,564.06,436.1,571.47
ch2_ohr_ncp_20250516T1540191774_d_img_d18_x11520_y24960.png,0.2538,256.03,349.18,261.9,354.43
ch2_ohr_ncp_20250516T1540191774_d_img_d18_x11520_y24960.png,0.2067,388.03,268.67,394.34,274.63
ch2_ohr_ncp_20250516T1540191774_d_img_d18_x11520_y26240.png,0.4919,382.33,133.38,390.21,140.5
ch2_ohr_ncp_20250516T1540191774_d_img_d18_x11520_y26240.png,0.3341,342.88,41.0,349.83,47.63
ch2_ohr_ncp_20250516T1540191774_d_img_d18_x11520_y26240.png,0.3193,101.25,26.53,111.01,34.24
ch2_ohr_ncp_20250516T1540191774_d_img_d18_x11520_y26240.png,0.2989,151.04,230.41,160.89,240.24
ch2_ohr_ncp_20250516T1540191774_d_img_d18_x11520_y26240.png,0.287,367.96,112.42,374.12,118.31
ch2_ohr_ncp_20250516T1540191774_d_img_d18_x11520_y26240.png,0.2577,382.18,197.87,393.3,210.15
ch2_ohr_ncp_20250516T1540191774_d_img_d18_x11520_y28800.png,0.3469,400.94,341.68,407.79,348.12
ch2_ohr_ncp_20250516T1540191774_d_img_d18_x11520_y28800.png,0.2755,355.88,557.42,362.96,565.38
ch2_ohr_ncp_20250516T1540191774_d_img_d18_x11520_y28800.png,0.2688,301.03,437.24,307.42,443.19
ch2_ohr_ncp_20250516T1540191774_d_img_d18_x11520_y28800.png,0.2591,363.92,110.25,370.58,117.76
ch2_ohr_ncp_20250516T1540191774_d_img_d18_x11520_y30080.png,0.4302,15.82,520.06,25.33,530.89
ch2_ohr_ncp_20250516T1540191774_d_img_d18_x11520_y30080.png,0.3561,365.95,229.33,372.13,235.15
ch2_ohr_ncp_20250516T1540191774_d_img_d18_x11520_y30080.png,0.3027,2.97,267.18,10.15,274.36
ch2_ohr_ncp_20250516T1540191774_d_img_d18_x11520_y30080.png,0.2004,341.63,105.49,347.27,111.47
ch2_ohr_ncp_20250516T1540191774_d_img_d18_x11520_y33920.png,0.3143,380.72,412.86,386.58,418.38
ch2_ohr_ncp_20250516T1540191774_d_img_d18_x11520_y33920.png,0.23,372.29,170.22,378.36,175.74
ch2_ohr_ncp_20250516T1540191774_d_img_d18_x11520_y38400.png,0.4029,155.52,69.61,162.2,75.92
ch2_ohr_ncp_20250516T1540191774_d_img_d18_x11520_y38400.png,0.2692,368.32,474.22,375.26,480.76
ch2_ohr_ncp_20250516T1540191774_d_img_d18_x11520_y39040.png,0.3295,363.65,328.11,369.59,334.37
ch2_ohr_ncp_20250516T1540191774_d_img_d18_x11520_y39040.png,0.262,382.91,605.37,389.48,611.45
ch2_ohr_ncp_20250516T1540191774_d_img_d18_x11520_y39040.png,0.2237,249.83,151.36,256.58,157.64
ch2_ohr_ncp_20250516T1540191774_d_img_d18_x11520_y39040.png,0.201,291.29,159.25,297.1,164.7
ch2_ohr_ncp_20250516T1540191774_d_img_d18_x11520_y39680.png,0.4854,287.66,83.74,295.01,90.37
ch2_ohr_ncp_20250516T1540191774_d_img_d18_x11520_y39680.png,0.2682,411.21,52.29,419.87,61.3
ch2_ohr_ncp_20250516T1540191774_d_img_d18_x11520_y39680.png,0.2095,158.51,179.66,166.33,187.32
ch2_ohr_ncp_20250516T1540191774_d_img_d18_x11520_y40320.png,0.2571,391.41,582.78,400.01,589.14
ch2_ohr_ncp_20250516T1540191774_d_img_d18_x11520_y40320.png,0.2301,11.35,437.28,17.97,443.14
ch2_ohr_ncp_20250516T1540191774_d_img_d18_x11520_y40320.png,0.2135,351.49,249.56,357.3,254.6
ch2_ohr_ncp_20250516T1540191774_d_img_d18_x11520_y42240.png,0.3288,334.2,388.05,342.23,395.41
ch2_ohr_ncp_20250516T1540191774_d_img_d18_x11520_y42240.png,0.3111,145.76,225.7,151.86,231.68
ch2_ohr_ncp_20250516T1540191774_d_img_d18_x11520_y43520.png,0.2172,120.73,310.8,125.64,315.7
ch2_ohr_ncp_20250516T1540191774_d_img_d18_x11520_y44160.png,0.3912,88.52,486.14,97.01,493.45
ch2_ohr_ncp_20250516T1540191774_d_img_d18_x11520_y44160.png,0.3132,52.94,348.49,59.89,354.89
ch2_ohr_ncp_20250516T1540191774_d_img_d18_x11520_y44160.png,0.2023,215.5,521.09,222.72,527.84
ch2_ohr_ncp_20250516T1540191774_d_img_d18_x11520_y44800.png,0.2394,26.8,496.44,33.79,502.87
ch2_ohr_ncp_20250516T1540191774_d_img_d18_x11520_y48640.png,0.3649,168.33,201.06,173.88,207.11
ch2_ohr_ncp_20250516T1540191774_d_img_d18_x11520_y48640.png,0.3223,223.22,611.5,230.87,618.45
ch2_ohr_ncp_20250516T1540191774_d_img_d18_x11520_y48640.png,0.3072,446.69,435.5,455.4,443.75
ch2_ohr_ncp_20250516T1540191774_d_img_d18_x11520_y48640.png,0.3049,43.96,517.24,49.98,523.77
ch2_ohr_ncp_20250516T1540191774_d_img_d18_x11520_y48640.png,0.2557,153.82,601.24,159.75,606.49
ch2_ohr_ncp_20250516T1540191774_d_img_d18_x11520_y48640.png,0.2056,194.43,611.93,202.41,619.51
ch2_ohr_ncp_20250516T1540191774_d_img_d18_x11520_y50560.png,0.211,327.9,255.14,335.11,261.17
ch2_ohr_ncp_20250516T1540191774_d_img_d18_x11520_y51840.png,0.228,194.86,446.63,201.33,452.36
ch2_ohr_ncp_20250516T1540191774_d_img_d18_x11520_y52480.png,0.2472,368.22,499.04,375.68,505.85
ch2_ohr_ncp_20250516T1540191774_d_img_d18_x11520_y52480.png,0.2035,316.44,520.24,323.26,526.11
ch2_ohr_ncp_20250516T1540191774_d_img_d18_x11520_y53120.png,0.2372,366.54,364.84,374.97,371.68
ch2_ohr_ncp_20250516T1540191774_d_img_d18_x11520_y54400.png,0.2937,198.35,212.3,205.45,218.59
ch2_ohr_ncp_20250516T1540191774_d_img_d18_x11520_y55680.png,0.4441,379.04,84.63,386.25,91.06
ch2_ohr_ncp_20250516T1540191774_d_img_d18_x11520_y55680.png,0.3294,69.16,44.15,76.85,51.24
ch2_ohr_ncp_20250516T1540191774_d_img_d18_x11520_y55680.png,0.3033,0.4,10.07,52.35,64.13
ch2_ohr_ncp_20250516T1540191774_d_img_d18_x11520_y55680.png,0.2205,362.63,308.83,371.07,316.58
ch2_ohr_ncp_20250516T1540191774_d_img_d18_x11520_y55680.png,0.2193,55.93,53.14,61.57,58.31
ch2_ohr_ncp_20250516T1540191774_d_img_d18_x11520_y55680.png,0.2142,403.95,372.9,412.13,380.14
ch2_ohr_ncp_20250516T1540191774_d_img_d18_x11520_y56320.png,0.5016,335.56,372.32,344.06,380.0
ch2_ohr_ncp_20250516T1540191774_d_img_d18_x11520_y56320.png,0.3791,421.17,421.71,427.91,427.91
ch2_ohr_ncp_20250516T1540191774_d_img_d18_x11520_y56320.png,0.3329,97.79,527.1,103.26,532.59
ch2_ohr_ncp_20250516T1540191774_d_img_d18_x11520_y56320.png,0.2735,341.53,175.53,353.06,186.24
ch2_ohr_ncp_20250516T1540191774_d_img_d18_x11520_y56320.png,0.2565,233.33,375.24,239.33,381.04
ch2_ohr_ncp_20250516T1540191774_d_img_d18_x11520_y56320.png,0.2378,282.7,469.43,288.72,476.99
ch2_ohr_ncp_20250516T1540191774_d_img_d18_x11520_y56320.png,0.2366,54.95,87.84,64.47,94.72
ch2_ohr_ncp_20250516T1540191774_d_img_d18_x11520_y56320.png,0.2112,320.83,88.96,327.36,95.15
ch2_ohr_ncp_20250516T1540191774_d_img_d18_x11520_y56320.png,0.208,335.05,512.92,341.4,518.2
ch2_ohr_ncp_20250516T1540191774_d_img_d18_x11520_y56320.png,0.2068,425.35,467.59,433.61,474.8
ch2_ohr_ncp_20250516T1540191774_d_img_d18_x11520_y56320.png,0.2009,379.7,259.62,385.04,265.19
ch2_ohr_ncp_20250516T1540191774_d_img_d18_x11520_y57600.png,0.2013,455.9,267.93,464.84,276.22
ch2_ohr_ncp_20250516T1540191774_d_img_d18_x11520_y59520.png,0.2655,33.52,17.71,40.1,23.81
ch2_ohr_ncp_20250516T1540191774_d_img_d18_x11520_y59520.png,0.2321,162.62,0.16,170.46,3.95
ch2_ohr_ncp_20250516T1540191774_d_img_d18_x11520_y60160.png,0.2596,84.36,597.07,90.06,602.5
ch2_ohr_ncp_20250516T1540191774_d_img_d18_x11520_y60160.png,0.2284,124.38,116.29,130.15,122.45
ch2_ohr_ncp_20250516T1540191774_d_img_d18_x11520_y62080.png,0.2362,308.08,505.12,313.87,510.4
ch2_ohr_ncp_20250516T1540191774_d_img_d18_x11520_y62720.png,0.3199,304.53,586.24,309.21,591.65
ch2_ohr_ncp_20250516T1540191774_d_img_d18_x11520_y63360.png,0.3155,352.23,309.16,359.11,316.46
ch2_ohr_ncp_20250516T1540191774_d_img_d18_x11520_y63360.png,0.2504,144.68,325.44,153.18,332.9
ch2_ohr_ncp_20250516T1540191774_d_img_d18_x11520_y64000.png,0.4205,124.44,236.93,131.36,243.33
ch2_ohr_ncp_20250516T1540191774_d_img_d18_x11520_y64000.png,0.3188,52.38,389.44,59.27,396.27
ch2_ohr_ncp_20250516T1540191774_d_img_d18_x11520_y64000.png,0.3175,104.28,160.88,110.92,167.7
ch2_ohr_ncp_20250516T1540191774_d_img_d18_x11520_y64000.png,0.2646,309.69,323.95,317.1,330.62
ch2_ohr_ncp_20250516T1540191774_d_img_d18_x11520_y64000.png,0.2517,305.0,608.66,311.29,614.53
ch2_ohr_ncp_20250516T1540191774_d_img_d18_x11520_y65280.png,0.3588,261.11,349.6,266.93,354.85
ch2_ohr_ncp_20250516T1540191774_d_img_d18_x11520_y65280.png,0.3293,134.81,117.67,141.72,123.64
ch2_ohr_ncp_20250516T1540191774_d_img_d18_x11520_y65280.png,0.2826,163.08,335.25,168.95,341.27
ch2_ohr_ncp_20250516T1540191774_d_img_d18_x11520_y65920.png,0.2457,177.01,374.08,184.06,380.46
ch2_ohr_ncp_20250516T1540191774_d_img_d18_x11520_y65920.png,0.2035,303.71,206.39,311.03,213.42
ch2_ohr_ncp_20250516T1540191774_d_img_d18_x11520_y66560.png,0.2613,378.03,157.48,387.31,165.96
ch2_ohr_ncp_20250516T1540191774_d_img_d18_x11520_y67200.png,0.3914,327.18,387.52,334.5,393.83
ch2_ohr_ncp_20250516T1540191774_d_img_d18_x11520_y67200.png,0.2943,396.85,29.08,404.32,35.45
ch2_ohr_ncp_20250516T1540191774_d_img_d18_x11520_y67200.png,0.204,70.33,52.0,77.48,59.31
ch2_ohr_ncp_20250516T1540191774_d_img_d18_x11520_y67840.png,0.2845,64.36,261.09,71.46,268.23
ch2_ohr_ncp_20250516T1540191774_d_img_d18_x11520_y67840.png,0.2142,191.4,619.09,197.52,624.27
ch2_ohr_ncp_20250516T1540191774_d_img_d18_x11520_y68480.png,0.2641,336.41,416.59,341.93,422.46
ch2_ohr_ncp_20250516T1540191774_d_img_d18_x11520_y68480.png,0.2183,352.07,118.01,357.75,124.24
ch2_ohr_ncp_20250516T1540191774_d_img_d18_x11520_y68480.png,0.2024,456.44,172.8,463.52,178.64
ch2_ohr_ncp_20250516T1540191774_d_img_d18_x11520_y69120.png,0.2754,350.94,359.6,357.59,365.4
ch2_ohr_ncp_20250516T1540191774_d_img_d18_x11520_y69120.png,0.2538,11.55,149.15,17.79,154.98
ch2_ohr_ncp_20250516T1540191774_d_img_d18_x11520_y69120.png,0.2336,341.85,348.23,348.59,356.42
ch2_ohr_ncp_20250516T1540191774_d_img_d18_x11520_y72320.png,0.2393,204.68,45.19,212.14,51.63
ch2_ohr_ncp_20250516T1540191774_d_img_d18_x11520_y74240.png,0.2742,344.43,21.69,351.03,26.84
ch2_ohr_ncp_20250516T1540191774_d_img_d18_x11520_y74880.png,0.2342,422.35,628.33,430.07,636.27
ch2_ohr_ncp_20250516T1540191774_d_img_d18_x11520_y74880.png,0.2219,294.76,491.16,299.86,495.81
ch2_ohr_ncp_20250516T1540191774_d_img_d18_x11520_y77440.png,0.2366,124.67,5.1,131.03,10.87
ch2_ohr_ncp_20250516T1540191774_d_img_d18_x11520_y77440.png,0.2365,113.38,483.01,122.32,490.93
ch2_ohr_ncp_20250516T1540191774_d_img_d18_x11520_y79360.png,0.3682,72.51,201.92,79.23,206.82
ch2_ohr_ncp_20250516T1540191774_d_img_d18_x11520_y79360.png,0.2607,95.09,57.63,101.98,64.02
ch2_ohr_ncp_20250516T1540191774_d_img_d18_x11520_y79360.png,0.2043,185.12,3.34,193.45,10.69
ch2_ohr_ncp_20250516T1540191774_d_img_d18_x11520_y80640.png,0.3676,303.17,468.72,311.18,475.47
ch2_ohr_ncp_20250516T1540191774_d_img_d18_x11520_y80640.png,0.2885,101.37,469.11,107.45,475.47
ch2_ohr_ncp_20250516T1540191774_d_img_d18_x11520_y80640.png,0.2153,332.28,189.08,339.88,196.15
ch2_ohr_ncp_20250516T1540191774_d_img_d18_x11520_y81280.png,0.3259,100.82,12.68,107.48,19.0
ch2_ohr_ncp_20250516T1540191774_d_img_d18_x11520_y81920.png,0.4798,387.0,476.33,394.36,483.0
ch2_ohr_ncp_20250516T1540191774_d_img_d18_x11520_y81920.png,0.2181,403.5,514.53,410.95,520.26
ch2_ohr_ncp_20250516T1540191774_d_img_d18_x11520_y81920.png,0.2127,9.25,581.49,16.96,588.08
ch2_ohr_ncp_20250516T1540191774_d_img_d18_x11520_y81920.png,0.2046,399.02,9.75,405.22,16.4
ch2_ohr_ncp_20250516T1540191774_d_img_d18_x11520_y81920.png,0.201,425.68,5.01,434.76,14.66
ch2_ohr_ncp_20250516T1540191774_d_img_d18_x11520_y82560.png,0.3843,454.72,588.38,463.15,595.44
ch2_ohr_ncp_20250516T1540191774_d_img_d18_x11520_y82560.png,0.2458,248.57,392.88,256.0,399.06
ch2_ohr_ncp_20250516T1540191774_d_img_d18_x11520_y82560.png,0.2285,348.22,623.92,355.97,632.8
ch2_ohr_ncp_20250516T1540191774_d_img_d18_x11520_y82560.png,0.2235,102.84,164.87,111.89,173.85
ch2_ohr_ncp_20250516T1540191774_d_img_d18_x11520_y82560.png,0.2158,445.64,592.05,455.0,599.73
ch2_ohr_ncp_20250516T1540191774_d_img_d18_x11520_y82560.png,0.2154,373.24,614.21,379.7,620.3
ch2_ohr_ncp_20250612T2031048828_d_img_d18_x09600_y79360.png,0.2535,124.7,382.76,130.1,387.89
ch2_ohr_ncp_20250612T2031048828_d_img_d18_x10880_y79360.png,0.2566,232.68,108.25,250.71,121.44
ch2_ohr_ncp_20250612T2031048828_d_img_d18_x10880_y79360.png,0.2423,325.44,212.49,333.39,219.34
ch2_ohr_ncp_20250612T2031048828_d_img_d18_x10880_y79360.png,0.2409,14.7,162.87,25.28,170.48
ch2_ohr_ncp_20250612T2031048828_d_img_d18_x10880_y79360.png,0.2332,0.0,186.3,10.55,202.91
ch2_ohr_ncp_20250612T2031048828_d_img_d18_x10880_y79360.png,0.2294,166.34,55.65,174.71,63.83
ch2_ohr_ncp_20250612T2031048828_d_img_d18_x11520_y00000.png,0.2708,308.03,260.51,321.86,270.46
ch2_ohr_ncp_20250612T2031048828_d_img_d18_x11520_y00640.png,0.3087,410.61,598.69,489.12,640.0
ch2_ohr_ncp_20250612T2031048828_d_img_d18_x11520_y00640.png,0.2166,444.18,614.19,482.95,640.0
ch2_ohr_ncp_20250612T2031048828_d_img_d18_x11520_y01280.png,0.3633,0.29,0.73,6.63,9.51
ch2_ohr_ncp_20250612T2031048828_d_img_d18_x11520_y01280.png,0.219,288.91,481.34,344.37,526.43
ch2_ohr_ncp_20250612T2031048828_d_img_d18_x11520_y01920.png,0.3734,301.19,177.57,313.74,187.0
ch2_ohr_ncp_20250612T2031048828_d_img_d18_x11520_y01920.png,0.3672,134.58,220.63,142.64,227.62
ch2_ohr_ncp_20250612T2031048828_d_img_d18_x11520_y01920.png,0.3603,405.29,0.0,424.88,8.03
ch2_ohr_ncp_20250612T2031048828_d_img_d18_x11520_y01920.png,0.3497,351.09,375.69,358.31,382.37
ch2_ohr_ncp_20250612T2031048828_d_img_d18_x11520_y01920.png,0.3453,386.09,203.61,403.1,217.88
ch2_ohr_ncp_20250612T2031048828_d_img_d18_x11520_y01920.png,0.3157,260.74,582.54,272.99,592.67
ch2_ohr_ncp_20250612T2031048828_d_img_d18_x11520_y01920.png,0.2832,69.06,376.35,78.28,383.58
ch2_ohr_ncp_20250612T2031048828_d_img_d18_x11520_y01920.png,0.2564,260.79,310.53,271.42,320.33
ch2_ohr_ncp_20250612T2031048828_d_img_d18_x11520_y01920.png,0.2156,310.89,470.23,321.11,478.95
ch2_ohr_ncp_20250612T2031048828_d_img_d18_x11520_y01920.png,0.2063,15.74,443.28,23.56,450.63
ch2_ohr_ncp_20250612T2031048828_d_img_d18_x11520_y01920.png,0.2,329.52,344.94,337.73,351.78
ch2_ohr_ncp_20250612T2031048828_d_img_d18_x11520_y02560.png,0.3935,372.88,129.04,383.43,136.92
ch2_ohr_ncp_20250612T2031048828_d_img_d18_x11520_y02560.png,0.2706,331.21,324.91,343.05,335.29
ch2_ohr_ncp_20250612T2031048828_d_img_d18_x11520_y03840.png,0.2887,222.18,612.76,230.75,620.82
ch2_ohr_ncp_20250612T2031048828_d_img_d18_x11520_y04480.png,0.6079,0.0,139.32,36.68,175.45
ch2_ohr_ncp_20250612T2031048828_d_img_d18_x11520_y04480.png,0.5794,46.5,132.47,58.91,145.17
ch2_ohr_ncp_20250612T2031048828_d_img_d18_x11520_y04480.png,0.2664,240.07,31.65,247.22,37.62
ch2_ohr_ncp_20250612T2031048828_d_img_d18_x11520_y04480.png,0.2429,6.29,144.5,37.39,176.48
ch2_ohr_ncp_20250612T2031048828_d_img_d18_x11520_y05120.png,0.2252,380.85,326.33,388.09,331.71
ch2_ohr_ncp_20250612T2031048828_d_img_d18_x11520_y05120.png,0.2156,4.74,464.14,17.38,477.17
ch2_ohr_ncp_20250612T2031048828_d_img_d18_x11520_y05120.png,0.2134,167.25,84.5,173.88,90.47
ch2_ohr_ncp_20250612T2031048828_d_img_d18_x11520_y05120.png,0.2013,435.55,138.46,454.24,151.11
ch2_ohr_ncp_20250612T2031048828_d_img_d18_x11520_y05760.png,0.2426,0.2,120.39,6.06,128.06
ch2_ohr_ncp_20250612T2031048828_d_img_d18_x11520_y05760.png,0.2344,0.0,279.04,10.64,290.32
ch2_ohr_ncp_20250612T2031048828_d_img_d18_x11520_y05760.png,0.2143,28.51,83.45,44.05,95.49
ch2_ohr_ncp_20250612T2031048828_d_img_d18_x11520_y06400.png,0.3131,375.09,441.51,382.68,448.42
ch2_ohr_ncp_20250612T2031048828_d_img_d18_x11520_y06400.png,0.2335,404.04,223.5,500.39,337.62
ch2_ohr_ncp_20250612T2031048828_d_img_d18_x11520_y07040.png,0.4201,117.7,592.04,136.35,606.62
ch2_ohr_ncp_20250612T2031048828_d_img_d18_x11520_y07040.png,0.3961,358.78,432.34,366.81,439.34
ch2_ohr_ncp_20250612T2031048828_d_img_d18_x11520_y07040.png,0.3954,13.68,579.91,27.53,592.9
ch2_ohr_ncp_20250612T2031048828_d_img_d18_x11520_y07040.png,0.3954,61.52,504.11,71.07,512.64
ch2_ohr_ncp_20250612T2031048828_d_img_d18_x11520_y07040.png,0.3494,278.52,441.92,286.44,448.59
ch2_ohr_ncp_20250612T2031048828_d_img_d18_x11520_y07040.png,0.3161,228.1,620.09,239.55,628.44
ch2_ohr_ncp_20250612T2031048828_d_img_d18_x11520_y07040.png,0.2846,223.92,480.93,232.9,488.9
ch2_ohr_ncp_20250612T2031048828_d_img_d18_x11520_y07040.png,0.2653,56.53,464.31,64.61,472.57
ch2_ohr_ncp_20250612T2031048828_d_img_d18_x11520_y07040.png,0.261,6.51,372.64,18.65,385.52
ch2_ohr_ncp_20250612T2031048828_d_img_d18_x11520_y07040.png,0.2155,46.53,590.93,55.54,597.17
ch2_ohr_ncp_20250612T2031048828_d_img_d18_x11520_y07040.png,0.2088,30.53,606.78,43.74,616.78
ch2_ohr_ncp_20250612T2031048828_d_img_d18_x11520_y07040.png,0.2069,403.7,515.35,412.27,522.76
ch2_ohr_ncp_20250612T2031048828_d_img_d18_x11520_y07680.png,0.6614,23.4,9.06,33.31,18.23
ch2_ohr_ncp_20250612T2031048828_d_img_d18_x11520_y07680.png,0.5914,4.07,31.9,19.38,44.86
ch2_ohr_ncp_20250612T2031048828_d_img_d18_x11520_y07680.png,0.5548,47.12,217.14,57.04,224.66
ch2_ohr_ncp_20250612T2031048828_d_img_d18_x11520_y07680.png,0.5452,26.14,497.32,36.72,507.26
ch2_ohr_ncp_20250612T2031048828_d_img_d18_x11520_y07680.png,0.5034,374.91,424.92,383.96,432.4
ch2_ohr_ncp_20250612T2031048828_d_img_d18_x11520_y07680.png,0.4466,405.15,415.54,415.38,425.1
ch2_ohr_ncp_20250612T2031048828_d_img_d18_x11520_y07680.png,0.4088,399.08,480.96,409.56,491.6
ch2_ohr_ncp_20250612T2031048828_d_img_d18_x11520_y07680.png,0.4062,355.52,235.89,364.48,244.16
ch2_ohr_ncp_20250612T2031048828_d_img_d18_x11520_y07680.png,0.3954,7.92,599.77,17.23,608.03
ch2_ohr_ncp_20250612T2031048828_d_img_d18_x11520_y07680.png,0.3937,130.09,178.12,236.45,264.49
ch2_ohr_ncp_20250612T2031048828_d_img_d18_x11520_y07680.png,0.3589,374.37,68.61,382.06,75.5
ch2_ohr_ncp_20250612T2031048828_d_img_d18_x11520_y07680.png,0.2947,417.88,44.54,425.84,52.31
ch2_ohr_ncp_20250612T2031048828_d_img_d18_x11520_y07680.png,0.2941,343.03,99.01,360.98,110.27
ch2_ohr_ncp_20250612T2031048828_d_img_d18_x11520_y07680.png,0.274,277.63,20.42,284.38,26.24
ch2_ohr_ncp_20250612T2031048828_d_img_d18_x11520_y07680.png,0.2711,71.59,550.69,78.33,556.61
ch2_ohr_ncp_20250612T2031048828_d_img_d18_x11520_y07680.png,0.2673,117.86,94.52,126.17,100.38
ch2_ohr_ncp_20250612T2031048828_d_img_d18_x11520_y07680.png,0.2532,398.2,222.51,404.59,227.49
ch2_ohr_ncp_20250612T2031048828_d_img_d18_x11520_y07680.png,0.2528,263.27,259.58,275.31,270.43
ch2_ohr_ncp_20250612T2031048828_d_img_d18_x11520_y07680.png,0.2424,454.58,12.35,462.05,19.63
ch2_ohr_ncp_20250612T2031048828_d_img_d18_x11520_y07680.png,0.2026,414.48,301.27,420.41,305.97
ch2_ohr_ncp_20250612T2031048828_d_img_d18_x11520_y07680.png,0.2009,366.99,324.59,376.06,332.12
ch2_ohr_ncp_20250612T2031048828_d_img_d18_x11520_y08320.png,0.4268,136.38,20.57,146.44,29.61
ch2_ohr_ncp_20250612T2031048828_d_img_d18_x11520_y08320.png,0.3485,57.37,452.84,64.96,459.69
ch2_ohr_ncp_20250612T2031048828_d_img_d18_x11520_y08320.png,0.2681,329.13,39.82,340.93,50.76
ch2_ohr_ncp_20250612T2031048828_d_img_d18_x11520_y08320.png,0.2677,111.88,411.73,118.98,418.28
ch2_ohr_ncp_20250612T2031048828_d_img_d18_x11520_y08320.png,0.2185,0.0,33.75,6.52,39.78
ch2_ohr_ncp_20250612T2031048828_d_img_d18_x11520_y08320.png,0.2011,161.8,24.59,169.03,30.14
ch2_ohr_ncp_20250612T2031048828_d_img_d18_x11520_y08960.png,0.3495,360.41,419.94,371.13,428.43
ch2_ohr_ncp_20250612T2031048828_d_img_d18_x11520_y08960.png,0.3175,336.75,410.97,345.6,418.89
ch2_ohr_ncp_20250612T2031048828_d_img_d18_x11520_y10880.png,0.3886,7.54,208.16,41.44,234.53
ch2_ohr_ncp_20250612T2031048828_d_img_d18_x11520_y10880.png,0.3572,382.5,344.25,392.01,354.18
ch2_ohr_ncp_20250612T2031048828_d_img_d18_x11520_y10880.png,0.3483,373.9,0.06,386.0,7.69
ch2_ohr_ncp_20250612T2031048828_d_img_d18_x11520_y10880.png,0.3056,54.42,18.55,64.11,27.24
ch2_ohr_ncp_20250612T2031048828_d_img_d18_x11520_y10880.png,0.2584,342.12,541.75,348.78,547.53
ch2_ohr_ncp_20250612T2031048828_d_img_d18_x11520_y10880.png,0.2493,9.61,192.33,21.81,204.79
ch2_ohr_ncp_20250612T2031048828_d_img_d18_x11520_y10880.png,0.2466,334.25,550.44,341.06,555.83
ch2_ohr_ncp_20250612T2031048828_d_img_d18_x11520_y10880.png,0.2196,205.7,292.85,213.37,299.1
ch2_ohr_ncp_20250612T2031048828_d_img_d18_x11520_y10880.png,0.2153,352.81,502.73,361.82,509.4
ch2_ohr_ncp_20250612T2031048828_d_img_d18_x11520_y11520.png,0.2237,48.03,583.49,59.06,592.51
ch2_ohr_ncp_20250612T2031048828_d_img_d18_x11520_y11520.png,0.2167,422.06,0.0,485.99,47.38
ch2_ohr_ncp_20250612T2031048828_d_img_d18_x11520_y11520.png,0.2069,0.02,468.66,11.65,477.27
ch2_ohr_ncp_20250612T2031048828_d_img_d18_x11520_y12160.png,0.2531,125.11,432.45,133.99,440.0
ch2_ohr_ncp_20250612T2031048828_d_img_d18_x11520_y12160.png,0.2341,441.71,354.92,484.21,393.01
ch2_ohr_ncp_20250612T2031048828_d_img_d18_x11520_y12160.png,0.2268,212.74,160.25,219.69,165.2
ch2_ohr_ncp_20250612T2031048828_d_img_d18_x11520_y12800.png,0.4841,175.91,208.73,184.42,215.69
ch2_ohr_ncp_20250612T2031048828_d_img_d18_x11520_y12800.png,0.3855,0.1,186.23,12.88,197.43
ch2_ohr_ncp_20250612T2031048828_d_img_d18_x11520_y12800.png,0.3774,0.23,159.45,8.22,167.02
ch2_ohr_ncp_20250612T2031048828_d_img_d18_x11520_y12800.png,0.3651,57.34,137.76,68.6,147.86
ch2_ohr_ncp_20250612T2031048828_d_img_d18_x11520_y12800.png,0.3303,32.77,430.97,41.03,438.19
ch2_ohr_ncp_20250612T2031048828_d_img_d18_x11520_y12800.png,0.3007,118.64,280.79,127.3,288.27
ch2_ohr_ncp_20250612T2031048828_d_img_d18_x11520_y12800.png,0.2517,355.35,106.07,362.5,111.98
ch2_ohr_ncp_20250612T2031048828_d_img_d18_x11520_y12800.png,0.2464,300.94,209.09,309.21,216.4
ch2_ohr_ncp_20250612T2031048828_d_img_d18_x11520_y12800.png,0.2339,386.71,263.69,394.78,269.02
ch2_ohr_ncp_20250612T2031048828_d_img_d18_x11520_y12800.png,0.2329,39.18,493.89,48.91,501.57
ch2_ohr_ncp_20250612T2031048828_d_img_d18_x11520_y12800.png,0.2248,343.4,217.44,349.7,222.42
ch2_ohr_ncp_20250612T2031048828_d_img_d18_x11520_y12800.png,0.2245,342.6,630.98,352.06,637.4
ch2_ohr_ncp_20250612T2031048828_d_img_d18_x11520_y12800.png,0.2209,26.56,578.35,37.16,587.97
ch2_ohr_ncp_20250612T2031048828_d_img_d18_x11520_y12800.png,0.2142,15.42,482.09,22.98,488.93
ch2_ohr_ncp_20250612T2031048828_d_img_d18_x11520_y12800.png,0.2017,0.08,453.47,7.26,465.34
ch2_ohr_ncp_20250612T2031048828_d_img_d18_x11520_y12800.png,0.2012,208.02,46.52,217.03,54.68
ch2_ohr_ncp_20250612T2031048828_d_img_d18_x11520_y12800.png,0.2009,130.69,369.93,139.14,376.63
ch2_ohr_ncp_20250612T2031048828_d_img_d18_x11520_y15360.png,0.5257,359.34,67.73,371.68,75.96
ch2_ohr_ncp_20250612T2031048828_d_img_d18_x11520_y15360.png,0.4197,375.29,37.25,386.57,46.68
ch2_ohr_ncp_20250612T2031048828_d_img_d18_x11520_y15360.png,0.3819,8.53,3.32,16.56,10.25
ch2_ohr_ncp_20250612T2031048828_d_img_d18_x11520_y15360.png,0.3606,274.33,608.29,287.2,619.88
ch2_ohr_ncp_20250612T2031048828_d_img_d18_x11520_y15360.png,0.3319,392.89,166.16,403.42,174.61
ch2_ohr_ncp_20250612T2031048828_d_img_d18_x11520_y15360.png,0.329,14.25,152.04,24.26,159.51
ch2_ohr_ncp_20250612T2031048828_d_img_d18_x11520_y15360.png,0.315,345.67,22.28,356.78,31.21
ch2_ohr_ncp_20250612T2031048828_d_img_d18_x11520_y15360.png,0.2686,307.49,274.57,320.07,284.66
ch2_ohr_ncp_20250612T2031048828_d_img_d18_x11520_y15360.png,0.2552,48.13,192.36,56.63,200.52
ch2_ohr_ncp_20250612T2031048828_d_img_d18_x11520_y15360.png,0.2211,408.52,92.18,417.41,99.65
ch2_ohr_ncp_20250612T2031048828_d_img_d18_x11520_y15360.png,0.2049,314.05,556.74,322.64,564.67
ch2_ohr_ncp_20250612T2031048828_d_img_d18_x11520_y20480.png,0.4249,315.46,177.12,321.44,183.87
ch2_ohr_ncp_20250612T2031048828_d_img_d18_x11520_y20480.png,0.3269,55.91,347.33,85.74,375.8
ch2_ohr_ncp_20250612T2031048828_d_img_d18_x11520_y20480.png,0.3228,288.37,88.12,294.98,92.74
ch2_ohr_ncp_20250612T2031048828_d_img_d18_x11520_y20480.png,0.2667,62.85,161.37,68.19,167.05
ch2_ohr_ncp_20250612T2031048828_d_img_d18_x11520_y20480.png,0.2367,429.87,361.43,440.06,370.48
ch2_ohr_ncp_20250612T2031048828_d_img_d18_x11520_y20480.png,0.229,356.4,256.05,362.71,261.47
ch2_ohr_ncp_20250612T2031048828_d_img_d18_x11520_y20480.png,0.2228,361.86,168.42,368.02,173.92
ch2_ohr_ncp_20250612T2031048828_d_img_d18_x11520_y20480.png,0.2176,428.87,510.87,435.66,516.6
ch2_ohr_ncp_20250612T2031048828_d_img_d18_x11520_y20480.png,0.2158,263.59,79.97,268.46,83.99
ch2_ohr_ncp_20250612T2031048828_d_img_d18_x11520_y20480.png,0.2071,185.48,147.96,190.58,152.65
ch2_ohr_ncp_20250612T2031048828_d_img_d18_x11520_y20480.png,0.205,395.32,527.79,402.72,534.29
ch2_ohr_ncp_20250612T2031048828_d_img_d18_x11520_y21120.png,0.6126,118.76,214.87,126.07,221.43
ch2_ohr_ncp_20250612T2031048828_d_img_d18_x11520_y21120.png,0.5839,63.99,375.54,72.59,382.18
ch2_ohr_ncp_20250612T2031048828_d_img_d18_x11520_y21120.png,0.5807,340.85,36.89,348.38,44.34
ch2_ohr_ncp_20250612T2031048828_d_img_d18_x11520_y21120.png,0.5775,4.32,181.85,12.18,188.11
ch2_ohr_ncp_20250612T2031048828_d_img_d18_x11520_y21120.png,0.5379,78.86,599.84,88.97,608.72
ch2_ohr_ncp_20250612T2031048828_d_img_d18_x11520_y21120.png,0.5289,95.71,258.26,102.83,264.55
ch2_ohr_ncp_20250612T2031048828_d_img_d18_x11520_y21120.png,0.5129,337.08,51.99,351.12,63.57
ch2_ohr_ncp_20250612T2031048828_d_img_d18_x11520_y21120.png,0.4736,366.37,535.47,373.32,542.1
ch2_ohr_ncp_20250612T2031048828_d_img_d18_x11520_y21120.png,0.4704,392.28,589.19,403.5,598.76
ch2_ohr_ncp_20250612T2031048828_d_img_d18_x11520_y21120.png,0.4694,419.8,580.67,429.13,588.2
ch2_ohr_ncp_20250612T2031048828_d_img_d18_x11520_y21120.png,0.4668,357.57,53.94,366.46,61.1
ch2_ohr_ncp_20250612T2031048828_d_img_d18_x11520_y21120.png,0.4531,347.99,516.43,355.88,522.7
ch2_ohr_ncp_20250612T2031048828_d_img_d18_x11520_y21120.png,0.4182,334.34,309.88,340.06,314.97
ch2_ohr_ncp_20250612T2031048828_d_img_d18_x11520_y21120.png,0.4048,16.51,565.87,27.0,574.08
ch2_ohr_ncp_20250612T2031048828_d_img_d18_x11520_y21120.png,0.3938,353.03,214.17,360.61,221.39
ch2_ohr_ncp_20250612T2031048828_d_img_d18_x11520_y21120.png,0.3757,235.33,614.43,241.29,620.33
ch2_ohr_ncp_20250612T2031048828_d_img_d18_x11520_y21120.png,0.3348,339.58,557.42,349.43,564.82
ch2_ohr_ncp_20250612T2031048828_d_img_d18_x11520_y21120.png,0.3321,212.98,287.2,221.96,295.56
ch2_ohr_ncp_20250612T2031048828_d_img_d18_x11520_y21120.png,0.3102,385.27,70.37,391.53,76.33
ch2_ohr_ncp_20250612T2031048828_d_img_d18_x11520_y21120.png,0.3063,18.82,45.69,28.08,53.93
ch2_ohr_ncp_20250612T2031048828_d_img_d18_x11520_y21120.png,0.2946,27.23,132.28,35.01,138.9
ch2_ohr_ncp_20250612T2031048828_d_img_d18_x11520_y21120.png,0.2886,229.45,243.75,238.54,251.38
ch2_ohr_ncp_20250612T2031048828_d_img_d18_x11520_y21120.png,0.2472,25.59,328.75,31.8,334.98
ch2_ohr_ncp_20250612T2031048828_d_img_d18_x11520_y21120.png,0.2355,18.52,602.28,25.72,608.97
ch2_ohr_ncp_20250612T2031048828_d_img_d18_x11520_y21120.png,0.2341,223.48,477.52,241.57,488.1
ch2_ohr_ncp_20250612T2031048828_d_img_d18_x11520_y21120.png,0.2192,389.9,339.14,399.67,347.25
ch2_ohr_ncp_20250612T2031048828_d_img_d18_x11520_y21120.png,0.212,167.47,621.63,176.12,629.53
ch2_ohr_ncp_20250612T2031048828_d_img_d18_x11520_y21120.png,0.2099,89.49,598.89,99.06,607.17
ch2_ohr_ncp_20250612T2031048828_d_img_d18_x11520_y21120.png,0.2082,91.24,598.49,99.48,606.54
ch2_ohr_ncp_20250612T2031048828_d_img_d18_x11520_y21760.png,0.3942,110.25,466.17,122.14,475.38
ch2_ohr_ncp_20250612T2031048828_d_img_d18_x11520_y21760.png,0.3679,383.49,299.21,394.9,308.04
ch2_ohr_ncp_20250612T2031048828_d_img_d18_x11520_y21760.png,0.3613,136.45,313.25,145.8,321.01
ch2_ohr_ncp_20250612T2031048828_d_img_d18_x11520_y21760.png,0.3558,112.21,375.8,120.54,382.21
ch2_ohr_ncp_20250612T2031048828_d_img_d18_x11520_y21760.png,0.3529,191.72,610.94,200.86,618.83
ch2_ohr_ncp_20250612T2031048828_d_img_d18_x11520_y21760.png,0.3463,13.77,516.18,20.86,523.58
ch2_ohr_ncp_20250612T2031048828_d_img_d18_x11520_y21760.png,0.3417,241.42,419.83,251.41,428.59
ch2_ohr_ncp_20250612T2031048828_d_img_d18_x11520_y21760.png,0.2982,340.25,581.86,348.38,588.71
ch2_ohr_ncp_20250612T2031048828_d_img_d18_x11520_y21760.png,0.2795,296.17,40.35,303.7,45.96
ch2_ohr_ncp_20250612T2031048828_d_img_d18_x11520_y21760.png,0.2668,25.0,276.64,34.31,284.47
ch2_ohr_ncp_20250612T2031048828_d_img_d18_x11520_y21760.png,0.2658,417.73,533.2,425.95,540.49
ch2_ohr_ncp_20250612T2031048828_d_img_d18_x11520_y21760.png,0.2547,185.7,544.17,217.8,569.49
ch2_ohr_ncp_20250612T2031048828_d_img_d18_x11520_y21760.png,0.2418,68.96,367.36,80.47,376.79
ch2_ohr_ncp_20250612T2031048828_d_img_d18_x11520_y21760.png,0.2343,381.42,312.15,390.79,320.59
ch2_ohr_ncp_20250612T2031048828_d_img_d18_x11520_y21760.png,0.2301,22.27,414.18,29.35,420.25
ch2_ohr_ncp_20250612T2031048828_d_img_d18_x11520_y21760.png,0.2188,409.0,524.23,415.0,529.82
ch2_ohr_ncp_20250612T2031048828_d_img_d18_x11520_y21760.png,0.2128,9.46,472.56,16.0,478.66
ch2_ohr_ncp_20250612T2031048828_d_img_d18_x11520_y21760.png,0.2001,357.72,348.56,367.08,356.45
ch2_ohr_ncp_20250612T2031048828_d_img_d18_x11520_y22400.png,0.58,12.96,598.64,27.07,609.81
ch2_ohr_ncp_20250612T2031048828_d_img_d18_x11520_y22400.png,0.3489,457.19,0.0,479.53,9.82
ch2_ohr_ncp_20250612T2031048828_d_img_d18_x11520_y22400.png,0.2963,148.25,193.1,156.14,200.16
ch2_ohr_ncp_20250612T2031048828_d_img_d18_x11520_y22400.png,0.2905,329.85,417.54,337.83,424.12
ch2_ohr_ncp_20250612T2031048828_d_img_d18_x11520_y22400.png,0.2748,368.7,28.1,377.76,35.18
ch2_ohr_ncp_20250612T2031048828_d_img_d18_x11520_y22400.png,0.2737,167.5,212.99,178.73,221.79
ch2_ohr_ncp_20250612T2031048828_d_img_d18_x11520_y22400.png,0.2244,176.91,282.73,186.48,291.55
ch2_ohr_ncp_20250612T2031048828_d_img_d18_x11520_y22400.png,0.2193,0.29,52.38,7.0,58.49
ch2_ohr_ncp_20250612T2031048828_d_img_d18_x11520_y23040.png,0.6379,93.55,524.83,106.2,536.72
ch2_ohr_ncp_20250612T2031048828_d_img_d18_x11520_y23040.png,0.6036,0.06,468.92,7.84,477.47
ch2_ohr_ncp_20250612T2031048828_d_img_d18_x11520_y23040.png,0.4946,359.44,123.81,368.37,131.42
ch2_ohr_ncp_20250612T2031048828_d_img_d18_x11520_y23040.png,0.4771,263.05,568.17,271.48,574.43
ch2_ohr_ncp_20250612T2031048828_d_img_d18_x11520_y23040.png,0.4629,281.08,58.19,319.53,89.05
ch2_ohr_ncp_20250612T2031048828_d_img_d18_x11520_y23040.png,0.3546,3.5,351.26,14.8,362.68
ch2_ohr_ncp_20250612T2031048828_d_img_d18_x11520_y23040.png,0.3435,251.05,352.75,276.13,368.73
ch2_ohr_ncp_20250612T2031048828_d_img_d18_x11520_y23040.png,0.3162,283.94,586.95,292.63,594.24
ch2_ohr_ncp_20250612T2031048828_d_img_d18_x11520_y23040.png,0.2921,395.94,512.87,403.72,520.81
ch2_ohr_ncp_20250612T2031048828_d_img_d18_x11520_y23040.png,0.2788,217.53,102.27,226.79,110.88
ch2_ohr_ncp_20250612T2031048828_d_img_d18_x11520_y23040.png,0.2619,376.7,607.22,385.1,612.62
ch2_ohr_ncp_20250612T2031048828_d_img_d18_x11520_y23040.png,0.2562,104.93,84.88,112.71,91.49
ch2_ohr_ncp_20250612T2031048828_d_img_d18_x11520_y23040.png,0.2018,0.0,487.61,4.97,497.21
ch2_ohr_ncp_20250612T2031048828_d_img_d18_x11520_y23680.png,0.52,124.9,24.47,133.52,31.81
ch2_ohr_ncp_20250612T2031048828_d_img_d18_x11520_y23680.png,0.4786,432.36,605.21,443.71,614.35
ch2_ohr_ncp_20250612T2031048828_d_img_d18_x11520_y23680.png,0.4589,136.99,60.85,148.16,69.99
ch2_ohr_ncp_20250612T2031048828_d_img_d18_x11520_y23680.png,0.4505,416.63,8.96,424.0,15.85
ch2_ohr_ncp_20250612T2031048828_d_img_d18_x11520_y23680.png,0.4287,412.51,478.75,423.95,487.8
ch2_ohr_ncp_20250612T2031048828_d_img_d18_x11520_y23680.png,0.3714,267.9,351.27,282.07,360.66
ch2_ohr_ncp_20250612T2031048828_d_img_d18_x11520_y23680.png,0.3683,19.33,109.53,28.08,118.78
ch2_ohr_ncp_20250612T2031048828_d_img_d18_x11520_y23680.png,0.3313,244.78,121.14,252.82,127.44
ch2_ohr_ncp_20250612T2031048828_d_img_d18_x11520_y23680.png,0.3205,247.51,199.1,257.77,208.14
ch2_ohr_ncp_20250612T2031048828_d_img_d18_x11520_y23680.png,0.3065,278.53,38.47,292.74,49.7
ch2_ohr_ncp_20250612T2031048828_d_img_d18_x11520_y23680.png,0.2426,461.77,10.04,481.5,26.69
ch2_ohr_ncp_20250612T2031048828_d_img_d18_x11520_y23680.png,0.241,11.48,96.2,18.88,104.35
ch2_ohr_ncp_20250612T2031048828_d_img_d18_x11520_y23680.png,0.2375,461.15,388.95,468.58,394.46
ch2_ohr_ncp_20250612T2031048828_d_img_d18_x11520_y23680.png,0.2338,359.16,556.78,365.88,563.0
ch2_ohr_ncp_20250612T2031048828_d_img_d18_x11520_y23680.png,0.233,460.3,0.99,483.82,27.03
ch2_ohr_ncp_20250612T2031048828_d_img_d18_x11520_y23680.png,0.2035,193.39,208.33,203.36,217.62
ch2_ohr_ncp_20250612T2031048828_d_img_d18_x11520_y24320.png,0.2599,405.82,284.12,413.73,291.7
ch2_ohr_ncp_20250612T2031048828_d_img_d18_x11520_y24960.png,0.5462,407.48,170.6,416.4,177.72
ch2_ohr_ncp_20250612T2031048828_d_img_d18_x11520_y24960.png,0.4045,138.13,410.57,146.8,418.2
ch2_ohr_ncp_20250612T2031048828_d_img_d18_x11520_y24960.png,0.4018,316.95,629.34,323.59,635.25
ch2_ohr_ncp_20250612T2031048828_d_img_d18_x11520_y24960.png,0.3273,253.44,477.07,261.12,483.01
ch2_ohr_ncp_20250612T2031048828_d_img_d18_x11520_y24960.png,0.3032,377.05,432.21,384.55,439.47
ch2_ohr_ncp_20250612T2031048828_d_img_d18_x11520_y24960.png,0.2971,192.95,427.97,199.46,433.82
ch2_ohr_ncp_20250612T2031048828_d_img_d18_x11520_y24960.png,0.2558,447.4,563.0,455.71,570.68
ch2_ohr_ncp_20250612T2031048828_d_img_d18_x11520_y24960.png,0.249,201.5,453.29,206.68,459.13
ch2_ohr_ncp_20250612T2031048828_d_img_d18_x11520_y24960.png,0.2384,263.71,0.0,301.83,21.66
ch2_ohr_ncp_20250612T2031048828_d_img_d18_x11520_y24960.png,0.2045,252.4,421.59,260.35,427.9
ch2_ohr_ncp_20250612T2031048828_d_img_d18_x11520_y25600.png,0.2636,0.26,223.25,8.83,232.06
ch2_ohr_ncp_20250612T2031048828_d_img_d18_x11520_y26240.png,0.5232,413.75,579.15,424.6,589.0
ch2_ohr_ncp_20250612T2031048828_d_img_d18_x11520_y26240.png,0.4422,158.43,609.62,166.85,618.11
ch2_ohr_ncp_20250612T2031048828_d_img_d18_x11520_y26240.png,0.4386,415.35,364.76,426.77,377.13
ch2_ohr_ncp_20250612T2031048828_d_img_d18_x11520_y26240.png,0.424,72.19,421.5,80.96,428.9
ch2_ohr_ncp_20250612T2031048828_d_img_d18_x11520_y26240.png,0.4146,119.58,476.13,130.34,486.33
ch2_ohr_ncp_20250612T2031048828_d_img_d18_x11520_y26240.png,0.3957,375.09,243.39,386.47,252.89
ch2_ohr_ncp_20250612T2031048828_d_img_d18_x11520_y26240.png,0.3707,441.4,0.86,450.59,10.75
ch2_ohr_ncp_20250612T2031048828_d_img_d18_x11520_y26240.png,0.369,166.78,406.05,173.21,411.91
ch2_ohr_ncp_20250612T2031048828_d_img_d18_x11520_y26240.png,0.3634,44.8,403.21,67.2,419.11
ch2_ohr_ncp_20250612T2031048828_d_img_d18_x11520_y26240.png,0.3019,440.06,573.91,448.35,581.4
ch2_ohr_ncp_20250612T2031048828_d_img_d18_x11520_y26240.png,0.2933,67.82,405.0,74.83,411.37
ch2_ohr_ncp_20250612T2031048828_d_img_d18_x11520_y26240.png,0.2784,67.61,594.8,75.74,601.66
ch2_ohr_ncp_20250612T2031048828_d_img_d18_x11520_y26240.png,0.2763,255.81,48.3,263.83,54.38
ch2_ohr_ncp_20250612T2031048828_d_img_d18_x11520_y26240.png,0.2607,173.56,544.28,181.14,550.24
ch2_ohr_ncp_20250612T2031048828_d_img_d18_x11520_y26240.png,0.2519,425.4,488.8,433.79,496.19
ch2_ohr_ncp_20250612T2031048828_d_img_d18_x11520_y26240.png,0.2365,121.15,451.72,129.3,458.96
ch2_ohr_ncp_20250612T2031048828_d_img_d18_x11520_y26240.png,0.233,140.56,518.08,146.77,524.24
ch2_ohr_ncp_20250612T2031048828_d_img_d18_x11520_y26240.png,0.232,356.25,413.26,363.34,419.98
ch2_ohr_ncp_20250612T2031048828_d_img_d18_x11520_y26240.png,0.2311,129.02,439.89,143.53,450.78
ch2_ohr_ncp_20250612T2031048828_d_img_d18_x11520_y26240.png,0.2228,47.81,568.46,53.97,573.41
ch2_ohr_ncp_20250612T2031048828_d_img_d18_x11520_y26240.png,0.2172,97.54,628.45,104.47,633.54
ch2_ohr_ncp_20250612T2031048828_d_img_d18_x11520_y26240.png,0.216,397.01,499.81,403.15,505.46
ch2_ohr_ncp_20250612T2031048828_d_img_d18_x11520_y26240.png,0.2076,0.04,173.14,5.82,181.33
ch2_ohr_ncp_20250612T2031048828_d_img_d18_x11520_y26240.png,0.2037,292.48,94.54,299.86,100.51
ch2_ohr_ncp_20250612T2031048828_d_img_d18_x11520_y26240.png,0.2003,89.92,587.54,102.21,597.54
ch2_ohr_ncp_20250612T2031048828_d_img_d18_x11520_y26880.png,0.4568,445.95,219.49,462.73,234.28
ch2_ohr_ncp_20250612T2031048828_d_img_d18_x11520_y26880.png,0.4305,0.0,0.02,34.27,45.19
ch2_ohr_ncp_20250612T2031048828_d_img_d18_x11520_y26880.png,0.3859,3.59,59.45,26.29,75.38
ch2_ohr_ncp_20250612T2031048828_d_img_d18_x11520_y26880.png,0.3385,354.06,496.27,361.72,502.89
ch2_ohr_ncp_20250612T2031048828_d_img_d18_x11520_y26880.png,0.3112,410.12,142.76,418.89,149.85
ch2_ohr_ncp_20250612T2031048828_d_img_d18_x11520_y26880.png,0.2883,454.93,580.47,465.87,588.3
ch2_ohr_ncp_20250612T2031048828_d_img_d18_x11520_y27520.png,0.3786,173.77,515.78,180.84,522.1
ch2_ohr_ncp_20250612T2031048828_d_img_d18_x11520_y27520.png,0.3743,70.87,584.81,79.26,592.74
ch2_ohr_ncp_20250612T2031048828_d_img_d18_x11520_y27520.png,0.3362,16.75,522.6,22.86,528.11
ch2_ohr_ncp_20250612T2031048828_d_img_d18_x11520_y27520.png,0.3257,98.9,547.59,107.1,556.39
ch2_ohr_ncp_20250612T2031048828_d_img_d18_x11520_y27520.png,0.3145,332.21,219.41,339.04,225.08
ch2_ohr_ncp_20250612T2031048828_d_img_d18_x11520_y27520.png,0.2841,438.53,280.97,445.9,287.48
ch2_ohr_ncp_20250612T2031048828_d_img_d18_x11520_y27520.png,0.2808,308.89,118.78,319.06,128.35
ch2_ohr_ncp_20250612T2031048828_d_img_d18_x11520_y27520.png,0.2511,288.84,622.91,296.39,629.37
ch2_ohr_ncp_20250612T2031048828_d_img_d18_x11520_y27520.png,0.2506,458.78,261.56,482.1,284.13
ch2_ohr_ncp_20250612T2031048828_d_img_d18_x11520_y27520.png,0.2124,259.52,517.72,267.91,523.91
ch2_ohr_ncp_20250612T2031048828_d_img_d18_x11520_y27520.png,0.2119,165.4,605.67,172.02,610.91
ch2_ohr_ncp_20250612T2031048828_d_img_d18_x11520_y27520.png,0.2065,0.04,386.79,11.63,396.19
ch2_ohr_ncp_20250612T2031048828_d_img_d18_x11520_y27520.png,0.2055,419.66,184.97,428.41,191.62
ch2_ohr_ncp_20250612T2031048828_d_img_d18_x11520_y28160.png,0.4173,247.62,97.59,256.27,106.37
ch2_ohr_ncp_20250612T2031048828_d_img_d18_x11520_y28160.png,0.3925,121.84,338.12,129.7,346.88
ch2_ohr_ncp_20250612T2031048828_d_img_d18_x11520_y28160.png,0.3662,102.67,140.05,109.89,146.8
ch2_ohr_ncp_20250612T2031048828_d_img_d18_x11520_y28160.png,0.3627,36.87,500.64,43.81,506.75
ch2_ohr_ncp_20250612T2031048828_d_img_d18_x11520_y28160.png,0.3625,283.79,580.56,292.83,587.8
ch2_ohr_ncp_20250612T2031048828_d_img_d18_x11520_y28160.png,0.3533,348.23,349.15,355.61,355.45
ch2_ohr_ncp_20250612T2031048828_d_img_d18_x11520_y28160.png,0.3473,396.58,119.25,406.42,125.98
ch2_ohr_ncp_20250612T2031048828_d_img_d18_x11520_y28160.png,0.3279,343.67,550.77,349.15,555.28
ch2_ohr_ncp_20250612T2031048828_d_img_d18_x11520_y28160.png,0.3114,131.87,251.91,140.39,258.33
ch2_ohr_ncp_20250612T2031048828_d_img_d18_x11520_y28160.png,0.2898,0.08,309.17,6.83,315.23
ch2_ohr_ncp_20250612T2031048828_d_img_d18_x11520_y28160.png,0.2722,72.77,489.47,80.55,495.56
ch2_ohr_ncp_20250612T2031048828_d_img_d18_x11520_y28160.png,0.2715,252.32,479.26,258.69,484.97
ch2_ohr_ncp_20250612T2031048828_d_img_d18_x11520_y28160.png,0.2684,308.69,487.95,314.93,493.99
ch2_ohr_ncp_20250612T2031048828_d_img_d18_x11520_y28160.png,0.2681,145.09,132.67,164.16,150.66
ch2_ohr_ncp_20250612T2031048828_d_img_d18_x11520_y28160.png,0.2641,406.26,436.18,412.79,442.8
ch2_ohr_ncp_20250612T2031048828_d_img_d18_x11520_y28160.png,0.257,23.34,534.27,32.59,543.24
ch2_ohr_ncp_20250612T2031048828_d_img_d18_x11520_y28160.png,0.2376,307.24,93.66,320.33,104.26
ch2_ohr_ncp_20250612T2031048828_d_img_d18_x11520_y28160.png,0.2325,263.66,216.55,270.23,221.64
ch2_ohr_ncp_20250612T2031048828_d_img_d18_x11520_y28160.png,0.2178,405.03,182.35,418.03,193.4
ch2_ohr_ncp_20250612T2031048828_d_img_d18_x11520_y28160.png,0.2164,148.02,216.31,155.77,222.58
ch2_ohr_ncp_20250612T2031048828_d_img_d18_x11520_y28160.png,0.2105,328.89,631.03,333.76,635.76
ch2_ohr_ncp_20250612T2031048828_d_img_d18_x11520_y28160.png,0.2071,371.75,0.6,382.77,8.93
ch2_ohr_ncp_20250612T2031048828_d_img_d18_x11520_y28160.png,0.2025,195.16,621.06,203.44,626.81
ch2_ohr_ncp_20250612T2031048828_d_img_d18_x11520_y28800.png,0.5236,0.13,150.69,81.29,227.72
ch2_ohr_ncp_20250612T2031048828_d_img_d18_x11520_y28800.png,0.4452,40.82,436.78,50.38,444.25
ch2_ohr_ncp_20250612T2031048828_d_img_d18_x11520_y28800.png,0.4069,337.3,105.04,346.53,115.03
ch2_ohr_ncp_20250612T2031048828_d_img_d18_x11520_y28800.png,0.4032,356.05,76.26,363.89,82.17
ch2_ohr_ncp_20250612T2031048828_d_img_d18_x11520_y28800.png,0.3223,199.26,604.65,205.79,610.97
ch2_ohr_ncp_20250612T2031048828_d_img_d18_x11520_y28800.png,0.3214,344.52,488.2,352.18,495.13
ch2_ohr_ncp_20250612T2031048828_d_img_d18_x11520_y28800.png,0.2977,214.43,272.58,224.41,280.71
ch2_ohr_ncp_20250612T2031048828_d_img_d18_x11520_y28800.png,0.2667,287.95,49.54,298.05,56.14
ch2_ohr_ncp_20250612T2031048828_d_img_d18_x11520_y28800.png,0.2171,1.56,351.41,12.48,361.78
ch2_ohr_ncp_20250612T2031048828_d_img_d18_x11520_y30080.png,0.5234,225.26,209.46,234.82,216.9
ch2_ohr_ncp_20250612T2031048828_d_img_d18_x11520_y30080.png,0.516,282.72,500.47,296.65,511.53
ch2_ohr_ncp_20250612T2031048828_d_img_d18_x11520_y30080.png,0.5123,247.98,23.54,259.2,32.39
ch2_ohr_ncp_20250612T2031048828_d_img_d18_x11520_y30080.png,0.491,149.56,59.05,161.2,70.58
ch2_ohr_ncp_20250612T2031048828_d_img_d18_x11520_y30080.png,0.4766,86.87,127.73,96.05,136.58
ch2_ohr_ncp_20250612T2031048828_d_img_d18_x11520_y30080.png,0.4765,13.95,300.89,26.06,310.65
ch2_ohr_ncp_20250612T2031048828_d_img_d18_x11520_y30080.png,0.4625,167.84,373.18,176.81,381.12
ch2_ohr_ncp_20250612T2031048828_d_img_d18_x11520_y30080.png,0.4491,311.3,206.7,319.98,214.2
ch2_ohr_ncp_20250612T2031048828_d_img_d18_x11520_y30080.png,0.3938,334.5,127.87,344.05,135.54
ch2_ohr_ncp_20250612T2031048828_d_img_d18_x11520_y30080.png,0.3872,249.58,426.24,256.94,432.04
ch2_ohr_ncp_20250612T2031048828_d_img_d18_x11520_y30080.png,0.3771,401.18,212.6,409.41,219.95
ch2_ohr_ncp_20250612T2031048828_d_img_d18_x11520_y30080.png,0.3713,304.08,0.0,325.4,15.95
ch2_ohr_ncp_20250612T2031048828_d_img_d18_x11520_y30080.png,0.3694,0.43,606.58,7.41,612.38
ch2_ohr_ncp_20250612T2031048828_d_img_d18_x11520_y30080.png,0.3637,200.77,428.52,207.38,435.38
ch2_ohr_ncp_20250612T2031048828_d_img_d18_x11520_y30080.png,0.3519,286.57,466.0,293.66,472.88
ch2_ohr_ncp_20250612T2031048828_d_img_d18_x11520_y30080.png,0.3363,89.6,511.08,100.44,519.03
ch2_ohr_ncp_20250612T2031048828_d_img_d18_x11520_y30080.png,0.3285,49.86,574.97,57.91,581.73
ch2_ohr_ncp_20250612T2031048828_d_img_d18_x11520_y30080.png,0.3264,411.81,402.48,422.1,412.02
ch2_ohr_ncp_20250612T2031048828_d_img_d18_x11520_y30080.png,0.3218,135.72,503.25,144.09,511.18
ch2_ohr_ncp_20250612T2031048828_d_img_d18_x11520_y30080.png,0.3053,200.09,340.98,207.52,347.98
ch2_ohr_ncp_20250612T2031048828_d_img_d18_x11520_y30080.png,0.2789,191.26,283.26,208.8,296.47
ch2_ohr_ncp_20250612T2031048828_d_img_d18_x11520_y30080.png,0.2711,9.3,146.64,16.47,153.27
ch2_ohr_ncp_20250612T2031048828_d_img_d18_x11520_y30080.png,0.2636,93.54,480.64,100.78,486.57
ch2_ohr_ncp_20250612T2031048828_d_img_d18_x11520_y30080.png,0.2553,221.88,68.76,228.36,75.59
ch2_ohr_ncp_20250612T2031048828_d_img_d18_x11520_y30080.png,0.2514,116.28,277.8,123.73,284.33
ch2_ohr_ncp_20250612T2031048828_d_img_d18_x11520_y30080.png,0.2474,209.88,110.53,219.92,119.13
ch2_ohr_ncp_20250612T2031048828_d_img_d18_x11520_y30080.png,0.2464,30.52,483.97,39.36,491.33
ch2_ohr_ncp_20250612T2031048828_d_img_d18_x11520_y30080.png,0.2443,31.25,398.5,37.42,404.81
ch2_ohr_ncp_20250612T2031048828_d_img_d18_x11520_y30080.png,0.2351,150.8,478.7,160.13,487.43
ch2_ohr_ncp_20250612T2031048828_d_img_d18_x11520_y30080.png,0.2306,291.55,77.1,306.28,85.77
ch2_ohr_ncp_20250612T2031048828_d_img_d18_x11520_y30080.png,0.2299,451.09,574.46,457.11,579.85
ch2_ohr_ncp_20250612T2031048828_d_img_d18_x11520_y30080.png,0.223,420.31,386.05,427.92,392.8
ch2_ohr_ncp_20250612T2031048828_d_img_d18_x11520_y30080.png,0.2211,277.1,335.73,284.06,341.92
ch2_ohr_ncp_20250612T2031048828_d_img_d18_x11520_y30080.png,0.2187,2.11,575.91,10.74,582.23
ch2_ohr_ncp_20250612T2031048828_d_img_d18_x11520_y30080.png,0.2131,32.69,327.76,40.91,336.27
ch2_ohr_ncp_20250612T2031048828_d_img_d18_x11520_y30080.png,0.2073,173.3,45.9,179.63,51.83
ch2_ohr_ncp_20250612T2031048828_d_img_d18_x11520_y30720.png,0.6269,21.64,510.57,34.36,522.58
ch2_ohr_ncp_20250612T2031048828_d_img_d18_x11520_y30720.png,0.5908,183.07,135.72,192.04,143.57
ch2_ohr_ncp_20250612T2031048828_d_img_d18_x11520_y30720.png,0.568,0.12,47.17,7.39,54.59
ch2_ohr_ncp_20250612T2031048828_d_img_d18_x11520_y30720.png,0.549,0.18,80.13,7.83,87.12
ch2_ohr_ncp_20250612T2031048828_d_img_d18_x11520_y30720.png,0.53,368.02,190.46,384.69,205.06
ch2_ohr_ncp_20250612T2031048828_d_img_d18_x11520_y30720.png,0.4969,289.68,192.33,299.06,199.38
ch2_ohr_ncp_20250612T2031048828_d_img_d18_x11520_y30720.png,0.4858,226.06,616.18,233.39,622.08
ch2_ohr_ncp_20250612T2031048828_d_img_d18_x11520_y30720.png,0.4361,256.67,423.88,267.28,432.05
ch2_ohr_ncp_20250612T2031048828_d_img_d18_x11520_y30720.png,0.4315,106.36,80.49,113.51,86.22
ch2_ohr_ncp_20250612T2031048828_d_img_d18_x11520_y30720.png,0.4112,217.91,535.7,225.66,542.87
ch2_ohr_ncp_20250612T2031048828_d_img_d18_x11520_y30720.png,0.3925,335.19,311.56,344.85,320.22
ch2_ohr_ncp_20250612T2031048828_d_img_d18_x11520_y30720.png,0.3807,55.42,581.29,63.88,589.31
ch2_ohr_ncp_20250612T2031048828_d_img_d18_x11520_y30720.png,0.3756,340.55,43.01,348.03,50.9
ch2_ohr_ncp_20250612T2031048828_d_img_d18_x11520_y30720.png,0.3723,51.09,221.72,60.75,230.35
ch2_ohr_ncp_20250612T2031048828_d_img_d18_x11520_y30720.png,0.3618,69.97,181.17,77.28,187.8
ch2_ohr_ncp_20250612T2031048828_d_img_d18_x11520_y30720.png,0.3317,94.04,244.94,100.21,250.72
ch2_ohr_ncp_20250612T2031048828_d_img_d18_x11520_y30720.png,0.3094,403.41,308.41,411.24,315.99
ch2_ohr_ncp_20250612T2031048828_d_img_d18_x11520_y30720.png,0.305,431.74,276.25,441.55,285.51
ch2_ohr_ncp_20250612T2031048828_d_img_d18_x11520_y30720.png,0.2774,248.84,110.1,258.67,117.12
ch2_ohr_ncp_20250612T2031048828_d_img_d18_x11520_y30720.png,0.2688,272.61,399.73,279.54,405.65
ch2_ohr_ncp_20250612T2031048828_d_img_d18_x11520_y30720.png,0.2563,195.76,29.04,209.62,40.26
ch2_ohr_ncp_20250612T2031048828_d_img_d18_x11520_y30720.png,0.2548,187.04,207.69,194.09,214.92
ch2_ohr_ncp_20250612T2031048828_d_img_d18_x11520_y30720.png,0.2527,246.59,436.54,253.44,443.11
ch2_ohr_ncp_20250612T2031048828_d_img_d18_x11520_y30720.png,0.2508,105.22,632.79,115.85,639.26
ch2_ohr_ncp_20250612T2031048828_d_img_d18_x11520_y30720.png,0.2322,439.28,622.24,465.03,639.22
ch2_ohr_ncp_20250612T2031048828_d_img_d18_x11520_y30720.png,0.2187,423.27,598.54,484.0,639.34
ch2_ohr_ncp_20250612T2031048828_d_img_d18_x11520_y30720.png,0.2138,456.94,329.86,464.38,336.2
ch2_ohr_ncp_20250612T2031048828_d_img_d18_x11520_y30720.png,0.2093,264.94,272.22,272.23,278.73
ch2_ohr_ncp_20250612T2031048828_d_img_d18_x11520_y30720.png,0.2036,88.89,433.18,97.57,439.65
ch2_ohr_ncp_20250612T2031048828_d_img_d18_x11520_y31360.png,0.5408,382.84,216.99,393.95,225.8
ch2_ohr_ncp_20250612T2031048828_d_img_d18_x11520_y31360.png,0.3852,361.41,400.0,370.52,408.3
ch2_ohr_ncp_20250612T2031048828_d_img_d18_x11520_y31360.png,0.3781,62.25,237.95,72.03,247.27
ch2_ohr_ncp_20250612T2031048828_d_img_d18_x11520_y31360.png,0.3345,197.19,257.43,206.37,266.02
ch2_ohr_ncp_20250612T2031048828_d_img_d18_x11520_y31360.png,0.2946,122.19,426.49,131.87,435.52
ch2_ohr_ncp_20250612T2031048828_d_img_d18_x11520_y31360.png,0.2681,47.18,447.97,60.6,459.55
ch2_ohr_ncp_20250612T2031048828_d_img_d18_x11520_y31360.png,0.264,95.06,462.25,102.52,468.8
ch2_ohr_ncp_20250612T2031048828_d_img_d18_x11520_y31360.png,0.2503,276.02,143.2,284.87,150.35
ch2_ohr_ncp_20250612T2031048828_d_img_d18_x11520_y31360.png,0.2394,17.29,372.87,27.83,383.27
ch2_ohr_ncp_20250612T2031048828_d_img_d18_x11520_y31360.png,0.2338,340.57,235.69,348.5,242.24
ch2_ohr_ncp_20250612T2031048828_d_img_d18_x11520_y31360.png,0.2025,341.79,568.15,347.82,572.96
ch2_ohr_ncp_20250612T2031048828_d_img_d18_x11520_y32000.png,0.3788,371.51,117.03,378.22,123.34
ch2_ohr_ncp_20250612T2031048828_d_img_d18_x11520_y32000.png,0.3597,21.03,581.33,34.76,592.54
ch2_ohr_ncp_20250612T2031048828_d_img_d18_x11520_y32000.png,0.3371,305.43,373.03,315.15,380.98
ch2_ohr_ncp_20250612T2031048828_d_img_d18_x11520_y32000.png,0.3255,179.24,627.65,190.8,635.85
ch2_ohr_ncp_20250612T2031048828_d_img_d18_x11520_y32000.png,0.3114,40.04,70.36,50.06,77.9
ch2_ohr_ncp_20250612T2031048828_d_img_d18_x11520_y32000.png,0.3053,355.9,519.84,375.29,534.43
ch2_ohr_ncp_20250612T2031048828_d_img_d18_x11520_y32000.png,0.2928,425.1,66.99,433.93,74.33
ch2_ohr_ncp_20250612T2031048828_d_img_d18_x11520_y32000.png,0.2764,83.93,424.81,97.61,435.59
ch2_ohr_ncp_20250612T2031048828_d_img_d18_x11520_y32000.png,0.2719,0.46,323.68,9.74,331.2
ch2_ohr_ncp_20250612T2031048828_d_img_d18_x11520_y32000.png,0.2686,101.87,277.66,110.7,284.49
ch2_ohr_ncp_20250612T2031048828_d_img_d18_x11520_y32000.png,0.2628,317.21,230.26,326.35,237.15
ch2_ohr_ncp_20250612T2031048828_d_img_d18_x11520_y32000.png,0.2509,15.32,394.57,23.2,402.49
ch2_ohr_ncp_20250612T2031048828_d_img_d18_x11520_y32000.png,0.2397,303.0,550.07,312.4,561.18
ch2_ohr_ncp_20250612T2031048828_d_img_d18_x11520_y32000.png,0.2133,413.0,73.16,420.84,79.73
ch2_ohr_ncp_20250612T2031048828_d_img_d18_x11520_y33280.png,0.6372,93.7,551.78,104.69,561.63
ch2_ohr_ncp_20250612T2031048828_d_img_d18_x11520_y33280.png,0.5494,0.17,471.68,7.48,478.46
ch2_ohr_ncp_20250612T2031048828_d_img_d18_x11520_y33280.png,0.5376,187.97,627.13,197.44,635.8
ch2_ohr_ncp_20250612T2031048828_d_img_d18_x11520_y33280.png,0.4895,47.0,592.71,55.29,599.78
ch2_ohr_ncp_20250612T2031048828_d_img_d18_x11520_y33280.png,0.4238,276.3,278.16,284.66,284.81
ch2_ohr_ncp_20250612T2031048828_d_img_d18_x11520_y33280.png,0.4051,26.15,414.02,33.7,420.21
ch2_ohr_ncp_20250612T2031048828_d_img_d18_x11520_y33280.png,0.3854,225.05,248.1,233.09,254.64
ch2_ohr_ncp_20250612T2031048828_d_img_d18_x11520_y33280.png,0.3803,44.62,0.49,55.5,6.03
ch2_ohr_ncp_20250612T2031048828_d_img_d18_x11520_y33280.png,0.3741,79.37,459.59,86.08,465.24
ch2_ohr_ncp_20250612T2031048828_d_img_d18_x11520_y33280.png,0.3515,228.92,349.4,236.78,356.08
ch2_ohr_ncp_20250612T2031048828_d_img_d18_x11520_y33280.png,0.3195,184.06,13.64,195.09,23.5
ch2_ohr_ncp_20250612T2031048828_d_img_d18_x11520_y33280.png,0.3043,240.22,400.14,261.18,417.52
ch2_ohr_ncp_20250612T2031048828_d_img_d18_x11520_y33280.png,0.2929,296.03,201.04,307.09,210.24
ch2_ohr_ncp_20250612T2031048828_d_img_d18_x11520_y33280.png,0.291,403.21,465.43,419.0,478.29
ch2_ohr_ncp_20250612T2031048828_d_img_d18_x11520_y33280.png,0.2892,457.49,454.34,464.77,460.17
ch2_ohr_ncp_20250612T2031048828_d_img_d18_x11520_y33280.png,0.2888,384.05,0.0,392.01,6.94
ch2_ohr_ncp_20250612T2031048828_d_img_d18_x11520_y33280.png,0.2779,416.75,426.95,424.66,433.99
ch2_ohr_ncp_20250612T2031048828_d_img_d18_x11520_y33280.png,0.2734,161.86,30.27,169.79,37.06
ch2_ohr_ncp_20250612T2031048828_d_img_d18_x11520_y33280.png,0.2559,167.6,409.64,173.47,414.27
ch2_ohr_ncp_20250612T2031048828_d_img_d18_x11520_y33280.png,0.2323,13.79,126.17,23.4,134.52
ch2_ohr_ncp_20250612T2031048828_d_img_d18_x11520_y33280.png,0.2285,56.39,199.69,63.4,206.76
ch2_ohr_ncp_20250612T2031048828_d_img_d18_x11520_y33280.png,0.2242,120.7,224.21,127.99,232.51
ch2_ohr_ncp_20250612T2031048828_d_img_d18_x11520_y33280.png,0.2186,324.94,552.9,333.31,559.46
ch2_ohr_ncp_20250612T2031048828_d_img_d18_x11520_y33280.png,0.2185,409.11,607.93,423.73,619.6
ch2_ohr_ncp_20250612T2031048828_d_img_d18_x11520_y33920.png,0.4337,424.28,560.68,432.7,567.41
ch2_ohr_ncp_20250612T2031048828_d_img_d18_x11520_y33920.png,0.3513,278.49,276.37,288.48,284.38
ch2_ohr_ncp_20250612T2031048828_d_img_d18_x11520_y33920.png,0.3383,407.51,243.66,414.98,250.09
ch2_ohr_ncp_20250612T2031048828_d_img_d18_x11520_y33920.png,0.2947,346.12,3.16,353.27,9.54
ch2_ohr_ncp_20250612T2031048828_d_img_d18_x11520_y33920.png,0.2878,90.2,373.09,100.25,381.02
ch2_ohr_ncp_20250612T2031048828_d_img_d18_x11520_y33920.png,0.2848,298.03,621.8,306.23,628.59
ch2_ohr_ncp_20250612T2031048828_d_img_d18_x11520_y33920.png,0.2551,1.31,257.23,8.08,263.57
ch2_ohr_ncp_20250612T2031048828_d_img_d18_x11520_y33920.png,0.2452,411.4,626.37,420.48,634.66
ch2_ohr_ncp_20250612T2031048828_d_img_d18_x11520_y33920.png,0.2324,37.85,273.63,46.16,280.22
ch2_ohr_ncp_20250612T2031048828_d_img_d18_x11520_y33920.png,0.2211,254.09,618.68,262.48,625.74
ch2_ohr_ncp_20250612T2031048828_d_img_d18_x11520_y33920.png,0.2209,323.36,25.21,331.16,31.2
ch2_ohr_ncp_20250612T2031048828_d_img_d18_x11520_y33920.png,0.2045,373.84,433.48,383.13,441.23
ch2_ohr_ncp_20250612T2031048828_d_img_d18_x11520_y34560.png,0.494,417.78,615.34,428.04,622.35
ch2_ohr_ncp_20250612T2031048828_d_img_d18_x11520_y34560.png,0.4844,110.6,571.69,119.97,580.19
ch2_ohr_ncp_20250612T2031048828_d_img_d18_x11520_y34560.png,0.4823,267.75,478.73,329.43,540.34
ch2_ohr_ncp_20250612T2031048828_d_img_d18_x11520_y34560.png,0.4571,40.57,356.25,49.49,364.92
ch2_ohr_ncp_20250612T2031048828_d_img_d18_x11520_y34560.png,0.4256,344.45,107.55,355.77,116.55
ch2_ohr_ncp_20250612T2031048828_d_img_d18_x11520_y34560.png,0.4049,11.94,207.2,20.89,214.68
ch2_ohr_ncp_20250612T2031048828_d_img_d18_x11520_y34560.png,0.4049,355.39,601.4,366.03,611.47
ch2_ohr_ncp_20250612T2031048828_d_img_d18_x11520_y34560.png,0.3581,19.87,391.68,27.33,397.49
ch2_ohr_ncp_20250612T2031048828_d_img_d18_x11520_y34560.png,0.3472,92.96,175.07,101.75,183.09
ch2_ohr_ncp_20250612T2031048828_d_img_d18_x11520_y34560.png,0.3426,416.1,185.86,425.36,194.15
ch2_ohr_ncp_20250612T2031048828_d_img_d18_x11520_y34560.png,0.3288,234.18,20.4,242.86,28.27
ch2_ohr_ncp_20250612T2031048828_d_img_d18_x11520_y34560.png,0.2931,23.72,371.09,29.82,376.49
ch2_ohr_ncp_20250612T2031048828_d_img_d18_x11520_y34560.png,0.2816,128.78,493.54,138.77,502.44
ch2_ohr_ncp_20250612T2031048828_d_img_d18_x11520_y34560.png,0.2798,84.19,282.68,91.48,288.66
ch2_ohr_ncp_20250612T2031048828_d_img_d18_x11520_y34560.png,0.2727,106.47,468.41,114.6,476.65
ch2_ohr_ncp_20250612T2031048828_d_img_d18_x11520_y34560.png,0.2226,204.62,153.29,213.15,160.71
ch2_ohr_ncp_20250612T2031048828_d_img_d18_x11520_y35200.png,0.5426,391.33,336.1,400.87,345.5
ch2_ohr_ncp_20250612T2031048828_d_img_d18_x11520_y35200.png,0.4973,386.86,23.6,395.4,31.08
ch2_ohr_ncp_20250612T2031048828_d_img_d18_x11520_y35200.png,0.3968,322.85,248.55,331.37,254.26
ch2_ohr_ncp_20250612T2031048828_d_img_d18_x11520_y35200.png,0.3549,289.78,10.98,297.88,18.47
ch2_ohr_ncp_20250612T2031048828_d_img_d18_x11520_y35200.png,0.3514,83.56,353.89,92.97,361.54
ch2_ohr_ncp_20250612T2031048828_d_img_d18_x11520_y35200.png,0.2932,271.6,89.4,278.43,96.46
ch2_ohr_ncp_20250612T2031048828_d_img_d18_x11520_y35200.png,0.2696,231.59,355.6,245.46,366.03
ch2_ohr_ncp_20250612T2031048828_d_img_d18_x11520_y35200.png,0.2508,184.69,629.08,191.48,634.31
ch2_ohr_ncp_20250612T2031048828_d_img_d18_x11520_y35200.png,0.2422,354.21,467.38,362.4,474.29
ch2_ohr_ncp_20250612T2031048828_d_img_d18_x11520_y35200.png,0.2137,75.2,484.73,82.82,491.8
ch2_ohr_ncp_20250612T2031048828_d_img_d18_x11520_y35200.png,0.2079,103.89,284.3,110.1,289.84
ch2_ohr_ncp_20250612T2031048828_d_img_d18_x11520_y35840.png,0.4162,31.88,215.6,38.85,221.59
ch2_ohr_ncp_20250612T2031048828_d_img_d18_x11520_y35840.png,0.3388,285.16,64.49,297.79,74.9
ch2_ohr_ncp_20250612T2031048828_d_img_d18_x11520_y35840.png,0.3366,214.72,51.24,221.33,57.65
ch2_ohr_ncp_20250612T2031048828_d_img_d18_x11520_y35840.png,0.3062,244.24,199.48,253.81,207.63
ch2_ohr_ncp_20250612T2031048828_d_img_d18_x11520_y35840.png,0.29,0.45,419.85,7.55,426.73
ch2_ohr_ncp_20250612T2031048828_d_img_d18_x11520_y35840.png,0.2238,407.28,296.87,418.84,307.02
ch2_ohr_ncp_20250612T2031048828_d_img_d18_x11520_y37120.png,0.5942,379.45,57.45,494.06,142.9
ch2_ohr_ncp_20250612T2031048828_d_img_d18_x11520_y37120.png,0.4388,392.3,66.48,491.44,154.42
ch2_ohr_ncp_20250612T2031048828_d_img_d18_x11520_y37120.png,0.3107,416.33,150.7,421.89,155.59
ch2_ohr_ncp_20250612T2031048828_d_img_d18_x11520_y37120.png,0.277,401.43,79.05,493.67,169.15
ch2_ohr_ncp_20250612T2031048828_d_img_d18_x11520_y37120.png,0.2756,380.17,63.6,478.32,132.3
ch2_ohr_ncp_20250612T2031048828_d_img_d18_x11520_y37120.png,0.2096,324.28,219.18,332.03,225.91
ch2_ohr_ncp_20250612T2031048828_d_img_d18_x11520_y37760.png,0.5082,269.06,309.51,276.52,315.52
ch2_ohr_ncp_20250612T2031048828_d_img_d18_x11520_y37760.png,0.4628,254.94,244.1,264.66,252.11
ch2_ohr_ncp_20250612T2031048828_d_img_d18_x11520_y37760.png,0.3913,288.77,239.43,299.11,248.08
ch2_ohr_ncp_20250612T2031048828_d_img_d18_x11520_y37760.png,0.3576,451.3,79.36,459.36,86.35
ch2_ohr_ncp_20250612T2031048828_d_img_d18_x11520_y37760.png,0.3109,0.13,45.58,12.4,60.28
ch2_ohr_ncp_20250612T2031048828_d_img_d18_x11520_y37760.png,0.2733,441.49,612.72,452.24,620.94
ch2_ohr_ncp_20250612T2031048828_d_img_d18_x11520_y37760.png,0.2596,6.51,383.57,15.17,389.63
ch2_ohr_ncp_20250612T2031048828_d_img_d18_x11520_y37760.png,0.2476,68.15,359.51,75.13,364.72
ch2_ohr_ncp_20250612T2031048828_d_img_d18_x11520_y37760.png,0.2474,95.98,517.68,104.49,525.08
ch2_ohr_ncp_20250612T2031048828_d_img_d18_x11520_y37760.png,0.2461,274.86,258.37,283.56,266.15
ch2_ohr_ncp_20250612T2031048828_d_img_d18_x11520_y37760.png,0.2442,312.23,107.57,318.94,113.8
ch2_ohr_ncp_20250612T2031048828_d_img_d18_x11520_y37760.png,0.2391,57.29,43.54,63.79,49.87
ch2_ohr_ncp_20250612T2031048828_d_img_d18_x11520_y37760.png,0.2272,0.12,51.42,10.8,66.13
ch2_ohr_ncp_20250612T2031048828_d_img_d18_x11520_y37760.png,0.2164,418.59,100.57,430.16,109.31
ch2_ohr_ncp_20250612T2031048828_d_img_d18_x11520_y37760.png,0.2076,363.3,282.71,371.01,288.94
ch2_ohr_ncp_20250612T2031048828_d_img_d18_x11520_y37760.png,0.2061,165.49,375.93,173.73,382.49
ch2_ohr_ncp_20250612T2031048828_d_img_d18_x11520_y38400.png,0.2259,429.49,524.64,436.62,531.03
ch2_ohr_ncp_20250612T2031048828_d_img_d18_x11520_y39040.png,0.4282,190.56,340.97,200.24,349.52
ch2_ohr_ncp_20250612T2031048828_d_img_d18_x11520_y39040.png,0.3605,324.97,432.88,334.72,440.26
ch2_ohr_ncp_20250612T2031048828_d_img_d18_x11520_y39040.png,0.2893,46.22,407.45,54.36,413.77
ch2_ohr_ncp_20250612T2031048828_d_img_d18_x11520_y39040.png,0.2748,226.11,472.68,233.89,478.67
ch2_ohr_ncp_20250612T2031048828_d_img_d18_x11520_y39040.png,0.2736,18.05,271.62,29.27,280.62
ch2_ohr_ncp_20250612T2031048828_d_img_d18_x11520_y39040.png,0.2716,365.86,423.34,373.7,429.59
ch2_ohr_ncp_20250612T2031048828_d_img_d18_x11520_y39040.png,0.2557,325.21,384.34,334.78,392.77
ch2_ohr_ncp_20250612T2031048828_d_img_d18_x11520_y40320.png,0.3117,61.84,84.95,72.94,93.76
ch2_ohr_ncp_20250612T2031048828_d_img_d18_x11520_y40320.png,0.3106,389.54,567.91,398.08,574.75
ch2_ohr_ncp_20250612T2031048828_d_img_d18_x11520_y40320.png,0.2985,200.83,624.73,208.83,633.34
ch2_ohr_ncp_20250612T2031048828_d_img_d18_x11520_y40320.png,0.2615,307.4,534.03,317.24,542.7
ch2_ohr_ncp_20250612T2031048828_d_img_d18_x11520_y40320.png,0.2477,156.98,605.95,168.26,613.07
ch2_ohr_ncp_20250612T2031048828_d_img_d18_x11520_y40320.png,0.2215,72.57,404.44,81.62,412.02
ch2_ohr_ncp_20250612T2031048828_d_img_d18_x11520_y40960.png,0.3051,0.38,135.05,7.89,141.25
ch2_ohr_ncp_20250612T2031048828_d_img_d18_x11520_y40960.png,0.2801,426.26,0.33,434.12,6.5
ch2_ohr_ncp_20250612T2031048828_d_img_d18_x11520_y41600.png,0.2927,110.84,192.09,120.06,198.26
ch2_ohr_ncp_20250612T2031048828_d_img_d18_x11520_y41600.png,0.2789,271.32,336.11,279.33,342.1
ch2_ohr_ncp_20250612T2031048828_d_img_d18_x11520_y41600.png,0.2251,31.87,404.14,43.09,413.81
ch2_ohr_ncp_20250612T2031048828_d_img_d18_x11520_y42240.png,0.4258,7.57,60.67,16.23,68.18
ch2_ohr_ncp_20250612T2031048828_d_img_d18_x11520_y42240.png,0.3405,422.79,347.21,493.92,445.63
ch2_ohr_ncp_20250612T2031048828_d_img_d18_x11520_y43520.png,0.307,309.96,377.18,320.98,385.94
ch2_ohr_ncp_20250612T2031048828_d_img_d18_x11520_y44160.png,0.2361,216.08,16.99,233.37,32.23
ch2_ohr_ncp_20250612T2031048828_d_img_d18_x11520_y44160.png,0.2276,137.21,143.97,144.27,150.79
ch2_ohr_ncp_20250612T2031048828_d_img_d18_x11520_y44160.png,0.2073,128.6,327.66,135.99,334.34
ch2_ohr_ncp_20250612T2031048828_d_img_d18_x11520_y45440.png,0.3884,390.26,334.26,402.24,342.31
ch2_ohr_ncp_20250612T2031048828_d_img_d18_x11520_y45440.png,0.3418,304.35,264.84,316.47,274.96
ch2_ohr_ncp_20250612T2031048828_d_img_d18_x11520_y45440.png,0.3276,350.79,542.84,367.82,553.64
ch2_ohr_ncp_20250612T2031048828_d_img_d18_x11520_y45440.png,0.3013,352.05,56.07,360.32,63.66
ch2_ohr_ncp_20250612T2031048828_d_img_d18_x11520_y45440.png,0.2888,396.69,343.46,404.81,349.14
ch2_ohr_ncp_20250612T2031048828_d_img_d18_x11520_y45440.png,0.2856,159.15,107.3,168.12,115.19
ch2_ohr_ncp_20250612T2031048828_d_img_d18_x11520_y45440.png,0.2741,362.81,510.83,370.69,516.87
ch2_ohr_ncp_20250612T2031048828_d_img_d18_x11520_y45440.png,0.2617,453.24,427.99,480.8,448.55
ch2_ohr_ncp_20250612T2031048828_d_img_d18_x11520_y45440.png,0.2558,444.44,552.02,453.05,559.38
ch2_ohr_ncp_20250612T2031048828_d_img_d18_x11520_y45440.png,0.239,264.52,102.29,273.73,110.55
ch2_ohr_ncp_20250612T2031048828_d_img_d18_x11520_y45440.png,0.2296,22.57,428.11,33.87,437.64
ch2_ohr_ncp_20250612T2031048828_d_img_d18_x11520_y45440.png,0.2242,365.11,385.15,372.66,391.09
ch2_ohr_ncp_20250612T2031048828_d_img_d18_x11520_y45440.png,0.2189,404.78,211.93,416.86,222.14
ch2_ohr_ncp_20250612T2031048828_d_img_d18_x11520_y45440.png,0.2125,392.0,537.06,399.41,543.27
ch2_ohr_ncp_20250612T2031048828_d_img_d18_x11520_y45440.png,0.2088,327.25,428.25,334.09,434.39
ch2_ohr_ncp_20250612T2031048828_d_img_d18_x11520_y45440.png,0.2048,227.24,134.34,237.08,143.04
ch2_ohr_ncp_20250612T2031048828_d_img_d18_x11520_y46080.png,0.2915,150.76,0.11,164.4,8.19
ch2_ohr_ncp_20250612T2031048828_d_img_d18_x11520_y46080.png,0.2869,235.97,608.17,246.89,617.89
ch2_ohr_ncp_20250612T2031048828_d_img_d18_x11520_y46720.png,0.2217,350.22,395.4,357.47,402.48
ch2_ohr_ncp_20250612T2031048828_d_img_d18_x11520_y48000.png,0.26,366.02,566.59,374.03,572.7
ch2_ohr_ncp_20250612T2031048828_d_img_d18_x11520_y48640.png,0.4329,360.63,409.15,369.28,416.76
ch2_ohr_ncp_20250612T2031048828_d_img_d18_x11520_y48640.png,0.422,4.78,162.46,19.55,175.71
ch2_ohr_ncp_20250612T2031048828_d_img_d18_x11520_y48640.png,0.3961,376.86,515.85,386.51,523.97
ch2_ohr_ncp_20250612T2031048828_d_img_d18_x11520_y48640.png,0.338,414.5,21.41,424.04,30.1
ch2_ohr_ncp_20250612T2031048828_d_img_d18_x11520_y48640.png,0.3367,294.7,548.69,301.49,555.37
ch2_ohr_ncp_20250612T2031048828_d_img_d18_x11520_y48640.png,0.2949,415.34,404.86,425.38,412.7
ch2_ohr_ncp_20250612T2031048828_d_img_d18_x11520_y48640.png,0.2756,371.78,433.7,380.73,443.08
ch2_ohr_ncp_20250612T2031048828_d_img_d18_x11520_y48640.png,0.2666,378.72,173.95,414.93,206.88
ch2_ohr_ncp_20250612T2031048828_d_img_d18_x11520_y48640.png,0.2618,108.79,465.89,119.52,473.85
ch2_ohr_ncp_20250612T2031048828_d_img_d18_x11520_y48640.png,0.248,0.0,65.04,6.57,77.89
ch2_ohr_ncp_20250612T2031048828_d_img_d18_x11520_y48640.png,0.2463,333.37,445.02,340.31,451.2
ch2_ohr_ncp_20250612T2031048828_d_img_d18_x11520_y48640.png,0.241,383.42,177.03,503.36,298.22
ch2_ohr_ncp_20250612T2031048828_d_img_d18_x11520_y48640.png,0.2265,392.71,83.08,399.78,89.35
ch2_ohr_ncp_20250612T2031048828_d_img_d18_x11520_y48640.png,0.2123,181.51,86.97,190.41,95.06
ch2_ohr_ncp_20250612T2031048828_d_img_d18_x11520_y48640.png,0.2047,387.5,209.56,497.12,309.55
ch2_ohr_ncp_20250612T2031048828_d_img_d18_x11520_y49280.png,0.3531,287.05,468.73,295.61,476.7
ch2_ohr_ncp_20250612T2031048828_d_img_d18_x11520_y49280.png,0.3337,65.69,256.89,74.16,262.87
ch2_ohr_ncp_20250612T2031048828_d_img_d18_x11520_y49280.png,0.2985,412.84,459.99,435.83,478.62
ch2_ohr_ncp_20250612T2031048828_d_img_d18_x11520_y49280.png,0.2759,0.0,501.77,11.4,516.66
ch2_ohr_ncp_20250612T2031048828_d_img_d18_x11520_y49280.png,0.2733,238.15,178.66,247.95,187.48
ch2_ohr_ncp_20250612T2031048828_d_img_d18_x11520_y49280.png,0.241,166.26,623.25,175.33,630.09
ch2_ohr_ncp_20250612T2031048828_d_img_d18_x11520_y49280.png,0.2178,239.67,597.29,247.0,604.76
ch2_ohr_ncp_20250612T2031048828_d_img_d18_x11520_y49920.png,0.4136,293.52,60.93,301.76,68.8
ch2_ohr_ncp_20250612T2031048828_d_img_d18_x11520_y49920.png,0.2107,249.01,92.34,256.81,99.27
ch2_ohr_ncp_20250612T2031048828_d_img_d18_x11520_y49920.png,0.2037,296.83,48.05,316.66,64.93
ch2_ohr_ncp_20250612T2031048828_d_img_d18_x11520_y50560.png,0.3895,150.23,296.45,158.23,304.47
ch2_ohr_ncp_20250612T2031048828_d_img_d18_x11520_y50560.png,0.2586,21.05,15.95,28.2,22.11
ch2_ohr_ncp_20250612T2031048828_d_img_d18_x11520_y50560.png,0.2157,164.25,27.16,174.56,35.6
ch2_ohr_ncp_20250612T2031048828_d_img_d18_x11520_y50560.png,0.2066,436.62,162.02,445.59,170.32
ch2_ohr_ncp_20250612T2031048828_d_img_d18_x11520_y51200.png,0.2161,0.31,134.95,7.39,143.57
ch2_ohr_ncp_20250612T2031048828_d_img_d18_x11520_y52480.png,0.393,269.31,190.12,278.77,201.25
ch2_ohr_ncp_20250612T2031048828_d_img_d18_x11520_y52480.png,0.3632,316.06,55.56,324.07,61.99
ch2_ohr_ncp_20250612T2031048828_d_img_d18_x11520_y52480.png,0.2487,398.42,295.62,409.42,305.12
ch2_ohr_ncp_20250612T2031048828_d_img_d18_x11520_y52480.png,0.203,411.46,111.03,420.95,118.91
ch2_ohr_ncp_20250612T2031048828_d_img_d18_x11520_y53760.png,0.4732,341.65,260.64,353.25,269.47
ch2_ohr_ncp_20250612T2031048828_d_img_d18_x11520_y53760.png,0.3066,8.74,12.25,16.96,18.74
ch2_ohr_ncp_20250612T2031048828_d_img_d18_x11520_y53760.png,0.2575,96.61,296.67,104.33,303.34
ch2_ohr_ncp_20250612T2031048828_d_img_d18_x11520_y53760.png,0.2182,136.17,309.14,146.85,316.58
ch2_ohr_ncp_20250612T2031048828_d_img_d18_x11520_y53760.png,0.2168,341.83,485.71,357.01,496.66
ch2_ohr_ncp_20250612T2031048828_d_img_d18_x11520_y55040.png,0.3004,172.2,91.72,226.05,137.29
ch2_ohr_ncp_20250612T2031048828_d_img_d18_x11520_y55040.png,0.2933,118.07,11.94,129.96,21.35
ch2_ohr_ncp_20250612T2031048828_d_img_d18_x11520_y55040.png,0.2921,302.84,600.34,383.25,640.0
ch2_ohr_ncp_20250612T2031048828_d_img_d18_x11520_y55040.png,0.2679,326.53,58.97,334.24,65.21
ch2_ohr_ncp_20250612T2031048828_d_img_d18_x11520_y55040.png,0.2374,165.78,20.1,176.36,29.0
ch2_ohr_ncp_20250612T2031048828_d_img_d18_x11520_y56320.png,0.3506,310.58,233.24,388.68,301.2
ch2_ohr_ncp_20250612T2031048828_d_img_d18_x11520_y56320.png,0.3124,173.38,439.31,183.84,448.42
ch2_ohr_ncp_20250612T2031048828_d_img_d18_x11520_y56320.png,0.2608,0.0,282.38,8.65,292.08
ch2_ohr_ncp_20250612T2031048828_d_img_d18_x11520_y56320.png,0.2603,23.81,319.72,31.96,325.86
ch2_ohr_ncp_20250612T2031048828_d_img_d18_x11520_y56320.png,0.233,311.34,146.23,320.88,154.56
ch2_ohr_ncp_20250612T2031048828_d_img_d18_x11520_y56320.png,0.223,372.92,36.51,381.75,45.91
ch2_ohr_ncp_20250612T2031048828_d_img_d18_x11520_y56960.png,0.3463,317.18,628.86,325.45,636.24
ch2_ohr_ncp_20250612T2031048828_d_img_d18_x11520_y56960.png,0.3024,215.01,287.32,223.14,293.81
ch2_ohr_ncp_20250612T2031048828_d_img_d18_x11520_y56960.png,0.269,34.42,187.35,42.04,194.86
ch2_ohr_ncp_20250612T2031048828_d_img_d18_x11520_y56960.png,0.2648,213.93,6.76,225.47,15.42
ch2_ohr_ncp_20250612T2031048828_d_img_d18_x11520_y56960.png,0.2443,310.13,361.96,319.34,373.95
ch2_ohr_ncp_20250612T2031048828_d_img_d18_x11520_y56960.png,0.2098,124.45,615.56,139.72,626.98
ch2_ohr_ncp_20250612T2031048828_d_img_d18_x11520_y56960.png,0.2058,350.22,311.69,360.15,321.01
ch2_ohr_ncp_20250612T2031048828_d_img_d18_x11520_y56960.png,0.203,33.54,196.15,40.97,203.42
ch2_ohr_ncp_20250612T2031048828_d_img_d18_x11520_y57600.png,0.2668,403.27,308.53,411.18,314.29
ch2_ohr_ncp_20250612T2031048828_d_img_d18_x11520_y58240.png,0.2917,374.42,244.86,384.91,252.07
ch2_ohr_ncp_20250612T2031048828_d_img_d18_x11520_y58880.png,0.5776,306.81,47.37,338.9,72.56
ch2_ohr_ncp_20250612T2031048828_d_img_d18_x11520_y58880.png,0.4133,38.43,19.97,46.73,27.79
ch2_ohr_ncp_20250612T2031048828_d_img_d18_x11520_y58880.png,0.3084,219.22,174.95,232.02,184.4
ch2_ohr_ncp_20250612T2031048828_d_img_d18_x11520_y58880.png,0.3046,0.37,7.95,7.63,14.33
ch2_ohr_ncp_20250612T2031048828_d_img_d18_x11520_y58880.png,0.2983,0.08,358.65,6.55,366.68
ch2_ohr_ncp_20250612T2031048828_d_img_d18_x11520_y58880.png,0.2192,77.81,341.55,85.11,347.46
ch2_ohr_ncp_20250612T2031048828_d_img_d18_x11520_y59520.png,0.3377,101.69,566.28,107.82,571.65
ch2_ohr_ncp_20250612T2031048828_d_img_d18_x11520_y59520.png,0.3244,72.3,552.32,80.42,558.9
ch2_ohr_ncp_20250612T2031048828_d_img_d18_x11520_y59520.png,0.3221,252.96,475.48,261.4,482.8
ch2_ohr_ncp_20250612T2031048828_d_img_d18_x11520_y59520.png,0.2064,71.16,135.07,80.89,143.15
ch2_ohr_ncp_20250612T2031048828_d_img_d18_x11520_y60160.png,0.224,416.76,596.98,486.73,640.0
ch2_ohr_ncp_20250612T2031048828_d_img_d18_x11520_y60800.png,0.5545,366.06,52.5,375.88,61.33
ch2_ohr_ncp_20250612T2031048828_d_img_d18_x11520_y60800.png,0.3862,0.07,439.64,8.49,446.28
ch2_ohr_ncp_20250612T2031048828_d_img_d18_x11520_y60800.png,0.3267,24.18,9.07,34.04,16.57
ch2_ohr_ncp_20250612T2031048828_d_img_d18_x11520_y60800.png,0.2637,351.06,528.98,360.25,536.79
ch2_ohr_ncp_20250612T2031048828_d_img_d18_x11520_y60800.png,0.2346,191.79,346.86,200.67,354.55
ch2_ohr_ncp_20250612T2031048828_d_img_d18_x11520_y60800.png,0.2259,0.43,451.99,7.54,458.94
ch2_ohr_ncp_20250612T2031048828_d_img_d18_x11520_y60800.png,0.2014,355.7,420.12,403.95,463.19
ch2_ohr_ncp_20250612T2031048828_d_img_d18_x11520_y60800.png,0.2,80.82,467.53,92.89,476.89
ch2_ohr_ncp_20250612T2031048828_d_img_d18_x11520_y61440.png,0.2694,367.84,0.58,375.43,6.81
ch2_ohr_ncp_20250612T2031048828_d_img_d18_x11520_y61440.png,0.2493,249.42,0.0,264.42,6.3
ch2_ohr_ncp_20250612T2031048828_d_img_d18_x11520_y62080.png,0.4156,335.06,67.87,343.45,75.29
ch2_ohr_ncp_20250612T2031048828_d_img_d18_x11520_y62080.png,0.3849,22.29,27.55,32.19,36.13
ch2_ohr_ncp_20250612T2031048828_d_img_d18_x11520_y62080.png,0.3543,413.44,70.61,422.64,79.97
ch2_ohr_ncp_20250612T2031048828_d_img_d18_x11520_y62080.png,0.2424,249.42,601.02,256.37,606.99
ch2_ohr_ncp_20250612T2031048828_d_img_d18_x11520_y62080.png,0.2311,336.53,553.76,342.87,559.06
ch2_ohr_ncp_20250612T2031048828_d_img_d18_x11520_y62080.png,0.2303,300.32,496.33,375.46,547.8
ch2_ohr_ncp_20250612T2031048828_d_img_d18_x11520_y62080.png,0.2172,277.7,292.34,284.78,299.18
ch2_ohr_ncp_20250612T2031048828_d_img_d18_x11520_y62720.png,0.5717,393.92,228.71,490.22,313.49
ch2_ohr_ncp_20250612T2031048828_d_img_d18_x11520_y62720.png,0.4679,61.01,96.68,70.84,104.08
ch2_ohr_ncp_20250612T2031048828_d_img_d18_x11520_y62720.png,0.4187,0.1,487.07,6.8,493.0
ch2_ohr_ncp_20250612T2031048828_d_img_d18_x11520_y62720.png,0.3485,387.97,232.97,498.22,335.83
ch2_ohr_ncp_20250612T2031048828_d_img_d18_x11520_y62720.png,0.2343,168.24,20.02,180.52,31.7
ch2_ohr_ncp_20250612T2031048828_d_img_d18_x11520_y62720.png,0.2165,119.67,508.4,126.05,514.45
ch2_ohr_ncp_20250612T2031048828_d_img_d18_x11520_y62720.png,0.2115,0.1,99.94,6.29,112.32
ch2_ohr_ncp_20250612T2031048828_d_img_d18_x11520_y62720.png,0.2022,102.12,540.42,108.49,546.11
ch2_ohr_ncp_20250612T2031048828_d_img_d18_x11520_y63360.png,0.3207,103.15,25.87,112.27,32.83
ch2_ohr_ncp_20250612T2031048828_d_img_d18_x11520_y63360.png,0.2686,75.43,589.79,86.35,597.84
ch2_ohr_ncp_20250612T2031048828_d_img_d18_x11520_y63360.png,0.2603,415.3,588.78,424.81,596.33
ch2_ohr_ncp_20250612T2031048828_d_img_d18_x11520_y64000.png,0.3936,215.73,491.46,224.76,499.38
ch2_ohr_ncp_20250612T2031048828_d_img_d18_x11520_y64000.png,0.3174,168.35,2.87,177.57,11.67
ch2_ohr_ncp_20250612T2031048828_d_img_d18_x11520_y64000.png,0.2198,94.24,27.45,101.14,34.51
ch2_ohr_ncp_20250612T2031048828_d_img_d18_x11520_y64640.png,0.376,405.82,167.7,414.1,175.47
ch2_ohr_ncp_20250612T2031048828_d_img_d18_x11520_y64640.png,0.3638,395.85,411.39,405.62,419.38
ch2_ohr_ncp_20250612T2031048828_d_img_d18_x11520_y64640.png,0.2761,104.86,504.79,112.45,510.78
ch2_ohr_ncp_20250612T2031048828_d_img_d18_x11520_y64640.png,0.2742,367.04,412.78,380.05,422.1
ch2_ohr_ncp_20250612T2031048828_d_img_d18_x11520_y64640.png,0.2618,350.05,441.77,363.51,454.25
ch2_ohr_ncp_20250612T2031048828_d_img_d18_x11520_y64640.png,0.2363,0.6,536.95,9.26,544.09
ch2_ohr_ncp_20250612T2031048828_d_img_d18_x11520_y64640.png,0.2255,5.79,604.66,30.02,624.19
ch2_ohr_ncp_20250612T2031048828_d_img_d18_x11520_y64640.png,0.2239,197.12,619.67,204.46,626.5
ch2_ohr_ncp_20250612T2031048828_d_img_d18_x11520_y65920.png,0.2283,341.39,532.14,351.68,540.5
ch2_ohr_ncp_20250612T2031048828_d_img_d18_x11520_y65920.png,0.2004,279.78,608.32,287.88,613.91
ch2_ohr_ncp_20250612T2031048828_d_img_d18_x11520_y67200.png,0.5696,388.2,94.19,408.82,105.11
ch2_ohr_ncp_20250612T2031048828_d_img_d18_x11520_y67200.png,0.4631,389.47,176.7,399.23,183.58
ch2_ohr_ncp_20250612T2031048828_d_img_d18_x11520_y67200.png,0.3669,152.81,0.16,160.14,6.64
ch2_ohr_ncp_20250612T2031048828_d_img_d18_x11520_y67200.png,0.3021,368.57,213.37,378.6,221.53
ch2_ohr_ncp_20250612T2031048828_d_img_d18_x11520_y67200.png,0.284,47.36,111.59,53.18,117.38
ch2_ohr_ncp_20250612T2031048828_d_img_d18_x11520_y67200.png,0.2818,182.12,133.67,190.12,140.41
ch2_ohr_ncp_20250612T2031048828_d_img_d18_x11520_y67200.png,0.2652,387.32,107.75,394.24,113.0
ch2_ohr_ncp_20250612T2031048828_d_img_d18_x11520_y67200.png,0.2353,223.22,0.06,231.43,5.46
ch2_ohr_ncp_20250612T2031048828_d_img_d18_x11520_y67200.png,0.214,59.65,5.16,68.59,12.46
ch2_ohr_ncp_20250612T2031048828_d_img_d18_x11520_y67200.png,0.2136,120.36,394.09,129.39,401.38
ch2_ohr_ncp_20250612T2031048828_d_img_d18_x11520_y68480.png,0.294,112.21,572.56,123.0,580.64
ch2_ohr_ncp_20250612T2031048828_d_img_d18_x11520_y70400.png,0.3539,303.92,244.5,313.73,252.6
ch2_ohr_ncp_20250612T2031048828_d_img_d18_x11520_y70400.png,0.2891,176.45,354.2,186.44,362.83
ch2_ohr_ncp_20250612T2031048828_d_img_d18_x11520_y70400.png,0.2528,353.05,279.45,363.77,288.37
ch2_ohr_ncp_20250612T2031048828_d_img_d18_x11520_y72960.png,0.2027,41.99,76.7,48.96,82.91
ch2_ohr_ncp_20250612T2031048828_d_img_d18_x11520_y73600.png,0.366,338.65,463.4,347.64,471.75
ch2_ohr_ncp_20250612T2031048828_d_img_d18_x11520_y73600.png,0.3024,0.09,208.77,6.9,217.22
ch2_ohr_ncp_20250612T2031048828_d_img_d18_x11520_y73600.png,0.3011,462.5,142.47,482.13,159.17
ch2_ohr_ncp_20250612T2031048828_d_img_d18_x11520_y73600.png,0.2903,15.85,248.56,24.96,256.39
ch2_ohr_ncp_20250612T2031048828_d_img_d18_x11520_y75520.png,0.3014,289.05,55.98,295.96,61.46
ch2_ohr_ncp_20250612T2031048828_d_img_d18_x11520_y75520.png,0.2398,339.31,74.04,346.73,80.55
ch2_ohr_ncp_20250612T2031048828_d_img_d18_x11520_y75520.png,0.2396,0.1,102.07,7.21,110.22
ch2_ohr_ncp_20250612T2031048828_d_img_d18_x11520_y76160.png,0.3795,4.0,391.0,17.07,400.69
ch2_ohr_ncp_20250612T2031048828_d_img_d18_x11520_y76160.png,0.3706,109.65,425.9,191.3,498.83
ch2_ohr_ncp_20250612T2031048828_d_img_d18_x11520_y76160.png,0.3222,32.71,108.04,39.68,114.53
ch2_ohr_ncp_20250612T2031048828_d_img_d18_x11520_y76160.png,0.2962,296.77,377.72,303.66,383.0
ch2_ohr_ncp_20250612T2031048828_d_img_d18_x11520_y76160.png,0.277,400.92,559.0,408.46,565.34
ch2_ohr_ncp_20250612T2031048828_d_img_d18_x11520_y76160.png,0.2438,341.45,622.14,348.54,627.74
ch2_ohr_ncp_20250612T2031048828_d_img_d18_x11520_y76160.png,0.2299,15.86,242.4,24.09,250.36
ch2_ohr_ncp_20250612T2031048828_d_img_d18_x11520_y76160.png,0.2169,351.2,185.02,360.12,192.27
ch2_ohr_ncp_20250612T2031048828_d_img_d18_x11520_y76160.png,0.2049,0.11,486.3,5.41,495.62
ch2_ohr_ncp_20250612T2031048828_d_img_d18_x11520_y76800.png,0.2004,254.84,631.34,260.85,636.88
ch2_ohr_ncp_20250612T2031048828_d_img_d18_x11520_y77440.png,0.4539,118.62,567.96,127.7,576.0
ch2_ohr_ncp_20250612T2031048828_d_img_d18_x11520_y77440.png,0.4166,190.13,589.35,203.32,600.04
ch2_ohr_ncp_20250612T2031048828_d_img_d18_x11520_y77440.png,0.3989,351.54,619.62,364.76,630.12
ch2_ohr_ncp_20250612T2031048828_d_img_d18_x11520_y77440.png,0.3622,334.53,604.85,340.77,610.79
ch2_ohr_ncp_20250612T2031048828_d_img_d18_x11520_y77440.png,0.3298,270.23,615.68,277.96,622.29
ch2_ohr_ncp_20250612T2031048828_d_img_d18_x11520_y77440.png,0.284,0.0,113.37,10.13,126.08
ch2_ohr_ncp_20250612T2031048828_d_img_d18_x11520_y77440.png,0.2577,92.29,216.19,99.67,221.94
ch2_ohr_ncp_20250612T2031048828_d_img_d18_x11520_y77440.png,0.2435,123.87,503.14,132.56,510.78
ch2_ohr_ncp_20250612T2031048828_d_img_d18_x11520_y77440.png,0.2258,394.94,445.13,415.27,461.48
ch2_ohr_ncp_20250612T2031048828_d_img_d18_x11520_y77440.png,0.2187,255.1,31.3,262.79,38.59
ch2_ohr_ncp_20250612T2031048828_d_img_d18_x11520_y78080.png,0.2273,316.41,372.92,324.66,379.9
ch2_ohr_ncp_20250612T2031048828_d_img_d18_x11520_y78080.png,0.2132,399.76,76.61,408.52,83.53
ch2_ohr_ncp_20250612T2229094979_d_img_d18_x11520_y00000.png,0.5914,372.53,254.75,397.02,289.58
ch2_ohr_ncp_20250612T2229094979_d_img_d18_x11520_y00000.png,0.261,437.11,528.52,442.48,533.57
ch2_ohr_ncp_20250612T2229094979_d_img_d18_x11520_y00000.png,0.2384,81.77,192.34,90.15,200.0
ch2_ohr_ncp_20250612T2229094979_d_img_d18_x11520_y00000.png,0.2176,98.0,603.04,106.06,608.67
ch2_ohr_ncp_20250612T2229094979_d_img_d18_x11520_y01280.png,0.2514,363.43,409.5,378.06,423.31
ch2_ohr_ncp_20250612T2229094979_d_img_d18_x11520_y01280.png,0.2317,240.08,144.12,247.16,149.99
ch2_ohr_ncp_20250612T2229094979_d_img_d18_x11520_y03200.png,0.2868,396.84,183.05,496.24,291.82
ch2_ohr_ncp_20250612T2229094979_d_img_d18_x11520_y04480.png,0.3668,165.21,10.57,174.14,19.51
ch2_ohr_ncp_20250612T2229094979_d_img_d18_x11520_y04480.png,0.3071,404.13,350.75,488.86,434.38
ch2_ohr_ncp_20250612T2229094979_d_img_d18_x11520_y04480.png,0.2818,395.19,331.69,498.43,439.62
ch2_ohr_ncp_20250612T2229094979_d_img_d18_x11520_y05760.png,0.2716,357.86,588.64,364.26,594.83
ch2_ohr_ncp_20250612T2229094979_d_img_d18_x11520_y06400.png,0.2109,346.84,249.21,355.23,255.99
ch2_ohr_ncp_20250612T2229094979_d_img_d18_x11520_y09600.png,0.2288,66.77,82.9,77.67,91.16
ch2_ohr_ncp_20250612T2229094979_d_img_d18_x11520_y13440.png,0.4578,375.22,58.36,382.83,65.31
ch2_ohr_ncp_20250612T2229094979_d_img_d18_x11520_y13440.png,0.3526,453.57,260.03,465.8,272.52
ch2_ohr_ncp_20250612T2229094979_d_img_d18_x11520_y13440.png,0.3091,133.12,617.98,145.58,628.57
ch2_ohr_ncp_20250612T2229094979_d_img_d18_x11520_y13440.png,0.2696,385.94,231.43,395.6,239.42
ch2_ohr_ncp_20250612T2229094979_d_img_d18_x11520_y13440.png,0.2584,234.73,502.76,239.39,507.55
ch2_ohr_ncp_20250612T2229094979_d_img_d18_x11520_y13440.png,0.2289,102.13,365.67,107.83,371.14
ch2_ohr_ncp_20250612T2229094979_d_img_d18_x11520_y13440.png,0.2206,331.42,574.44,339.43,580.81
ch2_ohr_ncp_20250612T2229094979_d_img_d18_x11520_y13440.png,0.2052,0.99,384.59,7.15,389.69
ch2_ohr_ncp_20250612T2229094979_d_img_d18_x11520_y14080.png,0.3243,185.46,625.3,192.58,631.99
ch2_ohr_ncp_20250612T2229094979_d_img_d18_x11520_y14080.png,0.3105,151.45,183.3,160.43,190.69
ch2_ohr_ncp_20250612T2229094979_d_img_d18_x11520_y16000.png,0.4953,28.35,175.64,36.94,183.24
ch2_ohr_ncp_20250612T2229094979_d_img_d18_x11520_y16000.png,0.4886,113.69,22.37,121.38,28.99
ch2_ohr_ncp_20250612T2229094979_d_img_d18_x11520_y16000.png,0.4256,359.99,1.05,367.04,6.91
ch2_ohr_ncp_20250612T2229094979_d_img_d18_x11520_y16000.png,0.3993,40.4,215.86,48.76,223.79
ch2_ohr_ncp_20250612T2229094979_d_img_d18_x11520_y16000.png,0.3753,294.78,286.84,304.66,296.15
ch2_ohr_ncp_20250612T2229094979_d_img_d18_x11520_y16000.png,0.3586,411.28,53.23,426.66,66.22
ch2_ohr_ncp_20250612T2229094979_d_img_d18_x11520_y16000.png,0.3489,453.4,569.84,461.29,576.88
ch2_ohr_ncp_20250612T2229094979_d_img_d18_x11520_y16000.png,0.3444,389.93,266.8,399.8,274.22
ch2_ohr_ncp_20250612T2229094979_d_img_d18_x11520_y16000.png,0.3416,55.46,218.27,67.13,226.92
ch2_ohr_ncp_20250612T2229094979_d_img_d18_x11520_y16000.png,0.33,406.97,134.57,412.65,139.49
ch2_ohr_ncp_20250612T2229094979_d_img_d18_x11520_y16000.png,0.317,326.73,126.2,333.03,131.43
ch2_ohr_ncp_20250612T2229094979_d_img_d18_x11520_y16000.png,0.2997,86.58,541.57,92.27,547.14
ch2_ohr_ncp_20250612T2229094979_d_img_d18_x11520_y16000.png,0.2987,285.62,166.24,292.02,171.23
ch2_ohr_ncp_20250612T2229094979_d_img_d18_x11520_y16000.png,0.2942,118.06,136.83,126.11,144.05
ch2_ohr_ncp_20250612T2229094979_d_img_d18_x11520_y16000.png,0.2675,4.0,487.89,15.31,497.42
ch2_ohr_ncp_20250612T2229094979_d_img_d18_x11520_y16000.png,0.2608,340.64,90.86,350.54,98.72
ch2_ohr_ncp_20250612T2229094979_d_img_d18_x11520_y16000.png,0.2328,94.01,448.43,101.39,454.96
ch2_ohr_ncp_20250612T2229094979_d_img_d18_x11520_y16000.png,0.2289,95.42,376.37,100.55,380.83
ch2_ohr_ncp_20250612T2229094979_d_img_d18_x11520_y16000.png,0.2239,372.23,582.69,380.01,589.47
ch2_ohr_ncp_20250612T2229094979_d_img_d18_x11520_y16000.png,0.2234,406.27,565.5,423.3,580.62
ch2_ohr_ncp_20250612T2229094979_d_img_d18_x11520_y16000.png,0.2208,297.54,40.95,303.82,45.83
ch2_ohr_ncp_20250612T2229094979_d_img_d18_x11520_y16000.png,0.2183,103.48,0.0,123.53,13.78
ch2_ohr_ncp_20250612T2229094979_d_img_d18_x11520_y16000.png,0.2143,339.84,193.75,348.37,201.39
ch2_ohr_ncp_20250612T2229094979_d_img_d18_x11520_y16000.png,0.2084,407.62,133.49,413.9,139.12
ch2_ohr_ncp_20250612T2229094979_d_img_d18_x11520_y16640.png,0.4451,442.95,439.32,458.8,452.81
ch2_ohr_ncp_20250612T2229094979_d_img_d18_x11520_y16640.png,0.363,347.4,617.28,363.16,627.65
ch2_ohr_ncp_20250612T2229094979_d_img_d18_x11520_y16640.png,0.2345,352.48,90.57,362.62,99.65
ch2_ohr_ncp_20250612T2229094979_d_img_d18_x11520_y16640.png,0.2174,157.27,532.9,164.84,539.47
ch2_ohr_ncp_20250612T2229094979_d_img_d18_x11520_y17280.png,0.286,343.5,63.22,352.1,70.66
ch2_ohr_ncp_20250612T2229094979_d_img_d18_x11520_y17280.png,0.2108,132.7,429.35,140.74,436.78
ch2_ohr_ncp_20250612T2229094979_d_img_d18_x11520_y18560.png,0.2733,428.29,35.23,439.86,44.21
ch2_ohr_ncp_20250612T2229094979_d_img_d18_x11520_y18560.png,0.2217,336.47,351.2,345.54,358.95
ch2_ohr_ncp_20250612T2229094979_d_img_d18_x11520_y19200.png,0.4412,367.22,495.65,376.45,503.52
ch2_ohr_ncp_20250612T2229094979_d_img_d18_x11520_y19200.png,0.2655,163.94,574.78,204.85,605.03
ch2_ohr_ncp_20250612T2229094979_d_img_d18_x11520_y19200.png,0.2238,390.52,378.56,398.74,385.88
ch2_ohr_ncp_20250612T2229094979_d_img_d18_x11520_y21120.png,0.2568,288.19,548.14,295.79,554.62
ch2_ohr_ncp_20250612T2229094979_d_img_d18_x11520_y21760.png,0.3985,453.47,18.09,462.02,26.53
ch2_ohr_ncp_20250612T2229094979_d_img_d18_x11520_y21760.png,0.3437,334.73,92.98,344.43,100.54
ch2_ohr_ncp_20250612T2229094979_d_img_d18_x11520_y21760.png,0.2584,33.33,125.47,41.28,131.65
ch2_ohr_ncp_20250612T2229094979_d_img_d18_x11520_y21760.png,0.2314,369.56,274.14,377.62,279.32
ch2_ohr_ncp_20250612T2229094979_d_img_d18_x11520_y21760.png,0.2125,283.99,23.24,292.49,30.51
ch2_ohr_ncp_20250612T2229094979_d_img_d18_x11520_y22400.png,0.5507,39.22,102.49,51.35,111.44
ch2_ohr_ncp_20250612T2229094979_d_img_d18_x11520_y22400.png,0.3604,392.43,109.42,402.27,119.34
ch2_ohr_ncp_20250612T2229094979_d_img_d18_x11520_y22400.png,0.2291,163.15,36.82,173.2,45.56
ch2_ohr_ncp_20250612T2229094979_d_img_d18_x11520_y22400.png,0.2217,86.4,375.22,94.13,382.7
ch2_ohr_ncp_20250612T2229094979_d_img_d18_x11520_y22400.png,0.2021,292.28,633.45,302.06,639.64
ch2_ohr_ncp_20250612T2229094979_d_img_d18_x11520_y22400.png,0.2021,391.62,546.3,399.69,553.83
ch2_ohr_ncp_20250612T2229094979_d_img_d18_x11520_y23040.png,0.2539,380.65,214.62,391.8,221.77
ch2_ohr_ncp_20250612T2229094979_d_img_d18_x11520_y23680.png,0.2678,398.94,372.32,411.05,382.36
ch2_ohr_ncp_20250612T2229094979_d_img_d18_x11520_y23680.png,0.2625,245.92,248.54,254.09,254.43
ch2_ohr_ncp_20250612T2229094979_d_img_d18_x11520_y23680.png,0.2041,278.11,631.59,287.98,638.6
ch2_ohr_ncp_20250612T2229094979_d_img_d18_x11520_y23680.png,0.2024,232.88,210.0,240.63,220.06
ch2_ohr_ncp_20250612T2229094979_d_img_d18_x11520_y24320.png,0.3945,32.09,228.14,41.18,235.45
ch2_ohr_ncp_20250612T2229094979_d_img_d18_x11520_y24320.png,0.2597,404.67,351.68,490.76,435.29
ch2_ohr_ncp_20250612T2229094979_d_img_d18_x11520_y24960.png,0.4458,300.58,258.58,311.96,268.79
ch2_ohr_ncp_20250612T2229094979_d_img_d18_x11520_y24960.png,0.3248,0.48,143.52,7.85,150.66
ch2_ohr_ncp_20250612T2229094979_d_img_d18_x11520_y26240.png,0.4092,61.35,308.27,68.79,315.4
ch2_ohr_ncp_20250612T2229094979_d_img_d18_x11520_y26880.png,0.2294,400.74,593.61,490.51,640.0
ch2_ohr_ncp_20250612T2229094979_d_img_d18_x11520_y28160.png,0.3124,403.63,47.71,489.06,119.32
ch2_ohr_ncp_20250612T2229094979_d_img_d18_x11520_y29440.png,0.2928,223.87,136.48,230.98,142.75
ch2_ohr_ncp_20250612T2229094979_d_img_d18_x11520_y29440.png,0.2388,5.51,522.91,11.43,528.44
ch2_ohr_ncp_20250612T2229094979_d_img_d18_x11520_y29440.png,0.2203,343.16,200.58,351.83,208.33
ch2_ohr_ncp_20250612T2229094979_d_img_d18_x11520_y29440.png,0.2167,59.01,32.94,74.15,44.44
ch2_ohr_ncp_20250612T2229094979_d_img_d18_x11520_y29440.png,0.2096,232.2,264.31,238.19,268.94
ch2_ohr_ncp_20250612T2229094979_d_img_d18_x11520_y30080.png,0.5903,143.2,446.29,153.36,455.81
ch2_ohr_ncp_20250612T2229094979_d_img_d18_x11520_y30080.png,0.4351,79.81,434.6,89.35,442.94
ch2_ohr_ncp_20250612T2229094979_d_img_d18_x11520_y30080.png,0.3217,393.94,615.71,410.37,628.36
ch2_ohr_ncp_20250612T2229094979_d_img_d18_x11520_y30080.png,0.3117,101.67,381.11,108.1,386.64
ch2_ohr_ncp_20250612T2229094979_d_img_d18_x11520_y30080.png,0.2848,199.01,452.48,209.98,461.6
ch2_ohr_ncp_20250612T2229094979_d_img_d18_x11520_y30080.png,0.2737,455.08,386.4,462.79,393.95
ch2_ohr_ncp_20250612T2229094979_d_img_d18_x11520_y30080.png,0.244,370.66,324.75,380.57,333.94
ch2_ohr_ncp_20250612T2229094979_d_img_d18_x11520_y30080.png,0.2206,233.59,176.88,240.14,183.37
ch2_ohr_ncp_20250612T2229094979_d_img_d18_x11520_y30080.png,0.2072,109.76,500.34,117.64,507.03
ch2_ohr_ncp_20250612T2229094979_d_img_d18_x11520_y30720.png,0.5786,32.73,599.26,39.32,604.85
ch2_ohr_ncp_20250612T2229094979_d_img_d18_x11520_y30720.png,0.4735,222.65,75.95,232.35,83.11
ch2_ohr_ncp_20250612T2229094979_d_img_d18_x11520_y30720.png,0.3463,391.7,275.5,398.67,281.32
ch2_ohr_ncp_20250612T2229094979_d_img_d18_x11520_y30720.png,0.3251,34.4,591.05,39.31,595.36
ch2_ohr_ncp_20250612T2229094979_d_img_d18_x11520_y30720.png,0.2997,149.18,63.64,157.13,69.79
ch2_ohr_ncp_20250612T2229094979_d_img_d18_x11520_y30720.png,0.2979,290.63,626.41,296.4,631.89
ch2_ohr_ncp_20250612T2229094979_d_img_d18_x11520_y30720.png,0.2753,12.7,597.07,22.37,603.53
ch2_ohr_ncp_20250612T2229094979_d_img_d18_x11520_y30720.png,0.2558,150.23,64.45,158.09,70.69
ch2_ohr_ncp_20250612T2229094979_d_img_d18_x11520_y30720.png,0.2463,447.44,463.19,454.82,469.17
ch2_ohr_ncp_20250612T2229094979_d_img_d18_x11520_y30720.png,0.2234,49.98,602.77,55.86,608.01
ch2_ohr_ncp_20250612T2229094979_d_img_d18_x11520_y30720.png,0.2117,298.38,309.33,315.44,322.5
ch2_ohr_ncp_20250612T2229094979_d_img_d18_x11520_y30720.png,0.2103,329.34,162.96,338.01,170.45
ch2_ohr_ncp_20250612T2229094979_d_img_d18_x11520_y30720.png,0.2095,463.15,444.51,470.71,451.69
ch2_ohr_ncp_20250612T2229094979_d_img_d18_x11520_y30720.png,0.2029,440.05,340.14,448.22,347.65
ch2_ohr_ncp_20250612T2229094979_d_img_d18_x11520_y30720.png,0.2002,460.29,23.46,468.32,29.27
ch2_ohr_ncp_20250612T2229094979_d_img_d18_x11520_y30720.png,0.2001,33.36,591.41,39.24,595.73
ch2_ohr_ncp_20250612T2229094979_d_img_d18_x11520_y31360.png,0.4685,322.18,386.06,329.44,392.16
ch2_ohr_ncp_20250612T2229094979_d_img_d18_x11520_y31360.png,0.4616,113.49,179.53,122.65,185.94
ch2_ohr_ncp_20250612T2229094979_d_img_d18_x11520_y31360.png,0.4291,265.68,526.92,271.43,531.62
ch2_ohr_ncp_20250612T2229094979_d_img_d18_x11520_y31360.png,0.4244,57.05,574.27,64.72,579.99
ch2_ohr_ncp_20250612T2229094979_d_img_d18_x11520_y31360.png,0.4121,457.96,108.43,470.65,118.68
ch2_ohr_ncp_20250612T2229094979_d_img_d18_x11520_y31360.png,0.3911,192.42,311.79,204.71,321.88
ch2_ohr_ncp_20250612T2229094979_d_img_d18_x11520_y31360.png,0.3721,198.33,160.15,206.48,167.1
ch2_ohr_ncp_20250612T2229094979_d_img_d18_x11520_y31360.png,0.3712,60.8,497.34,68.0,505.4
ch2_ohr_ncp_20250612T2229094979_d_img_d18_x11520_y31360.png,0.3522,387.47,407.01,395.72,414.09
ch2_ohr_ncp_20250612T2229094979_d_img_d18_x11520_y31360.png,0.3487,269.77,520.47,274.98,525.0
ch2_ohr_ncp_20250612T2229094979_d_img_d18_x11520_y31360.png,0.3395,59.9,567.25,67.71,573.7
ch2_ohr_ncp_20250612T2229094979_d_img_d18_x11520_y31360.png,0.3373,100.6,463.46,112.4,474.04
ch2_ohr_ncp_20250612T2229094979_d_img_d18_x11520_y31360.png,0.3227,115.22,179.93,122.93,185.36
ch2_ohr_ncp_20250612T2229094979_d_img_d18_x11520_y31360.png,0.3195,400.04,548.12,411.73,556.8
ch2_ohr_ncp_20250612T2229094979_d_img_d18_x11520_y31360.png,0.2897,225.63,506.14,233.2,511.46
ch2_ohr_ncp_20250612T2229094979_d_img_d18_x11520_y31360.png,0.2719,0.33,409.31,8.38,414.73
ch2_ohr_ncp_20250612T2229094979_d_img_d18_x11520_y31360.png,0.2618,117.24,192.6,122.95,197.27
ch2_ohr_ncp_20250612T2229094979_d_img_d18_x11520_y31360.png,0.2608,452.41,134.13,460.22,140.12
ch2_ohr_ncp_20250612T2229094979_d_img_d18_x11520_y31360.png,0.2536,92.43,623.82,97.23,629.58
ch2_ohr_ncp_20250612T2229094979_d_img_d18_x11520_y31360.png,0.2274,265.32,462.93,269.77,467.31
ch2_ohr_ncp_20250612T2229094979_d_img_d18_x11520_y31360.png,0.2263,363.72,100.38,368.64,105.7
ch2_ohr_ncp_20250612T2229094979_d_img_d18_x11520_y31360.png,0.2192,350.42,360.41,362.68,373.2
ch2_ohr_ncp_20250612T2229094979_d_img_d18_x11520_y31360.png,0.2095,182.77,476.32,192.74,485.19
ch2_ohr_ncp_20250612T2229094979_d_img_d18_x11520_y31360.png,0.2083,422.19,62.33,427.56,67.21
ch2_ohr_ncp_20250612T2229094979_d_img_d18_x11520_y31360.png,0.2063,437.0,445.68,444.89,452.89
ch2_ohr_ncp_20250612T2229094979_d_img_d18_x11520_y31360.png,0.2053,77.91,618.91,84.51,623.43
ch2_ohr_ncp_20250612T2229094979_d_img_d18_x11520_y31360.png,0.2045,17.28,0.0,26.2,6.58
ch2_ohr_ncp_20250612T2229094979_d_img_d18_x11520_y31360.png,0.2014,298.98,257.68,309.2,267.0
ch2_ohr_ncp_20250612T2229094979_d_img_d18_x11520_y33280.png,0.4853,435.18,525.97,441.04,532.39
ch2_ohr_ncp_20250612T2229094979_d_img_d18_x11520_y33280.png,0.4602,208.54,242.55,216.65,249.16
ch2_ohr_ncp_20250612T2229094979_d_img_d18_x11520_y33280.png,0.4375,185.88,110.94,190.57,116.82
ch2_ohr_ncp_20250612T2229094979_d_img_d18_x11520_y33280.png,0.4094,340.03,632.26,345.62,637.29
ch2_ohr_ncp_20250612T2229094979_d_img_d18_x11520_y33280.png,0.3536,119.12,103.16,124.8,108.76
ch2_ohr_ncp_20250612T2229094979_d_img_d18_x11520_y33280.png,0.3509,133.92,108.83,139.41,113.53
ch2_ohr_ncp_20250612T2229094979_d_img_d18_x11520_y33280.png,0.349,307.61,72.17,315.86,78.19
ch2_ohr_ncp_20250612T2229094979_d_img_d18_x11520_y33280.png,0.3457,373.45,623.05,378.43,627.67
ch2_ohr_ncp_20250612T2229094979_d_img_d18_x11520_y33280.png,0.3451,383.57,227.1,390.67,234.93
ch2_ohr_ncp_20250612T2229094979_d_img_d18_x11520_y33280.png,0.3292,370.02,199.75,376.01,209.56
ch2_ohr_ncp_20250612T2229094979_d_img_d18_x11520_y33280.png,0.3186,160.52,235.91,167.79,241.62
ch2_ohr_ncp_20250612T2229094979_d_img_d18_x11520_y33280.png,0.3027,185.62,370.46,193.06,376.44
ch2_ohr_ncp_20250612T2229094979_d_img_d18_x11520_y33280.png,0.2955,245.88,254.72,288.67,282.49
ch2_ohr_ncp_20250612T2229094979_d_img_d18_x11520_y33280.png,0.2951,163.88,98.19,171.08,103.75
ch2_ohr_ncp_20250612T2229094979_d_img_d18_x11520_y33280.png,0.2893,160.56,197.01,167.64,202.84
ch2_ohr_ncp_20250612T2229094979_d_img_d18_x11520_y33280.png,0.2862,267.36,403.48,277.6,412.31
ch2_ohr_ncp_20250612T2229094979_d_img_d18_x11520_y33280.png,0.2819,170.13,221.24,177.89,227.56
ch2_ohr_ncp_20250612T2229094979_d_img_d18_x11520_y33280.png,0.2787,228.53,111.78,235.5,117.29
ch2_ohr_ncp_20250612T2229094979_d_img_d18_x11520_y33280.png,0.268,184.58,111.16,189.65,117.42
ch2_ohr_ncp_20250612T2229094979_d_img_d18_x11520_y33280.png,0.2666,233.9,260.46,241.59,265.95
ch2_ohr_ncp_20250612T2229094979_d_img_d18_x11520_y33280.png,0.2666,65.89,476.57,70.83,480.82
ch2_ohr_ncp_20250612T2229094979_d_img_d18_x11520_y33280.png,0.2652,127.51,240.29,133.52,245.52
ch2_ohr_ncp_20250612T2229094979_d_img_d18_x11520_y33280.png,0.2637,373.71,623.46,378.85,628.39
ch2_ohr_ncp_20250612T2229094979_d_img_d18_x11520_y33280.png,0.2552,146.46,540.17,153.36,545.2
ch2_ohr_ncp_20250612T2229094979_d_img_d18_x11520_y33280.png,0.246,119.4,242.97,126.54,250.01
ch2_ohr_ncp_20250612T2229094979_d_img_d18_x11520_y33280.png,0.2396,175.52,400.25,182.27,405.29
ch2_ohr_ncp_20250612T2229094979_d_img_d18_x11520_y33280.png,0.2375,185.24,232.31,189.97,236.49
ch2_ohr_ncp_20250612T2229094979_d_img_d18_x11520_y33280.png,0.2298,204.0,115.39,210.4,120.31
ch2_ohr_ncp_20250612T2229094979_d_img_d18_x11520_y33280.png,0.2178,174.31,399.92,181.37,405.09
ch2_ohr_ncp_20250612T2229094979_d_img_d18_x11520_y33280.png,0.2008,134.2,109.64,139.09,114.17
ch2_ohr_ncp_20250612T2229094979_d_img_d18_x11520_y33920.png,0.3956,152.31,475.61,182.19,503.77
ch2_ohr_ncp_20250612T2229094979_d_img_d18_x11520_y33920.png,0.3863,335.18,354.91,345.24,363.65
ch2_ohr_ncp_20250612T2229094979_d_img_d18_x11520_y33920.png,0.3308,413.73,106.32,423.55,115.46
ch2_ohr_ncp_20250612T2229094979_d_img_d18_x11520_y33920.png,0.3192,25.06,411.17,34.99,420.66
ch2_ohr_ncp_20250612T2229094979_d_img_d18_x11520_y33920.png,0.2452,175.55,451.25,183.59,458.86
ch2_ohr_ncp_20250612T2229094979_d_img_d18_x11520_y33920.png,0.2385,109.62,366.72,118.63,373.87
ch2_ohr_ncp_20250612T2229094979_d_img_d18_x11520_y33920.png,0.2252,409.23,125.76,418.74,134.79
ch2_ohr_ncp_20250612T2229094979_d_img_d18_x11520_y33920.png,0.2149,195.78,546.37,206.02,555.33
ch2_ohr_ncp_20250612T2229094979_d_img_d18_x11520_y35840.png,0.5984,339.52,364.55,354.92,377.44
ch2_ohr_ncp_20250612T2229094979_d_img_d18_x11520_y35840.png,0.4958,7.46,339.65,17.35,348.61
ch2_ohr_ncp_20250612T2229094979_d_img_d18_x11520_y35840.png,0.4684,15.47,128.74,26.35,139.28
ch2_ohr_ncp_20250612T2229094979_d_img_d18_x11520_y35840.png,0.4653,253.0,495.87,262.12,503.34
ch2_ohr_ncp_20250612T2229094979_d_img_d18_x11520_y35840.png,0.4509,127.89,78.79,136.67,84.93
ch2_ohr_ncp_20250612T2229094979_d_img_d18_x11520_y35840.png,0.4258,324.72,597.56,333.82,604.92
ch2_ohr_ncp_20250612T2229094979_d_img_d18_x11520_y35840.png,0.4006,35.52,436.78,46.67,443.89
ch2_ohr_ncp_20250612T2229094979_d_img_d18_x11520_y35840.png,0.3781,164.07,481.29,172.26,488.15
ch2_ohr_ncp_20250612T2229094979_d_img_d18_x11520_y35840.png,0.3772,445.81,0.0,456.57,7.37
ch2_ohr_ncp_20250612T2229094979_d_img_d18_x11520_y35840.png,0.3736,0.16,368.07,12.39,382.65
ch2_ohr_ncp_20250612T2229094979_d_img_d18_x11520_y35840.png,0.3565,259.93,352.64,271.9,363.19
ch2_ohr_ncp_20250612T2229094979_d_img_d18_x11520_y35840.png,0.3349,395.66,398.77,402.74,405.21
ch2_ohr_ncp_20250612T2229094979_d_img_d18_x11520_y35840.png,0.3009,105.25,217.06,112.07,223.25
ch2_ohr_ncp_20250612T2229094979_d_img_d18_x11520_y35840.png,0.2913,119.62,601.09,127.13,607.47
ch2_ohr_ncp_20250612T2229094979_d_img_d18_x11520_y35840.png,0.2872,220.07,5.99,227.33,12.19
ch2_ohr_ncp_20250612T2229094979_d_img_d18_x11520_y35840.png,0.2728,317.48,308.74,323.89,313.94
ch2_ohr_ncp_20250612T2229094979_d_img_d18_x11520_y35840.png,0.2708,310.18,508.32,319.65,516.15
ch2_ohr_ncp_20250612T2229094979_d_img_d18_x11520_y35840.png,0.2648,161.21,443.93,167.09,449.85
ch2_ohr_ncp_20250612T2229094979_d_img_d18_x11520_y35840.png,0.2446,183.71,368.73,192.72,376.48
ch2_ohr_ncp_20250612T2229094979_d_img_d18_x11520_y35840.png,0.2445,377.64,624.57,388.08,632.23
ch2_ohr_ncp_20250612T2229094979_d_img_d18_x11520_y35840.png,0.2358,297.49,132.47,305.82,138.17
ch2_ohr_ncp_20250612T2229094979_d_img_d18_x11520_y35840.png,0.2306,235.33,289.42,242.06,298.09
ch2_ohr_ncp_20250612T2229094979_d_img_d18_x11520_y35840.png,0.2058,30.04,8.14,36.62,13.56
ch2_ohr_ncp_20250612T2229094979_d_img_d18_x11520_y37760.png,0.4953,360.62,569.9,375.68,582.78
ch2_ohr_ncp_20250612T2229094979_d_img_d18_x11520_y37760.png,0.3305,86.04,428.36,92.91,434.59
ch2_ohr_ncp_20250612T2229094979_d_img_d18_x11520_y37760.png,0.3255,16.01,147.71,22.86,154.97
ch2_ohr_ncp_20250612T2229094979_d_img_d18_x11520_y37760.png,0.2871,413.19,464.78,422.65,472.86
ch2_ohr_ncp_20250612T2229094979_d_img_d18_x11520_y37760.png,0.2616,102.1,560.22,109.26,566.09
ch2_ohr_ncp_20250612T2229094979_d_img_d18_x11520_y39680.png,0.2427,198.31,581.1,205.19,587.45
ch2_ohr_ncp_20250612T2229094979_d_img_d18_x11520_y39680.png,0.2207,436.88,557.17,444.32,563.65
ch2_ohr_ncp_20250612T2229094979_d_img_d18_x11520_y43520.png,0.2293,0.06,87.47,6.78,94.71
ch2_ohr_ncp_20250612T2229094979_d_img_d18_x11520_y44800.png,0.2539,90.43,122.8,104.86,131.13
ch2_ohr_ncp_20250612T2229094979_d_img_d18_x11520_y44800.png,0.237,96.38,608.18,104.25,614.11
ch2_ohr_ncp_20250612T2229094979_d_img_d18_x11520_y45440.png,0.3571,0.01,335.48,8.15,344.7
ch2_ohr_ncp_20250612T2229094979_d_img_d18_x11520_y46720.png,0.2908,400.22,628.36,411.17,636.89
ch2_ohr_ncp_20250612T2229094979_d_img_d18_x11520_y46720.png,0.2486,199.41,387.42,209.45,395.88
ch2_ohr_ncp_20250612T2229094979_d_img_d18_x11520_y47360.png,0.3574,417.51,0.0,485.08,55.93
ch2_ohr_ncp_20250612T2229094979_d_img_d18_x11520_y48640.png,0.2193,136.87,585.23,169.58,613.4
ch2_ohr_ncp_20250612T2229094979_d_img_d18_x11520_y49280.png,0.3546,409.04,403.39,443.98,430.63
ch2_ohr_ncp_20250612T2229094979_d_img_d18_x11520_y50560.png,0.2093,155.32,15.65,163.42,22.61
ch2_ohr_ncp_20250612T2229094979_d_img_d18_x11520_y56320.png,0.2685,384.7,116.73,409.18,136.75
ch2_ohr_ncp_20250612T2229094979_d_img_d18_x11520_y58880.png,0.2131,377.59,262.8,395.09,276.31
ch2_ohr_ncp_20250612T2229094979_d_img_d18_x11520_y60160.png,0.2431,69.08,303.15,78.36,311.23
ch2_ohr_ncp_20250612T2229094979_d_img_d18_x11520_y60160.png,0.2119,206.15,296.33,213.32,302.11
ch2_ohr_ncp_20250612T2229094979_d_img_d18_x11520_y61440.png,0.3647,46.79,542.54,54.26,548.65
ch2_ohr_ncp_20250612T2229094979_d_img_d18_x11520_y61440.png,0.2931,372.43,287.95,381.56,294.96
ch2_ohr_ncp_20250612T2229094979_d_img_d18_x11520_y61440.png,0.2872,244.03,484.94,251.81,491.78
ch2_ohr_ncp_20250612T2229094979_d_img_d18_x11520_y61440.png,0.2367,377.36,626.54,386.5,634.98
ch2_ohr_ncp_20250612T2229094979_d_img_d18_x11520_y61440.png,0.2352,299.52,24.2,307.95,31.11
ch2_ohr_ncp_20250612T2229094979_d_img_d18_x11520_y61440.png,0.2346,377.16,584.21,384.62,591.14
ch2_ohr_ncp_20250612T2229094979_d_img_d18_x11520_y61440.png,0.2306,1.25,250.36,9.53,257.51
ch2_ohr_ncp_20250612T2229094979_d_img_d18_x11520_y61440.png,0.2262,180.1,585.26,188.48,593.45
ch2_ohr_ncp_20250612T2229094979_d_img_d18_x11520_y61440.png,0.2004,146.57,273.16,155.52,281.29
ch2_ohr_ncp_20250612T2229094979_d_img_d18_x11520_y62080.png,0.2103,290.45,591.52,298.35,597.78
ch2_ohr_ncp_20250612T2229094979_d_img_d18_x11520_y62720.png,0.2333,349.5,379.46,368.88,398.24
ch2_ohr_ncp_20250612T2229094979_d_img_d18_x11520_y70400.png,0.3808,255.35,47.99,268.14,59.61
ch2_ohr_ncp_20250612T2229094979_d_img_d18_x11520_y70400.png,0.2552,189.99,140.24,277.28,218.19
ch2_ohr_ncp_20250612T2229094979_d_img_d18_x11520_y70400.png,0.2123,0.08,614.69,7.63,622.86
ch2_ohr_ncp_20250612T2229094979_d_img_d18_x11520_y71040.png,0.2199,322.7,542.91,437.17,640.0
