tile,conf,x1,y1,x2,y2
ch2_ohr_ncp_20190906T2241285714_d_img_gds_x01280_y67200.png,0.2292,221.48,615.15,271.6,640.0
ch2_ohr_ncp_20190906T2241285714_d_img_gds_x05120_y80640.png,0.3373,505.67,48.0,511.76,55.43
ch2_ohr_ncp_20190906T2241285714_d_img_gds_x05120_y80640.png,0.2652,531.81,35.58,537.36,40.98
ch2_ohr_ncp_20190906T2241285714_d_img_gds_x05760_y39680.png,0.259,56.23,432.04,61.45,437.21
ch2_ohr_ncp_20190906T2241285714_d_img_gds_x06400_y75520.png,0.431,173.03,418.67,180.01,427.73
ch2_ohr_ncp_20190906T2241285714_d_img_gds_x06400_y75520.png,0.2079,190.6,398.95,196.13,405.6
ch2_ohr_ncp_20190906T2241285714_d_img_gds_x06400_y75520.png,0.2037,186.24,371.24,196.19,383.49
ch2_ohr_ncp_20190906T2241285714_d_img_gds_x07680_y01920.png,0.21,515.31,159.03,527.13,170.69
ch2_ohr_ncp_20240425T1012478407_d_img_d18_x01280_y20480.png,0.465,287.6,117.97,298.46,127.88
ch2_ohr_ncp_20240425T1012478407_d_img_d18_x01280_y20480.png,0.3166,275.69,158.44,284.0,165.71
ch2_ohr_ncp_20240425T1012478407_d_img_d18_x01280_y20480.png,0.2473,369.94,70.71,376.84,76.08
ch2_ohr_ncp_20240425T1012478407_d_img_d18_x05120_y62720.png,0.449,378.9,51.55,383.38,56.59
ch2_ohr_ncp_20240425T1209509264_d_img_d18_x00640_y14720.png,0.2322,559.63,605.77,590.1,638.68
ch2_ohr_ncp_20240425T1209509264_d_img_d18_x01280_y30720.png,0.202,514.41,277.03,553.2,311.38
ch2_ohr_ncp_20240425T1209509264_d_img_d18_x07680_y36480.png,0.2538,469.85,479.16,512.18,521.18
ch2_ohr_ncp_20240425T1406019344_d_img_d18_x01280_y76160.png,0.2962,545.54,54.6,551.42,60.28
ch2_ohr_ncp_20240425T1406019344_d_img_d18_x01920_y48000.png,0.2653,627.88,552.23,639.14,565.04
ch2_ohr_ncp_20240425T1406019344_d_img_d18_x01920_y48000.png,0.2025,599.74,574.38,604.54,580.04
ch2_ohr_ncp_20240425T1406019344_d_img_d18_x02560_y80640.png,0.2231,209.77,40.25,215.98,46.81
ch2_ohr_ncp_20240425T1406019344_d_img_d18_x03840_y71040.png,0.2297,397.5,517.29,404.01,524.05
ch2_ohr_ncp_20240425T1406019344_d_img_d18_x07040_y81280.png,0.2638,627.74,464.39,635.26,472.04
ch2_ohr_ncp_20240425T1406019344_d_img_d18_x07680_y18560.png,0.2457,536.31,535.8,541.75,541.77
ch2_ohr_ncp_20240425T1406019344_d_img_d18_x08960_y71040.png,0.4151,103.31,232.43,117.17,241.61
ch2_ohr_ncp_20240425T1406019344_d_img_d18_x08960_y71040.png,0.3232,323.88,32.17,328.95,37.48
ch2_ohr_ncp_20240425T1406019344_d_img_d18_x08960_y71040.png,0.267,323.45,84.98,331.87,93.12
ch2_ohr_ncp_20240425T1603031918_d_img_d18_x01280_y83200.png,0.2098,507.41,440.53,513.03,447.81
ch2_ohr_ncp_20240425T1603031918_d_img_d18_x01920_y24960.png,0.2509,300.65,625.36,308.59,631.73
ch2_ohr_ncp_20240425T1603031918_d_img_d18_x01920_y26880.png,0.4782,608.68,312.7,614.09,318.18
ch2_ohr_ncp_20240425T1603031918_d_img_d18_x02560_y32640.png,0.364,60.55,563.9,69.19,570.66
ch2_ohr_ncp_20240425T1603031918_d_img_d18_x02560_y32640.png,0.3412,231.81,553.56,238.02,559.7
ch2_ohr_ncp_20240425T1603031918_d_img_d18_x02560_y32640.png,0.3398,69.45,553.98,76.01,560.02
ch2_ohr_ncp_20240425T1603031918_d_img_d18_x02560_y32640.png,0.2833,106.96,558.62,110.93,564.0
ch2_ohr_ncp_20240425T1603031918_d_img_d18_x02560_y32640.png,0.2278,317.72,233.2,324.01,239.09
ch2_ohr_ncp_20240425T1603031918_d_img_d18_x02560_y32640.png,0.2154,72.77,540.0,77.27,545.3
ch2_ohr_ncp_20240425T1603031918_d_img_d18_x03200_y07040.png,0.2015,410.1,15.94,419.36,23.59
ch2_ohr_ncp_20240425T1603031918_d_img_d18_x04480_y00640.png,0.2288,238.89,544.16,282.74,600.4
ch2_ohr_ncp_20240425T1603031918_d_img_d18_x07040_y23680.png,0.2761,599.65,633.69,606.41,639.42
ch2_ohr_ncp_20240425T1603031918_d_img_d18_x09600_y52480.png,0.4084,386.64,113.06,394.93,121.22
ch2_ohr_ncp_20240425T1603031918_d_img_d18_x09600_y52480.png,0.3972,397.12,50.43,404.02,56.96
ch2_ohr_ncp_20240425T1603031918_d_img_d18_x09600_y52480.png,0.3332,370.8,45.83,379.34,54.79
ch2_ohr_ncp_20240425T1603031918_d_img_d18_x09600_y52480.png,0.2833,446.0,114.02,452.59,120.45
ch2_ohr_ncp_20240425T1603031918_d_img_d18_x10240_y19200.png,0.2258,288.01,23.83,293.25,29.1
ch2_ohr_ncp_20190906T2241285714_d_img_gds_x08960_y10240.png,0.2981,32.82,28.84,40.48,36.02
ch2_ohr_ncp_20190906T2241285714_d_img_gds_x08960_y10240.png,0.2658,59.99,138.43,64.46,143.9
ch2_ohr_ncp_20190906T2241285714_d_img_gds_x08960_y10240.png,0.2586,89.43,207.57,93.44,212.02
ch2_ohr_ncp_20190906T2241285714_d_img_gds_x08960_y10240.png,0.2267,41.34,27.96,45.35,34.39
ch2_ohr_ncp_20190906T2241285714_d_img_gds_x08960_y10240.png,0.2257,89.17,599.13,93.78,604.4
ch2_ohr_ncp_20190906T2241285714_d_img_gds_x08960_y10240.png,0.223,98.88,328.0,104.57,334.14
ch2_ohr_ncp_20190906T2241285714_d_img_gds_x08960_y10240.png,0.203,265.47,97.17,270.2,102.08
ch2_ohr_ncp_20190906T2241285714_d_img_gds_x08960_y10880.png,0.3262,208.7,607.65,212.73,612.4
ch2_ohr_ncp_20190906T2241285714_d_img_gds_x08960_y10880.png,0.2658,271.53,635.19,280.14,640.0
ch2_ohr_ncp_20190907T0438126359_d_img_g26_x02560_y93440.png,0.201,303.08,8.98,308.04,13.64
ch2_ohr_ncp_20190907T0438126359_d_img_g26_x10240_y12800.png,0.3512,193.49,545.82,221.65,606.14
ch2_ohr_ncp_20190907T0438126359_d_img_g26_x10880_y14720.png,0.4736,10.79,493.81,59.6,567.8
ch2_ohr_ncp_20190907T0438126359_d_img_g26_x10880_y14720.png,0.2291,1.9,477.25,59.15,570.33
ch2_ohr_ncp_20240425T1209509264_d_img_d18_x04480_y82560.png,0.4298,478.93,591.67,484.05,596.65
ch2_ohr_ncp_20240425T1209509264_d_img_d18_x04480_y82560.png,0.3399,564.02,29.76,572.89,38.93
ch2_ohr_ncp_20240425T1209509264_d_img_d18_x04480_y82560.png,0.2397,363.32,553.96,368.67,558.69
ch2_ohr_ncp_20240425T1209509264_d_img_d18_x04480_y82560.png,0.2355,292.9,537.36,300.0,543.08
ch2_ohr_ncp_20240425T1209509264_d_img_d18_x04480_y82560.png,0.2316,291.96,537.14,298.26,542.94
ch2_ohr_ncp_20240425T1406019344_d_img_d18_x01280_y93440.png,0.342,611.95,15.03,618.58,21.41
ch2_ohr_ncp_20240425T1406019344_d_img_d18_x01280_y93440.png,0.3251,601.5,25.55,606.16,30.91
ch2_ohr_ncp_20240425T1406019344_d_img_d18_x01280_y93440.png,0.2815,581.5,30.61,588.01,38.44
ch2_ohr_ncp_20240425T1406019344_d_img_d18_x01280_y93440.png,0.2167,344.02,17.32,349.77,22.66
ch2_ohr_ncp_20240425T1406019344_d_img_d18_x05760_y93440.png,0.2805,43.99,162.49,50.16,168.31
ch2_ohr_ncp_20250516T0948068899_d_img_d18_x11520_y08960.png,0.5499,69.89,54.7,75.32,59.3
ch2_ohr_ncp_20250516T0948068899_d_img_d18_x11520_y08960.png,0.5362,27.99,483.87,33.52,488.92
ch2_ohr_ncp_20250516T0948068899_d_img_d18_x11520_y08960.png,0.5297,170.7,267.74,176.78,273.55
ch2_ohr_ncp_20250516T0948068899_d_img_d18_x11520_y08960.png,0.5224,21.17,324.12,27.36,330.31
ch2_ohr_ncp_20250516T0948068899_d_img_d18_x11520_y08960.png,0.5206,90.15,113.33,96.42,119.17
ch2_ohr_ncp_20250516T0948068899_d_img_d18_x11520_y08960.png,0.5196,35.9,401.38,40.46,406.05
ch2_ohr_ncp_20250516T0948068899_d_img_d18_x11520_y08960.png,0.5068,210.3,5.26,216.06,10.16
ch2_ohr_ncp_20250516T0948068899_d_img_d18_x11520_y08960.png,0.5047,65.24,137.5,71.18,143.22
ch2_ohr_ncp_20250516T0948068899_d_img_d18_x11520_y08960.png,0.5034,43.14,449.11,47.33,453.08
ch2_ohr_ncp_20250516T0948068899_d_img_d18_x11520_y08960.png,0.438,211.98,40.77,217.33,45.23
ch2_ohr_ncp_20250516T0948068899_d_img_d18_x11520_y08960.png,0.4293,200.97,505.0,205.89,509.53
ch2_ohr_ncp_20250516T0948068899_d_img_d18_x11520_y08960.png,0.4032,83.97,64.24,89.39,68.98
ch2_ohr_ncp_20250516T0948068899_d_img_d18_x11520_y08960.png,0.4023,232.92,377.41,237.03,381.23
ch2_ohr_ncp_20250516T0948068899_d_img_d18_x11520_y08960.png,0.3919,131.92,457.96,138.25,463.41
ch2_ohr_ncp_20250516T0948068899_d_img_d18_x11520_y08960.png,0.3749,210.76,4.0,215.54,10.15
ch2_ohr_ncp_20250516T0948068899_d_img_d18_x11520_y08960.png,0.354,165.49,633.5,172.55,639.68
ch2_ohr_ncp_20250516T0948068899_d_img_d18_x11520_y08960.png,0.3524,208.72,402.7,213.45,406.35
ch2_ohr_ncp_20250516T0948068899_d_img_d18_x11520_y08960.png,0.3406,57.74,392.13,63.0,397.77
ch2_ohr_ncp_20250516T0948068899_d_img_d18_x11520_y08960.png,0.3331,212.97,39.99,218.0,45.19
ch2_ohr_ncp_20250516T0948068899_d_img_d18_x11520_y08960.png,0.3267,197.68,254.87,204.0,260.01
ch2_ohr_ncp_20250516T0948068899_d_img_d18_x11520_y08960.png,0.3112,107.61,12.0,111.97,17.3
ch2_ohr_ncp_20250516T0948068899_d_img_d18_x11520_y08960.png,0.3079,13.62,509.21,20.38,516.42
ch2_ohr_ncp_20250516T0948068899_d_img_d18_x11520_y08960.png,0.2987,27.86,93.86,33.98,100.02
ch2_ohr_ncp_20250516T0948068899_d_img_d18_x11520_y08960.png,0.2948,196.0,255.13,202.5,260.05
ch2_ohr_ncp_20250516T0948068899_d_img_d18_x11520_y08960.png,0.2861,68.0,54.56,74.79,60.01
ch2_ohr_ncp_20250516T0948068899_d_img_d18_x11520_y08960.png,0.2744,134.78,556.0,140.0,562.61
ch2_ohr_ncp_20250516T0948068899_d_img_d18_x11520_y08960.png,0.2734,121.24,249.85,125.06,253.15
ch2_ohr_ncp_20250516T0948068899_d_img_d18_x11520_y08960.png,0.2663,12.0,509.18,19.44,516.31
ch2_ohr_ncp_20250516T0948068899_d_img_d18_x11520_y08960.png,0.2426,152.67,448.53,157.26,452.97
ch2_ohr_ncp_20250516T0948068899_d_img_d18_x11520_y08960.png,0.2052,210.44,635.99,215.61,639.88
ch2_ohr_ncp_20250516T0948068899_d_img_d18_x11520_y08960.png,0.2044,127.63,199.93,136.14,208.63
ch2_ohr_ncp_20250516T0948068899_d_img_d18_x11520_y09600.png,0.482,37.51,54.98,42.18,59.25
ch2_ohr_ncp_20250516T0948068899_d_img_d18_x11520_y09600.png,0.2417,36.0,54.78,41.88,60.0
ch2_ohr_ncp_20250516T0948068899_d_img_d18_x11520_y09600.png,0.231,145.67,73.66,151.09,78.61
ch2_ohr_ncp_20250516T0948068899_d_img_d18_x11520_y12800.png,0.4468,209.54,610.46,214.76,616.54
ch2_ohr_ncp_20250516T0948068899_d_img_d18_x11520_y12800.png,0.4311,91.5,592.45,95.99,596.65
ch2_ohr_ncp_20250516T0948068899_d_img_d18_x11520_y12800.png,0.2712,81.78,491.99,86.0,496.39
ch2_ohr_ncp_20250516T0948068899_d_img_d18_x11520_y12800.png,0.2689,4.0,323.51,9.51,327.91
ch2_ohr_ncp_20250516T0948068899_d_img_d18_x11520_y12800.png,0.268,5.61,323.42,9.85,328.08
ch2_ohr_ncp_20250516T0948068899_d_img_d18_x11520_y12800.png,0.2121,47.92,342.68,56.05,349.53
ch2_ohr_ncp_20250516T0948068899_d_img_d18_x11520_y12800.png,0.2021,0.0,259.91,7.2,268.24
ch2_ohr_ncp_20250516T0948068899_d_img_d18_x11520_y12800.png,0.2008,57.3,50.14,62.24,55.83
ch2_ohr_ncp_20250516T0948068899_d_img_d18_x11520_y19840.png,0.5268,22.06,618.91,28.03,624.51
ch2_ohr_ncp_20250516T0948068899_d_img_d18_x11520_y19840.png,0.4246,98.91,609.78,108.02,618.69
ch2_ohr_ncp_20250516T0948068899_d_img_d18_x11520_y19840.png,0.3817,112.5,619.99,117.41,625.61
ch2_ohr_ncp_20250516T0948068899_d_img_d18_x11520_y19840.png,0.2535,97.79,607.81,106.99,618.69
ch2_ohr_ncp_20250516T0948068899_d_img_d18_x11520_y19840.png,0.241,52.12,628.95,56.72,632.87
ch2_ohr_ncp_20250516T0948068899_d_img_d18_x11520_y19840.png,0.2237,67.99,552.88,73.31,557.69
ch2_ohr_ncp_20250516T0948068899_d_img_d18_x11520_y19840.png,0.2118,46.37,551.86,52.01,556.66
ch2_ohr_ncp_20250516T0948068899_d_img_d18_x11520_y21760.png,0.5218,48.27,584.37,54.48,590.29
ch2_ohr_ncp_20250516T0948068899_d_img_d18_x11520_y21760.png,0.4111,176.49,563.59,181.98,569.24
ch2_ohr_ncp_20250516T0948068899_d_img_d18_x11520_y21760.png,0.2911,48.73,463.47,55.98,469.0
ch2_ohr_ncp_20250516T0948068899_d_img_d18_x11520_y21760.png,0.2799,38.27,606.96,44.1,612.81
ch2_ohr_ncp_20250516T0948068899_d_img_d18_x11520_y21760.png,0.2438,50.16,572.0,54.84,577.51
ch2_ohr_ncp_20250516T0948068899_d_img_d18_x11520_y21760.png,0.2287,52.0,611.56,57.16,614.97
ch2_ohr_ncp_20250516T0948068899_d_img_d18_x11520_y21760.png,0.22,36.0,576.68,41.96,581.63
ch2_ohr_ncp_20250516T0948068899_d_img_d18_x11520_y21760.png,0.203,143.07,633.65,148.09,638.43
ch2_ohr_ncp_20250516T0948068899_d_img_d18_x11520_y22400.png,0.4703,143.6,251.87,148.16,256.58
ch2_ohr_ncp_20250516T0948068899_d_img_d18_x11520_y22400.png,0.2818,120.65,371.39,126.74,377.46
ch2_ohr_ncp_20250516T0948068899_d_img_d18_x11520_y22400.png,0.2378,342.54,31.82,348.15,37.06
ch2_ohr_ncp_20250516T0948068899_d_img_d18_x11520_y22400.png,0.2288,222.68,98.89,228.71,105.62
ch2_ohr_ncp_20250516T0948068899_d_img_d18_x11520_y22400.png,0.2251,82.53,257.7,86.47,261.58
ch2_ohr_ncp_20250516T0948068899_d_img_d18_x11520_y22400.png,0.2008,92.79,232.78,100.05,239.02
ch2_ohr_ncp_20250516T0948068899_d_img_d18_x11520_y23680.png,0.416,59.46,119.88,64.71,125.26
ch2_ohr_ncp_20250516T0948068899_d_img_d18_x11520_y23680.png,0.34,337.15,53.59,343.09,60.05
ch2_ohr_ncp_20250516T0948068899_d_img_d18_x11520_y23680.png,0.288,0.09,614.95,4.3,621.5
ch2_ohr_ncp_20250516T0948068899_d_img_d18_x11520_y23680.png,0.222,197.34,147.21,204.93,154.02
ch2_ohr_ncp_20250516T0948068899_d_img_d18_x11520_y23680.png,0.2118,145.24,135.97,152.03,141.78
ch2_ohr_ncp_20250516T0948068899_d_img_d18_x11520_y23680.png,0.2034,240.67,283.93,245.0,287.93
ch2_ohr_ncp_20250516T0948068899_d_img_d18_x11520_y24320.png,0.4247,58.27,459.78,63.07,464.64
ch2_ohr_ncp_20250516T0948068899_d_img_d18_x11520_y24320.png,0.2485,47.99,632.04,53.2,637.22
ch2_ohr_ncp_20250516T0948068899_d_img_d18_x11520_y26240.png,0.4098,9.91,77.16,15.47,84.0
ch2_ohr_ncp_20250516T0948068899_d_img_d18_x11520_y26240.png,0.2676,9.99,76.0,15.53,82.73
ch2_ohr_ncp_20250516T0948068899_d_img_d18_x11520_y33280.png,0.2109,139.69,480.77,144.6,485.76
ch2_ohr_ncp_20250516T0948068899_d_img_d18_x11520_y35840.png,0.2195,4.93,0.16,25.24,17.81
ch2_ohr_ncp_20250516T0948068899_d_img_d18_x11520_y43520.png,0.325,10.52,19.68,15.84,24.93
ch2_ohr_ncp_20250516T0948068899_d_img_d18_x11520_y43520.png,0.2737,135.78,277.11,142.35,283.17
ch2_ohr_ncp_20250516T0948068899_d_img_d18_x11520_y44160.png,0.2499,117.14,292.27,121.47,296.43
ch2_ohr_ncp_20250516T0948068899_d_img_d18_x11520_y46720.png,0.2435,154.96,632.83,160.62,638.95
ch2_ohr_ncp_20250516T0948068899_d_img_d18_x11520_y48000.png,0.3195,24.56,297.6,30.58,303.42
ch2_ohr_ncp_20250516T0948068899_d_img_d18_x11520_y48000.png,0.2509,9.67,328.12,14.57,333.11
ch2_ohr_ncp_20250516T0948068899_d_img_d18_x11520_y48000.png,0.2248,0.01,541.13,4.05,548.01
ch2_ohr_ncp_20250516T0948068899_d_img_d18_x11520_y48640.png,0.2624,42.29,63.42,50.24,70.0
ch2_ohr_ncp_20250516T0948068899_d_img_d18_x11520_y48640.png,0.2456,250.71,182.18,303.3,241.43
ch2_ohr_ncp_20250516T0948068899_d_img_d18_x11520_y48640.png,0.2185,176.84,86.39,182.02,92.04
ch2_ohr_ncp_20250516T0948068899_d_img_d18_x11520_y48640.png,0.2175,101.41,393.93,108.07,399.47
ch2_ohr_ncp_20250516T0948068899_d_img_d18_x11520_y49920.png,0.2567,0.55,94.73,12.38,106.87
ch2_ohr_ncp_20250516T0948068899_d_img_d18_x11520_y60800.png,0.3159,70.68,624.81,76.28,630.34
ch2_ohr_ncp_20250516T0948068899_d_img_d18_x11520_y60800.png,0.2628,94.35,586.72,100.98,594.04
ch2_ohr_ncp_20250516T0948068899_d_img_d18_x11520_y60800.png,0.2571,11.99,67.14,17.98,73.79
ch2_ohr_ncp_20250516T0948068899_d_img_d18_x11520_y60800.png,0.2059,0.09,520.07,4.04,525.46
ch2_ohr_ncp_20250516T0948068899_d_img_d18_x11520_y63360.png,0.2051,161.65,372.0,165.22,377.15
ch2_ohr_ncp_20250516T0948068899_d_img_d18_x11520_y64640.png,0.2895,35.11,232.6,40.71,237.43
ch2_ohr_ncp_20250516T0948068899_d_img_d18_x11520_y64640.png,0.2564,168.0,278.17,173.86,283.05
ch2_ohr_ncp_20250516T0948068899_d_img_d18_x11520_y64640.png,0.2428,0.05,110.15,4.15,116.0
ch2_ohr_ncp_20250516T0948068899_d_img_d18_x11520_y65280.png,0.3147,0.12,89.59,8.19,96.66
ch2_ohr_ncp_20250516T0948068899_d_img_d18_x11520_y65920.png,0.4062,154.48,560.11,160.43,565.76
ch2_ohr_ncp_20250516T0948068899_d_img_d18_x11520_y65920.png,0.394,136.87,544.85,142.32,551.15
ch2_ohr_ncp_20250516T0948068899_d_img_d18_x11520_y65920.png,0.2489,12.0,623.94,18.06,629.34
ch2_ohr_ncp_20250516T0948068899_d_img_d18_x11520_y66560.png,0.2238,176.75,283.01,185.14,289.32
ch2_ohr_ncp_20250516T0948068899_d_img_d18_x11520_y66560.png,0.213,203.95,448.28,208.73,452.52
ch2_ohr_ncp_20250516T0948068899_d_img_d18_x11520_y67200.png,0.205,197.25,305.07,204.64,313.47
ch2_ohr_ncp_20250516T0948068899_d_img_d18_x11520_y67840.png,0.2507,19.99,627.84,25.29,632.89
ch2_ohr_ncp_20250516T0948068899_d_img_d18_x11520_y67840.png,0.2426,128.51,462.67,132.36,468.0
ch2_ohr_ncp_20250516T0948068899_d_img_d18_x11520_y67840.png,0.219,98.62,496.28,103.5,501.07
ch2_ohr_ncp_20250516T0948068899_d_img_d18_x11520_y69120.png,0.2327,66.32,504.01,72.07,509.39
ch2_ohr_ncp_20250516T0948068899_d_img_d18_x11520_y69120.png,0.214,43.9,544.58,49.41,550.65
ch2_ohr_ncp_20250516T0948068899_d_img_d18_x11520_y73600.png,0.3453,60.5,463.49,68.01,471.15
ch2_ohr_ncp_20250516T0948068899_d_img_d18_x11520_y78080.png,0.2053,225.28,160.5,230.53,165.32
ch2_ohr_ncp_20250516T0948068899_d_img_d18_x11520_y78720.png,0.3061,175.35,240.91,181.52,248.23
ch2_ohr_ncp_20250516T0948068899_d_img_d18_x11520_y80640.png,0.3729,150.01,554.09,156.01,559.34
ch2_ohr_ncp_20250516T0948068899_d_img_d18_x11520_y80640.png,0.2963,249.93,598.94,257.21,608.72
ch2_ohr_ncp_20250516T0948068899_d_img_d18_x11520_y80640.png,0.277,1.03,251.26,6.56,256.62
ch2_ohr_ncp_20250516T0948068899_d_img_d18_x11520_y80640.png,0.2593,170.74,599.78,175.94,605.05
ch2_ohr_ncp_20250516T0948068899_d_img_d18_x11520_y80640.png,0.2543,58.21,533.75,64.24,540.0
ch2_ohr_ncp_20250516T0948068899_d_img_d18_x11520_y80640.png,0.2422,212.61,549.87,217.4,554.16
ch2_ohr_ncp_20250516T0948068899_d_img_d18_x11520_y80640.png,0.2419,160.01,528.23,165.03,533.81
ch2_ohr_ncp_20250516T0948068899_d_img_d18_x11520_y80640.png,0.2263,115.03,486.3,120.14,492.02
ch2_ohr_ncp_20250516T0948068899_d_img_d18_x11520_y80640.png,0.206,231.89,396.0,236.73,402.52
ch2_ohr_ncp_20250516T0948068899_d_img_d18_x11520_y80640.png,0.2033,122.32,160.62,129.21,165.91
ch2_ohr_ncp_20250516T0948068899_d_img_d18_x11520_y81280.png,0.3489,152.25,460.0,157.87,466.13
ch2_ohr_ncp_20250516T0948068899_d_img_d18_x11520_y82560.png,0.2089,145.59,223.77,151.61,229.61
ch2_ohr_ncp_20250516T0948068899_d_img_d18_x11520_y89600.png,0.4887,31.92,417.14,37.3,422.27
ch2_ohr_ncp_20250516T0948068899_d_img_d18_x11520_y89600.png,0.3157,157.54,398.18,165.55,406.92
ch2_ohr_ncp_20250516T0948068899_d_img_d18_x11520_y89600.png,0.2052,151.88,226.96,158.18,234.1
ch2_ohr_ncp_20250516T1145499313_d_img_d18_x11520_y00640.png,0.3737,113.01,367.73,118.74,373.87
ch2_ohr_ncp_20250516T1145499313_d_img_d18_x11520_y00640.png,0.2957,0.08,327.52,6.08,333.9
ch2_ohr_ncp_20250516T1145499313_d_img_d18_x11520_y00640.png,0.2087,170.09,624.64,175.7,629.42
ch2_ohr_ncp_20250516T1145499313_d_img_d18_x11520_y00640.png,0.2011,157.78,392.8,164.48,398.56
ch2_ohr_ncp_20250516T1145499313_d_img_d18_x11520_y01280.png,0.5142,205.29,442.91,215.01,456.86
ch2_ohr_ncp_20250516T1145499313_d_img_d18_x11520_y01280.png,0.4404,9.96,529.57,16.66,535.33
ch2_ohr_ncp_20250516T1145499313_d_img_d18_x11520_y01280.png,0.4171,40.86,479.06,45.76,484.01
ch2_ohr_ncp_20250516T1145499313_d_img_d18_x11520_y01280.png,0.3104,43.97,17.18,48.96,21.23
ch2_ohr_ncp_20250516T1145499313_d_img_d18_x11520_y01280.png,0.3002,221.68,135.75,228.0,140.22
ch2_ohr_ncp_20250516T1145499313_d_img_d18_x11520_y01280.png,0.2835,231.39,313.9,236.97,321.57
ch2_ohr_ncp_20250516T1145499313_d_img_d18_x11520_y01280.png,0.2477,0.02,27.0,4.91,32.73
ch2_ohr_ncp_20250516T1145499313_d_img_d18_x11520_y01280.png,0.2354,179.25,558.15,188.01,565.68
ch2_ohr_ncp_20250516T1145499313_d_img_d18_x11520_y01280.png,0.2291,127.52,217.2,132.3,221.72
ch2_ohr_ncp_20250516T1145499313_d_img_d18_x11520_y01280.png,0.2273,150.24,590.87,156.59,596.72
ch2_ohr_ncp_20250516T1145499313_d_img_d18_x11520_y01280.png,0.2228,135.96,279.22,144.25,284.95
ch2_ohr_ncp_20250516T1145499313_d_img_d18_x11520_y01280.png,0.222,162.04,279.41,168.24,284.6
ch2_ohr_ncp_20250516T1145499313_d_img_d18_x11520_y01280.png,0.2062,89.24,291.14,94.53,296.73
ch2_ohr_ncp_20250516T1145499313_d_img_d18_x11520_y01920.png,0.2008,46.87,323.95,52.59,329.02
ch2_ohr_ncp_20250516T1145499313_d_img_d18_x11520_y03200.png,0.2408,19.89,502.62,27.0,509.88
ch2_ohr_ncp_20250516T1145499313_d_img_d18_x11520_y11520.png,0.3853,44.0,23.89,49.98,28.57
ch2_ohr_ncp_20250516T1145499313_d_img_d18_x11520_y11520.png,0.3519,69.47,106.96,76.07,112.93
ch2_ohr_ncp_20250516T1145499313_d_img_d18_x11520_y11520.png,0.2674,45.67,23.77,52.0,28.48
ch2_ohr_ncp_20250516T1145499313_d_img_d18_x11520_y11520.png,0.2128,99.92,32.4,105.98,37.89
ch2_ohr_ncp_20250516T1145499313_d_img_d18_x11520_y21120.png,0.481,33.31,402.59,39.7,408.69
ch2_ohr_ncp_20250516T1145499313_d_img_d18_x11520_y21120.png,0.3146,82.38,202.42,87.81,207.32
ch2_ohr_ncp_20250516T1145499313_d_img_d18_x11520_y21120.png,0.3075,40.81,361.68,45.72,366.33
ch2_ohr_ncp_20250516T1145499313_d_img_d18_x11520_y21120.png,0.2634,104.08,204.0,109.69,210.63
ch2_ohr_ncp_20250516T1145499313_d_img_d18_x11520_y21120.png,0.2189,97.79,351.57,102.12,356.05
ch2_ohr_ncp_20250516T1145499313_d_img_d18_x11520_y21120.png,0.2183,53.34,203.58,60.0,209.69
ch2_ohr_ncp_20250516T1145499313_d_img_d18_x11520_y21120.png,0.2154,52.0,203.88,58.33,209.69
ch2_ohr_ncp_20250516T1145499313_d_img_d18_x11520_y21120.png,0.212,132.02,359.08,140.04,366.07
ch2_ohr_ncp_20250516T1145499313_d_img_d18_x11520_y21120.png,0.2035,0.04,403.92,4.08,410.56
ch2_ohr_ncp_20250516T1145499313_d_img_d18_x11520_y21120.png,0.202,118.01,80.56,124.0,85.24
ch2_ohr_ncp_20250516T1145499313_d_img_d18_x11520_y24960.png,0.2354,161.26,84.0,166.48,90.28
ch2_ohr_ncp_20250516T1145499313_d_img_d18_x11520_y26240.png,0.3211,216.36,88.13,221.75,92.66
ch2_ohr_ncp_20250516T1145499313_d_img_d18_x11520_y28160.png,0.3549,191.58,360.99,197.88,366.88
ch2_ohr_ncp_20250516T1145499313_d_img_d18_x11520_y33920.png,0.2397,179.99,65.0,185.18,69.46
ch2_ohr_ncp_20250516T1145499313_d_img_d18_x11520_y36480.png,0.3173,77.63,95.36,84.0,101.04
ch2_ohr_ncp_20250516T1145499313_d_img_d18_x11520_y36480.png,0.292,186.37,27.24,193.6,32.41
ch2_ohr_ncp_20250516T1145499313_d_img_d18_x11520_y37120.png,0.342,79.84,575.71,85.85,581.0
ch2_ohr_ncp_20250516T1145499313_d_img_d18_x11520_y37120.png,0.2203,11.09,622.54,17.28,628.61
ch2_ohr_ncp_20250516T1145499313_d_img_d18_x11520_y38400.png,0.2856,83.06,160.48,87.65,165.22
ch2_ohr_ncp_20250516T1145499313_d_img_d18_x11520_y38400.png,0.209,60.94,617.82,69.04,626.09
ch2_ohr_ncp_20250516T1145499313_d_img_d18_x11520_y40960.png,0.2702,157.64,603.35,164.02,608.43
ch2_ohr_ncp_20250516T1145499313_d_img_d18_x11520_y41600.png,0.2757,159.91,332.0,164.42,338.19
ch2_ohr_ncp_20250516T1145499313_d_img_d18_x11520_y41600.png,0.2475,0.04,192.24,6.67,198.99
ch2_ohr_ncp_20250516T1145499313_d_img_d18_x11520_y41600.png,0.2012,208.03,616.26,213.17,621.15
ch2_ohr_ncp_20250516T1145499313_d_img_d18_x11520_y42240.png,0.4342,95.1,618.09,101.99,623.76
ch2_ohr_ncp_20250516T1145499313_d_img_d18_x11520_y42240.png,0.2087,104.24,626.92,110.06,632.54
ch2_ohr_ncp_20250516T1145499313_d_img_d18_x11520_y45440.png,0.3297,107.13,633.62,111.99,638.43
ch2_ohr_ncp_20250516T1145499313_d_img_d18_x11520_y46720.png,0.2218,20.28,629.42,26.12,634.87
ch2_ohr_ncp_20250516T1145499313_d_img_d18_x11520_y46720.png,0.2166,128.92,219.36,134.46,224.92
ch2_ohr_ncp_20250516T1145499313_d_img_d18_x11520_y49280.png,0.2545,6.91,123.36,13.92,130.87
ch2_ohr_ncp_20250516T1145499313_d_img_d18_x11520_y49920.png,0.3232,126.93,584.03,134.32,592.6
ch2_ohr_ncp_20250516T1145499313_d_img_d18_x11520_y52480.png,0.2394,20.75,402.24,26.95,408.14
ch2_ohr_ncp_20250516T1145499313_d_img_d18_x11520_y52480.png,0.2356,128.2,26.13,134.19,33.67
ch2_ohr_ncp_20250516T1145499313_d_img_d18_x11520_y52480.png,0.2333,52.16,22.98,56.92,27.71
ch2_ohr_ncp_20250516T1145499313_d_img_d18_x11520_y52480.png,0.2149,90.27,94.12,96.46,100.51
ch2_ohr_ncp_20250516T1145499313_d_img_d18_x11520_y53120.png,0.3029,48.26,313.72,56.09,323.24
ch2_ohr_ncp_20250516T1145499313_d_img_d18_x11520_y53120.png,0.2713,78.3,124.0,84.01,129.81
ch2_ohr_ncp_20250516T1145499313_d_img_d18_x11520_y55680.png,0.2846,40.88,353.25,47.61,359.09
ch2_ohr_ncp_20250516T1145499313_d_img_d18_x11520_y55680.png,0.2108,48.12,553.23,52.27,557.25
ch2_ohr_ncp_20250516T1145499313_d_img_d18_x11520_y59520.png,0.5363,51.97,76.0,56.81,81.18
ch2_ohr_ncp_20250516T1145499313_d_img_d18_x11520_y59520.png,0.2744,1.5,142.98,13.88,156.26
ch2_ohr_ncp_20250516T1145499313_d_img_d18_x11520_y59520.png,0.2087,131.31,601.03,137.24,606.54
ch2_ohr_ncp_20250516T1145499313_d_img_d18_x11520_y60160.png,0.2901,187.99,207.48,194.55,213.47
ch2_ohr_ncp_20250516T1145499313_d_img_d18_x11520_y61440.png,0.2125,224.66,42.63,230.49,49.25
ch2_ohr_ncp_20250516T1145499313_d_img_d18_x11520_y62720.png,0.2281,192.92,390.19,198.76,396.07
ch2_ohr_ncp_20250516T1145499313_d_img_d18_x11520_y62720.png,0.2149,46.35,342.07,52.01,348.0
ch2_ohr_ncp_20250516T1145499313_d_img_d18_x11520_y63360.png,0.2234,150.01,132.78,156.66,140.24
ch2_ohr_ncp_20250516T1145499313_d_img_d18_x11520_y63360.png,0.2171,75.61,147.96,81.05,152.84
ch2_ohr_ncp_20250516T1145499313_d_img_d18_x11520_y64000.png,0.2673,108.0,6.85,114.3,12.48
ch2_ohr_ncp_20250516T1145499313_d_img_d18_x11520_y65920.png,0.4999,207.09,35.92,214.37,43.24
ch2_ohr_ncp_20250516T1145499313_d_img_d18_x11520_y65920.png,0.3268,170.1,245.09,176.48,252.01
ch2_ohr_ncp_20250516T1145499313_d_img_d18_x11520_y65920.png,0.2822,48.26,213.8,53.42,220.01
ch2_ohr_ncp_20250516T1145499313_d_img_d18_x11520_y65920.png,0.2393,54.8,280.41,60.22,286.22
ch2_ohr_ncp_20250516T1145499313_d_img_d18_x11520_y66560.png,0.2404,0.11,623.68,4.21,629.85
ch2_ohr_ncp_20250516T1145499313_d_img_d18_x11520_y67200.png,0.2857,37.72,178.12,43.0,184.11
ch2_ohr_ncp_20250516T1145499313_d_img_d18_x11520_y67840.png,0.4756,50.37,344.56,55.85,349.84
ch2_ohr_ncp_20250516T1145499313_d_img_d18_x11520_y67840.png,0.4507,128.7,617.48,136.27,624.84
ch2_ohr_ncp_20250516T1145499313_d_img_d18_x11520_y67840.png,0.3804,67.28,337.45,74.08,344.25
ch2_ohr_ncp_20250516T1145499313_d_img_d18_x11520_y67840.png,0.3768,146.48,495.41,151.82,501.41
ch2_ohr_ncp_20250516T1145499313_d_img_d18_x11520_y67840.png,0.2937,87.22,352.87,94.12,360.05
ch2_ohr_ncp_20250516T1145499313_d_img_d18_x11520_y67840.png,0.2936,237.32,383.21,244.09,389.38
ch2_ohr_ncp_20250516T1145499313_d_img_d18_x11520_y67840.png,0.254,128.23,528.27,132.95,532.91
ch2_ohr_ncp_20250516T1145499313_d_img_d18_x11520_y67840.png,0.2524,67.99,419.05,75.0,425.53
ch2_ohr_ncp_20250516T1145499313_d_img_d18_x11520_y67840.png,0.2215,111.62,466.87,118.57,474.4
ch2_ohr_ncp_20250516T1145499313_d_img_d18_x11520_y67840.png,0.2144,74.0,350.66,79.53,356.03
ch2_ohr_ncp_20250516T1145499313_d_img_d18_x11520_y67840.png,0.2006,69.21,418.84,76.02,425.49
ch2_ohr_ncp_20250516T1145499313_d_img_d18_x11520_y69760.png,0.5125,27.65,575.01,33.59,580.94
ch2_ohr_ncp_20250516T1145499313_d_img_d18_x11520_y69760.png,0.2986,9.3,256.68,13.78,261.33
ch2_ohr_ncp_20250516T1145499313_d_img_d18_x11520_y69760.png,0.288,53.97,415.24,60.25,420.43
ch2_ohr_ncp_20250516T1145499313_d_img_d18_x11520_y70400.png,0.2028,95.83,27.27,100.52,31.88
ch2_ohr_ncp_20250516T1145499313_d_img_d18_x11520_y70400.png,0.2,195.93,59.66,200.36,64.23
ch2_ohr_ncp_20250516T1145499313_d_img_d18_x11520_y72320.png,0.246,104.85,353.49,112.77,359.5
ch2_ohr_ncp_20250516T1145499313_d_img_d18_x11520_y77440.png,0.2071,35.99,155.96,41.32,160.92
ch2_ohr_ncp_20250516T1145499313_d_img_d18_x11520_y78720.png,0.2825,216.31,24.54,222.7,29.96
ch2_ohr_ncp_20250516T1145499313_d_img_d18_x11520_y80000.png,0.525,41.34,257.26,47.98,264.1
ch2_ohr_ncp_20250516T1145499313_d_img_d18_x11520_y80000.png,0.3422,165.46,297.01,172.88,304.4
ch2_ohr_ncp_20250516T1145499313_d_img_d18_x11520_y80000.png,0.2612,280.02,339.5,303.42,387.22
ch2_ohr_ncp_20250516T1145499313_d_img_d18_x11520_y80000.png,0.2609,226.95,155.6,231.8,159.95
ch2_ohr_ncp_20250516T1145499313_d_img_d18_x11520_y80000.png,0.2498,181.01,261.73,185.97,265.86
ch2_ohr_ncp_20250516T1145499313_d_img_d18_x11520_y80000.png,0.2472,154.36,494.66,160.61,500.26
ch2_ohr_ncp_20250516T1145499313_d_img_d18_x11520_y80000.png,0.239,51.97,572.0,58.97,577.98
ch2_ohr_ncp_20250516T1145499313_d_img_d18_x11520_y80000.png,0.2349,81.18,138.19,86.02,143.46
ch2_ohr_ncp_20250516T1145499313_d_img_d18_x11520_y80640.png,0.3592,75.97,595.99,80.69,600.84
ch2_ohr_ncp_20250516T1145499313_d_img_d18_x11520_y80640.png,0.3443,176.82,218.48,182.3,223.99
ch2_ohr_ncp_20250516T1145499313_d_img_d18_x11520_y80640.png,0.3112,58.51,325.39,64.58,332.01
ch2_ohr_ncp_20250516T1145499313_d_img_d18_x11520_y80640.png,0.2351,183.03,77.67,188.94,84.0
ch2_ohr_ncp_20250516T1145499313_d_img_d18_x11520_y80640.png,0.2311,127.87,338.36,133.75,344.63
ch2_ohr_ncp_20250516T1145499313_d_img_d18_x11520_y80640.png,0.2177,111.25,41.48,116.12,46.12
ch2_ohr_ncp_20250516T1145499313_d_img_d18_x11520_y80640.png,0.2136,101.25,232.22,108.1,238.28
ch2_ohr_ncp_20250516T1145499313_d_img_d18_x11520_y80640.png,0.2077,171.89,81.06,177.2,85.94
ch2_ohr_ncp_20250516T1342347288_d_img_d18_x11520_y10240.png,0.3063,135.81,117.48,140.96,121.84
ch2_ohr_ncp_20250516T1342347288_d_img_d18_x11520_y10240.png,0.2011,42.95,494.79,49.67,501.44
ch2_ohr_ncp_20250516T1342347288_d_img_d18_x11520_y16000.png,0.436,0.0,196.0,7.76,204.46
ch2_ohr_ncp_20250516T1342347288_d_img_d18_x11520_y16000.png,0.351,112.54,322.4,120.04,331.27
ch2_ohr_ncp_20250516T1342347288_d_img_d18_x11520_y16000.png,0.2844,198.41,379.67,204.07,384.72
ch2_ohr_ncp_20250516T1342347288_d_img_d18_x11520_y16000.png,0.2721,130.99,301.92,136.2,308.01
ch2_ohr_ncp_20250516T1342347288_d_img_d18_x11520_y16000.png,0.2456,84.0,259.96,88.88,264.14
ch2_ohr_ncp_20250516T1342347288_d_img_d18_x11520_y16000.png,0.224,126.67,499.72,132.18,504.35
ch2_ohr_ncp_20250516T1342347288_d_img_d18_x11520_y16000.png,0.2131,171.12,374.45,177.39,380.06
ch2_ohr_ncp_20250516T1342347288_d_img_d18_x11520_y16000.png,0.2018,137.15,307.99,141.75,312.64
ch2_ohr_ncp_20250516T1342347288_d_img_d18_x11520_y16640.png,0.4789,202.52,35.58,207.7,40.42
ch2_ohr_ncp_20250516T1342347288_d_img_d18_x11520_y17280.png,0.4464,0.1,192.39,5.01,198.72
ch2_ohr_ncp_20250516T1342347288_d_img_d18_x11520_y17280.png,0.3195,0.0,435.93,5.62,442.3
ch2_ohr_ncp_20250516T1342347288_d_img_d18_x11520_y17280.png,0.2379,192.04,277.81,198.85,284.0
ch2_ohr_ncp_20250516T1342347288_d_img_d18_x11520_y17280.png,0.2337,0.07,86.24,6.36,92.94
ch2_ohr_ncp_20250516T1342347288_d_img_d18_x11520_y17280.png,0.2284,0.4,395.98,5.86,401.9
ch2_ohr_ncp_20250516T1342347288_d_img_d18_x11520_y17280.png,0.2027,26.11,453.72,31.99,460.01
ch2_ohr_ncp_20250516T1342347288_d_img_d18_x11520_y17920.png,0.3408,36.73,85.31,41.31,89.86
ch2_ohr_ncp_20250516T1342347288_d_img_d18_x11520_y17920.png,0.2949,59.91,129.81,66.88,135.82
ch2_ohr_ncp_20250516T1342347288_d_img_d18_x11520_y19200.png,0.4644,128.78,149.75,133.52,156.0
ch2_ohr_ncp_20250516T1342347288_d_img_d18_x11520_y19200.png,0.3737,136.67,97.52,142.3,102.49
ch2_ohr_ncp_20250516T1342347288_d_img_d18_x11520_y19200.png,0.3726,116.6,181.88,121.45,186.46
ch2_ohr_ncp_20250516T1342347288_d_img_d18_x11520_y19200.png,0.3578,144.07,155.28,150.15,161.77
ch2_ohr_ncp_20250516T1342347288_d_img_d18_x11520_y19200.png,0.3484,200.91,281.59,207.01,287.55
ch2_ohr_ncp_20250516T1342347288_d_img_d18_x11520_y19200.png,0.3162,194.48,184.99,199.67,189.67
ch2_ohr_ncp_20250516T1342347288_d_img_d18_x11520_y19200.png,0.3072,87.8,122.67,94.17,132.17
ch2_ohr_ncp_20250516T1342347288_d_img_d18_x11520_y19200.png,0.2379,137.76,159.4,144.06,166.49
ch2_ohr_ncp_20250516T1342347288_d_img_d18_x11520_y19200.png,0.2238,183.88,310.28,189.46,317.5
ch2_ohr_ncp_20250516T1342347288_d_img_d18_x11520_y19200.png,0.2022,225.56,324.55,232.19,330.65
ch2_ohr_ncp_20250516T1342347288_d_img_d18_x11520_y24320.png,0.4413,83.57,392.26,88.91,397.27
ch2_ohr_ncp_20250516T1342347288_d_img_d18_x11520_y24320.png,0.4101,62.02,456.34,68.0,460.6
ch2_ohr_ncp_20250516T1342347288_d_img_d18_x11520_y24320.png,0.3363,189.6,401.21,196.34,406.63
ch2_ohr_ncp_20250516T1342347288_d_img_d18_x11520_y24320.png,0.288,37.91,454.43,43.21,459.06
ch2_ohr_ncp_20250516T1342347288_d_img_d18_x11520_y24320.png,0.2752,103.93,486.55,108.97,490.96
ch2_ohr_ncp_20250516T1342347288_d_img_d18_x11520_y24320.png,0.27,193.03,394.97,199.37,400.56
ch2_ohr_ncp_20250516T1342347288_d_img_d18_x11520_y24320.png,0.2612,161.28,632.4,165.86,636.2
ch2_ohr_ncp_20250516T1342347288_d_img_d18_x11520_y24320.png,0.2585,64.03,495.77,70.47,501.03
ch2_ohr_ncp_20250516T1342347288_d_img_d18_x11520_y24320.png,0.2531,37.97,454.15,44.0,460.0
ch2_ohr_ncp_20250516T1342347288_d_img_d18_x11520_y24320.png,0.2521,115.87,626.14,121.05,631.03
ch2_ohr_ncp_20250516T1342347288_d_img_d18_x11520_y24320.png,0.2427,126.99,611.86,133.73,617.71
ch2_ohr_ncp_20250516T1342347288_d_img_d18_x11520_y24320.png,0.2426,30.53,419.56,36.32,425.83
ch2_ohr_ncp_20250516T1342347288_d_img_d18_x11520_y24320.png,0.2185,111.52,473.85,118.85,480.21
ch2_ohr_ncp_20250516T1342347288_d_img_d18_x11520_y24320.png,0.209,104.57,486.46,109.31,492.01
ch2_ohr_ncp_20250516T1342347288_d_img_d18_x11520_y24960.png,0.5263,8.28,616.04,13.52,621.21
ch2_ohr_ncp_20250516T1342347288_d_img_d18_x11520_y24960.png,0.2921,27.61,272.17,33.23,277.17
ch2_ohr_ncp_20250516T1342347288_d_img_d18_x11520_y24960.png,0.2891,75.36,294.97,83.81,303.86
ch2_ohr_ncp_20250516T1342347288_d_img_d18_x11520_y24960.png,0.2662,58.96,283.64,65.3,288.96
ch2_ohr_ncp_20250516T1342347288_d_img_d18_x11520_y24960.png,0.2152,18.51,239.63,24.79,245.66
ch2_ohr_ncp_20250516T1342347288_d_img_d18_x11520_y28160.png,0.4982,80.4,295.91,85.91,302.53
ch2_ohr_ncp_20250516T1342347288_d_img_d18_x11520_y28160.png,0.3592,112.87,515.52,117.66,520.47
ch2_ohr_ncp_20250516T1342347288_d_img_d18_x11520_y28160.png,0.3481,66.2,595.96,71.45,602.58
ch2_ohr_ncp_20250516T1342347288_d_img_d18_x11520_y28160.png,0.3239,41.4,539.21,46.29,543.14
ch2_ohr_ncp_20250516T1342347288_d_img_d18_x11520_y28160.png,0.2925,121.33,381.49,126.47,388.01
ch2_ohr_ncp_20250516T1342347288_d_img_d18_x11520_y28160.png,0.2864,78.03,607.03,86.39,614.67
ch2_ohr_ncp_20250516T1342347288_d_img_d18_x11520_y28160.png,0.2711,42.33,617.69,47.26,622.36
ch2_ohr_ncp_20250516T1342347288_d_img_d18_x11520_y28160.png,0.2566,42.46,366.76,48.3,372.1
ch2_ohr_ncp_20250516T1342347288_d_img_d18_x11520_y28160.png,0.2549,315.68,232.71,324.23,239.61
ch2_ohr_ncp_20250516T1342347288_d_img_d18_x11520_y28160.png,0.2349,331.99,283.95,339.62,290.41
ch2_ohr_ncp_20250516T1342347288_d_img_d18_x11520_y28160.png,0.2241,121.46,379.98,126.61,387.21
ch2_ohr_ncp_20250516T1342347288_d_img_d18_x11520_y28160.png,0.2129,333.09,283.97,341.51,290.34
ch2_ohr_ncp_20250516T1342347288_d_img_d18_x11520_y28160.png,0.2032,87.91,310.92,92.58,315.43
ch2_ohr_ncp_20250516T1342347288_d_img_d18_x11520_y30080.png,0.4972,166.63,197.25,171.0,201.56
ch2_ohr_ncp_20250516T1342347288_d_img_d18_x11520_y30080.png,0.4501,136.42,34.39,143.14,40.91
ch2_ohr_ncp_20250516T1342347288_d_img_d18_x11520_y30080.png,0.384,182.33,204.0,188.01,209.88
ch2_ohr_ncp_20250516T1342347288_d_img_d18_x11520_y30080.png,0.3237,182.18,277.54,188.28,282.57
ch2_ohr_ncp_20250516T1342347288_d_img_d18_x11520_y30080.png,0.2884,117.56,164.45,124.45,170.55
ch2_ohr_ncp_20250516T1342347288_d_img_d18_x11520_y30080.png,0.2703,159.71,86.15,164.91,92.0
ch2_ohr_ncp_20250516T1342347288_d_img_d18_x11520_y30080.png,0.2664,64.88,208.3,71.03,213.67
ch2_ohr_ncp_20250516T1342347288_d_img_d18_x11520_y30080.png,0.2522,96.12,96.26,101.12,101.26
ch2_ohr_ncp_20250516T1342347288_d_img_d18_x11520_y30080.png,0.2421,80.66,210.68,87.19,216.94
ch2_ohr_ncp_20250516T1342347288_d_img_d18_x11520_y30080.png,0.2274,59.34,191.14,65.49,197.08
ch2_ohr_ncp_20250516T1342347288_d_img_d18_x11520_y30080.png,0.2019,123.5,235.58,130.39,241.32
ch2_ohr_ncp_20250516T1342347288_d_img_d18_x11520_y31360.png,0.2011,59.01,280.51,63.98,285.5
ch2_ohr_ncp_20250516T1342347288_d_img_d18_x11520_y31360.png,0.2003,24.3,354.17,30.14,359.52
ch2_ohr_ncp_20250516T1342347288_d_img_d18_x11520_y40320.png,0.2266,129.62,619.0,137.36,624.73
ch2_ohr_ncp_20250516T1342347288_d_img_d18_x11520_y40960.png,0.2375,192.0,113.69,196.88,118.22
ch2_ohr_ncp_20250516T1342347288_d_img_d18_x11520_y40960.png,0.2232,335.45,23.49,341.0,29.48
ch2_ohr_ncp_20250516T1342347288_d_img_d18_x11520_y44160.png,0.3493,11.82,407.22,17.9,412.46
ch2_ohr_ncp_20250516T1342347288_d_img_d18_x11520_y44160.png,0.3091,10.94,324.0,15.61,329.38
ch2_ohr_ncp_20250516T1342347288_d_img_d18_x11520_y44160.png,0.3044,16.76,346.64,23.08,352.1
ch2_ohr_ncp_20250516T1342347288_d_img_d18_x11520_y44160.png,0.2363,0.0,67.16,4.26,73.04
ch2_ohr_ncp_20250516T1342347288_d_img_d18_x11520_y44160.png,0.2206,177.17,126.56,182.34,132.11
ch2_ohr_ncp_20250516T1342347288_d_img_d18_x11520_y44800.png,0.2999,59.1,600.36,64.26,605.59
ch2_ohr_ncp_20250516T1342347288_d_img_d18_x11520_y46080.png,0.3,42.59,573.42,49.55,580.76
ch2_ohr_ncp_20250516T1342347288_d_img_d18_x11520_y46080.png,0.2529,6.3,489.57,12.48,494.58
ch2_ohr_ncp_20250516T1342347288_d_img_d18_x11520_y46720.png,0.2857,169.17,617.17,176.93,625.27
ch2_ohr_ncp_20250516T1342347288_d_img_d18_x11520_y46720.png,0.2236,148.89,405.71,155.12,412.73
ch2_ohr_ncp_20250516T1342347288_d_img_d18_x11520_y47360.png,0.2722,135.78,393.85,142.09,400.74
ch2_ohr_ncp_20250516T1342347288_d_img_d18_x11520_y51200.png,0.4419,136.64,528.78,143.22,534.65
ch2_ohr_ncp_20250516T1342347288_d_img_d18_x11520_y51200.png,0.3159,0.5,550.23,8.05,557.07
ch2_ohr_ncp_20250516T1342347288_d_img_d18_x11520_y51200.png,0.2883,26.48,559.52,31.21,564.79
ch2_ohr_ncp_20250516T1342347288_d_img_d18_x11520_y51200.png,0.2724,79.22,211.95,86.33,221.78
ch2_ohr_ncp_20250516T1342347288_d_img_d18_x11520_y51200.png,0.2571,75.82,311.83,81.0,316.47
ch2_ohr_ncp_20250516T1342347288_d_img_d18_x11520_y51200.png,0.2464,107.98,427.35,112.36,431.52
ch2_ohr_ncp_20250516T1342347288_d_img_d18_x11520_y53760.png,0.5542,40.7,465.77,47.14,471.72
ch2_ohr_ncp_20250516T1342347288_d_img_d18_x11520_y53760.png,0.3092,0.04,36.88,6.43,44.04
ch2_ohr_ncp_20250516T1342347288_d_img_d18_x11520_y53760.png,0.2522,218.3,459.87,224.14,465.35
ch2_ohr_ncp_20250516T1342347288_d_img_d18_x11520_y53760.png,0.226,12.0,421.91,17.93,428.0
ch2_ohr_ncp_20250516T1342347288_d_img_d18_x11520_y53760.png,0.2188,115.45,555.02,120.31,560.13
ch2_ohr_ncp_20250516T1342347288_d_img_d18_x11520_y53760.png,0.2113,0.18,627.17,6.52,632.36
ch2_ohr_ncp_20250516T1342347288_d_img_d18_x11520_y53760.png,0.2095,240.89,318.82,246.94,324.09
ch2_ohr_ncp_20250516T1342347288_d_img_d18_x11520_y56960.png,0.3553,45.51,197.84,52.26,204.04
ch2_ohr_ncp_20250516T1342347288_d_img_d18_x11520_y56960.png,0.2501,74.09,282.49,81.62,289.38
ch2_ohr_ncp_20250516T1342347288_d_img_d18_x11520_y56960.png,0.2222,17.31,46.84,22.31,52.14
ch2_ohr_ncp_20250516T1342347288_d_img_d18_x11520_y56960.png,0.2195,217.83,523.99,223.5,529.11
ch2_ohr_ncp_20250516T1342347288_d_img_d18_x11520_y56960.png,0.2161,136.96,290.78,143.0,296.15
ch2_ohr_ncp_20250516T1342347288_d_img_d18_x11520_y58880.png,0.3392,56.52,417.28,61.59,422.28
ch2_ohr_ncp_20250516T1342347288_d_img_d18_x11520_y58880.png,0.2929,17.61,627.83,25.09,635.13
ch2_ohr_ncp_20250516T1342347288_d_img_d18_x11520_y58880.png,0.2538,0.05,422.82,4.06,428.87
ch2_ohr_ncp_20250516T1342347288_d_img_d18_x11520_y58880.png,0.2111,0.24,596.18,13.63,612.67
ch2_ohr_ncp_20250516T1342347288_d_img_d18_x11520_y61440.png,0.3969,10.1,272.82,15.05,277.49
ch2_ohr_ncp_20250516T1342347288_d_img_d18_x11520_y61440.png,0.2454,9.29,42.93,14.45,47.87
ch2_ohr_ncp_20250516T1342347288_d_img_d18_x11520_y61440.png,0.2138,18.3,44.0,23.69,50.05
ch2_ohr_ncp_20250516T1342347288_d_img_d18_x11520_y62080.png,0.3148,45.73,347.91,52.01,353.22
ch2_ohr_ncp_20250516T1342347288_d_img_d18_x11520_y62080.png,0.2905,93.5,427.48,100.27,434.53
ch2_ohr_ncp_20250516T1342347288_d_img_d18_x11520_y62080.png,0.2649,40.6,470.37,45.85,476.0
ch2_ohr_ncp_20250516T1342347288_d_img_d18_x11520_y62080.png,0.2195,70.59,162.05,76.02,166.3
ch2_ohr_ncp_20250516T1342347288_d_img_d18_x11520_y64640.png,0.4268,144.44,597.29,149.93,604.01
ch2_ohr_ncp_20250516T1342347288_d_img_d18_x11520_y64640.png,0.3594,128.92,459.36,133.92,463.97
ch2_ohr_ncp_20250516T1342347288_d_img_d18_x11520_y64640.png,0.2813,107.96,443.96,112.62,448.55
ch2_ohr_ncp_20250516T1342347288_d_img_d18_x11520_y64640.png,0.2492,145.51,399.13,150.85,404.52
ch2_ohr_ncp_20250516T1342347288_d_img_d18_x11520_y64640.png,0.2308,190.42,419.71,196.01,424.63
ch2_ohr_ncp_20250516T1342347288_d_img_d18_x11520_y65280.png,0.4243,187.41,267.99,194.05,274.0
ch2_ohr_ncp_20250516T1342347288_d_img_d18_x11520_y65280.png,0.2512,201.15,262.08,205.72,268.0
ch2_ohr_ncp_20250516T1342347288_d_img_d18_x11520_y68480.png,0.4456,40.16,587.19,45.43,593.49
ch2_ohr_ncp_20250516T1342347288_d_img_d18_x11520_y70400.png,0.4035,23.6,530.88,28.9,536.01
ch2_ohr_ncp_20250516T1342347288_d_img_d18_x11520_y70400.png,0.3701,45.37,591.64,52.01,598.35
ch2_ohr_ncp_20250516T1342347288_d_img_d18_x11520_y70400.png,0.3579,44.0,591.53,50.92,598.21
ch2_ohr_ncp_20250516T1342347288_d_img_d18_x11520_y70400.png,0.3342,169.16,403.73,176.18,410.05
ch2_ohr_ncp_20250516T1342347288_d_img_d18_x11520_y70400.png,0.3185,41.64,337.82,46.45,342.42
ch2_ohr_ncp_20250516T1342347288_d_img_d18_x11520_y70400.png,0.3134,166.1,451.86,172.11,458.03
ch2_ohr_ncp_20250516T1342347288_d_img_d18_x11520_y70400.png,0.3081,77.75,547.36,84.02,552.49
ch2_ohr_ncp_20250516T1342347288_d_img_d18_x11520_y70400.png,0.295,0.0,362.88,4.87,369.22
ch2_ohr_ncp_20250516T1342347288_d_img_d18_x11520_y70400.png,0.2624,94.33,118.0,100.06,124.01
ch2_ohr_ncp_20250516T1342347288_d_img_d18_x11520_y70400.png,0.2362,158.6,34.2,164.51,39.73
ch2_ohr_ncp_20250516T1342347288_d_img_d18_x11520_y70400.png,0.2292,76.0,547.68,83.0,552.62
ch2_ohr_ncp_20250516T1342347288_d_img_d18_x11520_y70400.png,0.2091,147.91,139.1,153.42,144.41
ch2_ohr_ncp_20250516T1342347288_d_img_d18_x11520_y74880.png,0.5423,72.27,486.67,77.53,493.08
ch2_ohr_ncp_20250516T1342347288_d_img_d18_x11520_y74880.png,0.4552,69.98,504.2,76.23,509.19
ch2_ohr_ncp_20250516T1342347288_d_img_d18_x11520_y74880.png,0.394,69.87,474.26,76.27,480.62
ch2_ohr_ncp_20250516T1342347288_d_img_d18_x11520_y74880.png,0.3395,0.02,555.15,6.71,562.64
ch2_ohr_ncp_20250516T1342347288_d_img_d18_x11520_y74880.png,0.3127,40.69,298.75,47.61,304.9
ch2_ohr_ncp_20250516T1342347288_d_img_d18_x11520_y74880.png,0.3098,61.17,470.91,68.0,476.59
ch2_ohr_ncp_20250516T1342347288_d_img_d18_x11520_y74880.png,0.3005,59.99,470.78,66.77,476.5
ch2_ohr_ncp_20250516T1342347288_d_img_d18_x11520_y74880.png,0.2679,105.32,495.93,111.75,501.65
ch2_ohr_ncp_20250516T1342347288_d_img_d18_x11520_y76160.png,0.2519,192.86,232.21,199.37,237.88
ch2_ohr_ncp_20250516T1342347288_d_img_d18_x11520_y76160.png,0.2322,46.35,560.21,52.47,566.53
ch2_ohr_ncp_20250516T1342347288_d_img_d18_x11520_y77440.png,0.3801,83.18,398.66,89.51,405.64
ch2_ohr_ncp_20250516T1342347288_d_img_d18_x11520_y77440.png,0.2412,71.77,572.0,76.57,577.68
ch2_ohr_ncp_20250516T1342347288_d_img_d18_x11520_y77440.png,0.2363,32.85,504.31,38.77,509.58
ch2_ohr_ncp_20250516T1342347288_d_img_d18_x11520_y78080.png,0.44,71.21,581.35,77.31,587.43
ch2_ohr_ncp_20250516T1342347288_d_img_d18_x11520_y78080.png,0.4257,114.31,491.39,119.27,496.83
ch2_ohr_ncp_20250516T1342347288_d_img_d18_x11520_y78080.png,0.3729,1.41,202.62,6.68,206.7
ch2_ohr_ncp_20250516T1342347288_d_img_d18_x11520_y78080.png,0.362,0.06,227.98,4.71,234.03
ch2_ohr_ncp_20250516T1342347288_d_img_d18_x11520_y78080.png,0.3413,77.91,495.33,84.9,501.16
ch2_ohr_ncp_20250516T1342347288_d_img_d18_x11520_y78080.png,0.241,115.99,298.75,122.35,303.46
ch2_ohr_ncp_20250516T1342347288_d_img_d18_x11520_y78080.png,0.2244,117.69,314.63,125.41,322.47
ch2_ohr_ncp_20250516T1342347288_d_img_d18_x11520_y78080.png,0.2215,16.25,272.66,20.54,277.21
ch2_ohr_ncp_20250516T1342347288_d_img_d18_x11520_y80000.png,0.4882,56.36,605.73,61.74,613.32
ch2_ohr_ncp_20250516T1342347288_d_img_d18_x11520_y80000.png,0.3479,144.35,92.0,149.32,97.97
ch2_ohr_ncp_20250516T1342347288_d_img_d18_x11520_y80000.png,0.3313,59.85,15.6,65.33,20.65
ch2_ohr_ncp_20250516T1342347288_d_img_d18_x11520_y80000.png,0.3229,99.54,469.97,104.64,474.34
ch2_ohr_ncp_20250516T1342347288_d_img_d18_x11520_y80000.png,0.289,105.41,456.87,110.25,461.22
ch2_ohr_ncp_20250516T1342347288_d_img_d18_x11520_y80000.png,0.2617,130.69,507.13,139.53,515.18
ch2_ohr_ncp_20250516T1342347288_d_img_d18_x11520_y80000.png,0.261,46.01,633.93,52.59,639.51
ch2_ohr_ncp_20250516T1342347288_d_img_d18_x11520_y80640.png,0.4519,43.99,207.32,49.92,213.57
ch2_ohr_ncp_20250516T1342347288_d_img_d18_x11520_y80640.png,0.2813,57.45,417.77,62.18,422.03
ch2_ohr_ncp_20250516T1342347288_d_img_d18_x11520_y80640.png,0.2793,162.27,395.33,170.14,403.55
ch2_ohr_ncp_20250516T1342347288_d_img_d18_x11520_y80640.png,0.2729,71.53,251.14,78.81,257.95
ch2_ohr_ncp_20250516T1342347288_d_img_d18_x11520_y80640.png,0.2404,10.08,179.98,13.75,184.32
ch2_ohr_ncp_20250516T1342347288_d_img_d18_x11520_y80640.png,0.2385,117.82,627.99,124.0,633.39
ch2_ohr_ncp_20250516T1342347288_d_img_d18_x11520_y80640.png,0.232,45.39,207.49,52.0,213.56
ch2_ohr_ncp_20250516T1342347288_d_img_d18_x11520_y80640.png,0.2305,117.34,628.83,123.03,633.52
ch2_ohr_ncp_20250516T1342347288_d_img_d18_x11520_y80640.png,0.2128,112.67,250.81,117.94,255.77
ch2_ohr_ncp_20250516T1342347288_d_img_d18_x11520_y80640.png,0.2059,80.42,420.0,85.3,426.23
ch2_ohr_ncp_20250516T1342347288_d_img_d18_x11520_y80640.png,0.2059,64.37,199.44,70.55,205.17
ch2_ohr_ncp_20250516T1342347288_d_img_d18_x11520_y80640.png,0.201,329.56,323.05,335.73,330.79
ch2_ohr_ncp_20250516T1342347288_d_img_d18_x11520_y83840.png,0.2468,135.4,75.57,142.28,83.25
ch2_ohr_ncp_20250516T1342347288_d_img_d18_x11520_y84480.png,0.3662,105.24,14.36,110.38,20.01
ch2_ohr_ncp_20250516T1342347288_d_img_d18_x11520_y84480.png,0.3559,5.38,186.59,12.63,193.82
ch2_ohr_ncp_20250516T1342347288_d_img_d18_x11520_y84480.png,0.3216,146.99,420.0,151.57,425.55
ch2_ohr_ncp_20250516T1342347288_d_img_d18_x11520_y84480.png,0.3003,147.03,421.24,152.07,425.74
ch2_ohr_ncp_20250516T1342347288_d_img_d18_x11520_y84480.png,0.2984,333.16,264.59,361.94,297.2
ch2_ohr_ncp_20250516T1342347288_d_img_d18_x11520_y84480.png,0.2643,21.17,7.76,35.32,20.86
ch2_ohr_ncp_20250516T1342347288_d_img_d18_x11520_y84480.png,0.2462,158.88,615.13,164.15,620.67
ch2_ohr_ncp_20250516T1342347288_d_img_d18_x11520_y84480.png,0.2384,247.69,351.44,254.15,357.84
ch2_ohr_ncp_20250516T1342347288_d_img_d18_x11520_y84480.png,0.2356,135.85,169.0,140.03,173.13
ch2_ohr_ncp_20250516T1342347288_d_img_d18_x11520_y84480.png,0.2276,55.84,225.66,60.29,230.72
ch2_ohr_ncp_20250516T1342347288_d_img_d18_x11520_y85760.png,0.3225,51.14,259.99,57.26,266.15
ch2_ohr_ncp_20250516T1342347288_d_img_d18_x11520_y85760.png,0.2404,115.86,564.94,120.63,569.28
ch2_ohr_ncp_20250516T1342347288_d_img_d18_x11520_y85760.png,0.2,79.93,239.68,85.94,245.91
ch2_ohr_ncp_20250516T1342347288_d_img_d18_x11520_y86400.png,0.5922,58.3,528.1,63.54,532.84
ch2_ohr_ncp_20250516T1342347288_d_img_d18_x11520_y86400.png,0.5767,56.27,622.06,61.58,628.01
ch2_ohr_ncp_20250516T1342347288_d_img_d18_x11520_y86400.png,0.4341,11.33,610.88,19.23,617.55
ch2_ohr_ncp_20250516T1342347288_d_img_d18_x11520_y86400.png,0.359,54.86,538.95,60.01,543.31
ch2_ohr_ncp_20250516T1342347288_d_img_d18_x11520_y86400.png,0.2037,43.37,560.9,49.04,565.95
ch2_ohr_ncp_20250516T1342347288_d_img_d18_x11520_y87040.png,0.232,39.55,607.83,44.3,612.48
ch2_ohr_ncp_20250516T1342347288_d_img_d18_x11520_y87040.png,0.2213,96.97,499.95,101.7,504.27
ch2_ohr_ncp_20250516T1342347288_d_img_d18_x11520_y87040.png,0.2021,113.12,476.0,117.45,481.47
ch2_ohr_ncp_20250516T1342347288_d_img_d18_x11520_y89600.png,0.613,334.88,457.25,342.48,464.88
ch2_ohr_ncp_20250516T1342347288_d_img_d18_x11520_y89600.png,0.2114,42.87,514.48,50.75,521.72
ch2_ohr_ncp_20250516T1540191774_d_img_d18_x11520_y00000.png,0.6637,122.07,329.53,132.17,341.02
ch2_ohr_ncp_20250516T1540191774_d_img_d18_x11520_y00000.png,0.6052,176.94,451.99,182.91,458.33
ch2_ohr_ncp_20250516T1540191774_d_img_d18_x11520_y00000.png,0.35,342.07,165.84,347.07,170.03
ch2_ohr_ncp_20250516T1540191774_d_img_d18_x11520_y00000.png,0.3282,127.32,396.0,132.22,402.32
ch2_ohr_ncp_20250516T1540191774_d_img_d18_x11520_y00000.png,0.2865,0.06,529.63,5.23,535.55
ch2_ohr_ncp_20250516T1540191774_d_img_d18_x11520_y00000.png,0.2654,28.65,618.25,36.14,626.54
ch2_ohr_ncp_20250516T1540191774_d_img_d18_x11520_y00000.png,0.2653,243.14,31.91,249.49,38.47
ch2_ohr_ncp_20250516T1540191774_d_img_d18_x11520_y00000.png,0.2439,127.22,397.72,132.08,404.0
ch2_ohr_ncp_20250516T1540191774_d_img_d18_x11520_y00000.png,0.2369,154.88,315.53,161.14,320.92
ch2_ohr_ncp_20250516T1540191774_d_img_d18_x11520_y02560.png,0.3834,147.02,225.62,153.58,232.74
ch2_ohr_ncp_20250516T1540191774_d_img_d18_x11520_y02560.png,0.3627,192.61,58.25,199.03,64.22
ch2_ohr_ncp_20250516T1540191774_d_img_d18_x11520_y02560.png,0.3335,210.75,230.62,215.23,236.0
ch2_ohr_ncp_20250516T1540191774_d_img_d18_x11520_y02560.png,0.2995,11.99,3.98,19.46,10.3
ch2_ohr_ncp_20250516T1540191774_d_img_d18_x11520_y02560.png,0.2631,217.37,29.19,225.92,36.02
ch2_ohr_ncp_20250516T1540191774_d_img_d18_x11520_y02560.png,0.2356,81.62,331.05,87.58,336.92
ch2_ohr_ncp_20250516T1540191774_d_img_d18_x11520_y02560.png,0.2191,210.89,230.69,216.09,234.98
ch2_ohr_ncp_20250516T1540191774_d_img_d18_x11520_y04480.png,0.2855,75.99,628.0,81.92,633.63
ch2_ohr_ncp_20250516T1540191774_d_img_d18_x11520_y04480.png,0.2442,352.67,235.89,359.53,241.64
ch2_ohr_ncp_20250516T1540191774_d_img_d18_x11520_y04480.png,0.2179,17.36,576.18,21.71,580.47
ch2_ohr_ncp_20250516T1540191774_d_img_d18_x11520_y07040.png,0.3558,78.87,600.41,88.09,609.87
ch2_ohr_ncp_20250516T1540191774_d_img_d18_x11520_y07040.png,0.3261,135.99,629.27,141.67,634.36
ch2_ohr_ncp_20250516T1540191774_d_img_d18_x11520_y07040.png,0.3205,136.77,628.0,141.69,634.55
ch2_ohr_ncp_20250516T1540191774_d_img_d18_x11520_y07040.png,0.3038,199.61,0.03,209.11,8.03
ch2_ohr_ncp_20250516T1540191774_d_img_d18_x11520_y07040.png,0.291,10.87,30.92,17.78,37.66
ch2_ohr_ncp_20250516T1540191774_d_img_d18_x11520_y07040.png,0.2575,96.9,217.14,101.4,221.46
ch2_ohr_ncp_20250516T1540191774_d_img_d18_x11520_y07040.png,0.2525,142.35,144.37,148.0,149.09
ch2_ohr_ncp_20250516T1540191774_d_img_d18_x11520_y07040.png,0.2375,147.66,127.92,152.24,132.77
ch2_ohr_ncp_20250516T1540191774_d_img_d18_x11520_y11520.png,0.4088,136.86,358.92,143.77,368.93
ch2_ohr_ncp_20250516T1540191774_d_img_d18_x11520_y12160.png,0.5693,43.81,366.87,49.75,373.18
ch2_ohr_ncp_20250516T1540191774_d_img_d18_x11520_y12160.png,0.5388,15.47,354.84,21.18,361.58
ch2_ohr_ncp_20250516T1540191774_d_img_d18_x11520_y12160.png,0.523,45.85,562.29,52.01,566.97
ch2_ohr_ncp_20250516T1540191774_d_img_d18_x11520_y12160.png,0.5041,88.15,5.49,101.6,14.34
ch2_ohr_ncp_20250516T1540191774_d_img_d18_x11520_y12160.png,0.4418,110.53,491.91,117.9,499.13
ch2_ohr_ncp_20250516T1540191774_d_img_d18_x11520_y12160.png,0.4113,334.54,571.38,340.02,576.63
ch2_ohr_ncp_20250516T1540191774_d_img_d18_x11520_y12160.png,0.3903,195.79,17.43,200.86,22.22
ch2_ohr_ncp_20250516T1540191774_d_img_d18_x11520_y12160.png,0.355,51.89,73.29,56.87,78.32
ch2_ohr_ncp_20250516T1540191774_d_img_d18_x11520_y12160.png,0.3544,78.74,10.51,86.74,18.25
ch2_ohr_ncp_20250516T1540191774_d_img_d18_x11520_y12160.png,0.3278,43.71,569.37,61.35,589.04
ch2_ohr_ncp_20250516T1540191774_d_img_d18_x11520_y12160.png,0.311,51.77,270.76,56.96,276.55
ch2_ohr_ncp_20250516T1540191774_d_img_d18_x11520_y12160.png,0.2953,207.09,56.58,212.64,62.01
ch2_ohr_ncp_20250516T1540191774_d_img_d18_x11520_y12160.png,0.2794,105.91,19.99,111.71,25.12
ch2_ohr_ncp_20250516T1540191774_d_img_d18_x11520_y12160.png,0.2682,146.73,519.42,156.48,526.92
ch2_ohr_ncp_20250516T1540191774_d_img_d18_x11520_y12160.png,0.2656,231.98,629.46,237.49,634.77
ch2_ohr_ncp_20250516T1540191774_d_img_d18_x11520_y12160.png,0.2506,111.83,83.97,117.07,89.67
ch2_ohr_ncp_20250516T1540191774_d_img_d18_x11520_y12160.png,0.2493,157.77,268.66,164.94,276.79
ch2_ohr_ncp_20250516T1540191774_d_img_d18_x11520_y12160.png,0.2482,40.58,490.6,45.82,495.53
ch2_ohr_ncp_20250516T1540191774_d_img_d18_x11520_y12160.png,0.2447,163.94,315.88,172.98,325.07
ch2_ohr_ncp_20250516T1540191774_d_img_d18_x11520_y12160.png,0.2388,27.92,366.03,32.53,372.0
ch2_ohr_ncp_20250516T1540191774_d_img_d18_x11520_y12160.png,0.221,44.0,562.34,50.53,566.97
ch2_ohr_ncp_20250516T1540191774_d_img_d18_x11520_y12160.png,0.216,228.0,328.11,234.03,333.17
ch2_ohr_ncp_20250516T1540191774_d_img_d18_x11520_y16000.png,0.3689,149.08,245.68,156.04,252.01
ch2_ohr_ncp_20250516T1540191774_d_img_d18_x11520_y16000.png,0.3298,34.12,0.01,42.55,5.14
ch2_ohr_ncp_20250516T1540191774_d_img_d18_x11520_y16000.png,0.2848,129.16,144.12,135.67,150.32
ch2_ohr_ncp_20250516T1540191774_d_img_d18_x11520_y16000.png,0.2472,175.69,339.35,181.55,346.06
ch2_ohr_ncp_20250516T1540191774_d_img_d18_x11520_y16640.png,0.2354,19.91,547.97,25.1,553.28
ch2_ohr_ncp_20250516T1540191774_d_img_d18_x11520_y16640.png,0.2332,40.96,91.98,46.31,97.58
ch2_ohr_ncp_20250516T1540191774_d_img_d18_x11520_y17920.png,0.4584,10.74,437.92,17.72,445.18
ch2_ohr_ncp_20250516T1540191774_d_img_d18_x11520_y17920.png,0.3942,184.36,490.21,192.88,498.42
ch2_ohr_ncp_20250516T1540191774_d_img_d18_x11520_y17920.png,0.3621,201.21,574.38,207.39,580.14
ch2_ohr_ncp_20250516T1540191774_d_img_d18_x11520_y17920.png,0.2543,233.75,483.99,238.31,489.28
ch2_ohr_ncp_20250516T1540191774_d_img_d18_x11520_y17920.png,0.232,144.39,453.78,152.0,459.98
ch2_ohr_ncp_20250516T1540191774_d_img_d18_x11520_y17920.png,0.23,22.41,2.19,31.33,10.88
ch2_ohr_ncp_20250516T1540191774_d_img_d18_x11520_y17920.png,0.2139,102.96,428.0,108.0,433.6
ch2_ohr_ncp_20250516T1540191774_d_img_d18_x11520_y17920.png,0.2106,169.1,443.07,173.93,447.22
ch2_ohr_ncp_20250516T1540191774_d_img_d18_x11520_y17920.png,0.2094,207.7,346.7,215.38,354.85
ch2_ohr_ncp_20250516T1540191774_d_img_d18_x11520_y19840.png,0.528,163.33,14.98,168.38,20.88
ch2_ohr_ncp_20250516T1540191774_d_img_d18_x11520_y19840.png,0.4907,33.59,88.08,39.28,93.76
ch2_ohr_ncp_20250516T1540191774_d_img_d18_x11520_y19840.png,0.4306,65.0,631.42,71.14,637.56
ch2_ohr_ncp_20250516T1540191774_d_img_d18_x11520_y19840.png,0.4207,55.24,121.54,61.46,127.2
ch2_ohr_ncp_20250516T1540191774_d_img_d18_x11520_y19840.png,0.316,50.22,613.32,56.35,618.82
ch2_ohr_ncp_20250516T1540191774_d_img_d18_x11520_y19840.png,0.2734,80.37,132.0,85.0,138.16
ch2_ohr_ncp_20250516T1540191774_d_img_d18_x11520_y19840.png,0.2257,159.32,213.96,165.69,221.01
ch2_ohr_ncp_20250516T1540191774_d_img_d18_x11520_y19840.png,0.2245,39.82,613.3,44.66,617.91
ch2_ohr_ncp_20250516T1540191774_d_img_d18_x11520_y19840.png,0.2193,81.15,154.07,85.88,158.55
ch2_ohr_ncp_20250516T1540191774_d_img_d18_x11520_y24320.png,0.6637,48.32,289.15,53.86,294.97
ch2_ohr_ncp_20250516T1540191774_d_img_d18_x11520_y24320.png,0.5485,32.46,401.66,39.64,408.26
ch2_ohr_ncp_20250516T1540191774_d_img_d18_x11520_y24320.png,0.4365,39.05,410.19,46.83,418.04
ch2_ohr_ncp_20250516T1540191774_d_img_d18_x11520_y24320.png,0.433,145.74,177.53,153.42,185.6
ch2_ohr_ncp_20250516T1540191774_d_img_d18_x11520_y24320.png,0.3998,145.84,100.12,156.41,109.73
ch2_ohr_ncp_20250516T1540191774_d_img_d18_x11520_y24320.png,0.3862,163.92,215.91,169.6,221.33
ch2_ohr_ncp_20250516T1540191774_d_img_d18_x11520_y24320.png,0.3345,31.4,288.04,36.32,293.25
ch2_ohr_ncp_20250516T1540191774_d_img_d18_x11520_y24320.png,0.2904,195.99,286.11,201.62,292.0
ch2_ohr_ncp_20250516T1540191774_d_img_d18_x11520_y24320.png,0.2848,154.19,142.31,160.45,149.06
ch2_ohr_ncp_20250516T1540191774_d_img_d18_x11520_y24320.png,0.2655,27.99,257.91,33.74,263.13
ch2_ohr_ncp_20250516T1540191774_d_img_d18_x11520_y24320.png,0.2645,86.65,522.24,92.85,527.58
ch2_ohr_ncp_20250516T1540191774_d_img_d18_x11520_y24320.png,0.2619,110.9,259.38,116.05,264.9
ch2_ohr_ncp_20250516T1540191774_d_img_d18_x11520_y24320.png,0.247,123.03,338.9,130.27,345.14
ch2_ohr_ncp_20250516T1540191774_d_img_d18_x11520_y24320.png,0.2421,119.77,385.85,124.3,389.66
ch2_ohr_ncp_20250516T1540191774_d_img_d18_x11520_y24320.png,0.2208,94.01,515.96,100.49,522.26
ch2_ohr_ncp_20250516T1540191774_d_img_d18_x11520_y24960.png,0.3445,151.45,435.84,158.91,441.5
ch2_ohr_ncp_20250516T1540191774_d_img_d18_x11520_y24960.png,0.2873,150.09,570.32,156.84,576.33
ch2_ohr_ncp_20250516T1540191774_d_img_d18_x11520_y24960.png,0.2862,174.95,525.68,180.06,532.07
ch2_ohr_ncp_20250516T1540191774_d_img_d18_x11520_y24960.png,0.2842,137.87,454.93,145.23,465.58
ch2_ohr_ncp_20250516T1540191774_d_img_d18_x11520_y24960.png,0.2357,210.93,569.88,216.94,574.99
ch2_ohr_ncp_20250516T1540191774_d_img_d18_x11520_y24960.png,0.211,208.89,258.5,213.8,263.31
ch2_ohr_ncp_20250516T1540191774_d_img_d18_x11520_y26240.png,0.4619,0.88,98.93,9.7,107.61
ch2_ohr_ncp_20250516T1540191774_d_img_d18_x11520_y26240.png,0.4046,56.38,191.33,62.23,196.97
ch2_ohr_ncp_20250516T1540191774_d_img_d18_x11520_y26240.png,0.3785,151.15,174.29,156.4,180.09
ch2_ohr_ncp_20250516T1540191774_d_img_d18_x11520_y26240.png,0.3657,171.94,146.11,179.21,153.05
ch2_ohr_ncp_20250516T1540191774_d_img_d18_x11520_y26240.png,0.3535,175.84,185.25,181.18,190.35
ch2_ohr_ncp_20250516T1540191774_d_img_d18_x11520_y26240.png,0.3513,0.07,162.22,4.09,168.99
ch2_ohr_ncp_20250516T1540191774_d_img_d18_x11520_y26240.png,0.3424,144.97,215.82,150.24,220.26
ch2_ohr_ncp_20250516T1540191774_d_img_d18_x11520_y26240.png,0.329,170.21,65.19,177.12,73.21
ch2_ohr_ncp_20250516T1540191774_d_img_d18_x11520_y26240.png,0.3272,147.44,69.45,152.5,74.1
ch2_ohr_ncp_20250516T1540191774_d_img_d18_x11520_y26240.png,0.3158,81.89,6.46,88.46,12.83
ch2_ohr_ncp_20250516T1540191774_d_img_d18_x11520_y26240.png,0.3135,11.87,38.35,17.24,44.01
ch2_ohr_ncp_20250516T1540191774_d_img_d18_x11520_y26240.png,0.3034,159.39,526.52,165.61,532.48
ch2_ohr_ncp_20250516T1540191774_d_img_d18_x11520_y26240.png,0.2816,146.73,561.18,152.24,566.21
ch2_ohr_ncp_20250516T1540191774_d_img_d18_x11520_y26240.png,0.2737,145.32,116.0,150.2,121.11
ch2_ohr_ncp_20250516T1540191774_d_img_d18_x11520_y26240.png,0.2737,112.03,467.94,117.2,475.24
ch2_ohr_ncp_20250516T1540191774_d_img_d18_x11520_y26240.png,0.271,37.5,7.29,47.64,16.93
ch2_ohr_ncp_20250516T1540191774_d_img_d18_x11520_y26240.png,0.2707,147.47,68.0,151.98,74.25
ch2_ohr_ncp_20250516T1540191774_d_img_d18_x11520_y26240.png,0.2151,208.14,129.08,213.3,134.45
ch2_ohr_ncp_20250516T1540191774_d_img_d18_x11520_y26240.png,0.2148,178.94,304.61,183.52,309.69
ch2_ohr_ncp_20250516T1540191774_d_img_d18_x11520_y28800.png,0.3003,190.34,323.09,198.62,334.05
ch2_ohr_ncp_20250516T1540191774_d_img_d18_x11520_y28800.png,0.2877,62.94,371.56,68.22,376.38
ch2_ohr_ncp_20250516T1540191774_d_img_d18_x11520_y28800.png,0.258,45.61,250.68,52.06,256.72
ch2_ohr_ncp_20250516T1540191774_d_img_d18_x11520_y28800.png,0.2495,121.88,627.31,127.4,632.86
ch2_ohr_ncp_20250516T1540191774_d_img_d18_x11520_y30080.png,0.3815,52.83,337.63,62.43,348.88
ch2_ohr_ncp_20250516T1540191774_d_img_d18_x11520_y33920.png,0.5815,166.9,171.38,172.04,176.89
ch2_ohr_ncp_20250516T1540191774_d_img_d18_x11520_y33920.png,0.5716,207.79,624.29,212.42,629.6
ch2_ohr_ncp_20250516T1540191774_d_img_d18_x11520_y33920.png,0.5384,191.4,343.14,196.77,349.47
ch2_ohr_ncp_20250516T1540191774_d_img_d18_x11520_y33920.png,0.4968,286.11,415.75,292.02,420.53
ch2_ohr_ncp_20250516T1540191774_d_img_d18_x11520_y33920.png,0.3945,296.71,458.54,301.77,466.0
ch2_ohr_ncp_20250516T1540191774_d_img_d18_x11520_y33920.png,0.3504,326.36,255.34,332.02,260.32
ch2_ohr_ncp_20250516T1540191774_d_img_d18_x11520_y33920.png,0.2568,191.44,297.43,196.24,302.15
ch2_ohr_ncp_20250516T1540191774_d_img_d18_x11520_y33920.png,0.2551,0.13,87.17,5.4,92.09
ch2_ohr_ncp_20250516T1540191774_d_img_d18_x11520_y33920.png,0.2337,43.13,190.23,47.79,196.0
ch2_ohr_ncp_20250516T1540191774_d_img_d18_x11520_y33920.png,0.2223,34.7,56.86,39.67,61.06
ch2_ohr_ncp_20250516T1540191774_d_img_d18_x11520_y33920.png,0.2174,365.13,335.72,372.09,342.58
ch2_ohr_ncp_20250516T1540191774_d_img_d18_x11520_y35200.png,0.4333,56.49,27.25,62.66,33.95
ch2_ohr_ncp_20250516T1540191774_d_img_d18_x11520_y35200.png,0.317,98.9,7.74,105.33,13.46
ch2_ohr_ncp_20250516T1540191774_d_img_d18_x11520_y35200.png,0.2373,97.69,196.66,105.67,205.16
ch2_ohr_ncp_20250516T1540191774_d_img_d18_x11520_y37760.png,0.493,11.99,257.16,17.41,261.55
ch2_ohr_ncp_20250516T1540191774_d_img_d18_x11520_y37760.png,0.4512,16.84,349.81,22.29,356.02
ch2_ohr_ncp_20250516T1540191774_d_img_d18_x11520_y37760.png,0.4047,8.4,366.34,14.57,372.29
ch2_ohr_ncp_20250516T1540191774_d_img_d18_x11520_y37760.png,0.3934,210.36,382.73,215.69,388.14
ch2_ohr_ncp_20250516T1540191774_d_img_d18_x11520_y37760.png,0.3379,162.12,335.49,167.5,340.69
ch2_ohr_ncp_20250516T1540191774_d_img_d18_x11520_y37760.png,0.3196,151.9,230.94,157.47,237.64
ch2_ohr_ncp_20250516T1540191774_d_img_d18_x11520_y37760.png,0.3019,45.97,304.58,52.0,308.57
ch2_ohr_ncp_20250516T1540191774_d_img_d18_x11520_y37760.png,0.299,81.55,570.27,90.04,576.61
ch2_ohr_ncp_20250516T1540191774_d_img_d18_x11520_y37760.png,0.2746,14.37,271.07,20.34,277.02
ch2_ohr_ncp_20250516T1540191774_d_img_d18_x11520_y37760.png,0.2477,133.71,356.98,140.96,364.63
ch2_ohr_ncp_20250516T1540191774_d_img_d18_x11520_y38400.png,0.4387,37.69,626.15,44.59,633.64
ch2_ohr_ncp_20250516T1540191774_d_img_d18_x11520_y38400.png,0.4009,58.78,627.66,63.74,632.84
ch2_ohr_ncp_20250516T1540191774_d_img_d18_x11520_y38400.png,0.2231,161.27,49.92,166.56,54.82
ch2_ohr_ncp_20250516T1540191774_d_img_d18_x11520_y39040.png,0.4171,67.98,194.04,74.46,200.39
ch2_ohr_ncp_20250516T1540191774_d_img_d18_x11520_y39040.png,0.2786,138.35,383.52,143.03,388.41
ch2_ohr_ncp_20250516T1540191774_d_img_d18_x11520_y39040.png,0.2274,68.83,193.98,76.01,200.59
ch2_ohr_ncp_20250516T1540191774_d_img_d18_x11520_y39040.png,0.2109,46.01,178.09,54.21,184.85
ch2_ohr_ncp_20250516T1540191774_d_img_d18_x11520_y39680.png,0.4223,89.37,623.94,95.4,628.82
ch2_ohr_ncp_20250516T1540191774_d_img_d18_x11520_y40320.png,0.2342,1.33,171.24,8.18,177.46
ch2_ohr_ncp_20250516T1540191774_d_img_d18_x11520_y40320.png,0.2269,217.1,587.26,224.24,594.17
ch2_ohr_ncp_20250516T1540191774_d_img_d18_x11520_y40320.png,0.2101,214.45,574.69,224.27,583.24
ch2_ohr_ncp_20250516T1540191774_d_img_d18_x11520_y40960.png,0.2358,26.29,401.26,31.03,406.71
ch2_ohr_ncp_20250516T1540191774_d_img_d18_x11520_y40960.png,0.2337,145.55,0.14,151.77,4.06
ch2_ohr_ncp_20250516T1540191774_d_img_d18_x11520_y41600.png,0.3958,197.26,394.34,204.85,401.51
ch2_ohr_ncp_20250516T1540191774_d_img_d18_x11520_y42240.png,0.3122,229.54,154.33,236.93,163.08
ch2_ohr_ncp_20250516T1540191774_d_img_d18_x11520_y42240.png,0.2553,194.11,286.26,198.64,292.0
ch2_ohr_ncp_20250516T1540191774_d_img_d18_x11520_y42240.png,0.2295,116.0,219.99,122.52,225.4
ch2_ohr_ncp_20250516T1540191774_d_img_d18_x11520_y42240.png,0.2102,192.28,257.76,204.97,269.69
ch2_ohr_ncp_20250516T1540191774_d_img_d18_x11520_y43520.png,0.4657,120.7,310.71,125.87,316.04
ch2_ohr_ncp_20250516T1540191774_d_img_d18_x11520_y43520.png,0.2548,47.86,302.73,53.32,308.61
ch2_ohr_ncp_20250516T1540191774_d_img_d18_x11520_y44160.png,0.2894,167.91,16.56,175.17,26.32
ch2_ohr_ncp_20250516T1540191774_d_img_d18_x11520_y44160.png,0.2426,50.16,377.08,56.57,384.47
ch2_ohr_ncp_20250516T1540191774_d_img_d18_x11520_y44160.png,0.2023,53.65,347.99,60.35,354.78
ch2_ohr_ncp_20250516T1540191774_d_img_d18_x11520_y44800.png,0.3458,96.28,411.52,101.3,417.14
ch2_ohr_ncp_20250516T1540191774_d_img_d18_x11520_y44800.png,0.2855,26.4,495.78,33.61,503.07
ch2_ohr_ncp_20250516T1540191774_d_img_d18_x11520_y48000.png,0.4794,209.08,250.67,214.79,255.9
ch2_ohr_ncp_20250516T1540191774_d_img_d18_x11520_y48000.png,0.4597,106.05,184.46,115.25,193.99
ch2_ohr_ncp_20250516T1540191774_d_img_d18_x11520_y48000.png,0.4507,161.31,538.53,166.69,543.68
ch2_ohr_ncp_20250516T1540191774_d_img_d18_x11520_y48000.png,0.4139,210.1,269.37,215.5,276.0
ch2_ohr_ncp_20250516T1540191774_d_img_d18_x11520_y48000.png,0.2952,236.0,347.0,242.94,353.58
ch2_ohr_ncp_20250516T1540191774_d_img_d18_x11520_y48000.png,0.2935,209.91,268.0,215.22,274.62
ch2_ohr_ncp_20250516T1540191774_d_img_d18_x11520_y48000.png,0.2409,16.79,28.0,22.61,34.45
ch2_ohr_ncp_20250516T1540191774_d_img_d18_x11520_y48000.png,0.2054,95.0,195.64,100.05,200.06
ch2_ohr_ncp_20250516T1540191774_d_img_d18_x11520_y48640.png,0.5353,168.64,201.2,174.07,206.91
ch2_ohr_ncp_20250516T1540191774_d_img_d18_x11520_y48640.png,0.5299,176.9,167.13,181.94,172.7
ch2_ohr_ncp_20250516T1540191774_d_img_d18_x11520_y48640.png,0.3089,186.63,85.84,191.95,92.06
ch2_ohr_ncp_20250516T1540191774_d_img_d18_x11520_y48640.png,0.2283,129.48,101.74,134.31,108.0
ch2_ohr_ncp_20250516T1540191774_d_img_d18_x11520_y48640.png,0.2262,211.95,150.82,217.05,156.5
ch2_ohr_ncp_20250516T1540191774_d_img_d18_x11520_y48640.png,0.2182,93.11,594.49,100.01,600.27
ch2_ohr_ncp_20250516T1540191774_d_img_d18_x11520_y51200.png,0.2764,176.31,562.03,181.24,566.46
ch2_ohr_ncp_20250516T1540191774_d_img_d18_x11520_y51840.png,0.3132,224.62,337.91,230.83,344.64
ch2_ohr_ncp_20250516T1540191774_d_img_d18_x11520_y51840.png,0.2424,87.29,404.82,92.43,409.98
ch2_ohr_ncp_20250516T1540191774_d_img_d18_x11520_y51840.png,0.218,0.14,455.64,7.37,462.42
ch2_ohr_ncp_20250516T1540191774_d_img_d18_x11520_y51840.png,0.2152,150.81,446.51,157.42,452.48
ch2_ohr_ncp_20250516T1540191774_d_img_d18_x11520_y52480.png,0.4135,211.79,194.03,217.38,199.04
ch2_ohr_ncp_20250516T1540191774_d_img_d18_x11520_y52480.png,0.3254,210.69,295.3,218.15,301.83
ch2_ohr_ncp_20250516T1540191774_d_img_d18_x11520_y52480.png,0.2255,203.98,210.99,209.48,215.62
ch2_ohr_ncp_20250516T1540191774_d_img_d18_x11520_y53760.png,0.2149,166.6,294.85,172.12,300.03
ch2_ohr_ncp_20250516T1540191774_d_img_d18_x11520_y54400.png,0.342,48.49,191.12,54.61,197.15
ch2_ohr_ncp_20250516T1540191774_d_img_d18_x11520_y54400.png,0.2592,165.31,578.09,172.33,585.61
ch2_ohr_ncp_20250516T1540191774_d_img_d18_x11520_y55040.png,0.4716,185.9,4.81,193.2,12.01
ch2_ohr_ncp_20250516T1540191774_d_img_d18_x11520_y55040.png,0.4017,174.95,14.9,180.29,20.62
ch2_ohr_ncp_20250516T1540191774_d_img_d18_x11520_y55040.png,0.3004,112.21,377.77,119.02,386.36
ch2_ohr_ncp_20250516T1540191774_d_img_d18_x11520_y55040.png,0.2257,184.0,4.95,192.42,11.07
ch2_ohr_ncp_20250516T1540191774_d_img_d18_x11520_y55680.png,0.3054,70.85,423.38,77.65,433.22
ch2_ohr_ncp_20250516T1540191774_d_img_d18_x11520_y55680.png,0.2896,13.08,587.52,24.9,597.65
ch2_ohr_ncp_20250516T1540191774_d_img_d18_x11520_y55680.png,0.2434,195.92,363.94,201.02,369.33
ch2_ohr_ncp_20250516T1540191774_d_img_d18_x11520_y55680.png,0.212,231.51,170.79,238.21,177.16
ch2_ohr_ncp_20250516T1540191774_d_img_d18_x11520_y55680.png,0.2105,193.26,569.99,199.32,576.8
ch2_ohr_ncp_20250516T1540191774_d_img_d18_x11520_y56320.png,0.2434,230.29,347.98,236.53,354.46
ch2_ohr_ncp_20250516T1540191774_d_img_d18_x11520_y57600.png,0.399,9.5,582.31,15.72,588.05
ch2_ohr_ncp_20250516T1540191774_d_img_d18_x11520_y58880.png,0.4657,65.44,571.63,70.87,577.75
ch2_ohr_ncp_20250516T1540191774_d_img_d18_x11520_y58880.png,0.3186,200.97,330.57,206.96,335.95
ch2_ohr_ncp_20250516T1540191774_d_img_d18_x11520_y58880.png,0.3089,40.18,601.82,44.74,606.24
ch2_ohr_ncp_20250516T1540191774_d_img_d18_x11520_y60160.png,0.3526,205.7,104.15,214.98,115.62
ch2_ohr_ncp_20250516T1540191774_d_img_d18_x11520_y60160.png,0.2646,69.78,299.95,76.15,306.23
ch2_ohr_ncp_20250516T1540191774_d_img_d18_x11520_y60160.png,0.249,84.12,595.84,90.44,602.13
ch2_ohr_ncp_20250516T1540191774_d_img_d18_x11520_y60160.png,0.2076,157.33,627.43,164.01,634.24
ch2_ohr_ncp_20250516T1540191774_d_img_d18_x11520_y60160.png,0.2059,39.89,305.93,45.22,311.39
ch2_ohr_ncp_20250516T1540191774_d_img_d18_x11520_y61440.png,0.4918,169.91,498.57,175.92,504.67
ch2_ohr_ncp_20250516T1540191774_d_img_d18_x11520_y61440.png,0.3115,80.61,473.81,86.07,478.83
ch2_ohr_ncp_20250516T1540191774_d_img_d18_x11520_y61440.png,0.2989,57.33,315.91,63.27,322.92
ch2_ohr_ncp_20250516T1540191774_d_img_d18_x11520_y61440.png,0.259,53.31,612.77,58.54,618.05
ch2_ohr_ncp_20250516T1540191774_d_img_d18_x11520_y61440.png,0.2478,135.57,367.44,141.19,373.26
ch2_ohr_ncp_20250516T1540191774_d_img_d18_x11520_y62080.png,0.2719,28.01,497.35,36.16,507.8
ch2_ohr_ncp_20250516T1540191774_d_img_d18_x11520_y62080.png,0.2033,157.64,622.12,164.0,628.0
ch2_ohr_ncp_20250516T1540191774_d_img_d18_x11520_y62080.png,0.2032,156.0,622.2,162.61,628.02
ch2_ohr_ncp_20250516T1540191774_d_img_d18_x11520_y62720.png,0.2646,163.93,629.39,168.63,634.0
ch2_ohr_ncp_20250516T1540191774_d_img_d18_x11520_y62720.png,0.236,14.67,402.55,20.01,407.4
ch2_ohr_ncp_20250516T1540191774_d_img_d18_x11520_y62720.png,0.2102,0.1,360.11,4.18,365.11
ch2_ohr_ncp_20250516T1540191774_d_img_d18_x11520_y62720.png,0.2009,163.84,628.0,167.98,634.16
ch2_ohr_ncp_20250516T1540191774_d_img_d18_x11520_y63360.png,0.3755,232.7,467.53,241.64,474.63
ch2_ohr_ncp_20250516T1540191774_d_img_d18_x11520_y63360.png,0.2362,218.0,441.48,223.57,446.56
ch2_ohr_ncp_20250516T1540191774_d_img_d18_x11520_y63360.png,0.2236,173.79,393.81,180.27,399.64
ch2_ohr_ncp_20250516T1540191774_d_img_d18_x11520_y64000.png,0.3474,175.7,370.82,183.03,378.07
ch2_ohr_ncp_20250516T1540191774_d_img_d18_x11520_y64000.png,0.3118,39.66,210.22,44.41,214.19
ch2_ohr_ncp_20250516T1540191774_d_img_d18_x11520_y65280.png,0.4339,8.51,583.41,18.45,595.2
ch2_ohr_ncp_20250516T1540191774_d_img_d18_x11520_y65280.png,0.4221,227.5,48.45,233.06,53.12
ch2_ohr_ncp_20250516T1540191774_d_img_d18_x11520_y65280.png,0.2181,45.23,411.81,53.23,419.92
ch2_ohr_ncp_20250516T1540191774_d_img_d18_x11520_y65920.png,0.4806,71.64,398.75,77.77,405.07
ch2_ohr_ncp_20250516T1540191774_d_img_d18_x11520_y65920.png,0.3002,134.91,0.92,141.08,8.69
ch2_ohr_ncp_20250516T1540191774_d_img_d18_x11520_y65920.png,0.2136,38.31,50.64,44.86,56.95
ch2_ohr_ncp_20250516T1540191774_d_img_d18_x11520_y65920.png,0.2108,83.21,14.12,89.65,21.14
ch2_ohr_ncp_20250516T1540191774_d_img_d18_x11520_y66560.png,0.2508,11.96,82.84,17.76,88.85
ch2_ohr_ncp_20250516T1540191774_d_img_d18_x11520_y67200.png,0.39,220.81,626.23,228.8,633.05
ch2_ohr_ncp_20250516T1540191774_d_img_d18_x11520_y67200.png,0.2869,102.34,551.95,107.97,557.78
ch2_ohr_ncp_20250516T1540191774_d_img_d18_x11520_y67200.png,0.2324,110.19,533.56,117.13,542.15
ch2_ohr_ncp_20250516T1540191774_d_img_d18_x11520_y67200.png,0.2032,0.13,484.0,4.51,490.57
ch2_ohr_ncp_20250516T1540191774_d_img_d18_x11520_y72320.png,0.5413,222.02,502.45,228.17,508.78
ch2_ohr_ncp_20250516T1540191774_d_img_d18_x11520_y72320.png,0.3232,114.5,474.79,118.75,479.04
ch2_ohr_ncp_20250516T1540191774_d_img_d18_x11520_y72320.png,0.292,99.99,482.11,106.17,487.72
ch2_ohr_ncp_20250516T1540191774_d_img_d18_x11520_y72320.png,0.2844,267.26,331.53,273.12,337.54
ch2_ohr_ncp_20250516T1540191774_d_img_d18_x11520_y72320.png,0.2111,72.68,553.79,77.4,557.97
ch2_ohr_ncp_20250516T1540191774_d_img_d18_x11520_y72960.png,0.4281,50.24,49.78,57.91,58.03
ch2_ohr_ncp_20250516T1540191774_d_img_d18_x11520_y72960.png,0.3352,109.77,299.26,116.02,305.26
ch2_ohr_ncp_20250516T1540191774_d_img_d18_x11520_y72960.png,0.2259,54.83,64.4,60.03,70.15
ch2_ohr_ncp_20250516T1540191774_d_img_d18_x11520_y74240.png,0.2279,74.87,156.0,79.0,161.35
ch2_ohr_ncp_20250516T1540191774_d_img_d18_x11520_y74880.png,0.3166,158.35,266.1,164.09,272.3
ch2_ohr_ncp_20250516T1540191774_d_img_d18_x11520_y74880.png,0.2474,44.0,604.0,50.15,610.69
ch2_ohr_ncp_20250516T1540191774_d_img_d18_x11520_y76800.png,0.3542,132.88,0.14,144.62,7.37
ch2_ohr_ncp_20250516T1540191774_d_img_d18_x11520_y76800.png,0.3173,46.82,362.79,54.81,370.45
ch2_ohr_ncp_20250516T1540191774_d_img_d18_x11520_y77440.png,0.2578,91.75,0.23,100.07,7.25
ch2_ohr_ncp_20250516T1540191774_d_img_d18_x11520_y78720.png,0.2415,193.19,100.0,197.86,106.3
ch2_ohr_ncp_20250516T1540191774_d_img_d18_x11520_y78720.png,0.2019,16.86,254.69,22.66,261.44
ch2_ohr_ncp_20250516T1540191774_d_img_d18_x11520_y79360.png,0.224,72.58,201.55,79.11,206.84
ch2_ohr_ncp_20250516T1540191774_d_img_d18_x11520_y79360.png,0.2107,19.98,51.97,26.64,58.33
ch2_ohr_ncp_20250516T1540191774_d_img_d18_x11520_y80640.png,0.5337,32.44,408.85,39.27,415.19
ch2_ohr_ncp_20250516T1540191774_d_img_d18_x11520_y80640.png,0.363,203.44,525.98,209.15,532.02
ch2_ohr_ncp_20250516T1540191774_d_img_d18_x11520_y80640.png,0.3047,168.46,394.97,174.01,401.08
ch2_ohr_ncp_20250516T1540191774_d_img_d18_x11520_y80640.png,0.2987,41.2,303.26,46.93,308.37
ch2_ohr_ncp_20250516T1540191774_d_img_d18_x11520_y80640.png,0.2502,102.09,469.22,108.49,475.18
ch2_ohr_ncp_20250516T1540191774_d_img_d18_x11520_y80640.png,0.2477,105.38,379.95,110.71,385.7
ch2_ohr_ncp_20250516T1540191774_d_img_d18_x11520_y80640.png,0.2129,23.89,612.79,30.93,620.27
ch2_ohr_ncp_20250516T1540191774_d_img_d18_x11520_y80640.png,0.2007,200.84,227.01,206.07,231.96
ch2_ohr_ncp_20250516T1540191774_d_img_d18_x11520_y81280.png,0.2971,23.19,257.71,33.0,266.76
ch2_ohr_ncp_20250516T1540191774_d_img_d18_x11520_y82560.png,0.5519,49.48,543.12,56.24,551.48
ch2_ohr_ncp_20250516T1540191774_d_img_d18_x11520_y82560.png,0.5153,97.49,633.48,104.81,639.03
ch2_ohr_ncp_20250516T1540191774_d_img_d18_x11520_y82560.png,0.466,161.32,555.27,169.02,563.07
ch2_ohr_ncp_20250516T1540191774_d_img_d18_x11520_y82560.png,0.3531,216.73,378.7,222.92,385.27
ch2_ohr_ncp_20250516T1540191774_d_img_d18_x11520_y82560.png,0.3441,48.49,553.15,56.25,559.72
ch2_ohr_ncp_20250516T1540191774_d_img_d18_x11520_y82560.png,0.3141,202.2,556.0,208.25,562.04
ch2_ohr_ncp_20250516T1540191774_d_img_d18_x11520_y82560.png,0.2134,248.67,626.22,256.02,633.48
ch2_ohr_ncp_20250516T1540191774_d_img_d18_x11520_y82560.png,0.2039,114.65,365.99,119.16,372.0
ch2_ohr_ncp_20250516T1540191774_d_img_d18_x11520_y82560.png,0.2014,83.17,216.45,89.52,222.78
ch2_ohr_ncp_20250612T2031048828_d_img_d18_x05120_y79360.png,0.2001,116.65,12.99,126.85,22.34
ch2_ohr_ncp_20250612T2031048828_d_img_d18_x05760_y79360.png,0.2764,35.48,355.97,42.63,361.55
ch2_ohr_ncp_20250612T2031048828_d_img_d18_x07680_y79360.png,0.237,622.99,401.58,632.15,411.23
ch2_ohr_ncp_20250612T2031048828_d_img_d18_x08320_y79360.png,0.4516,601.65,325.39,609.18,332.11
ch2_ohr_ncp_20250612T2031048828_d_img_d18_x08960_y79360.png,0.2349,129.4,83.51,134.92,88.34
ch2_ohr_ncp_20250612T2031048828_d_img_d18_x09600_y79360.png,0.2207,51.29,368.25,56.7,373.25
ch2_ohr_ncp_20250612T2031048828_d_img_d18_x10240_y79360.png,0.5267,253.49,54.85,260.92,61.07
ch2_ohr_ncp_20250612T2031048828_d_img_d18_x10240_y79360.png,0.3121,211.59,367.23,216.33,372.01
ch2_ohr_ncp_20250612T2031048828_d_img_d18_x10240_y79360.png,0.3092,537.74,134.73,542.09,140.01
ch2_ohr_ncp_20250612T2031048828_d_img_d18_x10240_y79360.png,0.2302,315.02,401.14,320.23,405.73
ch2_ohr_ncp_20250612T2031048828_d_img_d18_x10240_y79360.png,0.23,556.59,380.0,565.69,386.22
ch2_ohr_ncp_20250612T2031048828_d_img_d18_x10880_y79360.png,0.3554,112.05,155.03,118.02,160.21
ch2_ohr_ncp_20250612T2031048828_d_img_d18_x10880_y79360.png,0.3411,199.97,90.58,205.22,96.28
ch2_ohr_ncp_20250612T2031048828_d_img_d18_x10880_y79360.png,0.315,15.93,163.14,25.07,170.04
ch2_ohr_ncp_20250612T2031048828_d_img_d18_x10880_y79360.png,0.261,303.88,375.94,310.09,381.9
ch2_ohr_ncp_20250612T2031048828_d_img_d18_x10880_y79360.png,0.2314,174.08,83.46,180.01,88.45
ch2_ohr_ncp_20250612T2031048828_d_img_d18_x11520_y00000.png,0.3311,99.7,501.2,107.63,509.18
ch2_ohr_ncp_20250612T2031048828_d_img_d18_x11520_y00000.png,0.3201,12.58,507.84,21.18,514.76
ch2_ohr_ncp_20250612T2031048828_d_img_d18_x11520_y00000.png,0.2147,11.96,508.59,20.26,516.0
ch2_ohr_ncp_20250612T2031048828_d_img_d18_x11520_y00640.png,0.369,35.65,232.86,40.61,237.82
ch2_ohr_ncp_20250612T2031048828_d_img_d18_x11520_y00640.png,0.3563,183.19,179.91,188.32,184.88
ch2_ohr_ncp_20250612T2031048828_d_img_d18_x11520_y00640.png,0.256,176.92,291.15,181.47,295.2
ch2_ohr_ncp_20250612T2031048828_d_img_d18_x11520_y00640.png,0.2122,0.79,226.59,8.46,233.19
ch2_ohr_ncp_20250612T2031048828_d_img_d18_x11520_y01280.png,0.2054,0.0,0.41,6.97,10.81
ch2_ohr_ncp_20250612T2031048828_d_img_d18_x11520_y01280.png,0.2038,347.95,615.32,354.88,621.97
ch2_ohr_ncp_20250612T2031048828_d_img_d18_x11520_y01920.png,0.3571,69.3,168.16,80.34,178.09
ch2_ohr_ncp_20250612T2031048828_d_img_d18_x11520_y01920.png,0.3566,145.76,27.0,151.58,32.01
ch2_ohr_ncp_20250612T2031048828_d_img_d18_x11520_y01920.png,0.3192,45.05,186.35,53.61,192.83
ch2_ohr_ncp_20250612T2031048828_d_img_d18_x11520_y01920.png,0.2769,224.5,572.0,230.16,578.16
ch2_ohr_ncp_20250612T2031048828_d_img_d18_x11520_y01920.png,0.2763,167.63,78.0,173.22,84.0
ch2_ohr_ncp_20250612T2031048828_d_img_d18_x11520_y02560.png,0.3827,160.69,233.78,167.67,239.4
ch2_ohr_ncp_20250612T2031048828_d_img_d18_x11520_y02560.png,0.354,35.99,98.62,42.29,104.07
ch2_ohr_ncp_20250612T2031048828_d_img_d18_x11520_y02560.png,0.3445,81.17,177.27,87.48,182.45
ch2_ohr_ncp_20250612T2031048828_d_img_d18_x11520_y02560.png,0.3339,37.33,98.41,44.0,103.91
ch2_ohr_ncp_20250612T2031048828_d_img_d18_x11520_y02560.png,0.32,173.5,291.47,180.53,297.77
ch2_ohr_ncp_20250612T2031048828_d_img_d18_x11520_y02560.png,0.3155,164.36,131.93,172.75,138.94
ch2_ohr_ncp_20250612T2031048828_d_img_d18_x11520_y02560.png,0.3097,358.02,354.85,364.38,359.94
ch2_ohr_ncp_20250612T2031048828_d_img_d18_x11520_y02560.png,0.221,125.32,628.0,132.0,633.63
ch2_ohr_ncp_20250612T2031048828_d_img_d18_x11520_y02560.png,0.201,124.0,628.0,130.81,633.35
ch2_ohr_ncp_20250612T2031048828_d_img_d18_x11520_y03200.png,0.4078,191.91,571.57,198.12,576.74
ch2_ohr_ncp_20250612T2031048828_d_img_d18_x11520_y03200.png,0.2846,28.74,0.15,49.81,19.76
ch2_ohr_ncp_20250612T2031048828_d_img_d18_x11520_y03200.png,0.2547,21.88,541.19,34.54,552.51
ch2_ohr_ncp_20250612T2031048828_d_img_d18_x11520_y03840.png,0.405,25.83,507.67,37.29,519.37
ch2_ohr_ncp_20250612T2031048828_d_img_d18_x11520_y03840.png,0.3126,40.77,515.05,46.0,519.42
ch2_ohr_ncp_20250612T2031048828_d_img_d18_x11520_y03840.png,0.2346,193.57,311.84,199.11,317.44
ch2_ohr_ncp_20250612T2031048828_d_img_d18_x11520_y04480.png,0.2623,97.14,623.48,103.85,629.27
ch2_ohr_ncp_20250612T2031048828_d_img_d18_x11520_y05120.png,0.204,91.17,318.9,98.19,325.9
ch2_ohr_ncp_20250612T2031048828_d_img_d18_x11520_y05760.png,0.4315,122.02,436.66,133.32,447.31
ch2_ohr_ncp_20250612T2031048828_d_img_d18_x11520_y05760.png,0.2793,0.0,119.99,5.64,128.61
ch2_ohr_ncp_20250612T2031048828_d_img_d18_x11520_y05760.png,0.2121,192.51,185.77,198.61,191.12
ch2_ohr_ncp_20250612T2031048828_d_img_d18_x11520_y06400.png,0.5813,26.3,419.98,31.9,425.15
ch2_ohr_ncp_20250612T2031048828_d_img_d18_x11520_y06400.png,0.5725,91.34,622.6,98.88,629.15
ch2_ohr_ncp_20250612T2031048828_d_img_d18_x11520_y06400.png,0.47,336.64,47.41,342.32,53.16
ch2_ohr_ncp_20250612T2031048828_d_img_d18_x11520_y06400.png,0.4509,10.19,620.0,15.14,625.48
ch2_ohr_ncp_20250612T2031048828_d_img_d18_x11520_y06400.png,0.3924,360.84,75.99,366.79,81.75
ch2_ohr_ncp_20250612T2031048828_d_img_d18_x11520_y06400.png,0.2952,357.86,269.98,366.35,277.96
ch2_ohr_ncp_20250612T2031048828_d_img_d18_x11520_y06400.png,0.2701,0.47,241.83,6.28,246.96
ch2_ohr_ncp_20250612T2031048828_d_img_d18_x11520_y06400.png,0.266,120.34,271.28,126.45,276.37
ch2_ohr_ncp_20250612T2031048828_d_img_d18_x11520_y07040.png,0.4962,49.31,377.07,54.39,381.91
ch2_ohr_ncp_20250612T2031048828_d_img_d18_x11520_y07040.png,0.4466,32.11,383.85,37.62,388.48
ch2_ohr_ncp_20250612T2031048828_d_img_d18_x11520_y07040.png,0.3196,65.21,383.84,69.48,388.13
ch2_ohr_ncp_20250612T2031048828_d_img_d18_x11520_y07040.png,0.278,118.97,593.34,135.27,606.66
ch2_ohr_ncp_20250612T2031048828_d_img_d18_x11520_y07040.png,0.2622,77.93,399.13,84.0,404.14
ch2_ohr_ncp_20250612T2031048828_d_img_d18_x11520_y07040.png,0.2354,23.33,489.5,30.82,496.14
ch2_ohr_ncp_20250612T2031048828_d_img_d18_x11520_y07040.png,0.2113,317.38,379.86,324.16,386.65
ch2_ohr_ncp_20250612T2031048828_d_img_d18_x11520_y07040.png,0.2099,139.36,479.38,143.66,484.01
ch2_ohr_ncp_20250612T2031048828_d_img_d18_x11520_y07680.png,0.405,355.57,235.83,364.64,244.99
ch2_ohr_ncp_20250612T2031048828_d_img_d18_x11520_y07680.png,0.2983,435.82,265.26,444.38,272.75
ch2_ohr_ncp_20250612T2031048828_d_img_d18_x11520_y07680.png,0.2923,346.45,69.93,352.77,76.01
ch2_ohr_ncp_20250612T2031048828_d_img_d18_x11520_y07680.png,0.2897,398.87,222.67,405.52,228.5
ch2_ohr_ncp_20250612T2031048828_d_img_d18_x11520_y07680.png,0.2801,23.59,9.51,32.82,18.43
ch2_ohr_ncp_20250612T2031048828_d_img_d18_x11520_y07680.png,0.2097,374.36,68.84,382.04,76.12
ch2_ohr_ncp_20250612T2031048828_d_img_d18_x11520_y07680.png,0.2033,333.9,70.52,340.02,76.03
ch2_ohr_ncp_20250612T2031048828_d_img_d18_x11520_y07680.png,0.2004,423.9,235.96,431.48,242.63
ch2_ohr_ncp_20250612T2031048828_d_img_d18_x11520_y08320.png,0.4295,56.84,453.02,64.55,460.03
ch2_ohr_ncp_20250612T2031048828_d_img_d18_x11520_y08320.png,0.261,0.06,34.2,5.29,39.71
ch2_ohr_ncp_20250612T2031048828_d_img_d18_x11520_y08960.png,0.4306,0.0,235.73,5.23,242.89
ch2_ohr_ncp_20250612T2031048828_d_img_d18_x11520_y08960.png,0.399,112.92,235.13,118.34,239.65
ch2_ohr_ncp_20250612T2031048828_d_img_d18_x11520_y08960.png,0.3114,21.11,335.68,28.01,341.19
ch2_ohr_ncp_20250612T2031048828_d_img_d18_x11520_y08960.png,0.2734,19.99,335.72,26.77,341.32
ch2_ohr_ncp_20250612T2031048828_d_img_d18_x11520_y08960.png,0.2473,0.02,259.73,8.79,277.76
ch2_ohr_ncp_20250612T2031048828_d_img_d18_x11520_y08960.png,0.2262,172.86,135.8,180.32,141.1
ch2_ohr_ncp_20250612T2031048828_d_img_d18_x11520_y08960.png,0.213,99.95,48.96,106.47,54.27
ch2_ohr_ncp_20250612T2031048828_d_img_d18_x11520_y10880.png,0.2479,173.99,520.96,180.11,525.21
ch2_ohr_ncp_20250612T2031048828_d_img_d18_x11520_y11520.png,0.5047,38.93,521.13,45.42,526.87
ch2_ohr_ncp_20250612T2031048828_d_img_d18_x11520_y11520.png,0.3158,182.37,69.46,188.14,74.23
ch2_ohr_ncp_20250612T2031048828_d_img_d18_x11520_y11520.png,0.2859,158.54,53.83,164.3,60.01
ch2_ohr_ncp_20250612T2031048828_d_img_d18_x11520_y12160.png,0.4587,0.05,200.57,5.35,206.58
ch2_ohr_ncp_20250612T2031048828_d_img_d18_x11520_y12160.png,0.4014,153.97,515.52,160.02,520.62
ch2_ohr_ncp_20250612T2031048828_d_img_d18_x11520_y12160.png,0.3883,141.08,280.54,149.17,287.83
ch2_ohr_ncp_20250612T2031048828_d_img_d18_x11520_y12160.png,0.2984,119.1,32.2,126.69,39.56
ch2_ohr_ncp_20250612T2031048828_d_img_d18_x11520_y12160.png,0.2816,67.76,273.25,72.88,277.7
ch2_ohr_ncp_20250612T2031048828_d_img_d18_x11520_y12160.png,0.269,31.65,366.56,37.59,372.05
ch2_ohr_ncp_20250612T2031048828_d_img_d18_x11520_y12160.png,0.2547,146.97,399.87,154.7,406.72
ch2_ohr_ncp_20250612T2031048828_d_img_d18_x11520_y12160.png,0.2149,211.99,160.42,219.06,165.22
ch2_ohr_ncp_20250612T2031048828_d_img_d18_x11520_y12160.png,0.2069,39.16,411.21,46.17,418.1
ch2_ohr_ncp_20250612T2031048828_d_img_d18_x11520_y12800.png,0.5044,197.79,186.3,204.25,191.03
ch2_ohr_ncp_20250612T2031048828_d_img_d18_x11520_y12800.png,0.321,81.58,387.55,87.44,392.4
ch2_ohr_ncp_20250612T2031048828_d_img_d18_x11520_y12800.png,0.3148,196.0,186.51,202.96,190.93
ch2_ohr_ncp_20250612T2031048828_d_img_d18_x11520_y12800.png,0.2586,200.23,294.18,205.94,300.04
ch2_ohr_ncp_20250612T2031048828_d_img_d18_x11520_y12800.png,0.2108,175.72,209.5,183.74,216.52
ch2_ohr_ncp_20250612T2031048828_d_img_d18_x11520_y12800.png,0.2011,107.96,180.0,112.49,184.32
ch2_ohr_ncp_20250612T2031048828_d_img_d18_x11520_y15360.png,0.5149,173.7,530.88,181.93,539.82
ch2_ohr_ncp_20250612T2031048828_d_img_d18_x11520_y15360.png,0.4656,8.99,3.28,16.47,10.62
ch2_ohr_ncp_20250612T2031048828_d_img_d18_x11520_y15360.png,0.3822,130.22,0.17,139.77,5.67
ch2_ohr_ncp_20250612T2031048828_d_img_d18_x11520_y15360.png,0.3236,56.36,12.0,60.72,17.58
ch2_ohr_ncp_20250612T2031048828_d_img_d18_x11520_y15360.png,0.2067,59.87,24.86,64.34,28.69
ch2_ohr_ncp_20250612T2031048828_d_img_d18_x11520_y15360.png,0.2061,146.12,507.78,152.9,514.17
ch2_ohr_ncp_20250612T2031048828_d_img_d18_x11520_y15360.png,0.2024,190.18,509.71,198.1,516.8
ch2_ohr_ncp_20250612T2031048828_d_img_d18_x11520_y20480.png,0.4091,0.1,598.56,4.02,604.01
ch2_ohr_ncp_20250612T2031048828_d_img_d18_x11520_y20480.png,0.301,425.83,577.58,433.53,585.01
ch2_ohr_ncp_20250612T2031048828_d_img_d18_x11520_y21120.png,0.6841,118.15,215.13,125.85,221.69
ch2_ohr_ncp_20250612T2031048828_d_img_d18_x11520_y21120.png,0.4375,213.15,287.33,221.26,295.36
ch2_ohr_ncp_20250612T2031048828_d_img_d18_x11520_y21120.png,0.4165,77.25,600.37,88.12,609.58
ch2_ohr_ncp_20250612T2031048828_d_img_d18_x11520_y21120.png,0.3939,64.4,376.06,71.28,382.04
ch2_ohr_ncp_20250612T2031048828_d_img_d18_x11520_y21120.png,0.3615,25.12,329.25,31.92,335.13
ch2_ohr_ncp_20250612T2031048828_d_img_d18_x11520_y21120.png,0.3549,95.73,258.37,102.14,264.57
ch2_ohr_ncp_20250612T2031048828_d_img_d18_x11520_y21120.png,0.3369,9.6,474.67,14.03,479.29
ch2_ohr_ncp_20250612T2031048828_d_img_d18_x11520_y21120.png,0.3252,16.54,566.78,25.59,573.86
ch2_ohr_ncp_20250612T2031048828_d_img_d18_x11520_y21120.png,0.3232,90.57,600.12,98.2,607.35
ch2_ohr_ncp_20250612T2031048828_d_img_d18_x11520_y21120.png,0.3184,18.08,602.54,25.51,608.96
ch2_ohr_ncp_20250612T2031048828_d_img_d18_x11520_y21120.png,0.302,4.16,182.45,11.56,188.73
ch2_ohr_ncp_20250612T2031048828_d_img_d18_x11520_y21120.png,0.287,138.43,272.19,142.56,276.25
ch2_ohr_ncp_20250612T2031048828_d_img_d18_x11520_y21120.png,0.2291,339.97,36.5,348.27,44.61
ch2_ohr_ncp_20250612T2031048828_d_img_d18_x11520_y21760.png,0.4598,32.1,537.99,36.48,542.19
ch2_ohr_ncp_20250612T2031048828_d_img_d18_x11520_y21760.png,0.4041,82.36,530.01,88.23,535.81
ch2_ohr_ncp_20250612T2031048828_d_img_d18_x11520_y21760.png,0.3795,254.01,343.58,260.0,348.6
ch2_ohr_ncp_20250612T2031048828_d_img_d18_x11520_y21760.png,0.3465,3.17,558.83,9.71,565.13
ch2_ohr_ncp_20250612T2031048828_d_img_d18_x11520_y21760.png,0.3239,13.19,516.71,21.02,524.37
ch2_ohr_ncp_20250612T2031048828_d_img_d18_x11520_y21760.png,0.3027,113.66,554.16,118.13,558.09
ch2_ohr_ncp_20250612T2031048828_d_img_d18_x11520_y21760.png,0.2884,41.56,533.36,47.87,540.01
ch2_ohr_ncp_20250612T2031048828_d_img_d18_x11520_y21760.png,0.2817,145.21,106.2,150.05,110.37
ch2_ohr_ncp_20250612T2031048828_d_img_d18_x11520_y21760.png,0.2572,209.93,260.0,215.22,266.11
ch2_ohr_ncp_20250612T2031048828_d_img_d18_x11520_y21760.png,0.2374,22.02,527.63,28.01,532.55
ch2_ohr_ncp_20250612T2031048828_d_img_d18_x11520_y21760.png,0.2293,177.79,314.91,183.63,319.7
ch2_ohr_ncp_20250612T2031048828_d_img_d18_x11520_y21760.png,0.2168,135.63,563.44,141.24,567.49
ch2_ohr_ncp_20250612T2031048828_d_img_d18_x11520_y21760.png,0.2066,22.37,414.57,29.26,421.25
ch2_ohr_ncp_20250612T2031048828_d_img_d18_x11520_y23040.png,0.4697,327.58,117.72,335.05,124.05
ch2_ohr_ncp_20250612T2031048828_d_img_d18_x11520_y23040.png,0.4583,104.94,84.92,112.65,92.04
ch2_ohr_ncp_20250612T2031048828_d_img_d18_x11520_y23040.png,0.4511,184.94,563.99,189.84,568.39
ch2_ohr_ncp_20250612T2031048828_d_img_d18_x11520_y23040.png,0.3935,355.99,22.9,361.89,28.11
ch2_ohr_ncp_20250612T2031048828_d_img_d18_x11520_y23040.png,0.3538,167.1,319.19,174.31,324.37
ch2_ohr_ncp_20250612T2031048828_d_img_d18_x11520_y23040.png,0.3409,0.05,469.27,7.99,478.43
ch2_ohr_ncp_20250612T2031048828_d_img_d18_x11520_y23040.png,0.3301,350.92,66.85,359.41,74.43
ch2_ohr_ncp_20250612T2031048828_d_img_d18_x11520_y23040.png,0.3032,57.86,86.92,64.44,92.49
ch2_ohr_ncp_20250612T2031048828_d_img_d18_x11520_y23040.png,0.292,14.04,150.23,20.68,156.01
ch2_ohr_ncp_20250612T2031048828_d_img_d18_x11520_y23040.png,0.2865,15.89,126.66,22.1,132.01
ch2_ohr_ncp_20250612T2031048828_d_img_d18_x11520_y23040.png,0.2758,202.04,15.4,207.23,20.03
ch2_ohr_ncp_20250612T2031048828_d_img_d18_x11520_y23040.png,0.2445,20.92,470.27,32.89,478.41
ch2_ohr_ncp_20250612T2031048828_d_img_d18_x11520_y23040.png,0.2329,0.0,488.42,4.58,498.21
ch2_ohr_ncp_20250612T2031048828_d_img_d18_x11520_y23680.png,0.5214,33.91,55.29,38.22,60.02
ch2_ohr_ncp_20250612T2031048828_d_img_d18_x11520_y23680.png,0.4516,10.59,97.41,18.77,106.02
ch2_ohr_ncp_20250612T2031048828_d_img_d18_x11520_y23680.png,0.4249,124.66,24.81,133.1,32.09
ch2_ohr_ncp_20250612T2031048828_d_img_d18_x11520_y23680.png,0.3843,18.48,109.19,27.89,118.28
ch2_ohr_ncp_20250612T2031048828_d_img_d18_x11520_y23680.png,0.3772,137.55,61.19,147.84,70.77
ch2_ohr_ncp_20250612T2031048828_d_img_d18_x11520_y23680.png,0.309,316.05,532.92,324.1,540.16
ch2_ohr_ncp_20250612T2031048828_d_img_d18_x11520_y23680.png,0.2948,364.0,579.99,370.1,585.02
ch2_ohr_ncp_20250612T2031048828_d_img_d18_x11520_y23680.png,0.2855,416.16,8.64,424.39,16.48
ch2_ohr_ncp_20250612T2031048828_d_img_d18_x11520_y23680.png,0.244,51.94,33.17,57.31,38.25
ch2_ohr_ncp_20250612T2031048828_d_img_d18_x11520_y23680.png,0.225,42.16,430.66,48.21,436.09
ch2_ohr_ncp_20250612T2031048828_d_img_d18_x11520_y23680.png,0.2172,147.99,73.79,152.72,77.42
ch2_ohr_ncp_20250612T2031048828_d_img_d18_x11520_y23680.png,0.2068,20.0,513.78,25.26,517.69
ch2_ohr_ncp_20250612T2031048828_d_img_d18_x11520_y24320.png,0.5464,8.6,0.14,18.82,7.5
ch2_ohr_ncp_20250612T2031048828_d_img_d18_x11520_y24320.png,0.3962,15.17,626.11,21.33,631.61
ch2_ohr_ncp_20250612T2031048828_d_img_d18_x11520_y24320.png,0.3835,332.74,338.19,340.3,344.14
ch2_ohr_ncp_20250612T2031048828_d_img_d18_x11520_y24320.png,0.3236,145.13,162.93,151.24,168.32
ch2_ohr_ncp_20250612T2031048828_d_img_d18_x11520_y24320.png,0.2371,352.64,455.02,359.27,460.41
ch2_ohr_ncp_20250612T2031048828_d_img_d18_x11520_y24960.png,0.4655,161.62,42.58,166.8,47.69
ch2_ohr_ncp_20250612T2031048828_d_img_d18_x11520_y24960.png,0.4112,56.92,563.82,62.28,568.92
ch2_ohr_ncp_20250612T2031048828_d_img_d18_x11520_y24960.png,0.3567,40.91,531.65,45.98,536.37
ch2_ohr_ncp_20250612T2031048828_d_img_d18_x11520_y24960.png,0.2398,33.45,504.89,38.98,509.81
ch2_ohr_ncp_20250612T2031048828_d_img_d18_x11520_y24960.png,0.236,201.32,452.0,206.26,458.28
ch2_ohr_ncp_20250612T2031048828_d_img_d18_x11520_y24960.png,0.2294,84.53,627.39,90.29,632.74
ch2_ohr_ncp_20250612T2031048828_d_img_d18_x11520_y24960.png,0.2052,255.56,243.07,263.52,251.08
ch2_ohr_ncp_20250612T2031048828_d_img_d18_x11520_y24960.png,0.2007,201.28,453.61,206.62,460.0
ch2_ohr_ncp_20250612T2031048828_d_img_d18_x11520_y25600.png,0.6346,96.9,50.51,104.08,57.64
ch2_ohr_ncp_20250612T2031048828_d_img_d18_x11520_y25600.png,0.3653,325.1,462.48,332.79,468.9
ch2_ohr_ncp_20250612T2031048828_d_img_d18_x11520_y25600.png,0.289,0.0,222.2,9.35,233.28
ch2_ohr_ncp_20250612T2031048828_d_img_d18_x11520_y25600.png,0.2608,302.89,15.14,309.82,20.02
ch2_ohr_ncp_20250612T2031048828_d_img_d18_x11520_y25600.png,0.2423,86.07,439.68,92.0,444.23
ch2_ohr_ncp_20250612T2031048828_d_img_d18_x11520_y25600.png,0.2136,325.94,498.06,332.0,502.47
ch2_ohr_ncp_20250612T2031048828_d_img_d18_x11520_y25600.png,0.2125,323.71,472.0,330.76,479.39
ch2_ohr_ncp_20250612T2031048828_d_img_d18_x11520_y26240.png,0.3205,167.25,406.44,173.96,412.09
ch2_ohr_ncp_20250612T2031048828_d_img_d18_x11520_y26240.png,0.2854,47.56,568.68,53.22,573.75
ch2_ohr_ncp_20250612T2031048828_d_img_d18_x11520_y26880.png,0.5772,6.4,59.6,25.38,76.62
ch2_ohr_ncp_20250612T2031048828_d_img_d18_x11520_y26880.png,0.3357,331.28,315.54,336.08,320.41
ch2_ohr_ncp_20250612T2031048828_d_img_d18_x11520_y26880.png,0.3347,0.04,522.8,4.02,528.15
ch2_ohr_ncp_20250612T2031048828_d_img_d18_x11520_y26880.png,0.3234,195.83,423.84,215.21,440.4
ch2_ohr_ncp_20250612T2031048828_d_img_d18_x11520_y26880.png,0.2724,192.06,406.64,198.03,412.36
ch2_ohr_ncp_20250612T2031048828_d_img_d18_x11520_y26880.png,0.2072,191.9,406.71,200.0,412.67
ch2_ohr_ncp_20250612T2031048828_d_img_d18_x11520_y27520.png,0.4397,0.03,267.76,4.15,275.04
ch2_ohr_ncp_20250612T2031048828_d_img_d18_x11520_y27520.png,0.4158,20.83,390.51,26.58,395.47
ch2_ohr_ncp_20250612T2031048828_d_img_d18_x11520_y27520.png,0.4035,152.71,67.32,157.61,71.33
ch2_ohr_ncp_20250612T2031048828_d_img_d18_x11520_y27520.png,0.321,43.44,43.4,50.23,48.76
ch2_ohr_ncp_20250612T2031048828_d_img_d18_x11520_y27520.png,0.2936,49.56,291.76,53.72,295.71
ch2_ohr_ncp_20250612T2031048828_d_img_d18_x11520_y27520.png,0.2637,21.15,390.7,28.0,396.04
ch2_ohr_ncp_20250612T2031048828_d_img_d18_x11520_y27520.png,0.249,98.29,372.98,107.1,380.56
ch2_ohr_ncp_20250612T2031048828_d_img_d18_x11520_y27520.png,0.2288,16.09,522.19,22.01,528.02
ch2_ohr_ncp_20250612T2031048828_d_img_d18_x11520_y27520.png,0.2097,80.1,391.36,84.6,396.05
ch2_ohr_ncp_20250612T2031048828_d_img_d18_x11520_y28160.png,0.5168,121.16,27.14,128.12,33.04
ch2_ohr_ncp_20250612T2031048828_d_img_d18_x11520_y28160.png,0.3654,143.05,91.03,148.01,95.96
ch2_ohr_ncp_20250612T2031048828_d_img_d18_x11520_y28160.png,0.3544,152.36,43.74,156.64,47.58
ch2_ohr_ncp_20250612T2031048828_d_img_d18_x11520_y28160.png,0.2484,189.25,115.02,196.8,120.63
ch2_ohr_ncp_20250612T2031048828_d_img_d18_x11520_y28160.png,0.242,177.66,240.52,184.03,245.41
ch2_ohr_ncp_20250612T2031048828_d_img_d18_x11520_y28160.png,0.2226,71.96,87.24,76.71,91.0
ch2_ohr_ncp_20250612T2031048828_d_img_d18_x11520_y28160.png,0.2134,35.98,500.0,42.26,506.45
ch2_ohr_ncp_20250612T2031048828_d_img_d18_x11520_y28160.png,0.2098,187.99,27.46,193.85,32.01
ch2_ohr_ncp_20250612T2031048828_d_img_d18_x11520_y28800.png,0.3161,69.93,575.75,76.01,580.46
ch2_ohr_ncp_20250612T2031048828_d_img_d18_x11520_y28800.png,0.2763,54.08,1.53,60.02,6.7
ch2_ohr_ncp_20250612T2031048828_d_img_d18_x11520_y28800.png,0.2221,136.27,560.6,141.06,564.39
ch2_ohr_ncp_20250612T2031048828_d_img_d18_x11520_y28800.png,0.2207,208.51,322.7,214.16,326.74
ch2_ohr_ncp_20250612T2031048828_d_img_d18_x11520_y28800.png,0.2108,51.85,215.0,58.14,220.16
ch2_ohr_ncp_20250612T2031048828_d_img_d18_x11520_y30080.png,0.5743,31.37,398.95,37.98,405.0
ch2_ohr_ncp_20250612T2031048828_d_img_d18_x11520_y30080.png,0.5139,32.07,328.29,40.76,336.88
ch2_ohr_ncp_20250612T2031048828_d_img_d18_x11520_y30080.png,0.509,116.91,278.99,123.19,284.61
ch2_ohr_ncp_20250612T2031048828_d_img_d18_x11520_y30080.png,0.4662,159.93,346.17,166.69,351.9
ch2_ohr_ncp_20250612T2031048828_d_img_d18_x11520_y30080.png,0.462,131.31,483.6,135.97,487.71
ch2_ohr_ncp_20250612T2031048828_d_img_d18_x11520_y30080.png,0.4586,173.19,46.4,180.0,52.26
ch2_ohr_ncp_20250612T2031048828_d_img_d18_x11520_y30080.png,0.4333,200.22,428.83,206.41,436.03
ch2_ohr_ncp_20250612T2031048828_d_img_d18_x11520_y30080.png,0.4318,136.72,185.74,142.76,190.74
ch2_ohr_ncp_20250612T2031048828_d_img_d18_x11520_y30080.png,0.3753,0.14,606.97,6.65,613.07
ch2_ohr_ncp_20250612T2031048828_d_img_d18_x11520_y30080.png,0.3575,192.72,283.73,208.1,296.42
ch2_ohr_ncp_20250612T2031048828_d_img_d18_x11520_y30080.png,0.3524,222.13,69.35,228.06,76.01
ch2_ohr_ncp_20250612T2031048828_d_img_d18_x11520_y30080.png,0.335,25.9,220.0,31.51,225.74
ch2_ohr_ncp_20250612T2031048828_d_img_d18_x11520_y30080.png,0.33,14.0,300.88,25.21,310.23
ch2_ohr_ncp_20250612T2031048828_d_img_d18_x11520_y30080.png,0.3108,176.59,203.94,181.64,208.52
ch2_ohr_ncp_20250612T2031048828_d_img_d18_x11520_y30080.png,0.3061,0.11,350.89,4.05,356.15
ch2_ohr_ncp_20250612T2031048828_d_img_d18_x11520_y30080.png,0.299,32.94,8.93,37.97,13.12
ch2_ohr_ncp_20250612T2031048828_d_img_d18_x11520_y30080.png,0.2969,247.74,165.94,254.19,172.01
ch2_ohr_ncp_20250612T2031048828_d_img_d18_x11520_y30080.png,0.2841,109.44,471.48,116.0,476.1
ch2_ohr_ncp_20250612T2031048828_d_img_d18_x11520_y30080.png,0.2806,72.91,435.15,77.58,440.29
ch2_ohr_ncp_20250612T2031048828_d_img_d18_x11520_y30080.png,0.2713,203.96,104.37,209.08,108.83
ch2_ohr_ncp_20250612T2031048828_d_img_d18_x11520_y30080.png,0.2631,43.97,418.07,49.85,422.92
ch2_ohr_ncp_20250612T2031048828_d_img_d18_x11520_y30080.png,0.2617,200.23,341.57,207.41,348.02
ch2_ohr_ncp_20250612T2031048828_d_img_d18_x11520_y30080.png,0.243,208.77,337.56,214.6,342.27
ch2_ohr_ncp_20250612T2031048828_d_img_d18_x11520_y30080.png,0.2253,152.56,187.98,156.27,192.75
ch2_ohr_ncp_20250612T2031048828_d_img_d18_x11520_y30080.png,0.2221,5.81,21.22,11.2,26.56
ch2_ohr_ncp_20250612T2031048828_d_img_d18_x11520_y30080.png,0.2145,55.73,508.0,60.12,513.96
ch2_ohr_ncp_20250612T2031048828_d_img_d18_x11520_y30080.png,0.2053,166.05,475.18,172.09,480.09
ch2_ohr_ncp_20250612T2031048828_d_img_d18_x11520_y30080.png,0.2051,108.0,471.61,114.6,476.15
ch2_ohr_ncp_20250612T2031048828_d_img_d18_x11520_y30080.png,0.2042,19.99,321.89,23.95,325.27
ch2_ohr_ncp_20250612T2031048828_d_img_d18_x11520_y30720.png,0.5911,273.01,400.3,280.18,406.43
ch2_ohr_ncp_20250612T2031048828_d_img_d18_x11520_y30720.png,0.5788,34.31,593.85,40.46,599.63
ch2_ohr_ncp_20250612T2031048828_d_img_d18_x11520_y30720.png,0.4971,335.14,312.12,345.13,319.85
ch2_ohr_ncp_20250612T2031048828_d_img_d18_x11520_y30720.png,0.4839,293.63,411.21,300.48,417.19
ch2_ohr_ncp_20250612T2031048828_d_img_d18_x11520_y30720.png,0.3794,187.15,492.0,192.79,497.36
ch2_ohr_ncp_20250612T2031048828_d_img_d18_x11520_y30720.png,0.2543,70.4,181.95,77.54,188.31
ch2_ohr_ncp_20250612T2031048828_d_img_d18_x11520_y30720.png,0.241,280.94,399.89,286.15,405.75
ch2_ohr_ncp_20250612T2031048828_d_img_d18_x11520_y30720.png,0.2386,104.27,632.78,115.33,639.84
ch2_ohr_ncp_20250612T2031048828_d_img_d18_x11520_y30720.png,0.2378,365.12,286.86,372.01,292.1
ch2_ohr_ncp_20250612T2031048828_d_img_d18_x11520_y30720.png,0.2376,21.31,105.43,28.47,111.81
ch2_ohr_ncp_20250612T2031048828_d_img_d18_x11520_y30720.png,0.2334,21.51,510.67,33.9,521.51
ch2_ohr_ncp_20250612T2031048828_d_img_d18_x11520_y30720.png,0.2317,198.65,123.95,204.28,129.56
ch2_ohr_ncp_20250612T2031048828_d_img_d18_x11520_y30720.png,0.2281,51.14,221.95,61.06,230.47
ch2_ohr_ncp_20250612T2031048828_d_img_d18_x11520_y30720.png,0.2224,55.02,581.89,62.65,588.92
ch2_ohr_ncp_20250612T2031048828_d_img_d18_x11520_y31360.png,0.546,186.11,388.0,191.95,394.17
ch2_ohr_ncp_20250612T2031048828_d_img_d18_x11520_y31360.png,0.5088,39.37,154.1,44.96,159.22
ch2_ohr_ncp_20250612T2031048828_d_img_d18_x11520_y31360.png,0.3579,10.55,67.9,15.8,72.73
ch2_ohr_ncp_20250612T2031048828_d_img_d18_x11520_y31360.png,0.2534,122.11,426.05,132.03,435.05
ch2_ohr_ncp_20250612T2031048828_d_img_d18_x11520_y31360.png,0.2513,193.05,411.99,197.74,417.13
ch2_ohr_ncp_20250612T2031048828_d_img_d18_x11520_y31360.png,0.2456,99.99,110.32,107.74,116.03
ch2_ohr_ncp_20250612T2031048828_d_img_d18_x11520_y31360.png,0.2238,99.63,387.99,105.02,394.34
ch2_ohr_ncp_20250612T2031048828_d_img_d18_x11520_y31360.png,0.2216,91.8,60.0,96.82,65.2
ch2_ohr_ncp_20250612T2031048828_d_img_d18_x11520_y31360.png,0.2145,101.23,109.6,108.53,116.01
ch2_ohr_ncp_20250612T2031048828_d_img_d18_x11520_y32000.png,0.4485,205.72,87.77,212.03,92.77
ch2_ohr_ncp_20250612T2031048828_d_img_d18_x11520_y32000.png,0.437,115.84,108.0,122.08,113.77
ch2_ohr_ncp_20250612T2031048828_d_img_d18_x11520_y32000.png,0.3742,21.33,581.66,33.96,592.55
ch2_ohr_ncp_20250612T2031048828_d_img_d18_x11520_y32000.png,0.3662,185.41,163.91,190.99,169.25
ch2_ohr_ncp_20250612T2031048828_d_img_d18_x11520_y32000.png,0.2596,0.0,3.8,4.08,10.57
ch2_ohr_ncp_20250612T2031048828_d_img_d18_x11520_y32000.png,0.2314,40.42,386.99,44.64,391.21
ch2_ohr_ncp_20250612T2031048828_d_img_d18_x11520_y32000.png,0.2032,201.83,14.98,206.47,20.0
ch2_ohr_ncp_20250612T2031048828_d_img_d18_x11520_y32640.png,0.3333,202.22,255.39,208.58,261.01
ch2_ohr_ncp_20250612T2031048828_d_img_d18_x11520_y32640.png,0.262,114.02,405.67,121.06,412.01
ch2_ohr_ncp_20250612T2031048828_d_img_d18_x11520_y32640.png,0.2537,48.2,471.6,52.84,476.01
ch2_ohr_ncp_20250612T2031048828_d_img_d18_x11520_y32640.png,0.2286,179.4,16.02,184.16,20.23
ch2_ohr_ncp_20250612T2031048828_d_img_d18_x11520_y32640.png,0.2228,175.2,23.92,180.07,28.5
ch2_ohr_ncp_20250612T2031048828_d_img_d18_x11520_y32640.png,0.2074,0.07,513.62,5.71,519.64
ch2_ohr_ncp_20250612T2031048828_d_img_d18_x11520_y33280.png,0.5208,46.6,592.58,54.68,600.15
ch2_ohr_ncp_20250612T2031048828_d_img_d18_x11520_y33280.png,0.5043,224.98,248.28,232.58,254.54
ch2_ohr_ncp_20250612T2031048828_d_img_d18_x11520_y33280.png,0.3108,93.62,551.74,104.6,561.87
ch2_ohr_ncp_20250612T2031048828_d_img_d18_x11520_y33280.png,0.2845,0.17,472.11,7.59,478.21
ch2_ohr_ncp_20250612T2031048828_d_img_d18_x11520_y33280.png,0.2599,163.56,494.17,168.56,500.0
ch2_ohr_ncp_20250612T2031048828_d_img_d18_x11520_y33280.png,0.2134,79.19,459.69,85.92,465.64
ch2_ohr_ncp_20250612T2031048828_d_img_d18_x11520_y33920.png,0.6251,346.6,3.09,354.17,9.72
ch2_ohr_ncp_20250612T2031048828_d_img_d18_x11520_y33920.png,0.5651,323.06,25.03,331.26,32.08
ch2_ohr_ncp_20250612T2031048828_d_img_d18_x11520_y33920.png,0.5217,343.59,570.79,349.71,576.25
ch2_ohr_ncp_20250612T2031048828_d_img_d18_x11520_y33920.png,0.3404,340.83,44.73,348.21,52.02
ch2_ohr_ncp_20250612T2031048828_d_img_d18_x11520_y33920.png,0.312,355.99,47.25,362.82,52.18
ch2_ohr_ncp_20250612T2031048828_d_img_d18_x11520_y33920.png,0.2704,87.74,126.99,93.39,132.17
ch2_ohr_ncp_20250612T2031048828_d_img_d18_x11520_y33920.png,0.2626,357.12,47.3,364.0,52.1
ch2_ohr_ncp_20250612T2031048828_d_img_d18_x11520_y33920.png,0.2457,99.0,632.23,105.11,636.38
ch2_ohr_ncp_20250612T2031048828_d_img_d18_x11520_y33920.png,0.2329,7.93,527.13,14.37,533.23
ch2_ohr_ncp_20250612T2031048828_d_img_d18_x11520_y33920.png,0.2181,377.86,411.99,384.5,417.95
ch2_ohr_ncp_20250612T2031048828_d_img_d18_x11520_y34560.png,0.5452,137.01,410.94,143.4,416.96
ch2_ohr_ncp_20250612T2031048828_d_img_d18_x11520_y34560.png,0.5448,23.67,371.01,29.52,376.48
ch2_ohr_ncp_20250612T2031048828_d_img_d18_x11520_y34560.png,0.4807,12.43,207.29,20.57,214.26
ch2_ohr_ncp_20250612T2031048828_d_img_d18_x11520_y34560.png,0.4689,39.86,356.11,48.38,364.55
ch2_ohr_ncp_20250612T2031048828_d_img_d18_x11520_y34560.png,0.3808,207.12,91.93,212.75,96.84
ch2_ohr_ncp_20250612T2031048828_d_img_d18_x11520_y34560.png,0.3559,83.95,282.98,90.95,288.81
ch2_ohr_ncp_20250612T2031048828_d_img_d18_x11520_y34560.png,0.3538,154.88,442.15,161.19,448.43
ch2_ohr_ncp_20250612T2031048828_d_img_d18_x11520_y34560.png,0.346,232.84,602.07,239.56,608.47
ch2_ohr_ncp_20250612T2031048828_d_img_d18_x11520_y34560.png,0.3268,40.27,383.02,45.95,388.42
ch2_ohr_ncp_20250612T2031048828_d_img_d18_x11520_y34560.png,0.3175,162.77,487.88,170.56,495.47
ch2_ohr_ncp_20250612T2031048828_d_img_d18_x11520_y34560.png,0.3,123.26,288.93,132.1,297.46
ch2_ohr_ncp_20250612T2031048828_d_img_d18_x11520_y34560.png,0.2525,185.75,508.0,191.15,513.51
ch2_ohr_ncp_20250612T2031048828_d_img_d18_x11520_y34560.png,0.2363,83.87,347.11,89.42,351.59
ch2_ohr_ncp_20250612T2031048828_d_img_d18_x11520_y35200.png,0.436,184.33,628.0,190.31,634.43
ch2_ohr_ncp_20250612T2031048828_d_img_d18_x11520_y35200.png,0.3448,147.98,560.91,154.65,565.9
ch2_ohr_ncp_20250612T2031048828_d_img_d18_x11520_y35200.png,0.3318,315.53,392.29,321.9,397.53
ch2_ohr_ncp_20250612T2031048828_d_img_d18_x11520_y35200.png,0.3281,39.3,376.39,44.04,380.23
ch2_ohr_ncp_20250612T2031048828_d_img_d18_x11520_y35200.png,0.267,149.3,561.03,156.0,565.8
ch2_ohr_ncp_20250612T2031048828_d_img_d18_x11520_y35200.png,0.2178,28.0,375.23,34.42,380.27
ch2_ohr_ncp_20250612T2031048828_d_img_d18_x11520_y35200.png,0.203,232.79,356.0,246.11,366.56
ch2_ohr_ncp_20250612T2031048828_d_img_d18_x11520_y35840.png,0.279,359.22,386.19,368.13,393.78
ch2_ohr_ncp_20250612T2031048828_d_img_d18_x11520_y35840.png,0.2176,0.04,419.9,6.94,427.04
ch2_ohr_ncp_20250612T2031048828_d_img_d18_x11520_y37120.png,0.555,171.99,264.08,178.41,270.23
ch2_ohr_ncp_20250612T2031048828_d_img_d18_x11520_y37120.png,0.3552,0.05,251.99,4.03,258.75
ch2_ohr_ncp_20250612T2031048828_d_img_d18_x11520_y37120.png,0.3246,173.13,263.95,180.01,270.33
ch2_ohr_ncp_20250612T2031048828_d_img_d18_x11520_y37120.png,0.2805,70.41,15.56,76.58,21.08
ch2_ohr_ncp_20250612T2031048828_d_img_d18_x11520_y37120.png,0.2747,140.32,176.48,149.45,183.3
ch2_ohr_ncp_20250612T2031048828_d_img_d18_x11520_y37120.png,0.2454,127.53,256.82,132.96,261.95
ch2_ohr_ncp_20250612T2031048828_d_img_d18_x11520_y37120.png,0.2098,111.3,398.07,116.06,404.0
ch2_ohr_ncp_20250612T2031048828_d_img_d18_x11520_y37120.png,0.2002,201.13,271.26,208.95,278.21
ch2_ohr_ncp_20250612T2031048828_d_img_d18_x11520_y37760.png,0.461,56.6,43.98,62.99,50.02
ch2_ohr_ncp_20250612T2031048828_d_img_d18_x11520_y37760.png,0.4585,239.93,626.62,246.13,631.9
ch2_ohr_ncp_20250612T2031048828_d_img_d18_x11520_y37760.png,0.4459,6.16,383.55,14.77,389.72
ch2_ohr_ncp_20250612T2031048828_d_img_d18_x11520_y37760.png,0.4148,326.86,585.02,334.01,592.01
ch2_ohr_ncp_20250612T2031048828_d_img_d18_x11520_y37760.png,0.2937,143.2,9.72,152.85,17.29
ch2_ohr_ncp_20250612T2031048828_d_img_d18_x11520_y37760.png,0.2805,184.53,445.68,192.74,452.55
ch2_ohr_ncp_20250612T2031048828_d_img_d18_x11520_y37760.png,0.2521,67.93,360.23,74.26,365.2
ch2_ohr_ncp_20250612T2031048828_d_img_d18_x11520_y38400.png,0.4822,112.25,271.36,118.46,276.33
ch2_ohr_ncp_20250612T2031048828_d_img_d18_x11520_y38400.png,0.2922,160.04,259.99,166.05,266.04
ch2_ohr_ncp_20250612T2031048828_d_img_d18_x11520_y38400.png,0.2882,105.66,108.0,110.29,112.98
ch2_ohr_ncp_20250612T2031048828_d_img_d18_x11520_y38400.png,0.2866,94.07,616.69,100.33,621.31
ch2_ohr_ncp_20250612T2031048828_d_img_d18_x11520_y38400.png,0.2534,105.55,244.0,110.7,249.16
ch2_ohr_ncp_20250612T2031048828_d_img_d18_x11520_y38400.png,0.2464,395.48,6.51,407.99,15.05
ch2_ohr_ncp_20250612T2031048828_d_img_d18_x11520_y38400.png,0.244,72.69,387.38,78.11,392.06
ch2_ohr_ncp_20250612T2031048828_d_img_d18_x11520_y38400.png,0.2431,151.63,413.99,158.2,420.09
ch2_ohr_ncp_20250612T2031048828_d_img_d18_x11520_y39040.png,0.3765,335.47,166.47,340.85,172.05
ch2_ohr_ncp_20250612T2031048828_d_img_d18_x11520_y39040.png,0.2827,59.98,192.1,66.03,197.55
ch2_ohr_ncp_20250612T2031048828_d_img_d18_x11520_y39040.png,0.2705,19.11,272.08,28.53,280.63
ch2_ohr_ncp_20250612T2031048828_d_img_d18_x11520_y39040.png,0.2257,350.09,424.83,356.01,429.41
ch2_ohr_ncp_20250612T2031048828_d_img_d18_x11520_y40320.png,0.5696,7.85,490.77,15.41,497.07
ch2_ohr_ncp_20250612T2031048828_d_img_d18_x11520_y40320.png,0.2255,256.93,525.59,264.94,532.11
ch2_ohr_ncp_20250612T2031048828_d_img_d18_x11520_y41600.png,0.4152,0.0,627.41,6.13,634.58
ch2_ohr_ncp_20250612T2031048828_d_img_d18_x11520_y41600.png,0.4091,21.07,322.18,31.49,328.3
ch2_ohr_ncp_20250612T2031048828_d_img_d18_x11520_y41600.png,0.3497,65.91,483.71,71.23,488.4
ch2_ohr_ncp_20250612T2031048828_d_img_d18_x11520_y41600.png,0.2878,146.53,496.2,154.33,504.13
ch2_ohr_ncp_20250612T2031048828_d_img_d18_x11520_y41600.png,0.2811,19.97,602.73,25.93,607.46
ch2_ohr_ncp_20250612T2031048828_d_img_d18_x11520_y41600.png,0.2704,125.82,123.71,132.01,128.55
ch2_ohr_ncp_20250612T2031048828_d_img_d18_x11520_y41600.png,0.2588,347.83,0.02,365.78,11.11
ch2_ohr_ncp_20250612T2031048828_d_img_d18_x11520_y41600.png,0.2252,131.87,251.9,138.05,257.51
ch2_ohr_ncp_20250612T2031048828_d_img_d18_x11520_y42240.png,0.5512,8.03,60.85,16.11,68.15
ch2_ohr_ncp_20250612T2031048828_d_img_d18_x11520_y42240.png,0.274,139.59,440.35,144.23,444.5
ch2_ohr_ncp_20250612T2031048828_d_img_d18_x11520_y42240.png,0.2335,146.7,263.5,156.64,271.57
ch2_ohr_ncp_20250612T2031048828_d_img_d18_x11520_y42240.png,0.2031,62.28,42.08,69.53,48.62
ch2_ohr_ncp_20250612T2031048828_d_img_d18_x11520_y42240.png,0.2016,41.08,1.95,45.93,6.66
ch2_ohr_ncp_20250612T2031048828_d_img_d18_x11520_y43520.png,0.3902,124.63,377.96,136.77,387.14
ch2_ohr_ncp_20250612T2031048828_d_img_d18_x11520_y43520.png,0.2632,185.06,110.56,191.22,116.05
ch2_ohr_ncp_20250612T2031048828_d_img_d18_x11520_y43520.png,0.2275,209.77,519.48,214.69,524.04
ch2_ohr_ncp_20250612T2031048828_d_img_d18_x11520_y43520.png,0.2064,70.4,139.82,76.03,145.04
ch2_ohr_ncp_20250612T2031048828_d_img_d18_x11520_y44160.png,0.4951,128.85,328.84,134.66,333.96
ch2_ohr_ncp_20250612T2031048828_d_img_d18_x11520_y44160.png,0.397,61.68,390.51,71.01,399.63
ch2_ohr_ncp_20250612T2031048828_d_img_d18_x11520_y44160.png,0.3581,111.06,53.71,117.63,60.13
ch2_ohr_ncp_20250612T2031048828_d_img_d18_x11520_y44160.png,0.2093,48.96,435.23,53.98,439.83
ch2_ohr_ncp_20250612T2031048828_d_img_d18_x11520_y44800.png,0.2469,77.39,622.32,85.06,629.77
ch2_ohr_ncp_20250612T2031048828_d_img_d18_x11520_y45440.png,0.4653,64.84,273.1,70.35,277.14
ch2_ohr_ncp_20250612T2031048828_d_img_d18_x11520_y45440.png,0.4192,352.09,57.21,359.34,64.07
ch2_ohr_ncp_20250612T2031048828_d_img_d18_x11520_y45440.png,0.319,360.0,51.99,368.35,59.78
ch2_ohr_ncp_20250612T2031048828_d_img_d18_x11520_y46080.png,0.2373,147.99,603.02,152.89,607.02
ch2_ohr_ncp_20250612T2031048828_d_img_d18_x11520_y46720.png,0.3487,333.06,34.95,340.43,42.76
ch2_ohr_ncp_20250612T2031048828_d_img_d18_x11520_y46720.png,0.315,160.44,355.86,165.35,360.65
ch2_ohr_ncp_20250612T2031048828_d_img_d18_x11520_y46720.png,0.3068,0.08,419.84,4.1,425.56
ch2_ohr_ncp_20250612T2031048828_d_img_d18_x11520_y48000.png,0.3207,381.77,294.99,388.06,300.17
ch2_ohr_ncp_20250612T2031048828_d_img_d18_x11520_y48000.png,0.2328,354.43,289.87,364.01,297.39
ch2_ohr_ncp_20250612T2031048828_d_img_d18_x11520_y48000.png,0.2255,105.51,493.36,112.72,500.0
ch2_ohr_ncp_20250612T2031048828_d_img_d18_x11520_y48640.png,0.3768,11.0,287.73,16.54,292.8
ch2_ohr_ncp_20250612T2031048828_d_img_d18_x11520_y48640.png,0.3739,3.63,162.6,18.87,175.25
ch2_ohr_ncp_20250612T2031048828_d_img_d18_x11520_y48640.png,0.3003,338.65,585.44,344.71,591.18
ch2_ohr_ncp_20250612T2031048828_d_img_d18_x11520_y48640.png,0.2244,7.73,300.0,12.93,306.3
ch2_ohr_ncp_20250612T2031048828_d_img_d18_x11520_y49280.png,0.4859,368.84,616.53,374.89,622.6
ch2_ohr_ncp_20250612T2031048828_d_img_d18_x11520_y49280.png,0.4794,326.64,458.56,333.03,464.57
ch2_ohr_ncp_20250612T2031048828_d_img_d18_x11520_y49280.png,0.4193,71.74,495.1,78.62,500.29
ch2_ohr_ncp_20250612T2031048828_d_img_d18_x11520_y49280.png,0.3403,166.07,623.29,174.37,629.99
ch2_ohr_ncp_20250612T2031048828_d_img_d18_x11520_y49280.png,0.3251,336.21,467.95,345.3,474.32
ch2_ohr_ncp_20250612T2031048828_d_img_d18_x11520_y49280.png,0.262,165.93,87.39,172.01,92.16
ch2_ohr_ncp_20250612T2031048828_d_img_d18_x11520_y49280.png,0.2437,88.4,609.32,93.22,613.52
ch2_ohr_ncp_20250612T2031048828_d_img_d18_x11520_y49280.png,0.218,65.39,256.91,74.08,263.1
ch2_ohr_ncp_20250612T2031048828_d_img_d18_x11520_y49280.png,0.2014,233.03,398.84,239.33,404.19
ch2_ohr_ncp_20250612T2031048828_d_img_d18_x11520_y50560.png,0.4568,202.93,210.63,209.43,216.4
ch2_ohr_ncp_20250612T2031048828_d_img_d18_x11520_y50560.png,0.4189,160.74,227.95,167.19,234.06
ch2_ohr_ncp_20250612T2031048828_d_img_d18_x11520_y50560.png,0.4142,173.44,217.5,180.2,222.4
ch2_ohr_ncp_20250612T2031048828_d_img_d18_x11520_y50560.png,0.3143,218.79,473.85,228.21,480.77
ch2_ohr_ncp_20250612T2031048828_d_img_d18_x11520_y50560.png,0.2337,181.03,500.87,186.8,505.13
ch2_ohr_ncp_20250612T2031048828_d_img_d18_x11520_y50560.png,0.2208,329.52,414.52,336.7,420.23
ch2_ohr_ncp_20250612T2031048828_d_img_d18_x11520_y51200.png,0.312,353.7,471.36,359.86,476.63
ch2_ohr_ncp_20250612T2031048828_d_img_d18_x11520_y51200.png,0.2005,128.66,202.24,134.06,207.32
ch2_ohr_ncp_20250612T2031048828_d_img_d18_x11520_y52480.png,0.3689,14.74,579.95,20.48,584.83
ch2_ohr_ncp_20250612T2031048828_d_img_d18_x11520_y52480.png,0.2363,203.99,118.33,209.87,124.0
ch2_ohr_ncp_20250612T2031048828_d_img_d18_x11520_y53760.png,0.4541,405.76,47.15,412.56,53.03
ch2_ohr_ncp_20250612T2031048828_d_img_d18_x11520_y53760.png,0.4007,9.56,11.66,17.02,18.48
ch2_ohr_ncp_20250612T2031048828_d_img_d18_x11520_y53760.png,0.3868,368.59,190.33,376.04,196.84
ch2_ohr_ncp_20250612T2031048828_d_img_d18_x11520_y53760.png,0.3823,160.74,120.13,170.47,127.92
ch2_ohr_ncp_20250612T2031048828_d_img_d18_x11520_y53760.png,0.3777,335.23,570.57,342.32,576.87
ch2_ohr_ncp_20250612T2031048828_d_img_d18_x11520_y53760.png,0.3507,321.02,564.9,327.89,572.47
ch2_ohr_ncp_20250612T2031048828_d_img_d18_x11520_y53760.png,0.271,47.53,331.02,54.65,337.82
ch2_ohr_ncp_20250612T2031048828_d_img_d18_x11520_y53760.png,0.2584,89.96,175.69,97.14,181.83
ch2_ohr_ncp_20250612T2031048828_d_img_d18_x11520_y53760.png,0.2515,0.09,499.95,4.03,506.17
ch2_ohr_ncp_20250612T2031048828_d_img_d18_x11520_y54400.png,0.6618,340.19,26.22,348.19,33.13
ch2_ohr_ncp_20250612T2031048828_d_img_d18_x11520_y54400.png,0.2865,206.13,217.97,212.04,222.44
ch2_ohr_ncp_20250612T2031048828_d_img_d18_x11520_y54400.png,0.2245,0.01,138.66,5.1,146.58
ch2_ohr_ncp_20250612T2031048828_d_img_d18_x11520_y54400.png,0.2158,332.0,23.83,338.74,28.92
ch2_ohr_ncp_20250612T2031048828_d_img_d18_x11520_y54400.png,0.2015,107.86,575.96,116.02,582.52
ch2_ohr_ncp_20250612T2031048828_d_img_d18_x11520_y55040.png,0.4048,117.99,11.95,129.46,21.72
ch2_ohr_ncp_20250612T2031048828_d_img_d18_x11520_y55040.png,0.2062,326.3,58.8,334.1,65.07
ch2_ohr_ncp_20250612T2031048828_d_img_d18_x11520_y56320.png,0.2841,82.02,203.83,92.05,211.99
ch2_ohr_ncp_20250612T2031048828_d_img_d18_x11520_y56320.png,0.2241,214.68,186.7,226.13,193.51
ch2_ohr_ncp_20250612T2031048828_d_img_d18_x11520_y56320.png,0.2143,85.39,291.79,92.03,297.31
ch2_ohr_ncp_20250612T2031048828_d_img_d18_x11520_y56320.png,0.2017,215.47,523.13,221.16,527.92
ch2_ohr_ncp_20250612T2031048828_d_img_d18_x11520_y56960.png,0.4918,214.86,287.38,222.8,294.14
ch2_ohr_ncp_20250612T2031048828_d_img_d18_x11520_y56960.png,0.37,189.0,302.15,203.59,314.01
ch2_ohr_ncp_20250612T2031048828_d_img_d18_x11520_y57600.png,0.546,144.83,621.76,155.36,630.74
ch2_ohr_ncp_20250612T2031048828_d_img_d18_x11520_y57600.png,0.2795,95.86,621.42,103.31,628.44
ch2_ohr_ncp_20250612T2031048828_d_img_d18_x11520_y57600.png,0.2237,94.91,618.49,105.39,628.51
ch2_ohr_ncp_20250612T2031048828_d_img_d18_x11520_y58240.png,0.4684,18.71,0.09,31.46,7.46
ch2_ohr_ncp_20250612T2031048828_d_img_d18_x11520_y58240.png,0.3802,48.29,3.95,53.89,9.11
ch2_ohr_ncp_20250612T2031048828_d_img_d18_x11520_y58240.png,0.337,49.02,114.02,56.37,120.9
ch2_ohr_ncp_20250612T2031048828_d_img_d18_x11520_y58240.png,0.2601,84.7,258.75,92.11,264.76
ch2_ohr_ncp_20250612T2031048828_d_img_d18_x11520_y58240.png,0.2584,0.0,6.28,13.02,20.81
ch2_ohr_ncp_20250612T2031048828_d_img_d18_x11520_y58240.png,0.2463,15.02,115.45,21.59,120.75
ch2_ohr_ncp_20250612T2031048828_d_img_d18_x11520_y58880.png,0.4043,144.24,19.41,149.64,24.7
ch2_ohr_ncp_20250612T2031048828_d_img_d18_x11520_y58880.png,0.3066,344.9,5.86,354.37,16.13
ch2_ohr_ncp_20250612T2031048828_d_img_d18_x11520_y58880.png,0.2772,31.47,0.09,39.34,4.48
ch2_ohr_ncp_20250612T2031048828_d_img_d18_x11520_y58880.png,0.2218,144.96,434.16,149.79,438.9
ch2_ohr_ncp_20250612T2031048828_d_img_d18_x11520_y58880.png,0.2057,75.99,3.54,82.77,9.09
ch2_ohr_ncp_20250612T2031048828_d_img_d18_x11520_y59520.png,0.4357,208.74,367.33,213.77,372.01
ch2_ohr_ncp_20250612T2031048828_d_img_d18_x11520_y59520.png,0.4117,179.88,482.47,185.73,487.84
ch2_ohr_ncp_20250612T2031048828_d_img_d18_x11520_y59520.png,0.3515,101.73,566.54,108.0,572.02
ch2_ohr_ncp_20250612T2031048828_d_img_d18_x11520_y59520.png,0.2833,192.67,370.91,198.23,376.32
ch2_ohr_ncp_20250612T2031048828_d_img_d18_x11520_y59520.png,0.2792,158.24,61.78,164.31,68.03
ch2_ohr_ncp_20250612T2031048828_d_img_d18_x11520_y59520.png,0.2575,82.6,17.42,90.1,23.73
ch2_ohr_ncp_20250612T2031048828_d_img_d18_x11520_y59520.png,0.2329,119.46,321.47,125.21,326.27
ch2_ohr_ncp_20250612T2031048828_d_img_d18_x11520_y59520.png,0.2031,249.24,401.21,254.33,405.81
ch2_ohr_ncp_20250612T2031048828_d_img_d18_x11520_y60160.png,0.2995,0.07,17.42,4.03,24.23
ch2_ohr_ncp_20250612T2031048828_d_img_d18_x11520_y60160.png,0.2182,164.0,238.32,170.23,244.0
ch2_ohr_ncp_20250612T2031048828_d_img_d18_x11520_y60800.png,0.3528,110.96,275.83,119.85,284.09
ch2_ohr_ncp_20250612T2031048828_d_img_d18_x11520_y60800.png,0.3455,147.58,141.66,154.01,148.01
ch2_ohr_ncp_20250612T2031048828_d_img_d18_x11520_y60800.png,0.2592,0.12,452.49,7.71,460.03
ch2_ohr_ncp_20250612T2031048828_d_img_d18_x11520_y60800.png,0.2529,98.73,214.33,104.0,220.05
ch2_ohr_ncp_20250612T2031048828_d_img_d18_x11520_y60800.png,0.2486,39.53,329.96,44.85,334.52
ch2_ohr_ncp_20250612T2031048828_d_img_d18_x11520_y60800.png,0.2381,240.44,620.08,274.95,639.39
ch2_ohr_ncp_20250612T2031048828_d_img_d18_x11520_y60800.png,0.2197,429.87,631.81,455.67,640.0
ch2_ohr_ncp_20250612T2031048828_d_img_d18_x11520_y62080.png,0.7043,358.31,56.47,366.86,64.96
ch2_ohr_ncp_20250612T2031048828_d_img_d18_x11520_y62080.png,0.5724,334.34,67.58,343.39,76.05
ch2_ohr_ncp_20250612T2031048828_d_img_d18_x11520_y62080.png,0.4908,22.34,27.47,31.51,36.39
ch2_ohr_ncp_20250612T2031048828_d_img_d18_x11520_y62080.png,0.4251,202.42,123.77,208.56,129.28
ch2_ohr_ncp_20250612T2031048828_d_img_d18_x11520_y62080.png,0.3195,184.63,238.05,192.37,244.96
ch2_ohr_ncp_20250612T2031048828_d_img_d18_x11520_y62080.png,0.2937,359.39,95.64,364.7,100.51
ch2_ohr_ncp_20250612T2031048828_d_img_d18_x11520_y62080.png,0.2659,167.11,223.8,172.12,228.19
ch2_ohr_ncp_20250612T2031048828_d_img_d18_x11520_y62080.png,0.2401,439.83,75.4,447.49,81.99
ch2_ohr_ncp_20250612T2031048828_d_img_d18_x11520_y62720.png,0.5631,169.93,302.05,178.36,308.45
ch2_ohr_ncp_20250612T2031048828_d_img_d18_x11520_y62720.png,0.3398,137.04,74.98,143.45,79.98
ch2_ohr_ncp_20250612T2031048828_d_img_d18_x11520_y62720.png,0.2438,104.87,616.0,113.66,624.03
ch2_ohr_ncp_20250612T2031048828_d_img_d18_x11520_y63360.png,0.3958,33.16,161.29,38.45,165.97
ch2_ohr_ncp_20250612T2031048828_d_img_d18_x11520_y63360.png,0.2983,103.6,26.13,111.56,33.64
ch2_ohr_ncp_20250612T2031048828_d_img_d18_x11520_y64000.png,0.277,46.37,2.83,52.1,7.73
ch2_ohr_ncp_20250612T2031048828_d_img_d18_x11520_y64000.png,0.2217,333.59,374.98,345.98,385.05
ch2_ohr_ncp_20250612T2031048828_d_img_d18_x11520_y64000.png,0.2074,113.26,22.39,118.42,28.01
ch2_ohr_ncp_20250612T2031048828_d_img_d18_x11520_y64000.png,0.2048,369.09,592.91,374.61,597.66
ch2_ohr_ncp_20250612T2031048828_d_img_d18_x11520_y64640.png,0.4961,49.89,529.16,54.64,533.54
ch2_ohr_ncp_20250612T2031048828_d_img_d18_x11520_y64640.png,0.3442,330.73,627.6,338.2,633.86
ch2_ohr_ncp_20250612T2031048828_d_img_d18_x11520_y64640.png,0.3047,167.36,609.51,175.88,615.76
ch2_ohr_ncp_20250612T2031048828_d_img_d18_x11520_y64640.png,0.2564,34.74,421.64,41.42,428.14
ch2_ohr_ncp_20250612T2031048828_d_img_d18_x11520_y64640.png,0.2391,337.25,573.45,342.99,580.0
ch2_ohr_ncp_20250612T2031048828_d_img_d18_x11520_y64640.png,0.2359,32.42,589.12,38.97,596.0
ch2_ohr_ncp_20250612T2031048828_d_img_d18_x11520_y64640.png,0.2009,324.42,594.7,331.02,600.69
ch2_ohr_ncp_20250612T2031048828_d_img_d18_x11520_y65280.png,0.4032,11.65,604.32,20.48,612.13
ch2_ohr_ncp_20250612T2031048828_d_img_d18_x11520_y65280.png,0.2961,127.69,303.37,135.95,311.01
ch2_ohr_ncp_20250612T2031048828_d_img_d18_x11520_y65280.png,0.2741,389.18,3.42,396.09,9.61
ch2_ohr_ncp_20250612T2031048828_d_img_d18_x11520_y65280.png,0.2536,151.82,574.76,157.61,580.02
ch2_ohr_ncp_20250612T2031048828_d_img_d18_x11520_y65280.png,0.2207,357.49,59.39,365.1,64.96
ch2_ohr_ncp_20250612T2031048828_d_img_d18_x11520_y65920.png,0.4553,0.27,527.54,6.1,532.54
ch2_ohr_ncp_20250612T2031048828_d_img_d18_x11520_y65920.png,0.214,192.68,195.74,198.37,200.76
ch2_ohr_ncp_20250612T2031048828_d_img_d18_x11520_y65920.png,0.2067,26.99,628.0,32.41,633.91
ch2_ohr_ncp_20250612T2031048828_d_img_d18_x11520_y66560.png,0.4465,358.29,39.03,368.4,45.38
ch2_ohr_ncp_20250612T2031048828_d_img_d18_x11520_y66560.png,0.2274,102.55,187.97,108.05,193.28
ch2_ohr_ncp_20250612T2031048828_d_img_d18_x11520_y67200.png,0.5099,48.82,59.54,56.54,64.01
ch2_ohr_ncp_20250612T2031048828_d_img_d18_x11520_y67200.png,0.4722,158.73,593.47,164.36,598.94
ch2_ohr_ncp_20250612T2031048828_d_img_d18_x11520_y67200.png,0.3742,117.42,243.97,124.01,249.2
ch2_ohr_ncp_20250612T2031048828_d_img_d18_x11520_y67200.png,0.2701,116.0,243.99,123.09,249.24
ch2_ohr_ncp_20250612T2031048828_d_img_d18_x11520_y67200.png,0.2236,128.63,225.39,133.42,229.77
ch2_ohr_ncp_20250612T2031048828_d_img_d18_x11520_y67200.png,0.2004,32.13,35.99,38.75,42.51
ch2_ohr_ncp_20250612T2031048828_d_img_d18_x11520_y68480.png,0.3244,328.75,479.86,334.94,485.41
ch2_ohr_ncp_20250612T2031048828_d_img_d18_x11520_y68480.png,0.3159,0.0,191.84,4.89,199.02
ch2_ohr_ncp_20250612T2031048828_d_img_d18_x11520_y68480.png,0.2026,14.0,616.22,20.01,620.89
ch2_ohr_ncp_20250612T2031048828_d_img_d18_x11520_y69120.png,0.2354,180.85,515.51,188.32,521.82
ch2_ohr_ncp_20250612T2031048828_d_img_d18_x11520_y69760.png,0.3598,0.0,59.95,6.02,66.94
ch2_ohr_ncp_20250612T2031048828_d_img_d18_x11520_y70400.png,0.2158,96.72,540.0,102.12,545.83
ch2_ohr_ncp_20250612T2031048828_d_img_d18_x11520_y71040.png,0.3146,0.0,131.99,6.54,143.55
ch2_ohr_ncp_20250612T2031048828_d_img_d18_x11520_y71040.png,0.2066,130.51,43.06,140.2,52.03
ch2_ohr_ncp_20250612T2031048828_d_img_d18_x11520_y71680.png,0.3078,73.91,143.03,81.05,149.01
ch2_ohr_ncp_20250612T2031048828_d_img_d18_x11520_y71680.png,0.2991,0.1,319.32,4.57,325.09
ch2_ohr_ncp_20250612T2031048828_d_img_d18_x11520_y71680.png,0.214,33.56,83.89,38.63,88.72
ch2_ohr_ncp_20250612T2031048828_d_img_d18_x11520_y71680.png,0.2018,182.73,456.82,188.01,460.96
ch2_ohr_ncp_20250612T2031048828_d_img_d18_x11520_y72960.png,0.4984,0.1,41.84,5.22,47.94
ch2_ohr_ncp_20250612T2031048828_d_img_d18_x11520_y72960.png,0.4211,0.0,171.42,6.2,178.97
ch2_ohr_ncp_20250612T2031048828_d_img_d18_x11520_y72960.png,0.4193,7.69,143.73,14.97,148.65
ch2_ohr_ncp_20250612T2031048828_d_img_d18_x11520_y72960.png,0.3987,95.66,21.45,101.63,28.01
ch2_ohr_ncp_20250612T2031048828_d_img_d18_x11520_y72960.png,0.2585,83.92,43.79,88.91,47.9
ch2_ohr_ncp_20250612T2031048828_d_img_d18_x11520_y73600.png,0.5226,0.0,208.06,6.5,217.88
ch2_ohr_ncp_20250612T2031048828_d_img_d18_x11520_y73600.png,0.5174,16.48,247.99,24.98,256.13
ch2_ohr_ncp_20250612T2031048828_d_img_d18_x11520_y74240.png,0.4017,211.87,423.26,217.61,428.26
ch2_ohr_ncp_20250612T2031048828_d_img_d18_x11520_y74240.png,0.3465,103.52,513.81,108.41,517.73
ch2_ohr_ncp_20250612T2031048828_d_img_d18_x11520_y74240.png,0.243,105.62,415.61,111.86,420.94
ch2_ohr_ncp_20250612T2031048828_d_img_d18_x11520_y74240.png,0.224,131.99,532.0,137.1,537.03
ch2_ohr_ncp_20250612T2031048828_d_img_d18_x11520_y74880.png,0.43,419.65,583.59,427.57,589.44
ch2_ohr_ncp_20250612T2031048828_d_img_d18_x11520_y74880.png,0.3918,399.94,574.36,407.1,580.21
ch2_ohr_ncp_20250612T2031048828_d_img_d18_x11520_y74880.png,0.3799,0.04,547.87,5.41,554.4
ch2_ohr_ncp_20250612T2031048828_d_img_d18_x11520_y74880.png,0.2918,190.3,617.07,197.01,622.53
ch2_ohr_ncp_20250612T2031048828_d_img_d18_x11520_y75520.png,0.3339,207.41,82.75,212.98,87.62
ch2_ohr_ncp_20250612T2031048828_d_img_d18_x11520_y75520.png,0.2604,19.7,609.48,26.84,616.11
ch2_ohr_ncp_20250612T2031048828_d_img_d18_x11520_y75520.png,0.2513,35.0,209.48,50.01,220.33
ch2_ohr_ncp_20250612T2031048828_d_img_d18_x11520_y76160.png,0.2288,78.79,115.61,85.15,121.06
ch2_ohr_ncp_20250612T2031048828_d_img_d18_x11520_y76160.png,0.2168,32.37,107.92,39.56,114.67
ch2_ohr_ncp_20250612T2031048828_d_img_d18_x11520_y76800.png,0.4163,117.47,581.13,127.2,589.27
ch2_ohr_ncp_20250612T2031048828_d_img_d18_x11520_y76800.png,0.3522,0.11,359.01,4.72,365.0
ch2_ohr_ncp_20250612T2031048828_d_img_d18_x11520_y76800.png,0.2791,254.8,631.75,260.21,636.97
ch2_ohr_ncp_20250612T2031048828_d_img_d18_x11520_y76800.png,0.2197,186.38,480.98,192.16,486.29
ch2_ohr_ncp_20250612T2031048828_d_img_d18_x11520_y77440.png,0.5012,343.45,246.21,350.52,252.18
ch2_ohr_ncp_20250612T2031048828_d_img_d18_x11520_y77440.png,0.2837,217.61,461.0,225.1,468.16
ch2_ohr_ncp_20250612T2031048828_d_img_d18_x11520_y77440.png,0.2328,207.17,107.08,213.44,112.15
ch2_ohr_ncp_20250612T2031048828_d_img_d18_x11520_y78080.png,0.2718,139.67,43.35,144.36,47.52
ch2_ohr_ncp_20250612T2031048828_d_img_d18_x11520_y78720.png,0.4137,110.69,455.94,123.69,467.92
ch2_ohr_ncp_20250612T2031048828_d_img_d18_x11520_y79360.png,0.5224,112.65,23.02,118.96,29.09
ch2_ohr_ncp_20250612T2031048828_d_img_d18_x11520_y79360.png,0.4281,124.81,406.82,132.24,413.37
ch2_ohr_ncp_20250612T2031048828_d_img_d18_x11520_y79360.png,0.2155,120.52,386.59,130.54,392.32
ch2_ohr_ncp_20250612T2229094979_d_img_d18_x01280_y79360.png,0.2484,0.01,107.41,5.23,114.05
ch2_ohr_ncp_20250612T2229094979_d_img_d18_x02560_y79360.png,0.3362,0.04,191.12,4.05,197.88
ch2_ohr_ncp_20250612T2229094979_d_img_d18_x03200_y79360.png,0.3298,372.44,34.03,380.33,39.76
ch2_ohr_ncp_20250612T2229094979_d_img_d18_x03200_y79360.png,0.3009,543.85,60.0,551.55,66.26
ch2_ohr_ncp_20250612T2229094979_d_img_d18_x03200_y79360.png,0.2335,365.82,0.34,372.37,5.63
ch2_ohr_ncp_20250612T2229094979_d_img_d18_x03200_y79360.png,0.2328,561.09,27.02,567.12,32.78
ch2_ohr_ncp_20250612T2229094979_d_img_d18_x03200_y79360.png,0.2221,573.7,40.79,580.0,45.12
ch2_ohr_ncp_20250612T2229094979_d_img_d18_x03200_y79360.png,0.213,518.81,113.91,524.12,119.1
ch2_ohr_ncp_20250612T2229094979_d_img_d18_x03200_y79360.png,0.2066,555.98,52.0,561.07,57.94
ch2_ohr_ncp_20250612T2229094979_d_img_d18_x03200_y79360.png,0.2024,537.37,55.11,542.86,60.03
ch2_ohr_ncp_20250612T2229094979_d_img_d18_x03840_y79360.png,0.2481,100.84,43.62,114.48,56.5
ch2_ohr_ncp_20250612T2229094979_d_img_d18_x05760_y79360.png,0.5814,498.61,45.9,507.89,54.67
ch2_ohr_ncp_20250612T2229094979_d_img_d18_x05760_y79360.png,0.4966,597.61,2.93,610.08,14.7
ch2_ohr_ncp_20250612T2229094979_d_img_d18_x06400_y79360.png,0.5483,395.34,86.72,402.85,92.92
ch2_ohr_ncp_20250612T2229094979_d_img_d18_x06400_y79360.png,0.3728,34.63,119.9,39.89,124.74
ch2_ohr_ncp_20250612T2229094979_d_img_d18_x06400_y79360.png,0.3643,90.68,113.04,99.92,122.05
ch2_ohr_ncp_20250612T2229094979_d_img_d18_x06400_y79360.png,0.3234,120.32,123.73,124.68,127.85
ch2_ohr_ncp_20250612T2229094979_d_img_d18_x07680_y79360.png,0.2914,288.06,127.97,293.6,132.73
ch2_ohr_ncp_20250612T2229094979_d_img_d18_x09600_y79360.png,0.2229,357.61,28.69,370.25,40.01
ch2_ohr_ncp_20250612T2229094979_d_img_d18_x10240_y79360.png,0.3072,510.83,354.72,522.22,364.55
ch2_ohr_ncp_20250612T2229094979_d_img_d18_x10240_y79360.png,0.291,385.19,190.82,390.37,196.05
ch2_ohr_ncp_20250612T2229094979_d_img_d18_x11520_y00000.png,0.5713,98.77,603.11,105.77,608.49
ch2_ohr_ncp_20250612T2229094979_d_img_d18_x11520_y00000.png,0.5528,159.75,279.09,168.59,286.42
ch2_ohr_ncp_20250612T2229094979_d_img_d18_x11520_y00000.png,0.4367,268.56,362.83,278.33,372.09
ch2_ohr_ncp_20250612T2229094979_d_img_d18_x11520_y00000.png,0.4257,308.92,568.43,324.6,582.69
ch2_ohr_ncp_20250612T2229094979_d_img_d18_x11520_y00000.png,0.4111,147.32,409.32,152.63,414.56
ch2_ohr_ncp_20250612T2229094979_d_img_d18_x11520_y00000.png,0.3798,410.43,381.07,424.85,390.34
ch2_ohr_ncp_20250612T2229094979_d_img_d18_x11520_y00000.png,0.3682,344.73,366.4,351.48,372.18
ch2_ohr_ncp_20250612T2229094979_d_img_d18_x11520_y00000.png,0.3412,250.65,24.36,259.15,30.66
ch2_ohr_ncp_20250612T2229094979_d_img_d18_x11520_y00000.png,0.3242,434.7,402.9,442.95,412.89
ch2_ohr_ncp_20250612T2229094979_d_img_d18_x11520_y00000.png,0.3217,332.55,337.67,341.1,346.24
ch2_ohr_ncp_20250612T2229094979_d_img_d18_x11520_y00000.png,0.2973,85.54,232.43,96.01,241.36
ch2_ohr_ncp_20250612T2229094979_d_img_d18_x11520_y00000.png,0.2862,397.78,616.84,406.64,625.46
ch2_ohr_ncp_20250612T2229094979_d_img_d18_x11520_y00000.png,0.2854,417.41,282.07,428.4,290.13
ch2_ohr_ncp_20250612T2229094979_d_img_d18_x11520_y00000.png,0.2783,149.77,301.84,157.12,308.06
ch2_ohr_ncp_20250612T2229094979_d_img_d18_x11520_y00000.png,0.2474,29.25,405.3,36.1,412.02
ch2_ohr_ncp_20250612T2229094979_d_img_d18_x11520_y00000.png,0.2324,0.0,155.96,5.07,163.45
ch2_ohr_ncp_20250612T2229094979_d_img_d18_x11520_y00000.png,0.2136,28.23,55.09,39.93,63.96
ch2_ohr_ncp_20250612T2229094979_d_img_d18_x11520_y00000.png,0.2091,361.59,473.5,367.42,479.52
ch2_ohr_ncp_20250612T2229094979_d_img_d18_x11520_y00000.png,0.2033,371.31,254.62,398.04,289.84
ch2_ohr_ncp_20250612T2229094979_d_img_d18_x11520_y00640.png,0.6377,408.29,41.8,418.2,51.35
ch2_ohr_ncp_20250612T2229094979_d_img_d18_x11520_y00640.png,0.5126,84.9,10.62,94.08,18.12
ch2_ohr_ncp_20250612T2229094979_d_img_d18_x11520_y00640.png,0.4421,312.75,29.27,319.65,36.0
ch2_ohr_ncp_20250612T2229094979_d_img_d18_x11520_y00640.png,0.4371,140.47,188.17,148.93,196.2
ch2_ohr_ncp_20250612T2229094979_d_img_d18_x11520_y00640.png,0.4356,423.43,17.38,429.04,22.92
ch2_ohr_ncp_20250612T2229094979_d_img_d18_x11520_y00640.png,0.4169,286.67,75.64,299.7,87.0
ch2_ohr_ncp_20250612T2229094979_d_img_d18_x11520_y00640.png,0.346,53.1,5.48,61.23,12.07
ch2_ohr_ncp_20250612T2229094979_d_img_d18_x11520_y00640.png,0.3161,361.76,71.94,369.84,78.35
ch2_ohr_ncp_20250612T2229094979_d_img_d18_x11520_y00640.png,0.3126,144.76,161.74,150.74,166.69
ch2_ohr_ncp_20250612T2229094979_d_img_d18_x11520_y00640.png,0.2773,312.66,28.0,319.67,34.82
ch2_ohr_ncp_20250612T2229094979_d_img_d18_x11520_y00640.png,0.2292,155.99,219.69,162.19,224.93
ch2_ohr_ncp_20250612T2229094979_d_img_d18_x11520_y01280.png,0.4659,22.03,335.13,29.87,342.34
ch2_ohr_ncp_20250612T2229094979_d_img_d18_x11520_y01280.png,0.2052,240.13,144.3,247.12,150.55
ch2_ohr_ncp_20250612T2229094979_d_img_d18_x11520_y01920.png,0.4773,77.23,623.46,93.87,637.78
ch2_ohr_ncp_20250612T2229094979_d_img_d18_x11520_y01920.png,0.4599,178.32,339.36,184.41,345.12
ch2_ohr_ncp_20250612T2229094979_d_img_d18_x11520_y02560.png,0.364,229.56,384.38,237.57,389.96
ch2_ohr_ncp_20250612T2229094979_d_img_d18_x11520_y02560.png,0.3544,11.17,243.98,18.36,250.65
ch2_ohr_ncp_20250612T2229094979_d_img_d18_x11520_y02560.png,0.3295,203.96,373.84,211.14,380.08
ch2_ohr_ncp_20250612T2229094979_d_img_d18_x11520_y02560.png,0.2526,228.0,383.9,236.73,389.98
ch2_ohr_ncp_20250612T2229094979_d_img_d18_x11520_y03200.png,0.4462,117.2,138.44,125.71,145.65
ch2_ohr_ncp_20250612T2229094979_d_img_d18_x11520_y03200.png,0.4335,75.95,312.78,83.26,318.47
ch2_ohr_ncp_20250612T2229094979_d_img_d18_x11520_y03200.png,0.3287,148.61,275.92,154.95,281.04
ch2_ohr_ncp_20250612T2229094979_d_img_d18_x11520_y03200.png,0.2435,224.95,284.5,232.68,293.01
ch2_ohr_ncp_20250612T2229094979_d_img_d18_x11520_y03200.png,0.2239,145.21,248.84,150.61,253.3
ch2_ohr_ncp_20250612T2229094979_d_img_d18_x11520_y03200.png,0.2015,136.22,97.31,142.31,102.74
ch2_ohr_ncp_20250612T2229094979_d_img_d18_x11520_y04480.png,0.6235,131.04,255.91,144.36,267.69
ch2_ohr_ncp_20250612T2229094979_d_img_d18_x11520_y04480.png,0.5565,165.83,11.02,175.92,21.33
ch2_ohr_ncp_20250612T2229094979_d_img_d18_x11520_y04480.png,0.5515,85.79,160.24,95.8,167.27
ch2_ohr_ncp_20250612T2229094979_d_img_d18_x11520_y04480.png,0.4703,213.5,6.5,221.41,12.29
ch2_ohr_ncp_20250612T2229094979_d_img_d18_x11520_y04480.png,0.4154,315.47,69.24,321.97,76.2
ch2_ohr_ncp_20250612T2229094979_d_img_d18_x11520_y04480.png,0.3496,19.29,267.13,25.66,275.34
ch2_ohr_ncp_20250612T2229094979_d_img_d18_x11520_y04480.png,0.3191,197.71,13.68,204.04,20.0
ch2_ohr_ncp_20250612T2229094979_d_img_d18_x11520_y04480.png,0.2686,315.73,8.17,322.97,15.14
ch2_ohr_ncp_20250612T2229094979_d_img_d18_x11520_y04480.png,0.2682,47.88,33.45,53.23,38.27
ch2_ohr_ncp_20250612T2229094979_d_img_d18_x11520_y04480.png,0.2516,121.95,513.04,129.13,520.81
ch2_ohr_ncp_20250612T2229094979_d_img_d18_x11520_y04480.png,0.2361,192.94,32.67,203.72,40.29
ch2_ohr_ncp_20250612T2229094979_d_img_d18_x11520_y04480.png,0.2314,6.91,633.52,12.3,638.77
ch2_ohr_ncp_20250612T2229094979_d_img_d18_x11520_y04480.png,0.2312,212.01,68.92,217.84,73.82
ch2_ohr_ncp_20250612T2229094979_d_img_d18_x11520_y04480.png,0.2161,209.03,555.47,216.07,561.33
ch2_ohr_ncp_20250612T2229094979_d_img_d18_x11520_y04480.png,0.2077,191.71,53.49,200.53,61.92
ch2_ohr_ncp_20250612T2229094979_d_img_d18_x11520_y04480.png,0.2073,239.96,572.96,246.42,580.0
ch2_ohr_ncp_20250612T2229094979_d_img_d18_x11520_y04480.png,0.2063,241.82,529.15,247.47,533.91
ch2_ohr_ncp_20250612T2229094979_d_img_d18_x11520_y05120.png,0.4708,183.94,477.93,191.84,484.82
ch2_ohr_ncp_20250612T2229094979_d_img_d18_x11520_y05120.png,0.4234,131.35,419.64,136.82,424.19
ch2_ohr_ncp_20250612T2229094979_d_img_d18_x11520_y05120.png,0.3079,125.71,448.03,132.16,453.39
ch2_ohr_ncp_20250612T2229094979_d_img_d18_x11520_y05120.png,0.2488,139.95,539.95,146.44,545.46
ch2_ohr_ncp_20250612T2229094979_d_img_d18_x11520_y05120.png,0.2389,335.51,475.23,341.78,480.95
ch2_ohr_ncp_20250612T2229094979_d_img_d18_x11520_y05120.png,0.2166,0.02,307.33,4.05,317.19
ch2_ohr_ncp_20250612T2229094979_d_img_d18_x11520_y05760.png,0.4414,160.83,612.97,171.34,622.25
ch2_ohr_ncp_20250612T2229094979_d_img_d18_x11520_y05760.png,0.2861,9.0,167.83,14.83,172.93
ch2_ohr_ncp_20250612T2229094979_d_img_d18_x11520_y06400.png,0.4569,341.09,370.63,348.53,377.68
ch2_ohr_ncp_20250612T2229094979_d_img_d18_x11520_y06400.png,0.4553,194.02,182.2,201.45,189.28
ch2_ohr_ncp_20250612T2229094979_d_img_d18_x11520_y06400.png,0.4263,17.25,189.62,25.59,197.06
ch2_ohr_ncp_20250612T2229094979_d_img_d18_x11520_y06400.png,0.2413,360.25,231.2,374.26,246.04
ch2_ohr_ncp_20250612T2229094979_d_img_d18_x11520_y06400.png,0.2267,42.84,435.99,50.72,442.55
ch2_ohr_ncp_20250612T2229094979_d_img_d18_x11520_y06400.png,0.2021,238.05,217.19,244.92,222.83
ch2_ohr_ncp_20250612T2229094979_d_img_d18_x11520_y07680.png,0.4767,180.15,561.23,188.29,568.2
ch2_ohr_ncp_20250612T2229094979_d_img_d18_x11520_y07680.png,0.2916,16.01,571.01,21.38,575.72
ch2_ohr_ncp_20250612T2229094979_d_img_d18_x11520_y07680.png,0.2846,22.71,623.63,29.48,629.64
ch2_ohr_ncp_20250612T2229094979_d_img_d18_x11520_y07680.png,0.2685,422.16,270.67,429.2,278.22
ch2_ohr_ncp_20250612T2229094979_d_img_d18_x11520_y07680.png,0.2621,31.12,565.73,36.87,572.01
ch2_ohr_ncp_20250612T2229094979_d_img_d18_x11520_y07680.png,0.2484,43.57,618.91,58.84,631.13
ch2_ohr_ncp_20250612T2229094979_d_img_d18_x11520_y07680.png,0.2227,0.06,83.5,4.05,89.48
ch2_ohr_ncp_20250612T2229094979_d_img_d18_x11520_y08960.png,0.6386,28.71,52.93,38.41,61.36
ch2_ohr_ncp_20250612T2229094979_d_img_d18_x11520_y08960.png,0.4313,0.08,416.85,4.02,423.58
ch2_ohr_ncp_20250612T2229094979_d_img_d18_x11520_y08960.png,0.3672,0.1,351.56,4.41,357.23
ch2_ohr_ncp_20250612T2229094979_d_img_d18_x11520_y08960.png,0.2939,0.04,207.01,5.69,213.06
ch2_ohr_ncp_20250612T2229094979_d_img_d18_x11520_y08960.png,0.2324,344.26,1.9,352.09,10.27
ch2_ohr_ncp_20250612T2229094979_d_img_d18_x11520_y09600.png,0.3241,92.26,266.4,104.97,277.73
ch2_ohr_ncp_20250612T2229094979_d_img_d18_x11520_y09600.png,0.2196,18.01,239.29,23.22,244.1
ch2_ohr_ncp_20250612T2229094979_d_img_d18_x11520_y10240.png,0.2118,367.18,281.17,374.09,288.07
ch2_ohr_ncp_20250612T2229094979_d_img_d18_x11520_y10880.png,0.4144,86.58,322.55,92.74,328.84
ch2_ohr_ncp_20250612T2229094979_d_img_d18_x11520_y10880.png,0.3899,200.9,543.28,207.71,548.62
ch2_ohr_ncp_20250612T2229094979_d_img_d18_x11520_y12160.png,0.3924,185.0,626.34,192.82,634.24
ch2_ohr_ncp_20250612T2229094979_d_img_d18_x11520_y12800.png,0.5511,127.71,0.04,138.82,7.61
ch2_ohr_ncp_20250612T2229094979_d_img_d18_x11520_y12800.png,0.5433,105.61,131.49,114.12,137.57
ch2_ohr_ncp_20250612T2229094979_d_img_d18_x11520_y12800.png,0.3659,5.42,606.69,13.36,614.6
ch2_ohr_ncp_20250612T2229094979_d_img_d18_x11520_y12800.png,0.2837,78.67,413.3,89.0,424.8
ch2_ohr_ncp_20250612T2229094979_d_img_d18_x11520_y12800.png,0.2516,146.76,245.93,155.23,252.84
ch2_ohr_ncp_20250612T2229094979_d_img_d18_x11520_y12800.png,0.2064,251.97,190.94,257.52,196.29
ch2_ohr_ncp_20250612T2229094979_d_img_d18_x11520_y13440.png,0.6141,143.75,92.82,156.25,104.11
ch2_ohr_ncp_20250612T2229094979_d_img_d18_x11520_y13440.png,0.5748,375.54,58.57,382.4,65.28
ch2_ohr_ncp_20250612T2229094979_d_img_d18_x11520_y13440.png,0.5661,235.55,503.3,240.93,508.53
ch2_ohr_ncp_20250612T2229094979_d_img_d18_x11520_y13440.png,0.5637,385.99,231.23,395.59,239.36
ch2_ohr_ncp_20250612T2229094979_d_img_d18_x11520_y13440.png,0.4667,141.74,242.95,148.04,248.57
ch2_ohr_ncp_20250612T2229094979_d_img_d18_x11520_y13440.png,0.4152,331.47,574.73,339.54,581.08
ch2_ohr_ncp_20250612T2229094979_d_img_d18_x11520_y13440.png,0.4141,342.1,185.81,350.77,193.24
ch2_ohr_ncp_20250612T2229094979_d_img_d18_x11520_y13440.png,0.4106,1.22,383.99,7.64,389.36
ch2_ohr_ncp_20250612T2229094979_d_img_d18_x11520_y13440.png,0.3066,155.41,81.32,161.4,86.55
ch2_ohr_ncp_20250612T2229094979_d_img_d18_x11520_y13440.png,0.3018,321.04,225.21,327.39,230.67
ch2_ohr_ncp_20250612T2229094979_d_img_d18_x11520_y13440.png,0.2914,222.19,179.97,228.06,185.49
ch2_ohr_ncp_20250612T2229094979_d_img_d18_x11520_y13440.png,0.2682,320.02,232.25,325.05,236.72
ch2_ohr_ncp_20250612T2229094979_d_img_d18_x11520_y13440.png,0.2561,378.17,36.0,383.73,42.31
ch2_ohr_ncp_20250612T2229094979_d_img_d18_x11520_y13440.png,0.241,335.45,582.83,341.01,588.1
ch2_ohr_ncp_20250612T2229094979_d_img_d18_x11520_y13440.png,0.236,359.1,453.14,364.16,460.37
ch2_ohr_ncp_20250612T2229094979_d_img_d18_x11520_y13440.png,0.2332,176.89,428.0,182.21,433.92
ch2_ohr_ncp_20250612T2229094979_d_img_d18_x11520_y13440.png,0.227,330.84,283.99,337.77,290.59
ch2_ohr_ncp_20250612T2229094979_d_img_d18_x11520_y14080.png,0.4794,146.87,567.37,154.04,572.39
ch2_ohr_ncp_20250612T2229094979_d_img_d18_x11520_y14080.png,0.4251,59.02,618.4,65.69,624.7
ch2_ohr_ncp_20250612T2229094979_d_img_d18_x11520_y14080.png,0.3056,415.49,145.32,439.73,165.99
ch2_ohr_ncp_20250612T2229094979_d_img_d18_x11520_y14080.png,0.2238,49.02,622.19,52.86,628.0
ch2_ohr_ncp_20250612T2229094979_d_img_d18_x11520_y14080.png,0.2092,122.15,579.38,127.89,584.05
ch2_ohr_ncp_20250612T2229094979_d_img_d18_x11520_y14080.png,0.2055,207.58,587.38,214.21,593.7
ch2_ohr_ncp_20250612T2229094979_d_img_d18_x11520_y16000.png,0.6348,358.23,186.43,364.8,192.4
ch2_ohr_ncp_20250612T2229094979_d_img_d18_x11520_y16000.png,0.6097,5.04,255.56,12.48,260.76
ch2_ohr_ncp_20250612T2229094979_d_img_d18_x11520_y16000.png,0.5806,114.0,22.66,121.46,29.28
ch2_ohr_ncp_20250612T2229094979_d_img_d18_x11520_y16000.png,0.5678,114.61,632.84,121.83,638.93
ch2_ohr_ncp_20250612T2229094979_d_img_d18_x11520_y16000.png,0.5419,94.0,448.68,101.37,455.47
ch2_ohr_ncp_20250612T2229094979_d_img_d18_x11520_y16000.png,0.4909,95.24,376.86,100.74,380.95
ch2_ohr_ncp_20250612T2229094979_d_img_d18_x11520_y16000.png,0.4907,123.11,245.83,128.88,252.0
ch2_ohr_ncp_20250612T2229094979_d_img_d18_x11520_y16000.png,0.4825,58.63,584.28,64.55,589.03
ch2_ohr_ncp_20250612T2229094979_d_img_d18_x11520_y16000.png,0.4778,43.99,527.91,49.75,532.55
ch2_ohr_ncp_20250612T2229094979_d_img_d18_x11520_y16000.png,0.4615,63.14,560.91,70.48,567.12
ch2_ohr_ncp_20250612T2229094979_d_img_d18_x11520_y16000.png,0.4611,276.92,229.08,283.0,234.55
ch2_ohr_ncp_20250612T2229094979_d_img_d18_x11520_y16000.png,0.4269,180.22,6.41,186.0,11.05
ch2_ohr_ncp_20250612T2229094979_d_img_d18_x11520_y16000.png,0.4234,102.15,0.25,121.82,14.64
ch2_ohr_ncp_20250612T2229094979_d_img_d18_x11520_y16000.png,0.4199,227.01,600.47,234.56,606.62
ch2_ohr_ncp_20250612T2229094979_d_img_d18_x11520_y16000.png,0.419,16.3,242.28,21.21,246.65
ch2_ohr_ncp_20250612T2229094979_d_img_d18_x11520_y16000.png,0.4179,0.03,339.87,6.61,346.92
ch2_ohr_ncp_20250612T2229094979_d_img_d18_x11520_y16000.png,0.4157,86.64,541.92,92.08,548.0
ch2_ohr_ncp_20250612T2229094979_d_img_d18_x11520_y16000.png,0.4,309.39,278.16,319.49,286.19
ch2_ohr_ncp_20250612T2229094979_d_img_d18_x11520_y16000.png,0.3993,56.57,218.59,65.46,226.84
ch2_ohr_ncp_20250612T2229094979_d_img_d18_x11520_y16000.png,0.3819,40.22,332.0,46.3,337.7
ch2_ohr_ncp_20250612T2229094979_d_img_d18_x11520_y16000.png,0.3386,28.44,176.12,36.51,183.58
ch2_ohr_ncp_20250612T2229094979_d_img_d18_x11520_y16000.png,0.3119,189.44,211.99,196.02,217.83
ch2_ohr_ncp_20250612T2229094979_d_img_d18_x11520_y16000.png,0.3,355.14,243.42,360.44,248.25
ch2_ohr_ncp_20250612T2229094979_d_img_d18_x11520_y16000.png,0.2992,54.37,274.09,61.36,280.19
ch2_ohr_ncp_20250612T2229094979_d_img_d18_x11520_y16000.png,0.2819,339.23,193.17,348.48,201.61
ch2_ohr_ncp_20250612T2229094979_d_img_d18_x11520_y16000.png,0.2764,128.47,43.99,134.18,49.7
ch2_ohr_ncp_20250612T2229094979_d_img_d18_x11520_y16000.png,0.2651,277.07,228.0,284.01,234.46
ch2_ohr_ncp_20250612T2229094979_d_img_d18_x11520_y16000.png,0.2635,57.95,489.62,64.35,494.76
ch2_ohr_ncp_20250612T2229094979_d_img_d18_x11520_y16000.png,0.2502,122.99,244.0,128.83,250.78
ch2_ohr_ncp_20250612T2229094979_d_img_d18_x11520_y16000.png,0.2496,118.01,137.3,125.25,144.08
ch2_ohr_ncp_20250612T2229094979_d_img_d18_x11520_y16000.png,0.2494,136.27,27.91,141.65,32.79
ch2_ohr_ncp_20250612T2229094979_d_img_d18_x11520_y16000.png,0.2489,293.74,283.94,305.11,296.42
ch2_ohr_ncp_20250612T2229094979_d_img_d18_x11520_y16000.png,0.2444,198.72,452.71,203.63,457.26
ch2_ohr_ncp_20250612T2229094979_d_img_d18_x11520_y16000.png,0.235,371.28,209.99,377.67,215.72
ch2_ohr_ncp_20250612T2229094979_d_img_d18_x11520_y16000.png,0.2348,183.16,351.66,189.0,356.97
ch2_ohr_ncp_20250612T2229094979_d_img_d18_x11520_y16000.png,0.2153,215.18,453.52,221.25,457.84
ch2_ohr_ncp_20250612T2229094979_d_img_d18_x11520_y16000.png,0.2087,135.96,170.03,141.04,174.36
ch2_ohr_ncp_20250612T2229094979_d_img_d18_x11520_y16000.png,0.2005,206.21,607.74,212.0,612.02
ch2_ohr_ncp_20250612T2229094979_d_img_d18_x11520_y16640.png,0.4735,41.98,492.0,47.24,497.13
ch2_ohr_ncp_20250612T2229094979_d_img_d18_x11520_y16640.png,0.4522,160.96,0.12,171.92,5.43
ch2_ohr_ncp_20250612T2229094979_d_img_d18_x11520_y16640.png,0.3613,65.33,37.82,73.31,43.88
ch2_ohr_ncp_20250612T2229094979_d_img_d18_x11520_y16640.png,0.3342,4.33,594.88,12.04,601.68
ch2_ohr_ncp_20250612T2229094979_d_img_d18_x11520_y16640.png,0.33,46.86,458.39,52.13,462.58
ch2_ohr_ncp_20250612T2229094979_d_img_d18_x11520_y16640.png,0.2991,134.58,481.24,141.22,485.24
ch2_ohr_ncp_20250612T2229094979_d_img_d18_x11520_y16640.png,0.2867,121.37,170.98,127.69,175.78
ch2_ohr_ncp_20250612T2229094979_d_img_d18_x11520_y17280.png,0.5878,104.89,173.97,112.02,180.07
ch2_ohr_ncp_20250612T2229094979_d_img_d18_x11520_y17280.png,0.5867,45.74,144.43,52.06,149.62
ch2_ohr_ncp_20250612T2229094979_d_img_d18_x11520_y17280.png,0.5439,47.14,249.82,54.42,255.93
ch2_ohr_ncp_20250612T2229094979_d_img_d18_x11520_y17280.png,0.4553,96.92,415.28,103.42,421.69
ch2_ohr_ncp_20250612T2229094979_d_img_d18_x11520_y17280.png,0.4278,0.14,82.31,7.03,88.74
ch2_ohr_ncp_20250612T2229094979_d_img_d18_x11520_y17280.png,0.3186,215.66,431.52,224.87,440.46
ch2_ohr_ncp_20250612T2229094979_d_img_d18_x11520_y17280.png,0.3124,218.74,388.0,225.73,394.52
ch2_ohr_ncp_20250612T2229094979_d_img_d18_x11520_y17280.png,0.3006,186.61,177.78,191.72,182.39
ch2_ohr_ncp_20250612T2229094979_d_img_d18_x11520_y17280.png,0.2977,275.86,65.33,284.5,72.58
ch2_ohr_ncp_20250612T2229094979_d_img_d18_x11520_y17280.png,0.2919,23.29,587.22,29.44,592.71
ch2_ohr_ncp_20250612T2229094979_d_img_d18_x11520_y17280.png,0.2589,75.57,64.21,83.7,71.7
ch2_ohr_ncp_20250612T2229094979_d_img_d18_x11520_y17280.png,0.2578,218.32,389.37,225.76,396.0
ch2_ohr_ncp_20250612T2229094979_d_img_d18_x11520_y17280.png,0.223,97.11,236.0,102.47,241.18
ch2_ohr_ncp_20250612T2229094979_d_img_d18_x11520_y17280.png,0.2206,14.72,479.84,20.0,484.06
ch2_ohr_ncp_20250612T2229094979_d_img_d18_x11520_y17280.png,0.2152,191.61,553.25,198.55,560.28
ch2_ohr_ncp_20250612T2229094979_d_img_d18_x11520_y17280.png,0.2147,114.67,611.6,119.47,616.05
ch2_ohr_ncp_20250612T2229094979_d_img_d18_x11520_y17280.png,0.2058,50.85,217.08,60.92,226.69
ch2_ohr_ncp_20250612T2229094979_d_img_d18_x11520_y18560.png,0.3542,0.34,360.37,7.51,366.02
ch2_ohr_ncp_20250612T2229094979_d_img_d18_x11520_y18560.png,0.3389,156.78,299.97,165.7,308.23
ch2_ohr_ncp_20250612T2229094979_d_img_d18_x11520_y18560.png,0.2827,99.29,321.27,106.55,327.66
ch2_ohr_ncp_20250612T2229094979_d_img_d18_x11520_y19200.png,0.4626,61.28,302.95,68.08,308.89
ch2_ohr_ncp_20250612T2229094979_d_img_d18_x11520_y19200.png,0.4534,63.0,591.68,76.68,603.48
ch2_ohr_ncp_20250612T2229094979_d_img_d18_x11520_y19200.png,0.422,81.77,614.13,89.84,621.35
ch2_ohr_ncp_20250612T2229094979_d_img_d18_x11520_y19200.png,0.2596,0.0,31.36,6.99,43.0
ch2_ohr_ncp_20250612T2229094979_d_img_d18_x11520_y19200.png,0.2295,47.8,383.81,52.57,388.51
ch2_ohr_ncp_20250612T2229094979_d_img_d18_x11520_y19200.png,0.2271,217.43,243.6,223.55,248.84
ch2_ohr_ncp_20250612T2229094979_d_img_d18_x11520_y19200.png,0.221,110.19,331.93,118.07,339.85
ch2_ohr_ncp_20250612T2229094979_d_img_d18_x11520_y19200.png,0.2179,56.93,62.32,62.65,68.01
ch2_ohr_ncp_20250612T2229094979_d_img_d18_x11520_y19200.png,0.2145,29.54,90.19,37.22,98.39
ch2_ohr_ncp_20250612T2229094979_d_img_d18_x11520_y21120.png,0.4439,265.52,58.32,272.57,64.08
ch2_ohr_ncp_20250612T2229094979_d_img_d18_x11520_y21120.png,0.3957,355.65,107.91,364.39,113.75
ch2_ohr_ncp_20250612T2229094979_d_img_d18_x11520_y21120.png,0.2546,235.65,121.77,241.7,126.75
ch2_ohr_ncp_20250612T2229094979_d_img_d18_x11520_y21120.png,0.2395,182.22,150.05,188.01,156.14
ch2_ohr_ncp_20250612T2229094979_d_img_d18_x11520_y21120.png,0.2294,0.53,98.22,6.81,103.38
ch2_ohr_ncp_20250612T2229094979_d_img_d18_x11520_y21120.png,0.2239,217.03,630.42,223.34,636.08
ch2_ohr_ncp_20250612T2229094979_d_img_d18_x11520_y21120.png,0.2033,169.96,388.0,175.66,394.63
ch2_ohr_ncp_20250612T2229094979_d_img_d18_x11520_y21120.png,0.2032,417.27,8.24,423.52,13.83
ch2_ohr_ncp_20250612T2229094979_d_img_d18_x11520_y21760.png,0.5739,32.78,125.55,41.04,132.12
ch2_ohr_ncp_20250612T2229094979_d_img_d18_x11520_y21760.png,0.5541,411.84,534.89,422.48,543.92
ch2_ohr_ncp_20250612T2229094979_d_img_d18_x11520_y21760.png,0.5139,116.61,112.13,124.42,118.32
ch2_ohr_ncp_20250612T2229094979_d_img_d18_x11520_y21760.png,0.405,10.44,479.75,16.74,485.82
ch2_ohr_ncp_20250612T2229094979_d_img_d18_x11520_y21760.png,0.3899,353.72,316.0,360.17,322.83
ch2_ohr_ncp_20250612T2229094979_d_img_d18_x11520_y21760.png,0.3765,429.04,579.78,442.01,591.51
ch2_ohr_ncp_20250612T2229094979_d_img_d18_x11520_y21760.png,0.3192,247.78,529.32,253.31,534.27
ch2_ohr_ncp_20250612T2229094979_d_img_d18_x11520_y21760.png,0.2795,319.64,342.27,328.65,349.6
ch2_ohr_ncp_20250612T2229094979_d_img_d18_x11520_y21760.png,0.2643,140.0,467.35,145.2,471.05
ch2_ohr_ncp_20250612T2229094979_d_img_d18_x11520_y21760.png,0.247,407.68,307.97,416.02,315.17
ch2_ohr_ncp_20250612T2229094979_d_img_d18_x11520_y21760.png,0.2421,324.79,317.47,333.07,324.05
ch2_ohr_ncp_20250612T2229094979_d_img_d18_x11520_y21760.png,0.2023,167.32,135.4,173.91,142.46
ch2_ohr_ncp_20250612T2229094979_d_img_d18_x11520_y21760.png,0.201,219.63,438.69,226.46,444.7
ch2_ohr_ncp_20250612T2229094979_d_img_d18_x11520_y22400.png,0.564,347.47,168.06,354.7,174.61
ch2_ohr_ncp_20250612T2229094979_d_img_d18_x11520_y22400.png,0.4677,39.38,101.97,50.15,110.68
ch2_ohr_ncp_20250612T2229094979_d_img_d18_x11520_y22400.png,0.371,198.37,622.93,205.51,629.04
ch2_ohr_ncp_20250612T2229094979_d_img_d18_x11520_y22400.png,0.3661,68.89,83.43,74.39,88.05
ch2_ohr_ncp_20250612T2229094979_d_img_d18_x11520_y22400.png,0.3599,211.85,53.17,217.58,59.12
ch2_ohr_ncp_20250612T2229094979_d_img_d18_x11520_y22400.png,0.3318,272.24,156.0,278.98,162.76
ch2_ohr_ncp_20250612T2229094979_d_img_d18_x11520_y22400.png,0.3172,199.37,403.45,205.95,409.3
ch2_ohr_ncp_20250612T2229094979_d_img_d18_x11520_y22400.png,0.2778,0.04,434.97,4.08,441.51
ch2_ohr_ncp_20250612T2229094979_d_img_d18_x11520_y22400.png,0.255,43.97,494.5,49.09,500.0
ch2_ohr_ncp_20250612T2229094979_d_img_d18_x11520_y22400.png,0.2421,162.15,35.25,172.57,45.76
ch2_ohr_ncp_20250612T2229094979_d_img_d18_x11520_y23040.png,0.377,38.5,607.84,45.15,614.0
ch2_ohr_ncp_20250612T2229094979_d_img_d18_x11520_y23040.png,0.3545,68.0,168.83,74.68,174.39
ch2_ohr_ncp_20250612T2229094979_d_img_d18_x11520_y23040.png,0.3492,112.87,549.21,123.52,559.26
ch2_ohr_ncp_20250612T2229094979_d_img_d18_x11520_y23040.png,0.3409,69.38,168.71,76.0,174.46
ch2_ohr_ncp_20250612T2229094979_d_img_d18_x11520_y23040.png,0.3176,123.2,300.0,128.04,305.16
ch2_ohr_ncp_20250612T2229094979_d_img_d18_x11520_y23040.png,0.2849,0.07,405.15,4.16,412.01
ch2_ohr_ncp_20250612T2229094979_d_img_d18_x11520_y23680.png,0.46,170.44,491.2,178.35,498.16
ch2_ohr_ncp_20250612T2229094979_d_img_d18_x11520_y23680.png,0.4015,5.53,527.73,15.2,536.03
ch2_ohr_ncp_20250612T2229094979_d_img_d18_x11520_y23680.png,0.3972,56.58,120.05,61.77,124.95
ch2_ohr_ncp_20250612T2229094979_d_img_d18_x11520_y23680.png,0.3885,164.78,8.16,178.98,18.79
ch2_ohr_ncp_20250612T2229094979_d_img_d18_x11520_y23680.png,0.3753,200.88,474.37,206.59,479.75
ch2_ohr_ncp_20250612T2229094979_d_img_d18_x11520_y23680.png,0.2775,150.23,497.47,156.22,502.98
ch2_ohr_ncp_20250612T2229094979_d_img_d18_x11520_y23680.png,0.2415,72.45,300.0,77.95,305.61
ch2_ohr_ncp_20250612T2229094979_d_img_d18_x11520_y24320.png,0.5178,237.21,10.37,244.78,17.58
ch2_ohr_ncp_20250612T2229094979_d_img_d18_x11520_y24320.png,0.4817,9.27,263.88,17.31,271.63
ch2_ohr_ncp_20250612T2229094979_d_img_d18_x11520_y24320.png,0.4577,384.23,364.69,395.94,376.97
ch2_ohr_ncp_20250612T2229094979_d_img_d18_x11520_y24320.png,0.3486,360.88,351.14,368.05,356.75
ch2_ohr_ncp_20250612T2229094979_d_img_d18_x11520_y24960.png,0.5772,160.83,362.41,169.86,369.54
ch2_ohr_ncp_20250612T2229094979_d_img_d18_x11520_y24960.png,0.4029,0.18,143.79,8.18,151.28
ch2_ohr_ncp_20250612T2229094979_d_img_d18_x11520_y24960.png,0.3641,109.79,95.19,118.4,103.14
ch2_ohr_ncp_20250612T2229094979_d_img_d18_x11520_y24960.png,0.3062,230.49,455.41,236.36,462.0
ch2_ohr_ncp_20250612T2229094979_d_img_d18_x11520_y24960.png,0.2468,195.76,34.74,201.48,39.96
ch2_ohr_ncp_20250612T2229094979_d_img_d18_x11520_y24960.png,0.226,85.69,196.23,91.41,201.01
ch2_ohr_ncp_20250612T2229094979_d_img_d18_x11520_y24960.png,0.2148,94.95,99.82,100.94,105.46
ch2_ohr_ncp_20250612T2229094979_d_img_d18_x11520_y24960.png,0.2129,192.45,152.89,198.49,158.14
ch2_ohr_ncp_20250612T2229094979_d_img_d18_x11520_y25600.png,0.5413,361.72,499.38,369.07,505.22
ch2_ohr_ncp_20250612T2229094979_d_img_d18_x11520_y25600.png,0.2325,384.6,504.15,393.11,511.84
ch2_ohr_ncp_20250612T2229094979_d_img_d18_x11520_y25600.png,0.2233,152.56,251.44,158.33,256.32
ch2_ohr_ncp_20250612T2229094979_d_img_d18_x11520_y25600.png,0.2084,94.99,319.31,114.17,337.91
ch2_ohr_ncp_20250612T2229094979_d_img_d18_x11520_y25600.png,0.2071,261.18,246.49,268.8,253.62
ch2_ohr_ncp_20250612T2229094979_d_img_d18_x11520_y26240.png,0.4301,70.06,168.29,77.24,175.42
ch2_ohr_ncp_20250612T2229094979_d_img_d18_x11520_y26240.png,0.3381,16.12,352.3,22.71,358.44
ch2_ohr_ncp_20250612T2229094979_d_img_d18_x11520_y26880.png,0.2456,353.59,466.29,362.6,474.56
ch2_ohr_ncp_20250612T2229094979_d_img_d18_x11520_y26880.png,0.2157,81.72,596.32,102.33,615.89
ch2_ohr_ncp_20250612T2229094979_d_img_d18_x11520_y27520.png,0.3124,15.95,321.65,22.27,327.28
ch2_ohr_ncp_20250612T2229094979_d_img_d18_x11520_y27520.png,0.2983,47.98,625.27,54.32,630.9
ch2_ohr_ncp_20250612T2229094979_d_img_d18_x11520_y27520.png,0.2648,0.16,584.41,12.13,596.03
ch2_ohr_ncp_20250612T2229094979_d_img_d18_x11520_y27520.png,0.2368,160.34,80.72,167.28,86.67
ch2_ohr_ncp_20250612T2229094979_d_img_d18_x11520_y27520.png,0.2281,79.6,604.0,84.8,608.92
ch2_ohr_ncp_20250612T2229094979_d_img_d18_x11520_y27520.png,0.2257,13.46,584.92,26.92,596.88
ch2_ohr_ncp_20250612T2229094979_d_img_d18_x11520_y28160.png,0.5696,119.53,356.46,133.66,368.7
ch2_ohr_ncp_20250612T2229094979_d_img_d18_x11520_y28160.png,0.3915,213.45,24.89,226.45,36.46
ch2_ohr_ncp_20250612T2229094979_d_img_d18_x11520_y28160.png,0.2984,181.78,128.82,188.53,134.75
ch2_ohr_ncp_20250612T2229094979_d_img_d18_x11520_y28160.png,0.2753,368.13,95.57,374.04,100.7
ch2_ohr_ncp_20250612T2229094979_d_img_d18_x11520_y28160.png,0.2041,374.47,129.24,386.51,140.06
ch2_ohr_ncp_20250612T2229094979_d_img_d18_x11520_y28800.png,0.4845,400.87,527.35,410.01,538.25
ch2_ohr_ncp_20250612T2229094979_d_img_d18_x11520_y29440.png,0.4913,6.57,523.34,12.04,528.07
ch2_ohr_ncp_20250612T2229094979_d_img_d18_x11520_y29440.png,0.4533,28.0,571.17,33.41,575.63
ch2_ohr_ncp_20250612T2229094979_d_img_d18_x11520_y29440.png,0.346,223.44,136.94,230.45,142.91
ch2_ohr_ncp_20250612T2229094979_d_img_d18_x11520_y29440.png,0.223,0.04,305.94,4.05,312.08
ch2_ohr_ncp_20250612T2229094979_d_img_d18_x11520_y29440.png,0.211,238.23,211.24,245.85,217.44
ch2_ohr_ncp_20250612T2229094979_d_img_d18_x11520_y30080.png,0.7048,343.26,586.14,354.92,597.31
ch2_ohr_ncp_20250612T2229094979_d_img_d18_x11520_y30080.png,0.681,143.12,446.53,153.48,455.92
ch2_ohr_ncp_20250612T2229094979_d_img_d18_x11520_y30080.png,0.5626,370.07,579.38,377.83,586.79
ch2_ohr_ncp_20250612T2229094979_d_img_d18_x11520_y30080.png,0.5506,79.32,434.17,89.45,442.13
ch2_ohr_ncp_20250612T2229094979_d_img_d18_x11520_y30080.png,0.5297,11.76,562.16,19.12,568.02
ch2_ohr_ncp_20250612T2229094979_d_img_d18_x11520_y30080.png,0.5,165.65,438.18,172.75,443.96
ch2_ohr_ncp_20250612T2229094979_d_img_d18_x11520_y30080.png,0.4159,37.02,629.44,42.55,633.9
ch2_ohr_ncp_20250612T2229094979_d_img_d18_x11520_y30080.png,0.3721,288.49,578.15,296.37,585.89
ch2_ohr_ncp_20250612T2229094979_d_img_d18_x11520_y30080.png,0.3718,392.72,614.5,410.56,627.62
ch2_ohr_ncp_20250612T2229094979_d_img_d18_x11520_y30080.png,0.3633,237.39,393.96,244.54,400.06
ch2_ohr_ncp_20250612T2229094979_d_img_d18_x11520_y30080.png,0.3546,362.75,619.92,369.0,626.14
ch2_ohr_ncp_20250612T2229094979_d_img_d18_x11520_y30080.png,0.318,11.28,599.6,17.04,604.42
ch2_ohr_ncp_20250612T2229094979_d_img_d18_x11520_y30080.png,0.3085,370.87,323.99,381.26,334.5
ch2_ohr_ncp_20250612T2229094979_d_img_d18_x11520_y30080.png,0.2686,39.74,337.44,44.95,341.9
ch2_ohr_ncp_20250612T2229094979_d_img_d18_x11520_y30080.png,0.2203,40.57,314.23,45.77,319.19
ch2_ohr_ncp_20250612T2229094979_d_img_d18_x11520_y30080.png,0.215,171.11,465.22,177.07,471.39
ch2_ohr_ncp_20250612T2229094979_d_img_d18_x11520_y30080.png,0.2134,109.4,499.99,117.53,507.39
ch2_ohr_ncp_20250612T2229094979_d_img_d18_x11520_y30080.png,0.2109,427.88,590.78,440.0,600.81
ch2_ohr_ncp_20250612T2229094979_d_img_d18_x11520_y30080.png,0.2039,152.05,399.66,158.29,404.78
ch2_ohr_ncp_20250612T2229094979_d_img_d18_x11520_y30720.png,0.5759,361.7,583.25,370.56,589.61
ch2_ohr_ncp_20250612T2229094979_d_img_d18_x11520_y30720.png,0.5414,34.51,591.67,41.17,596.49
ch2_ohr_ncp_20250612T2229094979_d_img_d18_x11520_y30720.png,0.5023,222.98,527.04,228.06,532.09
ch2_ohr_ncp_20250612T2229094979_d_img_d18_x11520_y30720.png,0.4884,196.35,407.56,202.28,412.69
ch2_ohr_ncp_20250612T2229094979_d_img_d18_x11520_y30720.png,0.4804,419.89,363.36,426.96,369.31
ch2_ohr_ncp_20250612T2229094979_d_img_d18_x11520_y30720.png,0.4751,352.43,476.01,361.18,484.11
ch2_ohr_ncp_20250612T2229094979_d_img_d18_x11520_y30720.png,0.4682,236.87,451.08,245.09,456.53
ch2_ohr_ncp_20250612T2229094979_d_img_d18_x11520_y30720.png,0.4671,249.91,331.73,256.09,336.83
ch2_ohr_ncp_20250612T2229094979_d_img_d18_x11520_y30720.png,0.4583,42.61,371.86,49.34,377.47
ch2_ohr_ncp_20250612T2229094979_d_img_d18_x11520_y30720.png,0.4473,346.37,339.25,353.2,345.35
ch2_ohr_ncp_20250612T2229094979_d_img_d18_x11520_y30720.png,0.436,347.98,464.68,355.42,470.11
ch2_ohr_ncp_20250612T2229094979_d_img_d18_x11520_y30720.png,0.4187,128.71,599.78,136.21,606.33
ch2_ohr_ncp_20250612T2229094979_d_img_d18_x11520_y30720.png,0.4171,32.49,598.87,39.37,604.92
ch2_ohr_ncp_20250612T2229094979_d_img_d18_x11520_y30720.png,0.3921,0.03,129.94,4.36,135.0
ch2_ohr_ncp_20250612T2229094979_d_img_d18_x11520_y30720.png,0.3917,441.84,378.95,449.61,386.21
ch2_ohr_ncp_20250612T2229094979_d_img_d18_x11520_y30720.png,0.3856,14.05,595.97,22.97,603.06
ch2_ohr_ncp_20250612T2229094979_d_img_d18_x11520_y30720.png,0.3839,117.23,353.72,124.46,358.54
ch2_ohr_ncp_20250612T2229094979_d_img_d18_x11520_y30720.png,0.3809,292.55,35.8,298.71,40.58
ch2_ohr_ncp_20250612T2229094979_d_img_d18_x11520_y30720.png,0.3516,433.58,418.45,438.98,423.11
ch2_ohr_ncp_20250612T2229094979_d_img_d18_x11520_y30720.png,0.3485,32.64,633.25,38.93,639.06
ch2_ohr_ncp_20250612T2229094979_d_img_d18_x11520_y30720.png,0.345,86.94,442.97,92.22,448.19
ch2_ohr_ncp_20250612T2229094979_d_img_d18_x11520_y30720.png,0.331,50.73,603.99,55.68,608.53
ch2_ohr_ncp_20250612T2229094979_d_img_d18_x11520_y30720.png,0.3297,4.68,83.78,11.91,89.15
ch2_ohr_ncp_20250612T2229094979_d_img_d18_x11520_y30720.png,0.3276,391.91,275.33,399.0,281.48
ch2_ohr_ncp_20250612T2229094979_d_img_d18_x11520_y30720.png,0.3251,182.78,480.33,192.61,487.62
ch2_ohr_ncp_20250612T2229094979_d_img_d18_x11520_y30720.png,0.3073,387.43,257.73,393.94,264.32
ch2_ohr_ncp_20250612T2229094979_d_img_d18_x11520_y30720.png,0.2985,236.29,443.6,244.06,449.06
ch2_ohr_ncp_20250612T2229094979_d_img_d18_x11520_y30720.png,0.2933,308.48,28.9,316.05,36.09
ch2_ohr_ncp_20250612T2229094979_d_img_d18_x11520_y30720.png,0.2793,144.27,590.12,148.7,596.0
ch2_ohr_ncp_20250612T2229094979_d_img_d18_x11520_y30720.png,0.2773,111.02,606.33,116.68,612.05
ch2_ohr_ncp_20250612T2229094979_d_img_d18_x11520_y30720.png,0.2764,196.92,407.37,204.0,412.74
ch2_ohr_ncp_20250612T2229094979_d_img_d18_x11520_y30720.png,0.2712,371.88,366.63,378.14,372.56
ch2_ohr_ncp_20250612T2229094979_d_img_d18_x11520_y30720.png,0.2645,0.01,424.35,5.64,432.53
ch2_ohr_ncp_20250612T2229094979_d_img_d18_x11520_y30720.png,0.2522,314.81,368.85,320.9,373.77
ch2_ohr_ncp_20250612T2229094979_d_img_d18_x11520_y30720.png,0.2314,24.51,630.81,29.77,636.01
ch2_ohr_ncp_20250612T2229094979_d_img_d18_x11520_y30720.png,0.2285,363.33,347.65,369.52,352.86
ch2_ohr_ncp_20250612T2229094979_d_img_d18_x11520_y30720.png,0.221,279.97,497.88,288.86,506.14
ch2_ohr_ncp_20250612T2229094979_d_img_d18_x11520_y30720.png,0.2145,221.87,75.89,231.73,83.99
ch2_ohr_ncp_20250612T2229094979_d_img_d18_x11520_y30720.png,0.2074,23.98,630.47,30.03,634.58
ch2_ohr_ncp_20250612T2229094979_d_img_d18_x11520_y30720.png,0.2069,82.01,166.72,88.83,172.68
ch2_ohr_ncp_20250612T2229094979_d_img_d18_x11520_y30720.png,0.2039,328.91,162.65,340.0,172.83
ch2_ohr_ncp_20250612T2229094979_d_img_d18_x11520_y31360.png,0.3968,56.18,304.13,60.92,309.67
ch2_ohr_ncp_20250612T2229094979_d_img_d18_x11520_y31360.png,0.3697,17.17,0.0,26.49,8.04
ch2_ohr_ncp_20250612T2229094979_d_img_d18_x11520_y31360.png,0.3476,162.4,0.04,172.23,4.73
ch2_ohr_ncp_20250612T2229094979_d_img_d18_x11520_y31360.png,0.3315,307.27,5.5,314.56,13.81
ch2_ohr_ncp_20250612T2229094979_d_img_d18_x11520_y31360.png,0.3247,131.89,15.48,137.72,20.01
ch2_ohr_ncp_20250612T2229094979_d_img_d18_x11520_y31360.png,0.3188,158.02,99.86,164.18,105.0
ch2_ohr_ncp_20250612T2229094979_d_img_d18_x11520_y31360.png,0.3029,55.91,596.61,60.49,600.71
ch2_ohr_ncp_20250612T2229094979_d_img_d18_x11520_y31360.png,0.2792,6.72,383.71,12.21,388.08
ch2_ohr_ncp_20250612T2229094979_d_img_d18_x11520_y31360.png,0.2731,152.58,43.71,158.71,48.24
ch2_ohr_ncp_20250612T2229094979_d_img_d18_x11520_y31360.png,0.2537,17.25,584.52,22.15,588.92
ch2_ohr_ncp_20250612T2229094979_d_img_d18_x11520_y31360.png,0.236,160.28,573.52,171.45,583.1
ch2_ohr_ncp_20250612T2229094979_d_img_d18_x11520_y31360.png,0.2342,61.56,353.4,68.32,359.61
ch2_ohr_ncp_20250612T2229094979_d_img_d18_x11520_y31360.png,0.2183,331.2,11.77,339.8,19.05
ch2_ohr_ncp_20250612T2229094979_d_img_d18_x11520_y31360.png,0.2171,21.58,47.81,28.0,52.39
ch2_ohr_ncp_20250612T2229094979_d_img_d18_x11520_y31360.png,0.2165,201.41,602.36,205.79,607.33
ch2_ohr_ncp_20250612T2229094979_d_img_d18_x11520_y31360.png,0.2138,9.04,76.0,13.89,82.22
ch2_ohr_ncp_20250612T2229094979_d_img_d18_x11520_y32640.png,0.4015,406.66,97.34,418.04,105.0
ch2_ohr_ncp_20250612T2229094979_d_img_d18_x11520_y32640.png,0.3461,400.36,99.99,409.9,108.44
ch2_ohr_ncp_20250612T2229094979_d_img_d18_x11520_y33280.png,0.4723,150.94,369.87,156.23,374.71
ch2_ohr_ncp_20250612T2229094979_d_img_d18_x11520_y33280.png,0.4636,10.93,399.17,21.7,408.01
ch2_ohr_ncp_20250612T2229094979_d_img_d18_x11520_y33280.png,0.434,185.71,371.88,193.44,377.57
ch2_ohr_ncp_20250612T2229094979_d_img_d18_x11520_y33280.png,0.4024,174.61,400.08,182.19,405.92
ch2_ohr_ncp_20250612T2229094979_d_img_d18_x11520_y33280.png,0.3449,89.86,459.65,100.45,466.92
ch2_ohr_ncp_20250612T2229094979_d_img_d18_x11520_y33280.png,0.2712,66.58,476.0,71.15,481.34
ch2_ohr_ncp_20250612T2229094979_d_img_d18_x11520_y33280.png,0.2675,150.01,425.92,156.03,431.04
ch2_ohr_ncp_20250612T2229094979_d_img_d18_x11520_y33280.png,0.2481,48.33,444.0,55.07,450.34
ch2_ohr_ncp_20250612T2229094979_d_img_d18_x11520_y33920.png,0.627,18.41,575.1,24.31,580.78
ch2_ohr_ncp_20250612T2229094979_d_img_d18_x11520_y33920.png,0.5395,195.8,546.05,205.19,554.46
ch2_ohr_ncp_20250612T2229094979_d_img_d18_x11520_y33920.png,0.3681,30.69,578.38,36.42,585.75
ch2_ohr_ncp_20250612T2229094979_d_img_d18_x11520_y33920.png,0.3665,118.71,603.27,124.71,608.35
ch2_ohr_ncp_20250612T2229094979_d_img_d18_x11520_y33920.png,0.3581,343.14,0.0,350.82,4.18
ch2_ohr_ncp_20250612T2229094979_d_img_d18_x11520_y33920.png,0.3505,86.68,609.85,93.36,614.87
ch2_ohr_ncp_20250612T2229094979_d_img_d18_x11520_y33920.png,0.2557,319.12,505.9,324.83,510.2
ch2_ohr_ncp_20250612T2229094979_d_img_d18_x11520_y33920.png,0.2372,320.78,422.63,331.79,433.36
ch2_ohr_ncp_20250612T2229094979_d_img_d18_x11520_y33920.png,0.2305,162.98,302.5,169.69,308.1
ch2_ohr_ncp_20250612T2229094979_d_img_d18_x11520_y33920.png,0.215,214.99,621.4,220.85,628.0
ch2_ohr_ncp_20250612T2229094979_d_img_d18_x11520_y33920.png,0.2141,213.04,456.9,221.07,464.4
ch2_ohr_ncp_20250612T2229094979_d_img_d18_x11520_y35840.png,0.4632,234.8,289.12,241.87,298.3
ch2_ohr_ncp_20250612T2229094979_d_img_d18_x11520_y35840.png,0.3919,45.57,39.29,52.44,45.14
ch2_ohr_ncp_20250612T2229094979_d_img_d18_x11520_y35840.png,0.3842,325.61,275.99,332.9,283.33
ch2_ohr_ncp_20250612T2229094979_d_img_d18_x11520_y35840.png,0.3262,332.62,305.79,340.99,313.68
ch2_ohr_ncp_20250612T2229094979_d_img_d18_x11520_y35840.png,0.3137,317.68,308.0,324.21,314.28
ch2_ohr_ncp_20250612T2229094979_d_img_d18_x11520_y35840.png,0.2913,128.27,78.91,136.41,85.21
ch2_ohr_ncp_20250612T2229094979_d_img_d18_x11520_y35840.png,0.2581,163.44,480.98,172.3,488.39
ch2_ohr_ncp_20250612T2229094979_d_img_d18_x11520_y35840.png,0.2524,0.06,368.48,12.26,382.28
ch2_ohr_ncp_20250612T2229094979_d_img_d18_x11520_y35840.png,0.2245,155.57,101.81,162.31,108.0
ch2_ohr_ncp_20250612T2229094979_d_img_d18_x11520_y35840.png,0.2092,183.56,368.81,192.89,376.76
ch2_ohr_ncp_20250612T2229094979_d_img_d18_x11520_y36480.png,0.401,17.67,4.49,25.26,10.89
ch2_ohr_ncp_20250612T2229094979_d_img_d18_x11520_y36480.png,0.2845,77.15,185.3,84.85,191.28
ch2_ohr_ncp_20250612T2229094979_d_img_d18_x11520_y36480.png,0.244,134.28,0.19,146.69,10.21
ch2_ohr_ncp_20250612T2229094979_d_img_d18_x11520_y37120.png,0.3574,126.36,491.23,132.28,496.53
ch2_ohr_ncp_20250612T2229094979_d_img_d18_x11520_y37120.png,0.256,104.16,135.26,115.06,145.76
ch2_ohr_ncp_20250612T2229094979_d_img_d18_x11520_y37120.png,0.2424,184.31,323.49,190.7,329.21
ch2_ohr_ncp_20250612T2229094979_d_img_d18_x11520_y37120.png,0.2171,17.58,587.7,25.27,594.07
ch2_ohr_ncp_20250612T2229094979_d_img_d18_x11520_y37760.png,0.566,16.35,147.91,22.9,155.01
ch2_ohr_ncp_20250612T2229094979_d_img_d18_x11520_y37760.png,0.2889,104.46,51.82,109.82,57.85
ch2_ohr_ncp_20250612T2229094979_d_img_d18_x11520_y37760.png,0.2044,16.0,253.23,23.82,260.42
ch2_ohr_ncp_20250612T2229094979_d_img_d18_x11520_y38400.png,0.4681,187.26,408.74,197.04,416.51
ch2_ohr_ncp_20250612T2229094979_d_img_d18_x11520_y38400.png,0.4505,23.39,366.92,28.07,372.08
ch2_ohr_ncp_20250612T2229094979_d_img_d18_x11520_y38400.png,0.2861,116.49,25.57,125.09,33.31
ch2_ohr_ncp_20250612T2229094979_d_img_d18_x11520_y38400.png,0.2381,157.25,499.24,164.04,504.48
ch2_ohr_ncp_20250612T2229094979_d_img_d18_x11520_y39040.png,0.4153,355.29,374.61,363.07,380.68
ch2_ohr_ncp_20250612T2229094979_d_img_d18_x11520_y39040.png,0.3821,379.99,388.0,385.34,393.92
ch2_ohr_ncp_20250612T2229094979_d_img_d18_x11520_y39040.png,0.3612,219.99,262.61,226.17,268.03
ch2_ohr_ncp_20250612T2229094979_d_img_d18_x11520_y39040.png,0.2973,152.87,409.82,157.67,413.48
ch2_ohr_ncp_20250612T2229094979_d_img_d18_x11520_y39040.png,0.2774,375.91,503.54,382.08,509.23
ch2_ohr_ncp_20250612T2229094979_d_img_d18_x11520_y39040.png,0.2737,339.14,555.86,347.79,562.44
ch2_ohr_ncp_20250612T2229094979_d_img_d18_x11520_y39680.png,0.4476,198.41,581.51,205.04,587.59
ch2_ohr_ncp_20250612T2229094979_d_img_d18_x11520_y39680.png,0.4141,344.43,592.18,354.69,600.58
ch2_ohr_ncp_20250612T2229094979_d_img_d18_x11520_y39680.png,0.2375,55.99,375.03,60.79,380.33
ch2_ohr_ncp_20250612T2229094979_d_img_d18_x11520_y40320.png,0.2634,159.97,241.26,167.19,246.97
ch2_ohr_ncp_20250612T2229094979_d_img_d18_x11520_y40320.png,0.233,31.2,417.89,36.26,422.74
ch2_ohr_ncp_20250612T2229094979_d_img_d18_x11520_y40960.png,0.3598,121.35,409.8,128.68,416.07
ch2_ohr_ncp_20250612T2229094979_d_img_d18_x11520_y41600.png,0.4346,212.6,227.16,218.77,232.74
ch2_ohr_ncp_20250612T2229094979_d_img_d18_x11520_y41600.png,0.3466,0.0,541.21,4.61,553.93
ch2_ohr_ncp_20250612T2229094979_d_img_d18_x11520_y42240.png,0.426,87.21,3.5,93.11,9.0
ch2_ohr_ncp_20250612T2229094979_d_img_d18_x11520_y42240.png,0.261,47.46,0.05,55.03,4.05
ch2_ohr_ncp_20250612T2229094979_d_img_d18_x11520_y42880.png,0.3935,197.18,307.17,204.28,312.94
ch2_ohr_ncp_20250612T2229094979_d_img_d18_x11520_y42880.png,0.3158,347.19,521.18,356.86,530.05
ch2_ohr_ncp_20250612T2229094979_d_img_d18_x11520_y42880.png,0.3041,323.66,514.09,331.45,521.91
ch2_ohr_ncp_20250612T2229094979_d_img_d18_x11520_y42880.png,0.2837,203.44,511.37,209.37,516.45
ch2_ohr_ncp_20250612T2229094979_d_img_d18_x11520_y43520.png,0.4174,91.13,581.5,96.59,588.0
ch2_ohr_ncp_20250612T2229094979_d_img_d18_x11520_y43520.png,0.3552,91.12,580.0,96.52,586.79
ch2_ohr_ncp_20250612T2229094979_d_img_d18_x11520_y43520.png,0.3526,0.12,87.86,6.42,94.75
ch2_ohr_ncp_20250612T2229094979_d_img_d18_x11520_y43520.png,0.3166,123.99,31.56,132.07,39.7
ch2_ohr_ncp_20250612T2229094979_d_img_d18_x11520_y43520.png,0.29,0.0,45.39,10.12,58.61
ch2_ohr_ncp_20250612T2229094979_d_img_d18_x11520_y44800.png,0.2459,370.45,495.87,376.27,500.31
ch2_ohr_ncp_20250612T2229094979_d_img_d18_x11520_y45440.png,0.3793,181.16,151.24,186.61,155.83
ch2_ohr_ncp_20250612T2229094979_d_img_d18_x11520_y45440.png,0.275,0.02,334.26,7.99,344.7
ch2_ohr_ncp_20250612T2229094979_d_img_d18_x11520_y45440.png,0.2377,181.42,150.94,188.0,156.05
ch2_ohr_ncp_20250612T2229094979_d_img_d18_x11520_y45440.png,0.2285,25.03,164.0,30.57,170.11
ch2_ohr_ncp_20250612T2229094979_d_img_d18_x11520_y45440.png,0.2245,56.43,162.82,62.63,168.54
ch2_ohr_ncp_20250612T2229094979_d_img_d18_x11520_y45440.png,0.2233,190.35,24.12,196.01,28.8
ch2_ohr_ncp_20250612T2229094979_d_img_d18_x11520_y46080.png,0.3596,144.64,614.64,150.74,620.17
ch2_ohr_ncp_20250612T2229094979_d_img_d18_x11520_y46080.png,0.2047,0.01,294.83,4.19,301.23
ch2_ohr_ncp_20250612T2229094979_d_img_d18_x11520_y46080.png,0.2045,103.43,628.52,110.46,636.01
ch2_ohr_ncp_20250612T2229094979_d_img_d18_x11520_y46720.png,0.4613,161.49,16.06,167.79,21.69
ch2_ohr_ncp_20250612T2229094979_d_img_d18_x11520_y46720.png,0.3708,199.97,387.39,209.42,396.19
ch2_ohr_ncp_20250612T2229094979_d_img_d18_x11520_y46720.png,0.3493,54.62,147.54,60.89,152.99
ch2_ohr_ncp_20250612T2229094979_d_img_d18_x11520_y46720.png,0.2361,105.68,229.94,113.67,237.04
ch2_ohr_ncp_20250612T2229094979_d_img_d18_x11520_y46720.png,0.231,132.0,25.67,137.57,29.81
ch2_ohr_ncp_20250612T2229094979_d_img_d18_x11520_y46720.png,0.2134,35.83,242.86,41.69,247.72
ch2_ohr_ncp_20250612T2229094979_d_img_d18_x11520_y46720.png,0.205,147.45,24.42,151.97,28.3
ch2_ohr_ncp_20250612T2229094979_d_img_d18_x11520_y47360.png,0.2134,6.41,419.88,13.23,425.91
ch2_ohr_ncp_20250612T2229094979_d_img_d18_x11520_y47360.png,0.2037,0.0,405.54,5.09,412.03
ch2_ohr_ncp_20250612T2229094979_d_img_d18_x11520_y48000.png,0.5768,157.36,514.19,164.93,519.54
ch2_ohr_ncp_20250612T2229094979_d_img_d18_x11520_y48000.png,0.3497,395.4,57.68,405.69,66.17
ch2_ohr_ncp_20250612T2229094979_d_img_d18_x11520_y48000.png,0.2874,278.91,118.84,285.05,124.87
ch2_ohr_ncp_20250612T2229094979_d_img_d18_x11520_y48000.png,0.2623,318.0,189.99,324.12,196.01
ch2_ohr_ncp_20250612T2229094979_d_img_d18_x11520_y48640.png,0.5696,216.95,567.31,222.94,573.1
ch2_ohr_ncp_20250612T2229094979_d_img_d18_x11520_y48640.png,0.3241,321.73,502.67,327.66,508.97
ch2_ohr_ncp_20250612T2229094979_d_img_d18_x11520_y48640.png,0.2122,251.84,192.67,258.65,198.16
ch2_ohr_ncp_20250612T2229094979_d_img_d18_x11520_y49280.png,0.316,347.53,125.27,361.34,135.56
ch2_ohr_ncp_20250612T2229094979_d_img_d18_x11520_y49280.png,0.249,196.0,425.25,202.36,429.93
ch2_ohr_ncp_20250612T2229094979_d_img_d18_x11520_y49280.png,0.2451,353.08,98.34,359.09,103.66
ch2_ohr_ncp_20250612T2229094979_d_img_d18_x11520_y49920.png,0.4376,0.05,544.77,4.27,552.96
ch2_ohr_ncp_20250612T2229094979_d_img_d18_x11520_y49920.png,0.2892,371.33,65.61,381.8,74.17
ch2_ohr_ncp_20250612T2229094979_d_img_d18_x11520_y50560.png,0.3813,139.97,166.87,145.45,172.05
ch2_ohr_ncp_20250612T2229094979_d_img_d18_x11520_y52480.png,0.2639,28.0,588.0,34.81,593.93
ch2_ohr_ncp_20250612T2229094979_d_img_d18_x11520_y52480.png,0.2621,29.18,587.99,36.0,593.85
ch2_ohr_ncp_20250612T2229094979_d_img_d18_x11520_y53120.png,0.3659,230.9,624.68,236.9,629.24
ch2_ohr_ncp_20250612T2229094979_d_img_d18_x11520_y53120.png,0.2333,262.51,354.34,268.31,359.49
ch2_ohr_ncp_20250612T2229094979_d_img_d18_x11520_y53760.png,0.3271,162.66,451.89,172.64,461.72
ch2_ohr_ncp_20250612T2229094979_d_img_d18_x11520_y53760.png,0.2751,329.17,366.2,337.32,372.71
ch2_ohr_ncp_20250612T2229094979_d_img_d18_x11520_y54400.png,0.294,0.06,347.29,4.13,353.61
ch2_ohr_ncp_20250612T2229094979_d_img_d18_x11520_y54400.png,0.2218,221.41,446.21,228.01,452.0
ch2_ohr_ncp_20250612T2229094979_d_img_d18_x11520_y55040.png,0.3524,116.37,163.96,127.71,176.27
ch2_ohr_ncp_20250612T2229094979_d_img_d18_x11520_y56320.png,0.4097,28.0,34.09,34.48,39.12
ch2_ohr_ncp_20250612T2229094979_d_img_d18_x11520_y56320.png,0.3378,29.27,34.22,36.01,39.18
ch2_ohr_ncp_20250612T2229094979_d_img_d18_x11520_y56320.png,0.221,60.0,54.44,65.95,60.01
ch2_ohr_ncp_20250612T2229094979_d_img_d18_x11520_y56320.png,0.2108,185.33,400.86,193.16,407.06
ch2_ohr_ncp_20250612T2229094979_d_img_d18_x11520_y57600.png,0.2844,338.66,625.87,345.87,631.84
ch2_ohr_ncp_20250612T2229094979_d_img_d18_x11520_y57600.png,0.2292,110.23,11.99,116.09,17.37
ch2_ohr_ncp_20250612T2229094979_d_img_d18_x11520_y58880.png,0.4443,31.24,189.62,38.27,196.16
ch2_ohr_ncp_20250612T2229094979_d_img_d18_x11520_y58880.png,0.4246,122.47,421.12,140.85,437.63
ch2_ohr_ncp_20250612T2229094979_d_img_d18_x11520_y58880.png,0.2395,0.54,466.92,9.19,475.35
ch2_ohr_ncp_20250612T2229094979_d_img_d18_x11520_y59520.png,0.3149,62.1,340.0,68.02,345.31
ch2_ohr_ncp_20250612T2229094979_d_img_d18_x11520_y59520.png,0.3091,328.67,585.81,334.53,591.13
ch2_ohr_ncp_20250612T2229094979_d_img_d18_x11520_y59520.png,0.2762,339.06,313.84,348.93,322.25
ch2_ohr_ncp_20250612T2229094979_d_img_d18_x11520_y60160.png,0.3258,206.29,296.88,212.85,302.62
ch2_ohr_ncp_20250612T2229094979_d_img_d18_x11520_y60160.png,0.3185,320.18,222.88,326.59,228.83
ch2_ohr_ncp_20250612T2229094979_d_img_d18_x11520_y60160.png,0.2907,239.64,363.63,244.23,367.75
ch2_ohr_ncp_20250612T2229094979_d_img_d18_x11520_y60160.png,0.2491,214.15,246.99,219.32,251.6
ch2_ohr_ncp_20250612T2229094979_d_img_d18_x11520_y61440.png,0.483,357.9,236.0,364.02,241.8
ch2_ohr_ncp_20250612T2229094979_d_img_d18_x11520_y61440.png,0.4766,299.68,24.49,308.03,31.78
ch2_ohr_ncp_20250612T2229094979_d_img_d18_x11520_y61440.png,0.4518,353.2,206.58,361.27,214.84
ch2_ohr_ncp_20250612T2229094979_d_img_d18_x11520_y61440.png,0.4417,318.94,57.13,324.33,61.27
ch2_ohr_ncp_20250612T2229094979_d_img_d18_x11520_y61440.png,0.4301,173.52,59.97,180.01,66.3
ch2_ohr_ncp_20250612T2229094979_d_img_d18_x11520_y61440.png,0.4148,0.91,250.65,9.67,258.48
ch2_ohr_ncp_20250612T2229094979_d_img_d18_x11520_y61440.png,0.3034,17.69,432.15,23.79,437.2
ch2_ohr_ncp_20250612T2229094979_d_img_d18_x11520_y61440.png,0.2844,371.91,145.62,378.46,150.36
ch2_ohr_ncp_20250612T2229094979_d_img_d18_x11520_y61440.png,0.2823,158.26,25.49,164.01,29.65
ch2_ohr_ncp_20250612T2229094979_d_img_d18_x11520_y61440.png,0.2778,357.54,173.9,364.01,180.0
ch2_ohr_ncp_20250612T2229094979_d_img_d18_x11520_y61440.png,0.2605,288.44,131.87,292.8,135.92
ch2_ohr_ncp_20250612T2229094979_d_img_d18_x11520_y61440.png,0.2372,166.75,315.71,172.08,320.67
ch2_ohr_ncp_20250612T2229094979_d_img_d18_x11520_y61440.png,0.2357,67.63,442.89,71.95,447.24
ch2_ohr_ncp_20250612T2229094979_d_img_d18_x11520_y62080.png,0.3621,384.54,22.64,395.4,32.17
ch2_ohr_ncp_20250612T2229094979_d_img_d18_x11520_y62080.png,0.2429,19.42,544.68,28.04,552.73
ch2_ohr_ncp_20250612T2229094979_d_img_d18_x11520_y62080.png,0.2255,173.6,299.68,185.3,309.13
ch2_ohr_ncp_20250612T2229094979_d_img_d18_x11520_y62080.png,0.2091,197.14,385.23,209.91,396.72
ch2_ohr_ncp_20250612T2229094979_d_img_d18_x11520_y62720.png,0.5433,163.18,242.07,169.75,247.95
ch2_ohr_ncp_20250612T2229094979_d_img_d18_x11520_y63360.png,0.4955,55.32,416.27,60.84,421.39
ch2_ohr_ncp_20250612T2229094979_d_img_d18_x11520_y63360.png,0.2249,160.42,636.0,169.87,640.0
ch2_ohr_ncp_20250612T2229094979_d_img_d18_x11520_y63360.png,0.2139,260.78,527.17,268.06,533.42
ch2_ohr_ncp_20250612T2229094979_d_img_d18_x11520_y63360.png,0.2031,351.67,293.86,357.78,300.0
ch2_ohr_ncp_20250612T2229094979_d_img_d18_x11520_y64640.png,0.2899,39.61,82.87,45.58,88.02
ch2_ohr_ncp_20250612T2229094979_d_img_d18_x11520_y64640.png,0.222,29.15,630.18,39.46,639.4
ch2_ohr_ncp_20250612T2229094979_d_img_d18_x11520_y65280.png,0.4199,0.07,322.46,4.05,329.42
ch2_ohr_ncp_20250612T2229094979_d_img_d18_x11520_y65280.png,0.4098,365.27,1.29,376.75,13.78
ch2_ohr_ncp_20250612T2229094979_d_img_d18_x11520_y65280.png,0.3149,152.58,243.87,157.97,248.34
ch2_ohr_ncp_20250612T2229094979_d_img_d18_x11520_y65280.png,0.3087,325.47,29.19,338.54,39.71
ch2_ohr_ncp_20250612T2229094979_d_img_d18_x11520_y65280.png,0.2679,390.09,71.35,397.18,77.25
ch2_ohr_ncp_20250612T2229094979_d_img_d18_x11520_y65280.png,0.2621,419.9,6.73,427.75,13.02
ch2_ohr_ncp_20250612T2229094979_d_img_d18_x11520_y65280.png,0.248,374.39,27.89,380.11,33.77
ch2_ohr_ncp_20250612T2229094979_d_img_d18_x11520_y65920.png,0.305,195.17,154.56,202.41,160.57
ch2_ohr_ncp_20250612T2229094979_d_img_d18_x11520_y65920.png,0.2413,0.0,624.24,9.81,636.19
ch2_ohr_ncp_20250612T2229094979_d_img_d18_x11520_y65920.png,0.2321,160.35,554.71,167.1,560.68
ch2_ohr_ncp_20250612T2229094979_d_img_d18_x11520_y65920.png,0.2319,327.96,579.06,334.7,586.4
ch2_ohr_ncp_20250612T2229094979_d_img_d18_x11520_y67200.png,0.2874,336.41,206.69,359.75,224.79
ch2_ohr_ncp_20250612T2229094979_d_img_d18_x11520_y67200.png,0.2204,231.15,296.52,236.75,301.07
ch2_ohr_ncp_20250612T2229094979_d_img_d18_x11520_y68480.png,0.2088,10.67,219.15,16.25,224.68
ch2_ohr_ncp_20250612T2229094979_d_img_d18_x11520_y69120.png,0.2978,216.4,411.26,222.32,416.82
ch2_ohr_ncp_20250612T2229094979_d_img_d18_x11520_y70400.png,0.2138,0.05,615.11,6.82,622.8
ch2_ohr_ncp_20250612T2229094979_d_img_d18_x11520_y71040.png,0.2153,54.91,278.18,59.26,282.72
ch2_ohr_ncp_20250612T2229094979_d_img_d18_x11520_y71680.png,0.2604,78.85,618.73,89.46,628.17
ch2_ohr_ncp_20250612T2229094979_d_img_d18_x11520_y72960.png,0.4184,113.74,38.5,119.56,44.04
ch2_ohr_ncp_20250612T2229094979_d_img_d18_x11520_y72960.png,0.3215,187.82,339.35,193.46,343.76
ch2_ohr_ncp_20250612T2229094979_d_img_d18_x11520_y72960.png,0.2806,82.05,347.33,89.74,354.27
ch2_ohr_ncp_20250612T2229094979_d_img_d18_x11520_y72960.png,0.2791,226.8,148.0,235.65,154.81
ch2_ohr_ncp_20250612T2229094979_d_img_d18_x11520_y76160.png,0.3237,217.48,445.57,227.36,455.71
ch2_ohr_ncp_20250612T2229094979_d_img_d18_x11520_y76160.png,0.2627,227.91,625.9,238.99,633.36
ch2_ohr_ncp_20250612T2229094979_d_img_d18_x11520_y77440.png,0.2586,157.43,72.03,164.0,76.7
ch2_ohr_ncp_20250612T2229094979_d_img_d18_x11520_y77440.png,0.2435,156.0,71.99,162.86,76.79
ch2_ohr_ncp_20250612T2229094979_d_img_d18_x11520_y78080.png,0.3698,0.02,167.16,5.58,173.74
ch2_ohr_ncp_20250612T2229094979_d_img_d18_x11520_y78720.png,0.2223,235.38,547.9,245.42,555.8
ch2_ohr_ncp_20250612T2229094979_d_img_d18_x11520_y79360.png,0.2274,395.86,109.31,402.33,116.01
ch2_ohr_ncp_20250612T2229094979_d_img_d18_x11520_y79360.png,0.21,394.37,130.79,401.54,136.44
ch2_ohr_ncp_20250612T2229094979_d_img_d18_x11520_y79360.png,0.2005,323.34,13.71,332.31,22.42
