tile,conf,x1,y1,x2,y2
ch2_ohr_ncp_20190906T2241285714_d_img_gds_x01920_y47360.png,0.2509,8.23,635.95,13.04,639.74
ch2_ohr_ncp_20190906T2241285714_d_img_gds_x02560_y62720.png,0.6367,35.92,79.58,41.99,86.9
ch2_ohr_ncp_20190906T2241285714_d_img_gds_x02560_y62720.png,0.2626,36.14,79.98,44.0,87.11
ch2_ohr_ncp_20190906T2241285714_d_img_gds_x02560_y75520.png,0.3154,597.14,596.61,604.12,604.64
ch2_ohr_ncp_20190906T2241285714_d_img_gds_x03200_y08960.png,0.2588,623.61,3.02,628.03,7.32
ch2_ohr_ncp_20190906T2241285714_d_img_gds_x03200_y08960.png,0.2009,515.93,632.1,526.25,638.87
ch2_ohr_ncp_20190906T2241285714_d_img_gds_x03200_y19200.png,0.2485,137.57,0.03,141.79,4.0
ch2_ohr_ncp_20190906T2241285714_d_img_gds_x03840_y05120.png,0.3161,604.0,603.43,609.94,608.16
ch2_ohr_ncp_20190906T2241285714_d_img_gds_x03840_y05120.png,0.2498,619.49,634.64,625.88,639.6
ch2_ohr_ncp_20190906T2241285714_d_img_gds_x03840_y05120.png,0.2469,605.38,603.61,612.0,608.08
ch2_ohr_ncp_20190906T2241285714_d_img_gds_x03840_y05120.png,0.2153,613.77,600.54,620.01,604.21
ch2_ohr_ncp_20190906T2241285714_d_img_gds_x03840_y05120.png,0.2081,594.31,623.56,597.58,628.0
ch2_ohr_ncp_20190906T2241285714_d_img_gds_x04480_y62720.png,0.2042,391.19,586.93,396.02,592.86
ch2_ohr_ncp_20190906T2241285714_d_img_gds_x05120_y20480.png,0.2644,10.14,130.73,13.4,135.72
ch2_ohr_ncp_20190906T2241285714_d_img_gds_x05120_y80640.png,0.4251,623.29,15.49,629.0,20.79
ch2_ohr_ncp_20190906T2241285714_d_img_gds_x05120_y80640.png,0.3714,532.71,2.01,539.12,8.89
ch2_ohr_ncp_20190906T2241285714_d_img_gds_x05120_y80640.png,0.2545,537.2,30.0,542.28,36.16
ch2_ohr_ncp_20190906T2241285714_d_img_gds_x05120_y80640.png,0.21,531.96,35.85,537.22,40.91
ch2_ohr_ncp_20190906T2241285714_d_img_gds_x05760_y04480.png,0.2184,619.83,417.64,623.82,421.9
ch2_ohr_ncp_20190906T2241285714_d_img_gds_x05760_y13440.png,0.2777,274.48,21.73,331.31,80.55
ch2_ohr_ncp_20190906T2241285714_d_img_gds_x05760_y22400.png,0.4235,12.0,498.03,17.18,502.99
ch2_ohr_ncp_20190906T2241285714_d_img_gds_x05760_y22400.png,0.3247,0.0,496.29,4.01,501.58
ch2_ohr_ncp_20190906T2241285714_d_img_gds_x05760_y75520.png,0.2162,125.13,591.89,132.98,600.87
ch2_ohr_ncp_20190906T2241285714_d_img_gds_x06400_y08320.png,0.3164,595.85,615.93,600.42,620.76
ch2_ohr_ncp_20190906T2241285714_d_img_gds_x06400_y08320.png,0.2004,580.0,603.48,586.18,608.3
ch2_ohr_ncp_20190906T2241285714_d_img_gds_x06400_y42880.png,0.2989,603.98,15.28,609.25,20.58
ch2_ohr_ncp_20190906T2241285714_d_img_gds_x06400_y42880.png,0.2521,596.0,23.36,601.83,28.41
ch2_ohr_ncp_20190906T2241285714_d_img_gds_x06400_y42880.png,0.2402,450.76,634.83,455.84,639.31
ch2_ohr_ncp_20190906T2241285714_d_img_gds_x06400_y45440.png,0.3359,591.2,19.99,596.01,24.58
ch2_ohr_ncp_20190906T2241285714_d_img_gds_x06400_y53760.png,0.2438,224.23,536.29,287.8,596.2
ch2_ohr_ncp_20190906T2241285714_d_img_gds_x06400_y75520.png,0.2917,150.67,608.78,156.02,614.3
ch2_ohr_ncp_20190906T2241285714_d_img_gds_x06400_y75520.png,0.2738,61.66,527.91,68.56,535.33
ch2_ohr_ncp_20190906T2241285714_d_img_gds_x06400_y75520.png,0.237,35.24,585.78,41.18,593.19
ch2_ohr_ncp_20190906T2241285714_d_img_gds_x06400_y75520.png,0.2302,46.94,519.44,52.04,524.91
ch2_ohr_ncp_20190906T2241285714_d_img_gds_x07040_y43520.png,0.2045,619.85,482.46,623.54,486.72
ch2_ohr_ncp_20190906T2241285714_d_img_gds_x07680_y01920.png,0.2613,387.9,0.4,393.45,5.81
ch2_ohr_ncp_20190906T2241285714_d_img_gds_x07680_y01920.png,0.2515,559.12,57.93,564.2,62.52
ch2_ohr_ncp_20190906T2241285714_d_img_gds_x07680_y74240.png,0.2404,605.22,12.83,625.77,45.41
ch2_ohr_ncp_20190906T2241285714_d_img_gds_x08320_y64000.png,0.2823,75.98,415.66,79.37,420.74
ch2_ohr_ncp_20190906T2241285714_d_img_gds_x08320_y83200.png,0.2667,9.81,552.62,16.73,561.07
ch2_ohr_ncp_20190906T2241285714_d_img_gds_x08320_y83200.png,0.2073,544.9,635.82,550.43,639.7
ch2_ohr_ncp_20190906T2241285714_d_img_gds_x08960_y28800.png,0.2204,634.03,40.4,638.59,45.29
ch2_ohr_ncp_20190906T2241285714_d_img_gds_x08960_y58880.png,0.3414,634.48,595.39,639.36,600.93
ch2_ohr_ncp_20190906T2241285714_d_img_gds_x08960_y58880.png,0.2487,633.71,606.21,637.79,612.0
ch2_ohr_ncp_20190906T2241285714_d_img_gds_x08960_y63360.png,0.2524,412.0,617.33,416.78,622.54
ch2_ohr_ncp_20190906T2241285714_d_img_gds_x08960_y87040.png,0.2347,473.09,634.31,477.52,639.05
ch2_ohr_ncp_20190906T2241285714_d_img_gds_x10240_y20480.png,0.2615,632.05,581.42,637.41,588.0
ch2_ohr_ncp_20190907T0438126359_d_img_g26_x01280_y65920.png,0.205,604.0,562.37,609.92,566.58
ch2_ohr_ncp_20190907T0438126359_d_img_g26_x02560_y35200.png,0.2577,601.87,0.07,606.02,4.01
ch2_ohr_ncp_20190907T0438126359_d_img_g26_x02560_y66560.png,0.227,626.97,382.6,634.73,391.42
ch2_ohr_ncp_20190907T0438126359_d_img_g26_x03200_y25600.png,0.3376,567.68,76.84,572.01,84.01
ch2_ohr_ncp_20190907T0438126359_d_img_g26_x03200_y25600.png,0.2574,631.92,323.86,636.34,329.97
ch2_ohr_ncp_20190907T0438126359_d_img_g26_x03200_y25600.png,0.2376,579.99,80.84,584.37,85.15
ch2_ohr_ncp_20190907T0438126359_d_img_g26_x03200_y58880.png,0.2635,62.1,625.32,68.0,630.69
ch2_ohr_ncp_20190907T0438126359_d_img_g26_x04480_y49280.png,0.2353,632.89,218.12,636.45,221.69
ch2_ohr_ncp_20190907T0438126359_d_img_g26_x06400_y51840.png,0.2206,611.59,630.65,615.47,636.34
ch2_ohr_ncp_20190907T0438126359_d_img_g26_x08320_y26240.png,0.2155,233.77,349.81,277.88,389.3
ch2_ohr_ncp_20240425T1012478407_d_img_d18_x00000_y35200.png,0.3799,611.83,319.8,616.73,324.52
ch2_ohr_ncp_20240425T1012478407_d_img_d18_x00000_y35200.png,0.319,617.83,393.89,639.5,425.47
ch2_ohr_ncp_20240425T1012478407_d_img_d18_x00000_y35200.png,0.3081,549.82,304.79,556.03,309.89
ch2_ohr_ncp_20240425T1012478407_d_img_d18_x00000_y35200.png,0.2713,607.95,288.11,613.47,293.22
ch2_ohr_ncp_20240425T1012478407_d_img_d18_x00640_y09600.png,0.6011,599.76,303.29,605.86,311.17
ch2_ohr_ncp_20240425T1012478407_d_img_d18_x00640_y09600.png,0.3896,625.48,126.47,630.81,132.68
ch2_ohr_ncp_20240425T1012478407_d_img_d18_x00640_y09600.png,0.3485,611.77,226.07,617.44,232.07
ch2_ohr_ncp_20240425T1012478407_d_img_d18_x00640_y09600.png,0.3424,630.77,181.95,636.92,188.97
ch2_ohr_ncp_20240425T1012478407_d_img_d18_x00640_y09600.png,0.2669,625.62,122.5,630.41,128.53
ch2_ohr_ncp_20240425T1012478407_d_img_d18_x00640_y09600.png,0.2491,539.95,256.01,544.32,260.15
ch2_ohr_ncp_20240425T1012478407_d_img_d18_x00640_y09600.png,0.2225,618.56,161.06,623.59,166.94
ch2_ohr_ncp_20240425T1012478407_d_img_d18_x00640_y09600.png,0.2176,606.84,311.48,612.15,317.39
ch2_ohr_ncp_20240425T1012478407_d_img_d18_x00640_y09600.png,0.2064,485.13,177.22,529.27,209.16
ch2_ohr_ncp_20240425T1012478407_d_img_d18_x00640_y14720.png,0.2466,631.0,270.99,636.02,276.16
ch2_ohr_ncp_20240425T1012478407_d_img_d18_x00640_y14720.png,0.209,597.8,632.78,606.5,639.68
ch2_ohr_ncp_20240425T1012478407_d_img_d18_x00640_y39680.png,0.2568,565.74,514.55,589.04,532.82
ch2_ohr_ncp_20240425T1012478407_d_img_d18_x00640_y47360.png,0.6071,603.83,16.35,608.4,22.39
ch2_ohr_ncp_20240425T1012478407_d_img_d18_x00640_y47360.png,0.2953,421.91,26.03,428.0,30.93
ch2_ohr_ncp_20240425T1012478407_d_img_d18_x00640_y47360.png,0.2931,466.01,103.07,482.6,116.77
ch2_ohr_ncp_20240425T1012478407_d_img_d18_x00640_y48640.png,0.3788,598.96,573.49,629.24,606.39
ch2_ohr_ncp_20240425T1012478407_d_img_d18_x00640_y49280.png,0.2581,618.82,607.8,639.33,639.56
ch2_ohr_ncp_20240425T1012478407_d_img_d18_x00640_y49280.png,0.2228,621.6,619.86,639.99,639.6
ch2_ohr_ncp_20240425T1012478407_d_img_d18_x00640_y55040.png,0.6017,288.45,87.53,293.53,93.95
ch2_ohr_ncp_20240425T1012478407_d_img_d18_x00640_y55040.png,0.5313,260.73,59.99,268.06,67.32
ch2_ohr_ncp_20240425T1012478407_d_img_d18_x00640_y55040.png,0.4606,259.93,60.49,267.21,68.01
ch2_ohr_ncp_20240425T1012478407_d_img_d18_x00640_y55040.png,0.4311,166.06,120.27,173.79,129.63
ch2_ohr_ncp_20240425T1012478407_d_img_d18_x00640_y55040.png,0.4043,202.9,32.87,208.79,39.63
ch2_ohr_ncp_20240425T1012478407_d_img_d18_x00640_y55040.png,0.3848,263.74,16.29,269.56,21.48
ch2_ohr_ncp_20240425T1012478407_d_img_d18_x00640_y55040.png,0.3086,288.05,43.01,292.03,47.14
ch2_ohr_ncp_20240425T1012478407_d_img_d18_x00640_y55040.png,0.3039,211.99,155.29,216.21,159.21
ch2_ohr_ncp_20240425T1012478407_d_img_d18_x00640_y55040.png,0.2859,251.35,76.0,255.77,82.23
ch2_ohr_ncp_20240425T1012478407_d_img_d18_x00640_y55040.png,0.2773,221.04,19.77,229.05,30.55
ch2_ohr_ncp_20240425T1012478407_d_img_d18_x00640_y55040.png,0.2558,19.5,23.3,24.66,28.47
ch2_ohr_ncp_20240425T1012478407_d_img_d18_x00640_y55040.png,0.239,224.4,151.74,231.18,157.27
ch2_ohr_ncp_20240425T1012478407_d_img_d18_x00640_y55040.png,0.2372,271.11,84.11,282.03,96.4
ch2_ohr_ncp_20240425T1012478407_d_img_d18_x00640_y55040.png,0.2372,257.4,0.19,268.48,9.55
ch2_ohr_ncp_20240425T1012478407_d_img_d18_x00640_y55040.png,0.2328,169.29,142.98,173.58,148.01
ch2_ohr_ncp_20240425T1012478407_d_img_d18_x00640_y55040.png,0.2282,223.55,130.0,228.14,135.39
ch2_ohr_ncp_20240425T1012478407_d_img_d18_x00640_y55040.png,0.2218,592.6,155.57,598.32,162.07
ch2_ohr_ncp_20240425T1012478407_d_img_d18_x00640_y55040.png,0.2204,276.45,83.93,284.08,93.43
ch2_ohr_ncp_20240425T1012478407_d_img_d18_x00640_y55040.png,0.2032,180.74,20.24,195.66,37.7
ch2_ohr_ncp_20240425T1012478407_d_img_d18_x00640_y89600.png,0.479,223.13,632.79,229.27,639.22
ch2_ohr_ncp_20240425T1012478407_d_img_d18_x01280_y20480.png,0.2915,16.41,625.92,20.36,630.65
ch2_ohr_ncp_20240425T1012478407_d_img_d18_x01280_y20480.png,0.2588,80.76,604.0,85.01,609.49
ch2_ohr_ncp_20240425T1012478407_d_img_d18_x01280_y20480.png,0.2445,35.99,604.0,40.72,609.7
ch2_ohr_ncp_20240425T1012478407_d_img_d18_x01280_y23680.png,0.2891,480.49,604.0,484.88,609.71
ch2_ohr_ncp_20240425T1012478407_d_img_d18_x01280_y23680.png,0.2374,610.63,623.65,614.72,628.01
ch2_ohr_ncp_20240425T1012478407_d_img_d18_x01280_y23680.png,0.2085,592.0,542.99,598.47,550.27
ch2_ohr_ncp_20240425T1012478407_d_img_d18_x01280_y51840.png,0.2185,547.1,26.37,552.81,32.1
ch2_ohr_ncp_20240425T1012478407_d_img_d18_x01280_y57600.png,0.3948,530.92,635.07,537.23,639.56
ch2_ohr_ncp_20240425T1012478407_d_img_d18_x01280_y57600.png,0.3272,553.62,627.67,557.23,632.51
ch2_ohr_ncp_20240425T1012478407_d_img_d18_x01280_y57600.png,0.3,569.02,632.3,573.17,636.45
ch2_ohr_ncp_20240425T1012478407_d_img_d18_x01280_y57600.png,0.2771,520.25,557.56,540.73,578.7
ch2_ohr_ncp_20240425T1012478407_d_img_d18_x01280_y57600.png,0.2385,498.02,603.21,502.0,607.51
ch2_ohr_ncp_20240425T1012478407_d_img_d18_x01280_y57600.png,0.2378,96.96,200.82,108.9,214.75
ch2_ohr_ncp_20240425T1012478407_d_img_d18_x01280_y57600.png,0.2274,504.24,617.75,508.67,623.18
ch2_ohr_ncp_20240425T1012478407_d_img_d18_x01280_y58240.png,0.2783,48.11,18.65,52.08,22.81
ch2_ohr_ncp_20240425T1012478407_d_img_d18_x01280_y58240.png,0.2278,593.17,102.9,597.13,108.0
ch2_ohr_ncp_20240425T1012478407_d_img_d18_x01920_y03840.png,0.3132,115.99,135.56,121.56,140.22
ch2_ohr_ncp_20240425T1012478407_d_img_d18_x01920_y03840.png,0.2555,45.87,73.95,70.06,101.7
ch2_ohr_ncp_20240425T1012478407_d_img_d18_x01920_y03840.png,0.2455,54.98,614.38,60.31,620.0
ch2_ohr_ncp_20240425T1012478407_d_img_d18_x01920_y03840.png,0.2405,117.14,135.41,121.87,140.69
ch2_ohr_ncp_20240425T1012478407_d_img_d18_x01920_y03840.png,0.2251,33.07,527.74,37.69,532.08
ch2_ohr_ncp_20240425T1012478407_d_img_d18_x01920_y03840.png,0.2174,24.03,43.96,30.77,50.57
ch2_ohr_ncp_20240425T1012478407_d_img_d18_x01920_y03840.png,0.2085,25.74,622.13,30.98,628.0
ch2_ohr_ncp_20240425T1012478407_d_img_d18_x01920_y03840.png,0.2056,54.42,614.07,60.28,618.76
ch2_ohr_ncp_20240425T1012478407_d_img_d18_x01920_y10880.png,0.322,629.44,209.97,636.0,217.24
ch2_ohr_ncp_20240425T1012478407_d_img_d18_x01920_y10880.png,0.2557,430.86,39.81,436.05,45.81
ch2_ohr_ncp_20240425T1012478407_d_img_d18_x01920_y10880.png,0.2344,512.47,200.2,518.53,207.27
ch2_ohr_ncp_20240425T1012478407_d_img_d18_x01920_y10880.png,0.2191,616.97,170.56,623.88,177.38
ch2_ohr_ncp_20240425T1012478407_d_img_d18_x01920_y10880.png,0.2055,514.24,24.81,518.53,29.04
ch2_ohr_ncp_20240425T1012478407_d_img_d18_x01920_y30080.png,0.5234,159.57,328.52,164.06,332.7
ch2_ohr_ncp_20240425T1012478407_d_img_d18_x01920_y30080.png,0.442,603.27,619.68,609.86,626.66
ch2_ohr_ncp_20240425T1012478407_d_img_d18_x01920_y30080.png,0.4242,264.27,460.78,273.49,471.72
ch2_ohr_ncp_20240425T1012478407_d_img_d18_x01920_y30080.png,0.4232,260.22,513.63,266.99,521.14
ch2_ohr_ncp_20240425T1012478407_d_img_d18_x01920_y30080.png,0.375,303.05,373.69,310.64,380.26
ch2_ohr_ncp_20240425T1012478407_d_img_d18_x01920_y30080.png,0.337,605.55,593.62,622.79,614.46
ch2_ohr_ncp_20240425T1012478407_d_img_d18_x01920_y30080.png,0.3267,304.02,520.96,308.15,525.08
ch2_ohr_ncp_20240425T1012478407_d_img_d18_x01920_y30080.png,0.3161,295.73,505.75,303.0,513.32
ch2_ohr_ncp_20240425T1012478407_d_img_d18_x01920_y30080.png,0.3149,307.72,473.84,312.27,478.83
ch2_ohr_ncp_20240425T1012478407_d_img_d18_x01920_y30080.png,0.2776,303.1,371.98,315.78,380.44
ch2_ohr_ncp_20240425T1012478407_d_img_d18_x01920_y30080.png,0.2723,143.75,402.37,148.07,406.73
ch2_ohr_ncp_20240425T1012478407_d_img_d18_x01920_y30080.png,0.2614,203.31,507.87,209.29,514.3
ch2_ohr_ncp_20240425T1012478407_d_img_d18_x01920_y30080.png,0.2502,47.96,299.59,53.43,305.16
ch2_ohr_ncp_20240425T1012478407_d_img_d18_x01920_y30080.png,0.2432,262.64,524.0,270.14,532.32
ch2_ohr_ncp_20240425T1012478407_d_img_d18_x01920_y30080.png,0.2348,219.41,274.63,228.17,284.0
ch2_ohr_ncp_20240425T1012478407_d_img_d18_x01920_y30080.png,0.2271,554.29,633.84,559.46,639.35
ch2_ohr_ncp_20240425T1012478407_d_img_d18_x01920_y30080.png,0.2206,341.55,491.44,348.0,497.0
ch2_ohr_ncp_20240425T1012478407_d_img_d18_x01920_y30080.png,0.2162,93.12,309.86,106.59,325.2
ch2_ohr_ncp_20240425T1012478407_d_img_d18_x01920_y37120.png,0.5179,175.68,551.5,181.85,557.46
ch2_ohr_ncp_20240425T1012478407_d_img_d18_x01920_y37120.png,0.3104,432.13,198.04,456.88,222.99
ch2_ohr_ncp_20240425T1012478407_d_img_d18_x01920_y37120.png,0.3068,168.7,539.32,178.36,549.7
ch2_ohr_ncp_20240425T1012478407_d_img_d18_x01920_y37120.png,0.2857,0.0,421.06,4.05,429.09
ch2_ohr_ncp_20240425T1012478407_d_img_d18_x01920_y37120.png,0.2796,248.08,554.77,252.14,559.15
ch2_ohr_ncp_20240425T1012478407_d_img_d18_x01920_y37120.png,0.2664,269.42,560.5,276.0,565.75
ch2_ohr_ncp_20240425T1012478407_d_img_d18_x01920_y37120.png,0.2529,166.92,535.89,178.1,548.09
ch2_ohr_ncp_20240425T1012478407_d_img_d18_x01920_y37120.png,0.2508,111.82,534.25,117.6,542.12
ch2_ohr_ncp_20240425T1012478407_d_img_d18_x01920_y37120.png,0.2348,261.41,629.24,267.42,634.36
ch2_ohr_ncp_20240425T1012478407_d_img_d18_x01920_y37120.png,0.2203,110.39,557.51,116.19,564.21
ch2_ohr_ncp_20240425T1012478407_d_img_d18_x01920_y37120.png,0.2195,257.6,543.77,263.81,551.13
ch2_ohr_ncp_20240425T1012478407_d_img_d18_x01920_y37120.png,0.2158,171.97,624.68,176.5,630.22
ch2_ohr_ncp_20240425T1012478407_d_img_d18_x01920_y42880.png,0.4749,624.26,609.02,629.21,615.06
ch2_ohr_ncp_20240425T1012478407_d_img_d18_x01920_y42880.png,0.347,634.71,472.61,639.31,480.58
ch2_ohr_ncp_20240425T1012478407_d_img_d18_x01920_y42880.png,0.2197,569.15,602.85,591.79,639.73
ch2_ohr_ncp_20240425T1012478407_d_img_d18_x01920_y42880.png,0.2096,616.27,548.0,620.56,554.83
ch2_ohr_ncp_20240425T1012478407_d_img_d18_x01920_y49280.png,0.4594,59.5,600.33,63.81,605.67
ch2_ohr_ncp_20240425T1012478407_d_img_d18_x01920_y49280.png,0.361,488.21,582.58,494.11,588.98
ch2_ohr_ncp_20240425T1012478407_d_img_d18_x01920_y49280.png,0.3324,98.46,520.33,104.35,526.91
ch2_ohr_ncp_20240425T1012478407_d_img_d18_x01920_y49280.png,0.303,0.14,627.21,5.89,638.43
ch2_ohr_ncp_20240425T1012478407_d_img_d18_x01920_y49280.png,0.2852,372.24,408.68,396.05,427.49
ch2_ohr_ncp_20240425T1012478407_d_img_d18_x01920_y49280.png,0.2649,147.32,2.97,152.25,8.05
ch2_ohr_ncp_20240425T1012478407_d_img_d18_x01920_y49280.png,0.2464,515.01,557.58,521.33,564.02
ch2_ohr_ncp_20240425T1012478407_d_img_d18_x01920_y49280.png,0.2361,126.35,609.96,132.0,614.42
ch2_ohr_ncp_20240425T1012478407_d_img_d18_x01920_y49280.png,0.2293,527.78,533.93,553.91,559.76
ch2_ohr_ncp_20240425T1012478407_d_img_d18_x01920_y49280.png,0.227,499.52,596.0,503.72,600.64
ch2_ohr_ncp_20240425T1012478407_d_img_d18_x01920_y49280.png,0.2223,123.99,520.43,133.55,530.11
ch2_ohr_ncp_20240425T1012478407_d_img_d18_x01920_y49280.png,0.2218,260.43,48.82,309.31,96.04
ch2_ohr_ncp_20240425T1012478407_d_img_d18_x01920_y49280.png,0.2145,454.14,530.57,460.06,536.62
ch2_ohr_ncp_20240425T1012478407_d_img_d18_x01920_y49280.png,0.2083,488.25,445.51,539.87,487.43
ch2_ohr_ncp_20240425T1012478407_d_img_d18_x01920_y51200.png,0.3626,68.0,262.96,74.11,269.99
ch2_ohr_ncp_20240425T1012478407_d_img_d18_x01920_y51200.png,0.313,623.16,376.1,628.02,382.1
ch2_ohr_ncp_20240425T1012478407_d_img_d18_x01920_y51200.png,0.2678,3.65,197.56,34.86,228.9
ch2_ohr_ncp_20240425T1012478407_d_img_d18_x01920_y51200.png,0.2379,10.59,153.8,29.64,177.9
ch2_ohr_ncp_20240425T1012478407_d_img_d18_x01920_y51200.png,0.232,595.99,520.2,601.57,525.47
ch2_ohr_ncp_20240425T1012478407_d_img_d18_x01920_y51200.png,0.2197,588.0,361.14,593.39,366.91
ch2_ohr_ncp_20240425T1012478407_d_img_d18_x01920_y71680.png,0.5058,608.59,508.0,613.38,514.64
ch2_ohr_ncp_20240425T1012478407_d_img_d18_x01920_y71680.png,0.4686,591.65,571.97,596.41,578.53
ch2_ohr_ncp_20240425T1012478407_d_img_d18_x01920_y71680.png,0.3914,610.63,517.53,616.09,522.59
ch2_ohr_ncp_20240425T1012478407_d_img_d18_x01920_y71680.png,0.373,480.63,6.33,485.37,12.03
ch2_ohr_ncp_20240425T1012478407_d_img_d18_x01920_y71680.png,0.3493,594.38,557.77,598.89,564.0
ch2_ohr_ncp_20240425T1012478407_d_img_d18_x01920_y71680.png,0.307,609.84,543.79,613.19,548.01
ch2_ohr_ncp_20240425T1012478407_d_img_d18_x01920_y71680.png,0.2523,594.41,536.5,599.41,543.69
ch2_ohr_ncp_20240425T1012478407_d_img_d18_x01920_y71680.png,0.2399,592.06,572.39,596.17,580.0
ch2_ohr_ncp_20240425T1012478407_d_img_d18_x01920_y71680.png,0.2271,568.6,544.36,572.71,549.17
ch2_ohr_ncp_20240425T1012478407_d_img_d18_x01920_y71680.png,0.2241,610.47,517.54,615.48,524.0
ch2_ohr_ncp_20240425T1012478407_d_img_d18_x01920_y71680.png,0.2014,182.5,612.47,188.34,621.09
ch2_ohr_ncp_20240425T1012478407_d_img_d18_x01920_y73600.png,0.2042,605.01,633.64,613.52,639.78
ch2_ohr_ncp_20240425T1012478407_d_img_d18_x01920_y84480.png,0.5639,591.49,543.29,597.81,550.11
ch2_ohr_ncp_20240425T1012478407_d_img_d18_x01920_y84480.png,0.5455,559.22,487.49,567.19,497.02
ch2_ohr_ncp_20240425T1012478407_d_img_d18_x01920_y84480.png,0.535,607.9,451.99,612.43,458.03
ch2_ohr_ncp_20240425T1012478407_d_img_d18_x01920_y84480.png,0.4629,523.15,536.17,529.02,542.24
ch2_ohr_ncp_20240425T1012478407_d_img_d18_x01920_y84480.png,0.426,608.93,628.0,613.91,633.68
ch2_ohr_ncp_20240425T1012478407_d_img_d18_x01920_y84480.png,0.4024,535.6,486.13,541.3,492.07
ch2_ohr_ncp_20240425T1012478407_d_img_d18_x01920_y84480.png,0.3955,515.21,603.08,519.32,607.93
ch2_ohr_ncp_20240425T1012478407_d_img_d18_x01920_y84480.png,0.3901,567.91,402.05,572.46,406.59
ch2_ohr_ncp_20240425T1012478407_d_img_d18_x01920_y84480.png,0.3705,555.99,411.84,561.14,416.63
ch2_ohr_ncp_20240425T1012478407_d_img_d18_x01920_y84480.png,0.3609,573.17,535.73,580.0,542.39
ch2_ohr_ncp_20240425T1012478407_d_img_d18_x01920_y84480.png,0.3435,592.23,369.99,596.63,375.53
ch2_ohr_ncp_20240425T1012478407_d_img_d18_x01920_y84480.png,0.3336,593.68,446.19,599.15,452.32
ch2_ohr_ncp_20240425T1012478407_d_img_d18_x01920_y84480.png,0.3091,572.0,535.89,578.58,542.47
ch2_ohr_ncp_20240425T1012478407_d_img_d18_x01920_y84480.png,0.3036,273.87,24.19,278.76,30.36
ch2_ohr_ncp_20240425T1012478407_d_img_d18_x01920_y84480.png,0.2849,309.38,94.27,316.01,100.93
ch2_ohr_ncp_20240425T1012478407_d_img_d18_x01920_y84480.png,0.2744,234.27,178.86,244.44,190.86
ch2_ohr_ncp_20240425T1012478407_d_img_d18_x01920_y84480.png,0.2589,611.86,508.98,625.38,523.94
ch2_ohr_ncp_20240425T1012478407_d_img_d18_x01920_y84480.png,0.252,473.36,607.92,477.98,613.36
ch2_ohr_ncp_20240425T1012478407_d_img_d18_x01920_y84480.png,0.2496,541.74,450.79,548.0,458.46
ch2_ohr_ncp_20240425T1012478407_d_img_d18_x01920_y84480.png,0.239,603.82,290.99,640.0,341.04
ch2_ohr_ncp_20240425T1012478407_d_img_d18_x01920_y84480.png,0.2286,619.96,375.32,624.08,380.03
ch2_ohr_ncp_20240425T1012478407_d_img_d18_x01920_y84480.png,0.2179,243.09,25.45,248.16,30.21
ch2_ohr_ncp_20240425T1012478407_d_img_d18_x01920_y84480.png,0.2106,177.61,0.43,183.23,6.12
ch2_ohr_ncp_20240425T1012478407_d_img_d18_x01920_y84480.png,0.2104,564.5,380.44,578.05,397.44
ch2_ohr_ncp_20240425T1012478407_d_img_d18_x01920_y84480.png,0.2094,183.18,83.13,188.01,87.41
ch2_ohr_ncp_20240425T1012478407_d_img_d18_x02560_y18560.png,0.2709,559.86,631.33,565.63,637.61
ch2_ohr_ncp_20240425T1012478407_d_img_d18_x02560_y28160.png,0.6615,30.43,494.12,36.07,500.02
ch2_ohr_ncp_20240425T1012478407_d_img_d18_x02560_y28160.png,0.576,52.61,54.53,60.02,60.21
ch2_ohr_ncp_20240425T1012478407_d_img_d18_x02560_y28160.png,0.5724,56.62,574.34,61.85,580.28
ch2_ohr_ncp_20240425T1012478407_d_img_d18_x02560_y28160.png,0.5629,24.02,335.95,29.2,343.24
ch2_ohr_ncp_20240425T1012478407_d_img_d18_x02560_y28160.png,0.4831,21.11,389.54,26.3,394.66
ch2_ohr_ncp_20240425T1012478407_d_img_d18_x02560_y28160.png,0.4667,18.19,516.42,27.18,525.43
ch2_ohr_ncp_20240425T1012478407_d_img_d18_x02560_y28160.png,0.4603,13.87,200.85,32.64,227.5
ch2_ohr_ncp_20240425T1012478407_d_img_d18_x02560_y28160.png,0.4378,41.59,392.2,46.54,397.74
ch2_ohr_ncp_20240425T1012478407_d_img_d18_x02560_y28160.png,0.4036,83.77,581.88,90.59,588.81
ch2_ohr_ncp_20240425T1012478407_d_img_d18_x02560_y28160.png,0.3961,77.85,509.7,84.06,516.01
ch2_ohr_ncp_20240425T1012478407_d_img_d18_x02560_y28160.png,0.3929,48.65,190.84,53.57,196.88
ch2_ohr_ncp_20240425T1012478407_d_img_d18_x02560_y28160.png,0.3724,156.0,205.35,162.44,212.02
ch2_ohr_ncp_20240425T1012478407_d_img_d18_x02560_y28160.png,0.3614,163.42,597.98,177.48,612.79
ch2_ohr_ncp_20240425T1012478407_d_img_d18_x02560_y28160.png,0.3568,121.0,109.72,126.83,116.0
ch2_ohr_ncp_20240425T1012478407_d_img_d18_x02560_y28160.png,0.3537,0.1,535.04,7.51,544.57
ch2_ohr_ncp_20240425T1012478407_d_img_d18_x02560_y28160.png,0.3474,197.97,626.78,218.87,639.39
ch2_ohr_ncp_20240425T1012478407_d_img_d18_x02560_y28160.png,0.3417,157.86,205.03,164.0,212.01
ch2_ohr_ncp_20240425T1012478407_d_img_d18_x02560_y28160.png,0.3365,40.35,474.91,45.39,480.03
ch2_ohr_ncp_20240425T1012478407_d_img_d18_x02560_y28160.png,0.3285,0.47,532.77,9.17,542.92
ch2_ohr_ncp_20240425T1012478407_d_img_d18_x02560_y28160.png,0.3206,60.0,545.53,65.45,551.5
ch2_ohr_ncp_20240425T1012478407_d_img_d18_x02560_y28160.png,0.3136,142.37,216.77,148.07,221.61
ch2_ohr_ncp_20240425T1012478407_d_img_d18_x02560_y28160.png,0.3119,40.0,186.75,46.1,193.74
ch2_ohr_ncp_20240425T1012478407_d_img_d18_x02560_y28160.png,0.3056,42.59,383.16,47.84,388.12
ch2_ohr_ncp_20240425T1012478407_d_img_d18_x02560_y28160.png,0.3027,47.21,165.72,52.08,172.0
ch2_ohr_ncp_20240425T1012478407_d_img_d18_x02560_y28160.png,0.3022,103.94,131.77,109.01,138.32
ch2_ohr_ncp_20240425T1012478407_d_img_d18_x02560_y28160.png,0.2957,167.99,293.51,176.17,299.25
ch2_ohr_ncp_20240425T1012478407_d_img_d18_x02560_y28160.png,0.295,66.45,467.47,72.82,473.27
ch2_ohr_ncp_20240425T1012478407_d_img_d18_x02560_y28160.png,0.2783,65.02,573.43,72.74,580.64
ch2_ohr_ncp_20240425T1012478407_d_img_d18_x02560_y28160.png,0.2765,602.55,634.55,608.67,639.24
ch2_ohr_ncp_20240425T1012478407_d_img_d18_x02560_y28160.png,0.2683,83.89,579.98,90.51,587.84
ch2_ohr_ncp_20240425T1012478407_d_img_d18_x02560_y28160.png,0.2639,40.84,22.49,48.26,30.74
ch2_ohr_ncp_20240425T1012478407_d_img_d18_x02560_y28160.png,0.2631,160.26,455.95,166.04,461.94
ch2_ohr_ncp_20240425T1012478407_d_img_d18_x02560_y28160.png,0.2607,135.98,517.95,142.08,523.31
ch2_ohr_ncp_20240425T1012478407_d_img_d18_x02560_y28160.png,0.2508,185.54,487.37,196.46,499.45
ch2_ohr_ncp_20240425T1012478407_d_img_d18_x02560_y28160.png,0.2487,39.99,391.79,46.14,397.04
ch2_ohr_ncp_20240425T1012478407_d_img_d18_x02560_y28160.png,0.2466,0.0,265.47,7.05,287.87
ch2_ohr_ncp_20240425T1012478407_d_img_d18_x02560_y28160.png,0.244,170.91,472.42,176.01,478.47
ch2_ohr_ncp_20240425T1012478407_d_img_d18_x02560_y28160.png,0.2374,195.87,406.8,201.73,412.92
ch2_ohr_ncp_20240425T1012478407_d_img_d18_x02560_y28160.png,0.2336,168.29,292.76,177.19,300.01
ch2_ohr_ncp_20240425T1012478407_d_img_d18_x02560_y28160.png,0.2302,3.78,202.7,31.44,228.31
ch2_ohr_ncp_20240425T1012478407_d_img_d18_x02560_y28160.png,0.2249,76.0,510.06,83.07,516.03
ch2_ohr_ncp_20240425T1012478407_d_img_d18_x02560_y28160.png,0.2215,109.78,406.47,117.26,416.22
ch2_ohr_ncp_20240425T1012478407_d_img_d18_x02560_y28160.png,0.2199,103.15,249.29,112.5,257.65
ch2_ohr_ncp_20240425T1012478407_d_img_d18_x02560_y28160.png,0.2188,57.0,570.71,63.8,578.0
ch2_ohr_ncp_20240425T1012478407_d_img_d18_x02560_y28160.png,0.2179,25.81,344.68,30.73,354.0
ch2_ohr_ncp_20240425T1012478407_d_img_d18_x02560_y28160.png,0.2157,57.04,66.99,61.6,71.14
ch2_ohr_ncp_20240425T1012478407_d_img_d18_x02560_y28160.png,0.212,560.91,632.4,567.0,638.68
ch2_ohr_ncp_20240425T1012478407_d_img_d18_x02560_y28160.png,0.2092,31.79,533.33,37.88,540.34
ch2_ohr_ncp_20240425T1012478407_d_img_d18_x02560_y28160.png,0.2079,172.0,480.27,178.44,486.81
ch2_ohr_ncp_20240425T1012478407_d_img_d18_x02560_y28160.png,0.2055,116.16,223.54,127.66,236.09
ch2_ohr_ncp_20240425T1012478407_d_img_d18_x02560_y28160.png,0.203,211.98,393.72,222.21,405.22
ch2_ohr_ncp_20240425T1012478407_d_img_d18_x02560_y28160.png,0.2006,48.67,26.44,64.58,44.55
ch2_ohr_ncp_20240425T1012478407_d_img_d18_x02560_y42880.png,0.3137,114.12,618.69,118.68,623.21
ch2_ohr_ncp_20240425T1012478407_d_img_d18_x02560_y71680.png,0.2111,226.79,18.48,232.59,24.49
ch2_ohr_ncp_20240425T1012478407_d_img_d18_x02560_y81920.png,0.5523,39.81,48.65,46.58,56.21
ch2_ohr_ncp_20240425T1012478407_d_img_d18_x02560_y81920.png,0.4879,456.53,133.41,465.4,141.67
ch2_ohr_ncp_20240425T1012478407_d_img_d18_x02560_y81920.png,0.3807,452.77,108.07,471.3,127.71
ch2_ohr_ncp_20240425T1012478407_d_img_d18_x02560_y81920.png,0.346,15.85,8.31,22.08,15.11
ch2_ohr_ncp_20240425T1012478407_d_img_d18_x02560_y81920.png,0.3354,10.03,14.08,19.59,22.88
ch2_ohr_ncp_20240425T1012478407_d_img_d18_x02560_y81920.png,0.3324,35.26,65.01,40.42,71.03
ch2_ohr_ncp_20240425T1012478407_d_img_d18_x02560_y81920.png,0.3213,133.07,32.18,140.02,38.64
ch2_ohr_ncp_20240425T1012478407_d_img_d18_x02560_y81920.png,0.3077,112.45,35.99,120.07,46.84
ch2_ohr_ncp_20240425T1012478407_d_img_d18_x02560_y81920.png,0.2918,38.92,49.39,45.35,59.33
ch2_ohr_ncp_20240425T1012478407_d_img_d18_x02560_y81920.png,0.273,38.26,52.9,44.06,60.19
ch2_ohr_ncp_20240425T1012478407_d_img_d18_x02560_y81920.png,0.2432,631.37,625.49,638.21,633.02
ch2_ohr_ncp_20240425T1012478407_d_img_d18_x02560_y81920.png,0.2366,547.84,190.2,557.61,198.77
ch2_ohr_ncp_20240425T1012478407_d_img_d18_x02560_y81920.png,0.2267,483.99,130.91,489.0,135.71
ch2_ohr_ncp_20240425T1012478407_d_img_d18_x02560_y81920.png,0.2195,608.25,184.51,614.0,190.2
ch2_ohr_ncp_20240425T1012478407_d_img_d18_x02560_y90880.png,0.4235,23.43,618.14,28.39,622.91
ch2_ohr_ncp_20240425T1012478407_d_img_d18_x02560_y90880.png,0.2902,91.13,575.17,94.87,581.99
ch2_ohr_ncp_20240425T1012478407_d_img_d18_x02560_y90880.png,0.22,38.95,191.77,44.0,196.37
ch2_ohr_ncp_20240425T1012478407_d_img_d18_x03200_y33280.png,0.7692,497.83,598.45,503.12,604.37
ch2_ohr_ncp_20240425T1012478407_d_img_d18_x03200_y33280.png,0.6396,427.03,545.18,432.35,550.75
ch2_ohr_ncp_20240425T1012478407_d_img_d18_x03200_y33280.png,0.6327,377.49,574.35,385.28,582.03
ch2_ohr_ncp_20240425T1012478407_d_img_d18_x03200_y33280.png,0.6108,565.41,158.91,575.64,172.78
ch2_ohr_ncp_20240425T1012478407_d_img_d18_x03200_y33280.png,0.5769,584.97,435.98,589.98,441.36
ch2_ohr_ncp_20240425T1012478407_d_img_d18_x03200_y33280.png,0.5687,565.68,512.57,573.29,519.94
ch2_ohr_ncp_20240425T1012478407_d_img_d18_x03200_y33280.png,0.5346,457.28,551.6,462.57,558.48
ch2_ohr_ncp_20240425T1012478407_d_img_d18_x03200_y33280.png,0.5126,473.27,586.66,478.49,592.11
ch2_ohr_ncp_20240425T1012478407_d_img_d18_x03200_y33280.png,0.5017,607.86,78.49,612.71,84.04
ch2_ohr_ncp_20240425T1012478407_d_img_d18_x03200_y33280.png,0.4766,437.71,550.91,442.52,555.35
ch2_ohr_ncp_20240425T1012478407_d_img_d18_x03200_y33280.png,0.4331,560.36,544.68,576.49,561.97
ch2_ohr_ncp_20240425T1012478407_d_img_d18_x03200_y33280.png,0.4229,475.34,627.85,480.63,633.32
ch2_ohr_ncp_20240425T1012478407_d_img_d18_x03200_y33280.png,0.4066,581.3,407.11,593.08,420.46
ch2_ohr_ncp_20240425T1012478407_d_img_d18_x03200_y33280.png,0.3671,610.04,382.7,614.85,388.37
ch2_ohr_ncp_20240425T1012478407_d_img_d18_x03200_y33280.png,0.3645,518.49,630.34,525.82,636.77
ch2_ohr_ncp_20240425T1012478407_d_img_d18_x03200_y33280.png,0.3627,467.82,514.44,473.06,520.44
ch2_ohr_ncp_20240425T1012478407_d_img_d18_x03200_y33280.png,0.3453,488.38,593.5,494.65,600.04
ch2_ohr_ncp_20240425T1012478407_d_img_d18_x03200_y33280.png,0.3306,500.99,550.81,504.83,555.72
ch2_ohr_ncp_20240425T1012478407_d_img_d18_x03200_y33280.png,0.3187,603.81,531.39,608.46,536.84
ch2_ohr_ncp_20240425T1012478407_d_img_d18_x03200_y33280.png,0.3168,481.14,535.42,485.86,540.13
ch2_ohr_ncp_20240425T1012478407_d_img_d18_x03200_y33280.png,0.3144,584.0,436.53,589.64,441.51
ch2_ohr_ncp_20240425T1012478407_d_img_d18_x03200_y33280.png,0.3094,438.3,551.12,444.0,556.02
ch2_ohr_ncp_20240425T1012478407_d_img_d18_x03200_y33280.png,0.3035,574.02,115.04,583.86,124.02
ch2_ohr_ncp_20240425T1012478407_d_img_d18_x03200_y33280.png,0.299,519.94,614.74,524.24,618.42
ch2_ohr_ncp_20240425T1012478407_d_img_d18_x03200_y33280.png,0.2797,623.82,546.2,628.39,550.86
ch2_ohr_ncp_20240425T1012478407_d_img_d18_x03200_y33280.png,0.2683,626.83,295.89,630.95,300.84
ch2_ohr_ncp_20240425T1012478407_d_img_d18_x03200_y33280.png,0.2667,378.08,573.74,388.0,582.2
ch2_ohr_ncp_20240425T1012478407_d_img_d18_x03200_y33280.png,0.2632,436.0,550.9,442.39,556.0
ch2_ohr_ncp_20240425T1012478407_d_img_d18_x03200_y33280.png,0.2577,379.99,621.84,389.36,630.85
ch2_ohr_ncp_20240425T1012478407_d_img_d18_x03200_y33280.png,0.2577,387.64,475.25,403.65,492.92
ch2_ohr_ncp_20240425T1012478407_d_img_d18_x03200_y33280.png,0.2559,598.18,148.44,602.83,153.78
ch2_ohr_ncp_20240425T1012478407_d_img_d18_x03200_y33280.png,0.2457,381.8,619.05,390.29,630.11
ch2_ohr_ncp_20240425T1012478407_d_img_d18_x03200_y33280.png,0.2398,528.76,3.96,533.24,9.97
ch2_ohr_ncp_20240425T1012478407_d_img_d18_x03200_y33280.png,0.2354,587.99,287.96,593.73,294.63
ch2_ohr_ncp_20240425T1012478407_d_img_d18_x03200_y33280.png,0.2219,608.06,594.95,614.43,600.43
ch2_ohr_ncp_20240425T1012478407_d_img_d18_x03200_y33280.png,0.2159,455.99,551.53,462.24,556.85
ch2_ohr_ncp_20240425T1012478407_d_img_d18_x03200_y33280.png,0.2001,625.2,158.39,632.62,166.35
ch2_ohr_ncp_20240425T1012478407_d_img_d18_x03200_y64000.png,0.4054,577.69,14.0,589.04,24.65
ch2_ohr_ncp_20240425T1012478407_d_img_d18_x03840_y02560.png,0.3217,579.85,621.25,587.11,629.06
ch2_ohr_ncp_20240425T1012478407_d_img_d18_x03840_y02560.png,0.3028,516.21,0.0,525.8,4.79
ch2_ohr_ncp_20240425T1012478407_d_img_d18_x03840_y02560.png,0.2565,422.97,590.33,428.03,596.01
ch2_ohr_ncp_20240425T1012478407_d_img_d18_x03840_y02560.png,0.2499,513.94,72.15,522.27,82.52
ch2_ohr_ncp_20240425T1012478407_d_img_d18_x03840_y02560.png,0.2431,581.15,620.0,588.08,628.58
ch2_ohr_ncp_20240425T1012478407_d_img_d18_x03840_y02560.png,0.2036,554.74,41.77,558.95,46.46
ch2_ohr_ncp_20240425T1012478407_d_img_d18_x03840_y02560.png,0.2002,251.93,293.24,257.62,300.0
ch2_ohr_ncp_20240425T1012478407_d_img_d18_x03840_y80000.png,0.2919,583.46,539.82,588.82,544.89
ch2_ohr_ncp_20240425T1012478407_d_img_d18_x03840_y80000.png,0.2683,613.53,577.65,619.24,584.01
ch2_ohr_ncp_20240425T1012478407_d_img_d18_x03840_y80000.png,0.2596,598.44,611.53,604.0,615.81
ch2_ohr_ncp_20240425T1012478407_d_img_d18_x03840_y80000.png,0.2348,623.0,529.53,628.07,534.25
ch2_ohr_ncp_20240425T1012478407_d_img_d18_x04480_y17280.png,0.2445,634.64,166.54,638.8,172.0
ch2_ohr_ncp_20240425T1012478407_d_img_d18_x04480_y17280.png,0.2286,634.5,16.7,638.85,21.26
ch2_ohr_ncp_20240425T1012478407_d_img_d18_x04480_y42880.png,0.3051,549.63,0.0,605.07,29.69
ch2_ohr_ncp_20240425T1012478407_d_img_d18_x04480_y90240.png,0.2546,630.0,605.83,636.01,612.01
ch2_ohr_ncp_20240425T1012478407_d_img_d18_x06400_y20480.png,0.4921,210.2,576.75,214.7,581.6
ch2_ohr_ncp_20240425T1012478407_d_img_d18_x06400_y20480.png,0.4449,280.92,567.63,286.18,573.37
ch2_ohr_ncp_20240425T1012478407_d_img_d18_x06400_y20480.png,0.3954,125.6,551.23,136.39,564.84
ch2_ohr_ncp_20240425T1012478407_d_img_d18_x06400_y20480.png,0.3708,161.98,550.51,167.11,556.1
ch2_ohr_ncp_20240425T1012478407_d_img_d18_x06400_y20480.png,0.3326,195.31,489.18,244.48,532.39
ch2_ohr_ncp_20240425T1012478407_d_img_d18_x06400_y20480.png,0.3182,217.45,603.98,224.37,611.5
ch2_ohr_ncp_20240425T1012478407_d_img_d18_x06400_y20480.png,0.2999,98.17,590.88,105.55,596.86
ch2_ohr_ncp_20240425T1012478407_d_img_d18_x06400_y20480.png,0.2938,275.6,550.51,288.07,564.17
ch2_ohr_ncp_20240425T1012478407_d_img_d18_x06400_y20480.png,0.2906,451.59,575.08,455.63,580.07
ch2_ohr_ncp_20240425T1012478407_d_img_d18_x06400_y20480.png,0.2899,403.85,241.36,411.15,249.98
ch2_ohr_ncp_20240425T1012478407_d_img_d18_x06400_y20480.png,0.2439,123.87,555.11,135.91,565.31
ch2_ohr_ncp_20240425T1012478407_d_img_d18_x06400_y20480.png,0.2391,543.12,588.57,570.68,618.25
ch2_ohr_ncp_20240425T1012478407_d_img_d18_x06400_y20480.png,0.2386,434.27,280.16,437.83,284.77
ch2_ohr_ncp_20240425T1012478407_d_img_d18_x06400_y20480.png,0.2235,578.24,370.92,584.9,379.35
ch2_ohr_ncp_20240425T1012478407_d_img_d18_x06400_y46080.png,0.4253,591.91,138.09,596.05,142.43
ch2_ohr_ncp_20240425T1012478407_d_img_d18_x06400_y46080.png,0.417,629.05,168.65,636.04,178.75
ch2_ohr_ncp_20240425T1012478407_d_img_d18_x06400_y46080.png,0.3013,629.16,187.43,636.14,195.29
ch2_ohr_ncp_20240425T1012478407_d_img_d18_x06400_y46080.png,0.2058,543.97,112.77,548.81,118.19
ch2_ohr_ncp_20240425T1012478407_d_img_d18_x07680_y33280.png,0.2378,607.99,605.45,614.23,612.44
ch2_ohr_ncp_20240425T1012478407_d_img_d18_x08320_y49280.png,0.2229,607.21,617.02,612.24,621.12
ch2_ohr_ncp_20240425T1012478407_d_img_d18_x08320_y76800.png,0.275,6.86,626.71,12.71,632.96
ch2_ohr_ncp_20240425T1012478407_d_img_d18_x08320_y76800.png,0.2171,624.11,631.79,629.48,637.42
ch2_ohr_ncp_20240425T1012478407_d_img_d18_x08320_y88320.png,0.2589,463.35,442.31,468.17,447.47
ch2_ohr_ncp_20240425T1012478407_d_img_d18_x08320_y88320.png,0.2063,422.22,608.25,430.35,615.89
ch2_ohr_ncp_20240425T1012478407_d_img_d18_x09600_y51200.png,0.2928,131.81,606.16,137.81,612.93
ch2_ohr_ncp_20240425T1209509264_d_img_d18_x00000_y83200.png,0.2279,279.75,0.0,309.51,38.09
ch2_ohr_ncp_20240425T1209509264_d_img_d18_x00000_y83200.png,0.2076,401.74,46.78,408.18,52.6
ch2_ohr_ncp_20240425T1209509264_d_img_d18_x00640_y24320.png,0.3876,587.99,169.56,594.02,175.09
ch2_ohr_ncp_20240425T1209509264_d_img_d18_x00640_y24320.png,0.2659,567.62,229.3,572.98,234.77
ch2_ohr_ncp_20240425T1209509264_d_img_d18_x00640_y24320.png,0.2401,588.99,169.3,596.0,175.21
ch2_ohr_ncp_20240425T1209509264_d_img_d18_x00640_y24320.png,0.2318,584.3,130.22,589.0,135.45
ch2_ohr_ncp_20240425T1209509264_d_img_d18_x00640_y24320.png,0.211,620.24,174.64,628.05,181.67
ch2_ohr_ncp_20240425T1209509264_d_img_d18_x00640_y36480.png,0.455,623.23,299.91,629.17,305.59
ch2_ohr_ncp_20240425T1209509264_d_img_d18_x00640_y51840.png,0.2503,319.48,504.05,324.45,510.38
ch2_ohr_ncp_20240425T1209509264_d_img_d18_x00640_y51840.png,0.2282,587.94,63.72,593.3,68.85
ch2_ohr_ncp_20240425T1209509264_d_img_d18_x00640_y85120.png,0.554,254.23,335.92,261.84,343.94
ch2_ohr_ncp_20240425T1209509264_d_img_d18_x00640_y85120.png,0.4637,275.76,330.25,282.69,338.31
ch2_ohr_ncp_20240425T1209509264_d_img_d18_x00640_y85120.png,0.3042,514.54,49.2,555.6,96.65
ch2_ohr_ncp_20240425T1209509264_d_img_d18_x00640_y85120.png,0.2953,226.72,364.0,231.17,370.02
ch2_ohr_ncp_20240425T1209509264_d_img_d18_x00640_y85120.png,0.2623,360.21,306.91,367.73,315.22
ch2_ohr_ncp_20240425T1209509264_d_img_d18_x00640_y85120.png,0.2443,626.03,207.38,630.72,212.07
ch2_ohr_ncp_20240425T1209509264_d_img_d18_x00640_y85120.png,0.2434,383.49,328.51,389.51,333.59
ch2_ohr_ncp_20240425T1209509264_d_img_d18_x00640_y87040.png,0.6075,630.54,347.3,636.0,353.38
ch2_ohr_ncp_20240425T1209509264_d_img_d18_x00640_y87040.png,0.4353,598.78,609.83,604.01,613.45
ch2_ohr_ncp_20240425T1209509264_d_img_d18_x00640_y87040.png,0.4072,623.83,342.48,628.26,348.99
ch2_ohr_ncp_20240425T1209509264_d_img_d18_x00640_y87040.png,0.3928,621.87,127.49,628.02,133.75
ch2_ohr_ncp_20240425T1209509264_d_img_d18_x00640_y87040.png,0.3603,632.3,507.4,637.6,512.28
ch2_ohr_ncp_20240425T1209509264_d_img_d18_x00640_y87040.png,0.3094,607.69,368.59,612.74,373.58
ch2_ohr_ncp_20240425T1209509264_d_img_d18_x00640_y87040.png,0.3066,591.89,187.98,597.15,194.61
ch2_ohr_ncp_20240425T1209509264_d_img_d18_x00640_y87040.png,0.2938,595.2,409.27,600.9,416.69
ch2_ohr_ncp_20240425T1209509264_d_img_d18_x00640_y87040.png,0.2645,592.16,188.96,597.25,196.0
ch2_ohr_ncp_20240425T1209509264_d_img_d18_x00640_y87040.png,0.2462,616.76,449.49,621.95,454.68
ch2_ohr_ncp_20240425T1209509264_d_img_d18_x00640_y87040.png,0.2304,599.6,395.76,604.07,400.81
ch2_ohr_ncp_20240425T1209509264_d_img_d18_x00640_y87040.png,0.2209,630.5,630.22,636.88,636.06
ch2_ohr_ncp_20240425T1209509264_d_img_d18_x00640_y87040.png,0.2164,535.28,530.48,541.84,537.01
ch2_ohr_ncp_20240425T1209509264_d_img_d18_x00640_y87040.png,0.2124,50.38,32.85,56.19,38.86
ch2_ohr_ncp_20240425T1209509264_d_img_d18_x00640_y87040.png,0.2057,601.84,181.74,606.89,188.0
ch2_ohr_ncp_20240425T1209509264_d_img_d18_x00640_y87040.png,0.2019,498.15,606.65,502.64,612.88
ch2_ohr_ncp_20240425T1209509264_d_img_d18_x00640_y87040.png,0.2002,581.77,415.33,609.17,448.05
ch2_ohr_ncp_20240425T1209509264_d_img_d18_x00640_y89600.png,0.5339,581.91,171.14,590.87,179.18
ch2_ohr_ncp_20240425T1209509264_d_img_d18_x00640_y89600.png,0.3746,10.52,614.0,15.87,620.03
ch2_ohr_ncp_20240425T1209509264_d_img_d18_x00640_y89600.png,0.3235,579.44,135.6,591.35,149.65
ch2_ohr_ncp_20240425T1209509264_d_img_d18_x00640_y89600.png,0.2325,594.04,173.79,598.37,180.0
ch2_ohr_ncp_20240425T1209509264_d_img_d18_x01280_y15360.png,0.3905,621.28,26.36,635.24,36.63
ch2_ohr_ncp_20240425T1209509264_d_img_d18_x01280_y15360.png,0.2106,627.99,38.1,638.7,47.85
ch2_ohr_ncp_20240425T1209509264_d_img_d18_x01280_y24320.png,0.4832,598.41,165.29,606.46,175.36
ch2_ohr_ncp_20240425T1209509264_d_img_d18_x01280_y24320.png,0.4582,544.05,11.69,548.97,16.93
ch2_ohr_ncp_20240425T1209509264_d_img_d18_x01280_y24320.png,0.3803,0.08,563.03,5.24,568.69
ch2_ohr_ncp_20240425T1209509264_d_img_d18_x01280_y24320.png,0.3611,590.06,203.46,599.92,214.77
ch2_ohr_ncp_20240425T1209509264_d_img_d18_x01280_y24320.png,0.3085,579.51,65.23,585.27,72.03
ch2_ohr_ncp_20240425T1209509264_d_img_d18_x01280_y24320.png,0.3079,633.93,28.85,639.97,38.31
ch2_ohr_ncp_20240425T1209509264_d_img_d18_x01280_y24320.png,0.2959,570.03,201.26,574.06,206.4
ch2_ohr_ncp_20240425T1209509264_d_img_d18_x01280_y24320.png,0.2824,579.41,80.24,585.53,85.75
ch2_ohr_ncp_20240425T1209509264_d_img_d18_x01280_y24320.png,0.2791,35.95,494.9,41.83,502.05
ch2_ohr_ncp_20240425T1209509264_d_img_d18_x01280_y24320.png,0.2579,614.28,7.99,618.66,14.57
ch2_ohr_ncp_20240425T1209509264_d_img_d18_x01280_y24320.png,0.2578,587.8,26.16,592.84,32.1
ch2_ohr_ncp_20240425T1209509264_d_img_d18_x01280_y24320.png,0.2521,594.28,48.89,600.47,57.52
ch2_ohr_ncp_20240425T1209509264_d_img_d18_x01280_y24320.png,0.2506,55.7,335.2,82.74,366.3
ch2_ohr_ncp_20240425T1209509264_d_img_d18_x01280_y24320.png,0.2406,155.99,494.62,161.85,501.15
ch2_ohr_ncp_20240425T1209509264_d_img_d18_x01280_y24320.png,0.2356,547.98,158.38,559.42,170.81
ch2_ohr_ncp_20240425T1209509264_d_img_d18_x01280_y24320.png,0.2298,593.97,236.43,601.84,245.03
ch2_ohr_ncp_20240425T1209509264_d_img_d18_x01280_y24320.png,0.2223,63.4,127.54,68.04,132.69
ch2_ohr_ncp_20240425T1209509264_d_img_d18_x01280_y24320.png,0.2043,628.65,137.95,636.32,146.53
ch2_ohr_ncp_20240425T1209509264_d_img_d18_x01280_y49280.png,0.2328,555.9,634.16,561.3,639.45
ch2_ohr_ncp_20240425T1209509264_d_img_d18_x01280_y49280.png,0.2036,546.93,633.81,551.66,638.8
ch2_ohr_ncp_20240425T1209509264_d_img_d18_x01280_y51200.png,0.2095,595.76,273.65,600.92,280.37
ch2_ohr_ncp_20240425T1209509264_d_img_d18_x01280_y74880.png,0.2064,186.95,608.54,192.48,614.7
ch2_ohr_ncp_20240425T1209509264_d_img_d18_x01920_y01280.png,0.3824,173.5,31.77,180.0,39.3
ch2_ohr_ncp_20240425T1209509264_d_img_d18_x01920_y01280.png,0.2988,306.57,25.08,310.59,29.24
ch2_ohr_ncp_20240425T1209509264_d_img_d18_x01920_y01280.png,0.2844,172.0,32.6,178.58,39.8
ch2_ohr_ncp_20240425T1209509264_d_img_d18_x01920_y01280.png,0.2778,294.7,18.7,300.01,23.18
ch2_ohr_ncp_20240425T1209509264_d_img_d18_x01920_y01280.png,0.2707,234.06,24.61,238.77,30.5
ch2_ohr_ncp_20240425T1209509264_d_img_d18_x01920_y01280.png,0.2604,223.56,93.51,228.49,100.02
ch2_ohr_ncp_20240425T1209509264_d_img_d18_x01920_y01280.png,0.2481,322.76,11.07,328.63,17.72
ch2_ohr_ncp_20240425T1209509264_d_img_d18_x01920_y01280.png,0.2415,290.51,57.56,296.15,65.01
ch2_ohr_ncp_20240425T1209509264_d_img_d18_x01920_y01280.png,0.2353,91.99,23.66,96.25,28.01
ch2_ohr_ncp_20240425T1209509264_d_img_d18_x01920_y01280.png,0.2313,398.9,0.0,404.04,4.02
ch2_ohr_ncp_20240425T1209509264_d_img_d18_x01920_y01280.png,0.2063,382.54,44.0,388.28,50.66
ch2_ohr_ncp_20240425T1209509264_d_img_d18_x01920_y23040.png,0.365,68.0,89.74,73.54,94.98
ch2_ohr_ncp_20240425T1209509264_d_img_d18_x01920_y23040.png,0.3221,57.39,35.4,61.6,39.39
ch2_ohr_ncp_20240425T1209509264_d_img_d18_x01920_y23040.png,0.2395,139.16,174.64,144.45,180.16
ch2_ohr_ncp_20240425T1209509264_d_img_d18_x01920_y23040.png,0.2346,160.37,11.48,164.75,15.88
ch2_ohr_ncp_20240425T1209509264_d_img_d18_x01920_y23040.png,0.2128,591.43,317.78,596.27,324.18
ch2_ohr_ncp_20240425T1209509264_d_img_d18_x01920_y32000.png,0.5934,122.3,463.79,128.91,470.31
ch2_ohr_ncp_20240425T1209509264_d_img_d18_x01920_y32000.png,0.4883,27.46,527.87,32.76,533.29
ch2_ohr_ncp_20240425T1209509264_d_img_d18_x01920_y32000.png,0.4714,59.55,519.31,64.11,524.16
ch2_ohr_ncp_20240425T1209509264_d_img_d18_x01920_y32000.png,0.4326,37.45,584.43,44.01,590.77
ch2_ohr_ncp_20240425T1209509264_d_img_d18_x01920_y32000.png,0.4168,9.2,495.89,13.98,500.77
ch2_ohr_ncp_20240425T1209509264_d_img_d18_x01920_y32000.png,0.3817,47.19,531.99,52.36,539.52
ch2_ohr_ncp_20240425T1209509264_d_img_d18_x01920_y32000.png,0.3751,135.18,510.41,140.08,516.22
ch2_ohr_ncp_20240425T1209509264_d_img_d18_x01920_y32000.png,0.3701,35.54,288.47,40.8,294.44
ch2_ohr_ncp_20240425T1209509264_d_img_d18_x01920_y32000.png,0.3501,43.95,482.03,50.87,490.29
ch2_ohr_ncp_20240425T1209509264_d_img_d18_x01920_y32000.png,0.3283,74.32,396.0,82.58,403.83
ch2_ohr_ncp_20240425T1209509264_d_img_d18_x01920_y32000.png,0.3002,140.0,246.79,146.94,252.19
ch2_ohr_ncp_20240425T1209509264_d_img_d18_x01920_y32000.png,0.2999,2.42,350.91,8.05,356.68
ch2_ohr_ncp_20240425T1209509264_d_img_d18_x01920_y32000.png,0.276,141.92,246.91,148.0,252.71
ch2_ohr_ncp_20240425T1209509264_d_img_d18_x01920_y32000.png,0.2523,111.19,616.27,116.25,621.95
ch2_ohr_ncp_20240425T1209509264_d_img_d18_x01920_y32000.png,0.2348,20.0,507.99,25.57,513.57
ch2_ohr_ncp_20240425T1209509264_d_img_d18_x01920_y32000.png,0.2328,147.46,512.85,153.18,519.01
ch2_ohr_ncp_20240425T1209509264_d_img_d18_x01920_y32000.png,0.2187,65.29,510.56,70.83,516.01
ch2_ohr_ncp_20240425T1209509264_d_img_d18_x01920_y32000.png,0.2166,599.87,608.23,605.02,613.68
ch2_ohr_ncp_20240425T1209509264_d_img_d18_x01920_y46720.png,0.4759,483.99,159.69,488.98,164.92
ch2_ohr_ncp_20240425T1209509264_d_img_d18_x01920_y46720.png,0.2606,520.28,134.71,545.92,153.98
ch2_ohr_ncp_20240425T1209509264_d_img_d18_x01920_y46720.png,0.2183,613.08,337.52,618.42,344.02
ch2_ohr_ncp_20240425T1209509264_d_img_d18_x01920_y53760.png,0.3253,631.25,42.18,636.16,48.01
ch2_ohr_ncp_20240425T1209509264_d_img_d18_x01920_y53760.png,0.2994,595.84,59.82,600.67,65.0
ch2_ohr_ncp_20240425T1209509264_d_img_d18_x01920_y53760.png,0.2808,623.62,387.99,629.75,396.19
ch2_ohr_ncp_20240425T1209509264_d_img_d18_x01920_y53760.png,0.2384,282.77,615.3,286.65,620.6
ch2_ohr_ncp_20240425T1209509264_d_img_d18_x01920_y53760.png,0.2201,627.88,398.42,635.4,407.47
ch2_ohr_ncp_20240425T1209509264_d_img_d18_x01920_y53760.png,0.2136,590.24,76.0,596.02,81.88
ch2_ohr_ncp_20240425T1209509264_d_img_d18_x01920_y74240.png,0.533,354.16,559.44,361.09,567.52
ch2_ohr_ncp_20240425T1209509264_d_img_d18_x01920_y74240.png,0.4955,539.93,604.0,544.85,609.48
ch2_ohr_ncp_20240425T1209509264_d_img_d18_x01920_y74240.png,0.432,247.4,483.01,252.59,488.72
ch2_ohr_ncp_20240425T1209509264_d_img_d18_x01920_y74240.png,0.3792,315.86,492.0,321.63,498.2
ch2_ohr_ncp_20240425T1209509264_d_img_d18_x01920_y74240.png,0.3723,338.9,565.84,345.94,572.04
ch2_ohr_ncp_20240425T1209509264_d_img_d18_x01920_y74240.png,0.3613,617.38,625.42,622.06,630.24
ch2_ohr_ncp_20240425T1209509264_d_img_d18_x01920_y74240.png,0.3472,329.51,597.55,335.18,604.4
ch2_ohr_ncp_20240425T1209509264_d_img_d18_x01920_y74240.png,0.2799,304.6,525.16,311.35,532.06
ch2_ohr_ncp_20240425T1209509264_d_img_d18_x01920_y74240.png,0.2762,320.99,587.97,329.9,595.72
ch2_ohr_ncp_20240425T1209509264_d_img_d18_x01920_y74240.png,0.2688,630.41,567.63,636.08,573.07
ch2_ohr_ncp_20240425T1209509264_d_img_d18_x01920_y74240.png,0.2613,339.1,583.55,343.99,588.07
ch2_ohr_ncp_20240425T1209509264_d_img_d18_x01920_y74240.png,0.2601,547.56,595.21,553.99,601.78
ch2_ohr_ncp_20240425T1209509264_d_img_d18_x01920_y74240.png,0.2282,418.03,615.3,424.89,621.7
ch2_ohr_ncp_20240425T1209509264_d_img_d18_x01920_y74240.png,0.2239,321.32,546.51,326.12,551.35
ch2_ohr_ncp_20240425T1209509264_d_img_d18_x01920_y74240.png,0.2134,355.1,628.86,360.99,635.09
ch2_ohr_ncp_20240425T1209509264_d_img_d18_x01920_y74240.png,0.2087,310.63,476.57,323.04,486.96
ch2_ohr_ncp_20240425T1209509264_d_img_d18_x01920_y74240.png,0.2021,595.27,359.98,602.92,368.42
ch2_ohr_ncp_20240425T1209509264_d_img_d18_x01920_y84480.png,0.4824,99.82,22.66,106.3,30.63
ch2_ohr_ncp_20240425T1209509264_d_img_d18_x01920_y84480.png,0.4167,216.42,61.16,221.36,68.0
ch2_ohr_ncp_20240425T1209509264_d_img_d18_x01920_y84480.png,0.3916,15.81,366.63,20.61,372.02
ch2_ohr_ncp_20240425T1209509264_d_img_d18_x01920_y84480.png,0.3145,234.47,29.0,239.33,36.0
ch2_ohr_ncp_20240425T1209509264_d_img_d18_x01920_y84480.png,0.3125,17.33,326.64,24.37,334.12
ch2_ohr_ncp_20240425T1209509264_d_img_d18_x01920_y84480.png,0.2494,251.55,51.98,255.66,56.7
ch2_ohr_ncp_20240425T1209509264_d_img_d18_x01920_y84480.png,0.2222,100.43,22.92,108.0,30.79
ch2_ohr_ncp_20240425T1209509264_d_img_d18_x01920_y84480.png,0.2203,203.73,82.44,212.4,94.28
ch2_ohr_ncp_20240425T1209509264_d_img_d18_x01920_y84480.png,0.2071,233.72,26.6,239.15,34.78
ch2_ohr_ncp_20240425T1209509264_d_img_d18_x01920_y89600.png,0.4479,128.73,42.97,136.86,52.08
ch2_ohr_ncp_20240425T1209509264_d_img_d18_x01920_y89600.png,0.4328,119.06,15.88,124.02,21.15
ch2_ohr_ncp_20240425T1209509264_d_img_d18_x01920_y89600.png,0.4001,424.84,576.02,430.65,581.34
ch2_ohr_ncp_20240425T1209509264_d_img_d18_x01920_y89600.png,0.3311,435.97,578.47,441.03,583.91
ch2_ohr_ncp_20240425T1209509264_d_img_d18_x01920_y89600.png,0.2638,111.24,14.13,116.72,20.63
ch2_ohr_ncp_20240425T1209509264_d_img_d18_x01920_y89600.png,0.2307,65.59,65.5,70.98,71.34
ch2_ohr_ncp_20240425T1209509264_d_img_d18_x01920_y89600.png,0.2017,615.11,10.48,620.01,14.7
ch2_ohr_ncp_20240425T1209509264_d_img_d18_x01920_y89600.png,0.2017,72.84,28.0,78.65,34.4
ch2_ohr_ncp_20240425T1209509264_d_img_d18_x01920_y92160.png,0.4225,120.35,26.3,129.78,34.85
ch2_ohr_ncp_20240425T1209509264_d_img_d18_x01920_y92160.png,0.2435,498.69,1.89,502.68,6.05
ch2_ohr_ncp_20240425T1209509264_d_img_d18_x02560_y10880.png,0.3713,342.05,41.17,348.01,47.14
ch2_ohr_ncp_20240425T1209509264_d_img_d18_x02560_y10880.png,0.2743,66.26,627.34,71.72,633.18
ch2_ohr_ncp_20240425T1209509264_d_img_d18_x02560_y10880.png,0.2511,494.04,32.64,500.06,39.94
ch2_ohr_ncp_20240425T1209509264_d_img_d18_x02560_y10880.png,0.2009,48.46,633.32,52.94,638.52
ch2_ohr_ncp_20240425T1209509264_d_img_d18_x02560_y35840.png,0.5056,75.08,632.75,79.82,638.11
ch2_ohr_ncp_20240425T1209509264_d_img_d18_x02560_y35840.png,0.3043,10.2,565.09,19.94,579.0
ch2_ohr_ncp_20240425T1209509264_d_img_d18_x02560_y35840.png,0.2804,72.77,599.27,77.06,604.05
ch2_ohr_ncp_20240425T1209509264_d_img_d18_x02560_y35840.png,0.2503,81.11,438.93,112.86,477.19
ch2_ohr_ncp_20240425T1209509264_d_img_d18_x03200_y24320.png,0.3199,631.2,589.28,638.24,596.1
ch2_ohr_ncp_20240425T1209509264_d_img_d18_x03200_y24320.png,0.2289,48.07,45.82,53.0,52.01
ch2_ohr_ncp_20240425T1209509264_d_img_d18_x03200_y44800.png,0.4562,593.55,32.26,599.08,38.14
ch2_ohr_ncp_20240425T1209509264_d_img_d18_x03200_y44800.png,0.2078,629.13,21.58,637.2,29.05
ch2_ohr_ncp_20240425T1209509264_d_img_d18_x03200_y44800.png,0.2028,609.11,46.07,617.68,56.99
ch2_ohr_ncp_20240425T1209509264_d_img_d18_x03200_y56960.png,0.3511,460.66,532.75,493.51,563.73
ch2_ohr_ncp_20240425T1209509264_d_img_d18_x03200_y56960.png,0.3086,516.89,485.45,522.41,491.09
ch2_ohr_ncp_20240425T1209509264_d_img_d18_x03200_y56960.png,0.2765,621.59,517.4,628.0,524.06
ch2_ohr_ncp_20240425T1209509264_d_img_d18_x03200_y56960.png,0.2197,473.1,459.36,480.89,468.61
ch2_ohr_ncp_20240425T1209509264_d_img_d18_x03200_y56960.png,0.2059,563.07,503.26,568.41,508.86
ch2_ohr_ncp_20240425T1209509264_d_img_d18_x03200_y56960.png,0.2033,620.0,517.55,626.71,524.04
ch2_ohr_ncp_20240425T1209509264_d_img_d18_x03200_y84480.png,0.3414,23.26,54.15,29.11,61.44
ch2_ohr_ncp_20240425T1209509264_d_img_d18_x03200_y84480.png,0.315,0.16,560.04,5.61,565.35
ch2_ohr_ncp_20240425T1209509264_d_img_d18_x03200_y84480.png,0.2417,27.57,325.88,41.55,343.77
ch2_ohr_ncp_20240425T1209509264_d_img_d18_x03840_y26880.png,0.4806,39.76,189.48,46.62,196.05
ch2_ohr_ncp_20240425T1209509264_d_img_d18_x03840_y26880.png,0.2714,91.31,136.8,98.72,144.51
ch2_ohr_ncp_20240425T1209509264_d_img_d18_x03840_y26880.png,0.2532,6.82,155.94,12.01,161.54
ch2_ohr_ncp_20240425T1209509264_d_img_d18_x03840_y26880.png,0.2388,92.46,136.83,100.0,144.25
ch2_ohr_ncp_20240425T1209509264_d_img_d18_x03840_y26880.png,0.2293,34.35,176.34,41.95,186.12
ch2_ohr_ncp_20240425T1209509264_d_img_d18_x03840_y26880.png,0.2165,40.03,187.99,47.3,195.12
ch2_ohr_ncp_20240425T1209509264_d_img_d18_x03840_y26880.png,0.2116,318.21,22.76,333.03,37.74
ch2_ohr_ncp_20240425T1209509264_d_img_d18_x03840_y91520.png,0.4129,590.14,407.42,596.5,413.04
ch2_ohr_ncp_20240425T1209509264_d_img_d18_x03840_y91520.png,0.2282,608.0,381.79,613.85,388.0
ch2_ohr_ncp_20240425T1209509264_d_img_d18_x05120_y28800.png,0.2684,423.98,594.73,429.95,601.77
ch2_ohr_ncp_20240425T1209509264_d_img_d18_x05120_y28800.png,0.2187,302.12,635.98,308.58,639.6
ch2_ohr_ncp_20240425T1209509264_d_img_d18_x05120_y28800.png,0.2015,0.83,626.02,6.4,630.67
ch2_ohr_ncp_20240425T1209509264_d_img_d18_x05120_y76160.png,0.3568,35.83,531.58,41.1,537.27
ch2_ohr_ncp_20240425T1209509264_d_img_d18_x05120_y76160.png,0.2522,76.0,609.09,81.25,613.68
ch2_ohr_ncp_20240425T1209509264_d_img_d18_x05120_y76160.png,0.2044,119.93,552.26,126.42,558.63
ch2_ohr_ncp_20240425T1209509264_d_img_d18_x05760_y24320.png,0.2192,530.2,3.83,540.81,15.86
ch2_ohr_ncp_20240425T1209509264_d_img_d18_x05760_y24320.png,0.2152,615.5,25.94,624.26,34.91
ch2_ohr_ncp_20240425T1209509264_d_img_d18_x05760_y24320.png,0.2138,331.58,608.31,336.39,613.8
ch2_ohr_ncp_20240425T1209509264_d_img_d18_x06400_y01920.png,0.2088,306.19,469.92,365.9,500.26
ch2_ohr_ncp_20240425T1209509264_d_img_d18_x06400_y64640.png,0.5602,488.84,591.58,493.22,596.08
ch2_ohr_ncp_20240425T1209509264_d_img_d18_x06400_y64640.png,0.5436,494.68,616.04,500.56,622.26
ch2_ohr_ncp_20240425T1209509264_d_img_d18_x06400_y64640.png,0.5075,608.23,606.93,614.74,613.65
ch2_ohr_ncp_20240425T1209509264_d_img_d18_x06400_y64640.png,0.5058,565.77,614.38,573.05,621.32
ch2_ohr_ncp_20240425T1209509264_d_img_d18_x06400_y64640.png,0.5053,472.89,447.75,477.78,452.86
ch2_ohr_ncp_20240425T1209509264_d_img_d18_x06400_y64640.png,0.4986,554.45,617.87,558.64,622.24
ch2_ohr_ncp_20240425T1209509264_d_img_d18_x06400_y64640.png,0.4913,483.99,553.07,489.89,559.55
ch2_ohr_ncp_20240425T1209509264_d_img_d18_x06400_y64640.png,0.4724,407.8,403.99,413.32,410.61
ch2_ohr_ncp_20240425T1209509264_d_img_d18_x06400_y64640.png,0.4521,627.35,516.04,638.05,527.37
ch2_ohr_ncp_20240425T1209509264_d_img_d18_x06400_y64640.png,0.4189,591.44,563.53,596.15,568.67
ch2_ohr_ncp_20240425T1209509264_d_img_d18_x06400_y64640.png,0.4172,417.16,632.7,424.58,639.12
ch2_ohr_ncp_20240425T1209509264_d_img_d18_x06400_y64640.png,0.4019,591.43,579.0,596.83,586.2
ch2_ohr_ncp_20240425T1209509264_d_img_d18_x06400_y64640.png,0.3994,576.34,601.32,581.49,607.91
ch2_ohr_ncp_20240425T1209509264_d_img_d18_x06400_y64640.png,0.358,631.56,355.98,637.43,362.73
ch2_ohr_ncp_20240425T1209509264_d_img_d18_x06400_y64640.png,0.3578,424.54,608.82,437.52,623.84
ch2_ohr_ncp_20240425T1209509264_d_img_d18_x06400_y64640.png,0.356,515.22,441.32,520.67,446.68
ch2_ohr_ncp_20240425T1209509264_d_img_d18_x06400_y64640.png,0.3509,600.76,538.95,605.22,542.89
ch2_ohr_ncp_20240425T1209509264_d_img_d18_x06400_y64640.png,0.3175,618.05,635.77,623.09,639.71
ch2_ohr_ncp_20240425T1209509264_d_img_d18_x06400_y64640.png,0.3158,398.49,514.07,405.28,521.71
ch2_ohr_ncp_20240425T1209509264_d_img_d18_x06400_y64640.png,0.3015,594.44,633.84,600.42,639.28
ch2_ohr_ncp_20240425T1209509264_d_img_d18_x06400_y64640.png,0.3007,454.38,604.3,462.68,613.42
ch2_ohr_ncp_20240425T1209509264_d_img_d18_x06400_y64640.png,0.2921,619.24,516.0,624.08,522.76
ch2_ohr_ncp_20240425T1209509264_d_img_d18_x06400_y64640.png,0.2907,485.03,552.0,490.33,558.92
ch2_ohr_ncp_20240425T1209509264_d_img_d18_x06400_y64640.png,0.2889,579.95,407.66,584.66,412.61
ch2_ohr_ncp_20240425T1209509264_d_img_d18_x06400_y64640.png,0.2643,559.04,415.22,565.32,423.03
ch2_ohr_ncp_20240425T1209509264_d_img_d18_x06400_y64640.png,0.2639,580.0,593.45,585.46,597.65
ch2_ohr_ncp_20240425T1209509264_d_img_d18_x06400_y64640.png,0.2611,563.99,614.79,572.53,623.06
ch2_ohr_ncp_20240425T1209509264_d_img_d18_x06400_y64640.png,0.261,406.41,375.21,425.75,398.01
ch2_ohr_ncp_20240425T1209509264_d_img_d18_x06400_y64640.png,0.2482,424.38,587.27,429.56,593.78
ch2_ohr_ncp_20240425T1209509264_d_img_d18_x06400_y64640.png,0.2453,577.52,550.08,583.31,556.2
ch2_ohr_ncp_20240425T1209509264_d_img_d18_x06400_y64640.png,0.2419,618.95,517.29,623.74,524.0
ch2_ohr_ncp_20240425T1209509264_d_img_d18_x06400_y64640.png,0.2353,561.21,573.93,568.8,581.07
ch2_ohr_ncp_20240425T1209509264_d_img_d18_x06400_y64640.png,0.2347,408.28,404.98,413.4,412.0
ch2_ohr_ncp_20240425T1209509264_d_img_d18_x06400_y64640.png,0.2287,480.45,602.16,485.61,606.69
ch2_ohr_ncp_20240425T1209509264_d_img_d18_x06400_y64640.png,0.2096,494.26,603.99,500.01,609.83
ch2_ohr_ncp_20240425T1209509264_d_img_d18_x06400_y64640.png,0.2085,444.0,486.27,450.86,492.62
ch2_ohr_ncp_20240425T1209509264_d_img_d18_x06400_y64640.png,0.2043,529.7,485.14,536.22,491.49
ch2_ohr_ncp_20240425T1209509264_d_img_d18_x06400_y64640.png,0.2039,457.89,425.13,462.91,430.91
ch2_ohr_ncp_20240425T1209509264_d_img_d18_x06400_y64640.png,0.2033,405.93,579.64,410.8,584.54
ch2_ohr_ncp_20240425T1209509264_d_img_d18_x06400_y92800.png,0.2668,42.45,232.79,48.5,239.22
ch2_ohr_ncp_20240425T1209509264_d_img_d18_x06400_y92800.png,0.2319,340.8,0.0,410.73,35.04
ch2_ohr_ncp_20240425T1209509264_d_img_d18_x07040_y48000.png,0.3213,512.79,627.76,517.32,632.52
ch2_ohr_ncp_20240425T1209509264_d_img_d18_x07040_y48000.png,0.2402,599.97,598.76,605.49,606.11
ch2_ohr_ncp_20240425T1209509264_d_img_d18_x07680_y17280.png,0.2989,592.33,579.14,608.27,591.1
ch2_ohr_ncp_20240425T1209509264_d_img_d18_x07680_y55680.png,0.2421,634.55,22.9,639.43,29.99
ch2_ohr_ncp_20240425T1209509264_d_img_d18_x08320_y16640.png,0.351,635.86,344.94,639.55,349.44
ch2_ohr_ncp_20240425T1209509264_d_img_d18_x08320_y16640.png,0.2031,587.38,7.4,592.25,13.02
ch2_ohr_ncp_20240425T1209509264_d_img_d18_x08320_y72320.png,0.2208,600.17,579.72,640.0,624.26
ch2_ohr_ncp_20240425T1209509264_d_img_d18_x08320_y72320.png,0.22,601.11,593.09,640.0,624.83
ch2_ohr_ncp_20240425T1209509264_d_img_d18_x08960_y26240.png,0.276,571.89,631.91,576.7,637.0
ch2_ohr_ncp_20240425T1209509264_d_img_d18_x08960_y26240.png,0.2113,18.62,471.01,57.91,523.32
ch2_ohr_ncp_20240425T1209509264_d_img_d18_x08960_y62720.png,0.3173,580.12,219.93,613.59,260.84
ch2_ohr_ncp_20240425T1209509264_d_img_d18_x08960_y62720.png,0.2256,54.5,635.7,60.08,639.59
ch2_ohr_ncp_20240425T1209509264_d_img_d18_x09600_y69760.png,0.2519,54.22,19.66,59.43,25.33
ch2_ohr_ncp_20240425T1209509264_d_img_d18_x09600_y82560.png,0.2042,6.93,630.36,13.26,636.63
ch2_ohr_ncp_20240425T1406019344_d_img_d18_x00000_y08320.png,0.2675,583.34,633.43,588.5,638.85
ch2_ohr_ncp_20240425T1406019344_d_img_d18_x00640_y19840.png,0.3211,564.63,16.83,570.18,24.01
ch2_ohr_ncp_20240425T1406019344_d_img_d18_x00640_y19840.png,0.3197,564.0,17.52,569.88,23.01
ch2_ohr_ncp_20240425T1406019344_d_img_d18_x00640_y19840.png,0.3141,530.21,358.02,539.15,367.65
ch2_ohr_ncp_20240425T1406019344_d_img_d18_x00640_y19840.png,0.2978,595.21,337.16,599.88,344.45
ch2_ohr_ncp_20240425T1406019344_d_img_d18_x00640_y19840.png,0.2893,531.93,302.99,536.89,308.28
ch2_ohr_ncp_20240425T1406019344_d_img_d18_x00640_y19840.png,0.2846,618.39,352.67,625.93,360.55
ch2_ohr_ncp_20240425T1406019344_d_img_d18_x00640_y19840.png,0.2568,622.83,583.39,628.84,589.13
ch2_ohr_ncp_20240425T1406019344_d_img_d18_x00640_y19840.png,0.2495,616.54,421.39,627.84,434.25
ch2_ohr_ncp_20240425T1406019344_d_img_d18_x00640_y19840.png,0.2161,561.88,299.43,570.35,309.54
ch2_ohr_ncp_20240425T1406019344_d_img_d18_x00640_y19840.png,0.2107,615.78,436.0,622.69,443.69
ch2_ohr_ncp_20240425T1406019344_d_img_d18_x00640_y19840.png,0.2039,597.66,226.72,604.0,231.9
ch2_ohr_ncp_20240425T1406019344_d_img_d18_x00640_y22400.png,0.545,553.67,407.29,568.41,424.7
ch2_ohr_ncp_20240425T1406019344_d_img_d18_x00640_y22400.png,0.3141,602.31,490.27,608.71,497.77
ch2_ohr_ncp_20240425T1406019344_d_img_d18_x00640_y22400.png,0.2982,532.0,622.5,537.87,628.0
ch2_ohr_ncp_20240425T1406019344_d_img_d18_x00640_y22400.png,0.2686,553.89,430.95,558.23,436.0
ch2_ohr_ncp_20240425T1406019344_d_img_d18_x00640_y22400.png,0.2218,529.99,608.37,536.9,617.2
ch2_ohr_ncp_20240425T1406019344_d_img_d18_x00640_y45440.png,0.2683,627.75,0.0,633.06,4.03
ch2_ohr_ncp_20240425T1406019344_d_img_d18_x00640_y52480.png,0.4397,563.92,592.83,569.31,599.08
ch2_ohr_ncp_20240425T1406019344_d_img_d18_x00640_y52480.png,0.4285,335.35,526.16,340.6,532.03
ch2_ohr_ncp_20240425T1406019344_d_img_d18_x00640_y52480.png,0.374,624.48,284.0,628.38,290.1
ch2_ohr_ncp_20240425T1406019344_d_img_d18_x00640_y52480.png,0.3711,556.0,359.2,561.57,364.13
ch2_ohr_ncp_20240425T1406019344_d_img_d18_x00640_y52480.png,0.3609,551.47,520.03,557.62,526.17
ch2_ohr_ncp_20240425T1406019344_d_img_d18_x00640_y52480.png,0.3173,484.0,602.16,489.63,606.91
ch2_ohr_ncp_20240425T1406019344_d_img_d18_x00640_y52480.png,0.3075,563.99,603.98,569.74,609.81
ch2_ohr_ncp_20240425T1406019344_d_img_d18_x00640_y52480.png,0.3039,547.93,628.11,557.13,637.54
ch2_ohr_ncp_20240425T1406019344_d_img_d18_x00640_y52480.png,0.2923,584.33,486.53,589.08,492.0
ch2_ohr_ncp_20240425T1406019344_d_img_d18_x00640_y52480.png,0.2632,505.78,341.45,538.78,386.67
ch2_ohr_ncp_20240425T1406019344_d_img_d18_x00640_y52480.png,0.2495,549.13,627.14,557.6,636.54
ch2_ohr_ncp_20240425T1406019344_d_img_d18_x00640_y52480.png,0.2458,578.06,557.9,586.67,568.01
ch2_ohr_ncp_20240425T1406019344_d_img_d18_x00640_y52480.png,0.2432,549.25,336.34,555.56,344.01
ch2_ohr_ncp_20240425T1406019344_d_img_d18_x00640_y52480.png,0.2349,634.39,521.37,639.76,528.69
ch2_ohr_ncp_20240425T1406019344_d_img_d18_x00640_y52480.png,0.2332,500.0,542.73,505.17,548.7
ch2_ohr_ncp_20240425T1406019344_d_img_d18_x00640_y52480.png,0.2329,507.44,380.75,514.47,388.01
ch2_ohr_ncp_20240425T1406019344_d_img_d18_x00640_y52480.png,0.2267,441.02,503.73,444.29,508.17
ch2_ohr_ncp_20240425T1406019344_d_img_d18_x00640_y52480.png,0.207,583.92,486.22,588.79,490.91
ch2_ohr_ncp_20240425T1406019344_d_img_d18_x00640_y52480.png,0.205,515.99,503.11,527.52,517.82
ch2_ohr_ncp_20240425T1406019344_d_img_d18_x00640_y89600.png,0.9059,479.29,494.15,485.38,500.97
ch2_ohr_ncp_20240425T1406019344_d_img_d18_x00640_y89600.png,0.6357,557.85,415.32,567.62,426.38
ch2_ohr_ncp_20240425T1406019344_d_img_d18_x00640_y89600.png,0.614,631.07,122.73,636.04,129.13
ch2_ohr_ncp_20240425T1406019344_d_img_d18_x00640_y89600.png,0.589,551.27,635.39,556.58,639.84
ch2_ohr_ncp_20240425T1406019344_d_img_d18_x00640_y89600.png,0.4583,574.33,408.47,580.0,414.45
ch2_ohr_ncp_20240425T1406019344_d_img_d18_x00640_y89600.png,0.4548,36.27,577.69,42.54,584.94
ch2_ohr_ncp_20240425T1406019344_d_img_d18_x00640_y89600.png,0.4099,507.22,589.47,521.09,604.64
ch2_ohr_ncp_20240425T1406019344_d_img_d18_x00640_y89600.png,0.4071,566.95,589.72,572.02,596.0
ch2_ohr_ncp_20240425T1406019344_d_img_d18_x00640_y89600.png,0.4023,603.63,468.0,609.06,474.47
ch2_ohr_ncp_20240425T1406019344_d_img_d18_x00640_y89600.png,0.3836,602.37,318.95,608.49,326.02
ch2_ohr_ncp_20240425T1406019344_d_img_d18_x00640_y89600.png,0.3803,551.95,404.98,560.97,415.36
ch2_ohr_ncp_20240425T1406019344_d_img_d18_x00640_y89600.png,0.364,528.04,475.98,533.28,482.37
ch2_ohr_ncp_20240425T1406019344_d_img_d18_x00640_y89600.png,0.3451,595.15,541.89,600.69,548.01
ch2_ohr_ncp_20240425T1406019344_d_img_d18_x00640_y89600.png,0.3409,20.0,618.77,25.34,623.56
ch2_ohr_ncp_20240425T1406019344_d_img_d18_x00640_y89600.png,0.3259,591.71,203.8,597.43,210.56
ch2_ohr_ncp_20240425T1406019344_d_img_d18_x00640_y89600.png,0.3148,624.41,527.77,632.96,536.85
ch2_ohr_ncp_20240425T1406019344_d_img_d18_x00640_y89600.png,0.3034,624.49,115.1,628.7,119.98
ch2_ohr_ncp_20240425T1406019344_d_img_d18_x00640_y89600.png,0.2988,285.88,103.76,292.01,109.5
ch2_ohr_ncp_20240425T1406019344_d_img_d18_x00640_y89600.png,0.2953,542.11,553.6,548.0,558.9
ch2_ohr_ncp_20240425T1406019344_d_img_d18_x00640_y89600.png,0.2917,630.66,310.42,639.57,320.78
ch2_ohr_ncp_20240425T1406019344_d_img_d18_x00640_y89600.png,0.2903,582.65,171.96,588.91,179.92
ch2_ohr_ncp_20240425T1406019344_d_img_d18_x00640_y89600.png,0.2768,494.93,495.56,501.43,503.26
ch2_ohr_ncp_20240425T1406019344_d_img_d18_x00640_y89600.png,0.2733,607.61,534.77,617.32,544.76
ch2_ohr_ncp_20240425T1406019344_d_img_d18_x00640_y89600.png,0.2694,71.29,632.9,77.31,639.27
ch2_ohr_ncp_20240425T1406019344_d_img_d18_x00640_y89600.png,0.2645,634.45,304.08,639.45,310.06
ch2_ohr_ncp_20240425T1406019344_d_img_d18_x00640_y89600.png,0.2596,597.22,533.02,605.91,542.04
ch2_ohr_ncp_20240425T1406019344_d_img_d18_x00640_y89600.png,0.2238,566.92,588.0,572.06,595.09
ch2_ohr_ncp_20240425T1406019344_d_img_d18_x00640_y89600.png,0.2183,598.81,103.52,604.01,109.07
ch2_ohr_ncp_20240425T1406019344_d_img_d18_x00640_y89600.png,0.2117,611.26,479.49,616.46,485.09
ch2_ohr_ncp_20240425T1406019344_d_img_d18_x00640_y89600.png,0.2096,245.38,139.8,252.01,145.89
ch2_ohr_ncp_20240425T1406019344_d_img_d18_x00640_y89600.png,0.2075,625.32,609.09,629.99,615.81
ch2_ohr_ncp_20240425T1406019344_d_img_d18_x00640_y89600.png,0.2073,492.0,495.13,501.52,503.07
ch2_ohr_ncp_20240425T1406019344_d_img_d18_x00640_y89600.png,0.2027,550.21,391.83,555.56,399.47
ch2_ohr_ncp_20240425T1406019344_d_img_d18_x01280_y28800.png,0.7008,579.55,526.93,584.15,532.56
ch2_ohr_ncp_20240425T1406019344_d_img_d18_x01280_y28800.png,0.6297,515.8,529.36,521.11,534.72
ch2_ohr_ncp_20240425T1406019344_d_img_d18_x01280_y28800.png,0.5866,584.89,110.02,592.39,119.09
ch2_ohr_ncp_20240425T1406019344_d_img_d18_x01280_y28800.png,0.5813,635.72,328.03,639.84,333.8
ch2_ohr_ncp_20240425T1406019344_d_img_d18_x01280_y28800.png,0.5661,579.64,566.11,584.74,572.06
ch2_ohr_ncp_20240425T1406019344_d_img_d18_x01280_y28800.png,0.5408,595.11,597.1,605.88,604.98
ch2_ohr_ncp_20240425T1406019344_d_img_d18_x01280_y28800.png,0.5347,555.96,544.98,562.23,551.99
ch2_ohr_ncp_20240425T1406019344_d_img_d18_x01280_y28800.png,0.514,615.47,511.87,622.25,519.19
ch2_ohr_ncp_20240425T1406019344_d_img_d18_x01280_y28800.png,0.4996,611.99,94.06,616.75,100.0
ch2_ohr_ncp_20240425T1406019344_d_img_d18_x01280_y28800.png,0.4858,9.58,103.97,16.78,109.78
ch2_ohr_ncp_20240425T1406019344_d_img_d18_x01280_y28800.png,0.4771,625.21,113.58,631.09,118.64
ch2_ohr_ncp_20240425T1406019344_d_img_d18_x01280_y28800.png,0.4697,359.38,270.37,365.83,276.18
ch2_ohr_ncp_20240425T1406019344_d_img_d18_x01280_y28800.png,0.4689,567.92,565.57,572.91,570.55
ch2_ohr_ncp_20240425T1406019344_d_img_d18_x01280_y28800.png,0.4402,633.83,598.13,640.0,609.7
ch2_ohr_ncp_20240425T1406019344_d_img_d18_x01280_y28800.png,0.4307,531.41,2.87,541.69,12.17
ch2_ohr_ncp_20240425T1406019344_d_img_d18_x01280_y28800.png,0.4158,431.62,65.59,437.42,71.99
ch2_ohr_ncp_20240425T1406019344_d_img_d18_x01280_y28800.png,0.4141,595.91,568.13,601.09,573.3
ch2_ohr_ncp_20240425T1406019344_d_img_d18_x01280_y28800.png,0.4047,338.82,104.57,348.07,116.01
ch2_ohr_ncp_20240425T1406019344_d_img_d18_x01280_y28800.png,0.4025,583.13,357.66,595.7,367.64
ch2_ohr_ncp_20240425T1406019344_d_img_d18_x01280_y28800.png,0.4016,71.04,26.21,76.16,30.92
ch2_ohr_ncp_20240425T1406019344_d_img_d18_x01280_y28800.png,0.4012,342.31,256.88,348.04,263.48
ch2_ohr_ncp_20240425T1406019344_d_img_d18_x01280_y28800.png,0.3876,83.51,73.84,93.75,85.38
ch2_ohr_ncp_20240425T1406019344_d_img_d18_x01280_y28800.png,0.3838,534.68,461.87,540.02,468.01
ch2_ohr_ncp_20240425T1406019344_d_img_d18_x01280_y28800.png,0.3745,323.69,48.5,355.15,91.06
ch2_ohr_ncp_20240425T1406019344_d_img_d18_x01280_y28800.png,0.3708,536.74,600.69,541.42,605.46
ch2_ohr_ncp_20240425T1406019344_d_img_d18_x01280_y28800.png,0.3678,421.73,180.56,427.26,186.66
ch2_ohr_ncp_20240425T1406019344_d_img_d18_x01280_y28800.png,0.3634,594.27,390.24,601.94,397.04
ch2_ohr_ncp_20240425T1406019344_d_img_d18_x01280_y28800.png,0.3509,49.8,256.21,54.64,261.81
ch2_ohr_ncp_20240425T1406019344_d_img_d18_x01280_y28800.png,0.347,528.26,559.43,533.3,564.94
ch2_ohr_ncp_20240425T1406019344_d_img_d18_x01280_y28800.png,0.3372,612.45,434.75,639.99,491.72
ch2_ohr_ncp_20240425T1406019344_d_img_d18_x01280_y28800.png,0.3356,207.74,15.94,221.12,31.17
ch2_ohr_ncp_20240425T1406019344_d_img_d18_x01280_y28800.png,0.3164,564.0,394.3,569.88,398.99
ch2_ohr_ncp_20240425T1406019344_d_img_d18_x01280_y28800.png,0.311,556.71,544.9,564.0,552.18
ch2_ohr_ncp_20240425T1406019344_d_img_d18_x01280_y28800.png,0.3055,275.98,128.71,281.64,138.2
ch2_ohr_ncp_20240425T1406019344_d_img_d18_x01280_y28800.png,0.3026,0.56,107.18,6.65,116.0
ch2_ohr_ncp_20240425T1406019344_d_img_d18_x01280_y28800.png,0.2976,635.83,616.13,639.81,621.06
ch2_ohr_ncp_20240425T1406019344_d_img_d18_x01280_y28800.png,0.2974,624.91,258.62,637.9,270.42
ch2_ohr_ncp_20240425T1406019344_d_img_d18_x01280_y28800.png,0.2919,0.75,106.45,7.2,114.48
ch2_ohr_ncp_20240425T1406019344_d_img_d18_x01280_y28800.png,0.2869,595.99,286.3,602.28,292.81
ch2_ohr_ncp_20240425T1406019344_d_img_d18_x01280_y28800.png,0.2858,473.72,634.93,480.09,639.41
ch2_ohr_ncp_20240425T1406019344_d_img_d18_x01280_y28800.png,0.2817,541.19,75.56,548.07,83.48
ch2_ohr_ncp_20240425T1406019344_d_img_d18_x01280_y28800.png,0.2745,526.69,290.98,533.33,298.45
ch2_ohr_ncp_20240425T1406019344_d_img_d18_x01280_y28800.png,0.2702,596.79,225.52,624.91,254.2
ch2_ohr_ncp_20240425T1406019344_d_img_d18_x01280_y28800.png,0.2674,177.84,222.32,183.79,229.32
ch2_ohr_ncp_20240425T1406019344_d_img_d18_x01280_y28800.png,0.2636,271.43,118.53,279.92,126.52
ch2_ohr_ncp_20240425T1406019344_d_img_d18_x01280_y28800.png,0.2627,250.14,141.63,257.9,149.13
ch2_ohr_ncp_20240425T1406019344_d_img_d18_x01280_y28800.png,0.2575,613.24,61.76,626.65,71.4
ch2_ohr_ncp_20240425T1406019344_d_img_d18_x01280_y28800.png,0.257,346.45,217.26,354.96,227.85
ch2_ohr_ncp_20240425T1406019344_d_img_d18_x01280_y28800.png,0.2534,38.24,8.46,44.59,13.77
ch2_ohr_ncp_20240425T1406019344_d_img_d18_x01280_y28800.png,0.2515,601.22,544.65,610.08,553.37
ch2_ohr_ncp_20240425T1406019344_d_img_d18_x01280_y28800.png,0.2495,488.52,480.18,494.42,485.47
ch2_ohr_ncp_20240425T1406019344_d_img_d18_x01280_y28800.png,0.2491,45.44,272.0,64.29,310.04
ch2_ohr_ncp_20240425T1406019344_d_img_d18_x01280_y28800.png,0.2458,630.63,19.24,639.46,32.64
ch2_ohr_ncp_20240425T1406019344_d_img_d18_x01280_y28800.png,0.2399,339.68,103.28,348.95,114.87
ch2_ohr_ncp_20240425T1406019344_d_img_d18_x01280_y28800.png,0.2362,635.09,595.98,640.0,607.78
ch2_ohr_ncp_20240425T1406019344_d_img_d18_x01280_y28800.png,0.2343,239.01,124.95,250.98,139.14
ch2_ohr_ncp_20240425T1406019344_d_img_d18_x01280_y28800.png,0.228,538.62,503.86,543.15,508.35
ch2_ohr_ncp_20240425T1406019344_d_img_d18_x01280_y28800.png,0.2271,455.66,18.39,464.27,26.86
ch2_ohr_ncp_20240425T1406019344_d_img_d18_x01280_y28800.png,0.2183,51.7,4.83,60.93,12.72
ch2_ohr_ncp_20240425T1406019344_d_img_d18_x01280_y28800.png,0.2169,164.0,144.13,169.14,149.93
ch2_ohr_ncp_20240425T1406019344_d_img_d18_x01280_y28800.png,0.2169,567.99,564.0,572.38,570.87
ch2_ohr_ncp_20240425T1406019344_d_img_d18_x01280_y28800.png,0.2144,610.2,48.02,627.2,69.88
ch2_ohr_ncp_20240425T1406019344_d_img_d18_x01280_y28800.png,0.2105,611.97,62.72,617.71,68.1
ch2_ohr_ncp_20240425T1406019344_d_img_d18_x01280_y28800.png,0.2085,607.43,225.76,625.16,251.53
ch2_ohr_ncp_20240425T1406019344_d_img_d18_x01280_y28800.png,0.2039,152.91,82.99,177.51,107.56
ch2_ohr_ncp_20240425T1406019344_d_img_d18_x01280_y28800.png,0.2025,48.12,31.74,52.21,37.82
ch2_ohr_ncp_20240425T1406019344_d_img_d18_x01280_y28800.png,0.2009,1.84,38.71,11.65,51.49
ch2_ohr_ncp_20240425T1406019344_d_img_d18_x01280_y28800.png,0.2008,546.78,119.65,551.73,124.37
ch2_ohr_ncp_20240425T1406019344_d_img_d18_x01280_y33280.png,0.6968,600.1,496.14,606.35,502.78
ch2_ohr_ncp_20240425T1406019344_d_img_d18_x01280_y33280.png,0.4256,585.87,506.85,589.32,510.52
ch2_ohr_ncp_20240425T1406019344_d_img_d18_x01280_y33280.png,0.3598,609.41,467.99,613.48,473.78
ch2_ohr_ncp_20240425T1406019344_d_img_d18_x01280_y33280.png,0.259,606.43,618.58,612.03,623.85
ch2_ohr_ncp_20240425T1406019344_d_img_d18_x01280_y33280.png,0.2537,584.87,538.8,588.52,542.93
ch2_ohr_ncp_20240425T1406019344_d_img_d18_x01280_y33280.png,0.2516,635.58,18.45,640.0,28.48
ch2_ohr_ncp_20240425T1406019344_d_img_d18_x01280_y33280.png,0.224,635.5,20.57,639.7,28.29
ch2_ohr_ncp_20240425T1406019344_d_img_d18_x01280_y33280.png,0.2186,612.0,506.16,617.6,510.32
ch2_ohr_ncp_20240425T1406019344_d_img_d18_x01280_y33280.png,0.2025,595.55,588.51,604.8,599.27
ch2_ohr_ncp_20240425T1406019344_d_img_d18_x01280_y35200.png,0.476,543.37,531.1,548.2,536.59
ch2_ohr_ncp_20240425T1406019344_d_img_d18_x01280_y35200.png,0.4705,604.0,441.24,609.16,446.35
ch2_ohr_ncp_20240425T1406019344_d_img_d18_x01280_y35200.png,0.3012,578.02,384.37,584.84,391.5
ch2_ohr_ncp_20240425T1406019344_d_img_d18_x01280_y35200.png,0.2364,549.64,488.41,580.06,529.21
ch2_ohr_ncp_20240425T1406019344_d_img_d18_x01280_y35200.png,0.2323,577.97,443.62,585.97,452.11
ch2_ohr_ncp_20240425T1406019344_d_img_d18_x01280_y35200.png,0.227,577.88,440.6,586.53,452.64
ch2_ohr_ncp_20240425T1406019344_d_img_d18_x01280_y35200.png,0.2165,437.28,271.54,444.31,278.98
ch2_ohr_ncp_20240425T1406019344_d_img_d18_x01280_y35200.png,0.2127,578.22,439.23,586.29,449.69
ch2_ohr_ncp_20240425T1406019344_d_img_d18_x01280_y44160.png,0.3525,514.78,611.16,520.49,616.23
ch2_ohr_ncp_20240425T1406019344_d_img_d18_x01280_y44160.png,0.2615,504.45,371.32,508.27,375.64
ch2_ohr_ncp_20240425T1406019344_d_img_d18_x01280_y47360.png,0.3748,0.0,207.8,36.29,255.72
ch2_ohr_ncp_20240425T1406019344_d_img_d18_x01280_y47360.png,0.3391,19.46,345.57,28.1,355.06
ch2_ohr_ncp_20240425T1406019344_d_img_d18_x01280_y47360.png,0.2891,31.06,375.73,37.25,382.56
ch2_ohr_ncp_20240425T1406019344_d_img_d18_x01280_y47360.png,0.2314,24.61,283.4,30.19,289.93
ch2_ohr_ncp_20240425T1406019344_d_img_d18_x01280_y47360.png,0.2271,587.94,358.27,593.57,364.03
ch2_ohr_ncp_20240425T1406019344_d_img_d18_x01280_y47360.png,0.2091,17.52,191.64,22.88,196.46
ch2_ohr_ncp_20240425T1406019344_d_img_d18_x01280_y53760.png,0.5115,628.46,71.76,634.47,79.3
ch2_ohr_ncp_20240425T1406019344_d_img_d18_x01280_y53760.png,0.4358,525.75,26.28,533.19,36.95
ch2_ohr_ncp_20240425T1406019344_d_img_d18_x01280_y53760.png,0.3665,622.82,633.88,630.78,639.82
ch2_ohr_ncp_20240425T1406019344_d_img_d18_x01280_y53760.png,0.2856,555.22,384.25,559.61,388.93
ch2_ohr_ncp_20240425T1406019344_d_img_d18_x01280_y53760.png,0.2607,481.06,21.5,486.66,28.0
ch2_ohr_ncp_20240425T1406019344_d_img_d18_x01280_y53760.png,0.2495,576.61,390.31,586.38,402.65
ch2_ohr_ncp_20240425T1406019344_d_img_d18_x01280_y53760.png,0.2429,635.22,23.47,639.47,28.26
ch2_ohr_ncp_20240425T1406019344_d_img_d18_x01280_y53760.png,0.2102,481.21,20.0,486.75,26.53
ch2_ohr_ncp_20240425T1406019344_d_img_d18_x01280_y58240.png,0.3436,527.74,240.69,534.62,248.24
ch2_ohr_ncp_20240425T1406019344_d_img_d18_x01280_y58240.png,0.3295,430.46,10.22,436.0,15.96
ch2_ohr_ncp_20240425T1406019344_d_img_d18_x01280_y58240.png,0.287,601.78,91.96,606.3,97.5
ch2_ohr_ncp_20240425T1406019344_d_img_d18_x01280_y58240.png,0.2738,256.49,599.31,265.55,610.12
ch2_ohr_ncp_20240425T1406019344_d_img_d18_x01280_y58240.png,0.2355,627.51,298.36,639.54,313.28
ch2_ohr_ncp_20240425T1406019344_d_img_d18_x01280_y58240.png,0.2059,520.69,249.21,526.82,255.4
ch2_ohr_ncp_20240425T1406019344_d_img_d18_x01280_y61440.png,0.4063,538.57,510.98,543.96,516.06
ch2_ohr_ncp_20240425T1406019344_d_img_d18_x01280_y61440.png,0.378,515.29,609.63,521.79,617.24
ch2_ohr_ncp_20240425T1406019344_d_img_d18_x01280_y61440.png,0.3466,479.96,609.19,487.66,614.18
ch2_ohr_ncp_20240425T1406019344_d_img_d18_x01280_y61440.png,0.3066,511.3,472.66,516.04,477.99
ch2_ohr_ncp_20240425T1406019344_d_img_d18_x01280_y61440.png,0.2882,531.99,415.39,536.66,420.1
ch2_ohr_ncp_20240425T1406019344_d_img_d18_x01280_y61440.png,0.278,631.58,608.08,638.39,614.83
ch2_ohr_ncp_20240425T1406019344_d_img_d18_x01280_y61440.png,0.2752,634.86,600.92,639.28,606.78
ch2_ohr_ncp_20240425T1406019344_d_img_d18_x01280_y61440.png,0.269,271.09,605.71,276.0,612.01
ch2_ohr_ncp_20240425T1406019344_d_img_d18_x01280_y61440.png,0.2464,618.73,624.59,636.61,639.86
ch2_ohr_ncp_20240425T1406019344_d_img_d18_x01280_y61440.png,0.2339,534.49,624.01,544.07,634.59
ch2_ohr_ncp_20240425T1406019344_d_img_d18_x01280_y61440.png,0.2244,534.79,626.3,550.13,637.22
ch2_ohr_ncp_20240425T1406019344_d_img_d18_x01280_y61440.png,0.2216,600.02,595.69,606.29,601.11
ch2_ohr_ncp_20240425T1406019344_d_img_d18_x01280_y61440.png,0.2076,270.69,604.0,276.0,610.09
ch2_ohr_ncp_20240425T1406019344_d_img_d18_x01280_y61440.png,0.207,583.74,627.99,588.16,633.41
ch2_ohr_ncp_20240425T1406019344_d_img_d18_x01280_y76160.png,0.6733,513.12,153.53,526.77,168.65
ch2_ohr_ncp_20240425T1406019344_d_img_d18_x01280_y76160.png,0.5895,502.93,430.14,508.36,436.11
ch2_ohr_ncp_20240425T1406019344_d_img_d18_x01280_y76160.png,0.5699,336.07,79.56,341.13,85.02
ch2_ohr_ncp_20240425T1406019344_d_img_d18_x01280_y76160.png,0.5661,427.99,141.16,435.1,148.16
ch2_ohr_ncp_20240425T1406019344_d_img_d18_x01280_y76160.png,0.5418,558.54,63.59,564.47,69.2
ch2_ohr_ncp_20240425T1406019344_d_img_d18_x01280_y76160.png,0.5173,289.97,207.79,294.98,213.35
ch2_ohr_ncp_20240425T1406019344_d_img_d18_x01280_y76160.png,0.4358,536.77,402.74,542.37,407.55
ch2_ohr_ncp_20240425T1406019344_d_img_d18_x01280_y76160.png,0.4313,600.2,553.74,605.87,559.31
ch2_ohr_ncp_20240425T1406019344_d_img_d18_x01280_y76160.png,0.4284,409.73,608.0,417.41,614.2
ch2_ohr_ncp_20240425T1406019344_d_img_d18_x01280_y76160.png,0.4173,394.69,198.14,400.83,204.66
ch2_ohr_ncp_20240425T1406019344_d_img_d18_x01280_y76160.png,0.4106,130.97,234.29,142.01,245.15
ch2_ohr_ncp_20240425T1406019344_d_img_d18_x01280_y76160.png,0.4081,309.77,258.94,317.76,269.37
ch2_ohr_ncp_20240425T1406019344_d_img_d18_x01280_y76160.png,0.4061,288.77,117.46,293.27,124.0
ch2_ohr_ncp_20240425T1406019344_d_img_d18_x01280_y76160.png,0.3956,246.43,109.87,252.54,117.73
ch2_ohr_ncp_20240425T1406019344_d_img_d18_x01280_y76160.png,0.392,353.49,110.79,358.87,116.88
ch2_ohr_ncp_20240425T1406019344_d_img_d18_x01280_y76160.png,0.3854,306.87,549.69,315.28,558.01
ch2_ohr_ncp_20240425T1406019344_d_img_d18_x01280_y76160.png,0.3823,551.88,384.5,559.98,392.16
ch2_ohr_ncp_20240425T1406019344_d_img_d18_x01280_y76160.png,0.3646,251.98,157.59,258.08,164.02
ch2_ohr_ncp_20240425T1406019344_d_img_d18_x01280_y76160.png,0.3577,251.66,156.0,257.51,163.08
ch2_ohr_ncp_20240425T1406019344_d_img_d18_x01280_y76160.png,0.3568,370.53,253.74,379.08,264.03
ch2_ohr_ncp_20240425T1406019344_d_img_d18_x01280_y76160.png,0.3422,526.17,175.05,532.0,180.15
ch2_ohr_ncp_20240425T1406019344_d_img_d18_x01280_y76160.png,0.3421,543.4,168.47,558.95,183.33
ch2_ohr_ncp_20240425T1406019344_d_img_d18_x01280_y76160.png,0.337,521.22,398.44,526.8,404.96
ch2_ohr_ncp_20240425T1406019344_d_img_d18_x01280_y76160.png,0.3287,382.53,207.9,388.01,212.29
ch2_ohr_ncp_20240425T1406019344_d_img_d18_x01280_y76160.png,0.3233,96.39,593.47,100.3,597.59
ch2_ohr_ncp_20240425T1406019344_d_img_d18_x01280_y76160.png,0.3221,111.42,343.92,117.16,350.01
ch2_ohr_ncp_20240425T1406019344_d_img_d18_x01280_y76160.png,0.3187,479.61,405.36,488.51,415.28
ch2_ohr_ncp_20240425T1406019344_d_img_d18_x01280_y76160.png,0.3108,584.01,198.62,591.74,206.89
ch2_ohr_ncp_20240425T1406019344_d_img_d18_x01280_y76160.png,0.292,563.76,469.1,575.49,480.39
ch2_ohr_ncp_20240425T1406019344_d_img_d18_x01280_y76160.png,0.2905,440.23,10.05,446.85,15.87
ch2_ohr_ncp_20240425T1406019344_d_img_d18_x01280_y76160.png,0.2836,246.91,107.98,253.7,117.63
ch2_ohr_ncp_20240425T1406019344_d_img_d18_x01280_y76160.png,0.2765,429.28,140.0,436.02,148.06
ch2_ohr_ncp_20240425T1406019344_d_img_d18_x01280_y76160.png,0.2702,257.64,149.75,262.88,156.01
ch2_ohr_ncp_20240425T1406019344_d_img_d18_x01280_y76160.png,0.2699,99.99,578.63,104.97,584.6
ch2_ohr_ncp_20240425T1406019344_d_img_d18_x01280_y76160.png,0.2687,563.98,608.35,569.75,613.79
ch2_ohr_ncp_20240425T1406019344_d_img_d18_x01280_y76160.png,0.2666,369.53,0.03,380.6,6.38
ch2_ohr_ncp_20240425T1406019344_d_img_d18_x01280_y76160.png,0.2561,545.5,54.37,552.03,59.61
ch2_ohr_ncp_20240425T1406019344_d_img_d18_x01280_y76160.png,0.2498,242.56,568.36,249.29,575.62
ch2_ohr_ncp_20240425T1406019344_d_img_d18_x01280_y76160.png,0.245,288.3,116.0,293.01,123.02
ch2_ohr_ncp_20240425T1406019344_d_img_d18_x01280_y76160.png,0.2404,551.87,22.47,557.63,28.08
ch2_ohr_ncp_20240425T1406019344_d_img_d18_x01280_y76160.png,0.2376,111.67,588.0,116.97,594.67
ch2_ohr_ncp_20240425T1406019344_d_img_d18_x01280_y76160.png,0.2376,424.51,415.11,431.0,422.66
ch2_ohr_ncp_20240425T1406019344_d_img_d18_x01280_y76160.png,0.2375,603.94,380.01,612.32,389.68
ch2_ohr_ncp_20240425T1406019344_d_img_d18_x01280_y76160.png,0.2372,424.13,505.53,433.3,516.0
ch2_ohr_ncp_20240425T1406019344_d_img_d18_x01280_y76160.png,0.2358,523.81,556.0,528.64,562.23
ch2_ohr_ncp_20240425T1406019344_d_img_d18_x01280_y76160.png,0.2348,613.72,548.38,618.8,554.57
ch2_ohr_ncp_20240425T1406019344_d_img_d18_x01280_y76160.png,0.2341,393.23,446.05,407.56,466.83
ch2_ohr_ncp_20240425T1406019344_d_img_d18_x01280_y76160.png,0.2303,552.77,23.34,558.18,28.28
ch2_ohr_ncp_20240425T1406019344_d_img_d18_x01280_y76160.png,0.2296,416.98,621.23,423.93,628.09
ch2_ohr_ncp_20240425T1406019344_d_img_d18_x01280_y76160.png,0.2182,627.25,112.31,634.98,120.15
ch2_ohr_ncp_20240425T1406019344_d_img_d18_x01280_y76160.png,0.2179,534.31,55.01,539.15,59.13
ch2_ohr_ncp_20240425T1406019344_d_img_d18_x01280_y76160.png,0.2177,487.36,564.33,492.72,570.83
ch2_ohr_ncp_20240425T1406019344_d_img_d18_x01280_y76160.png,0.2145,523.95,557.64,528.65,564.0
ch2_ohr_ncp_20240425T1406019344_d_img_d18_x01280_y76160.png,0.2122,237.11,99.95,245.03,109.38
ch2_ohr_ncp_20240425T1406019344_d_img_d18_x01280_y76160.png,0.2104,476.0,606.94,481.97,612.06
ch2_ohr_ncp_20240425T1406019344_d_img_d18_x01280_y76160.png,0.2066,396.0,153.09,400.88,158.18
ch2_ohr_ncp_20240425T1406019344_d_img_d18_x01280_y76160.png,0.2058,635.77,483.86,640.0,492.43
ch2_ohr_ncp_20240425T1406019344_d_img_d18_x01280_y76160.png,0.2042,403.62,331.99,408.28,337.1
ch2_ohr_ncp_20240425T1406019344_d_img_d18_x01280_y83840.png,0.6963,505.94,520.74,516.15,534.46
ch2_ohr_ncp_20240425T1406019344_d_img_d18_x01280_y83840.png,0.6691,513.18,615.54,518.17,620.81
ch2_ohr_ncp_20240425T1406019344_d_img_d18_x01280_y83840.png,0.5241,591.95,552.87,598.82,560.51
ch2_ohr_ncp_20240425T1406019344_d_img_d18_x01280_y83840.png,0.5231,615.12,517.79,627.41,532.9
ch2_ohr_ncp_20240425T1406019344_d_img_d18_x01280_y83840.png,0.5229,595.91,377.45,601.24,383.45
ch2_ohr_ncp_20240425T1406019344_d_img_d18_x01280_y83840.png,0.5156,560.03,496.94,569.28,506.55
ch2_ohr_ncp_20240425T1406019344_d_img_d18_x01280_y83840.png,0.4827,570.38,633.82,576.82,639.09
ch2_ohr_ncp_20240425T1406019344_d_img_d18_x01280_y83840.png,0.4698,523.97,547.52,529.51,553.37
ch2_ohr_ncp_20240425T1406019344_d_img_d18_x01280_y83840.png,0.4457,611.28,460.0,616.61,466.45
ch2_ohr_ncp_20240425T1406019344_d_img_d18_x01280_y83840.png,0.4271,573.77,546.14,580.0,553.87
ch2_ohr_ncp_20240425T1406019344_d_img_d18_x01280_y83840.png,0.4056,472.35,577.26,477.84,582.81
ch2_ohr_ncp_20240425T1406019344_d_img_d18_x01280_y83840.png,0.3995,570.74,410.18,575.39,414.66
ch2_ohr_ncp_20240425T1406019344_d_img_d18_x01280_y83840.png,0.3965,613.76,391.97,619.49,397.67
ch2_ohr_ncp_20240425T1406019344_d_img_d18_x01280_y83840.png,0.3602,607.28,559.29,612.01,564.35
ch2_ohr_ncp_20240425T1406019344_d_img_d18_x01280_y83840.png,0.3531,146.5,70.69,155.07,77.5
ch2_ohr_ncp_20240425T1406019344_d_img_d18_x01280_y83840.png,0.3452,610.99,461.14,616.22,468.0
ch2_ohr_ncp_20240425T1406019344_d_img_d18_x01280_y83840.png,0.3423,566.62,389.42,582.07,408.07
ch2_ohr_ncp_20240425T1406019344_d_img_d18_x01280_y83840.png,0.3415,558.73,420.0,564.1,426.03
ch2_ohr_ncp_20240425T1406019344_d_img_d18_x01280_y83840.png,0.3201,558.68,531.42,564.0,536.16
ch2_ohr_ncp_20240425T1406019344_d_img_d18_x01280_y83840.png,0.311,584.11,381.55,589.56,388.0
ch2_ohr_ncp_20240425T1406019344_d_img_d18_x01280_y83840.png,0.3031,191.78,91.15,196.28,95.91
ch2_ohr_ncp_20240425T1406019344_d_img_d18_x01280_y83840.png,0.3012,470.43,619.65,476.3,626.22
ch2_ohr_ncp_20240425T1406019344_d_img_d18_x01280_y83840.png,0.2973,536.3,496.05,542.22,502.76
ch2_ohr_ncp_20240425T1406019344_d_img_d18_x01280_y83840.png,0.2946,563.99,333.0,571.07,341.48
ch2_ohr_ncp_20240425T1406019344_d_img_d18_x01280_y83840.png,0.2896,218.49,120.03,222.55,124.44
ch2_ohr_ncp_20240425T1406019344_d_img_d18_x01280_y83840.png,0.2885,127.5,90.29,135.85,100.23
ch2_ohr_ncp_20240425T1406019344_d_img_d18_x01280_y83840.png,0.2819,596.42,454.23,604.0,460.45
ch2_ohr_ncp_20240425T1406019344_d_img_d18_x01280_y83840.png,0.2736,524.0,521.91,530.2,527.58
ch2_ohr_ncp_20240425T1406019344_d_img_d18_x01280_y83840.png,0.2715,286.49,29.92,292.0,36.46
ch2_ohr_ncp_20240425T1406019344_d_img_d18_x01280_y83840.png,0.2642,555.23,632.42,562.59,639.02
ch2_ohr_ncp_20240425T1406019344_d_img_d18_x01280_y83840.png,0.2362,394.22,607.28,401.02,616.19
ch2_ohr_ncp_20240425T1406019344_d_img_d18_x01280_y83840.png,0.2316,587.65,606.49,591.51,612.0
ch2_ohr_ncp_20240425T1406019344_d_img_d18_x01280_y83840.png,0.2209,243.76,219.97,252.1,229.13
ch2_ohr_ncp_20240425T1406019344_d_img_d18_x01280_y83840.png,0.2189,565.42,332.22,572.06,340.98
ch2_ohr_ncp_20240425T1406019344_d_img_d18_x01280_y83840.png,0.2189,525.95,522.14,532.0,527.29
ch2_ohr_ncp_20240425T1406019344_d_img_d18_x01280_y83840.png,0.2188,572.0,546.31,579.11,553.92
ch2_ohr_ncp_20240425T1406019344_d_img_d18_x01280_y83840.png,0.2185,239.85,188.65,251.27,200.68
ch2_ohr_ncp_20240425T1406019344_d_img_d18_x01280_y83840.png,0.2164,525.32,547.08,532.0,552.33
ch2_ohr_ncp_20240425T1406019344_d_img_d18_x01280_y83840.png,0.2117,115.49,38.28,129.53,62.2
ch2_ohr_ncp_20240425T1406019344_d_img_d18_x01280_y83840.png,0.2093,312.01,561.51,318.73,568.34
ch2_ohr_ncp_20240425T1406019344_d_img_d18_x01280_y83840.png,0.2059,526.16,446.22,532.01,452.01
ch2_ohr_ncp_20240425T1406019344_d_img_d18_x01280_y86400.png,0.5161,600.91,626.66,605.31,631.4
ch2_ohr_ncp_20240425T1406019344_d_img_d18_x01280_y86400.png,0.4667,560.14,607.95,566.41,614.94
ch2_ohr_ncp_20240425T1406019344_d_img_d18_x01280_y86400.png,0.4447,34.95,364.0,44.88,374.19
ch2_ohr_ncp_20240425T1406019344_d_img_d18_x01280_y86400.png,0.3162,624.64,602.64,629.68,607.75
ch2_ohr_ncp_20240425T1406019344_d_img_d18_x01280_y86400.png,0.2697,5.57,433.79,12.0,439.5
ch2_ohr_ncp_20240425T1406019344_d_img_d18_x01280_y86400.png,0.2621,183.94,51.21,188.47,56.54
ch2_ohr_ncp_20240425T1406019344_d_img_d18_x01280_y86400.png,0.2442,52.96,449.14,61.48,460.73
ch2_ohr_ncp_20240425T1406019344_d_img_d18_x01280_y86400.png,0.2391,406.82,541.87,412.01,548.0
ch2_ohr_ncp_20240425T1406019344_d_img_d18_x01280_y86400.png,0.2327,555.99,595.99,561.66,601.82
ch2_ohr_ncp_20240425T1406019344_d_img_d18_x01280_y86400.png,0.2326,588.0,627.44,593.09,632.61
ch2_ohr_ncp_20240425T1406019344_d_img_d18_x01280_y86400.png,0.2265,585.53,565.62,595.33,575.55
ch2_ohr_ncp_20240425T1406019344_d_img_d18_x01280_y86400.png,0.2252,397.87,627.99,404.0,634.84
ch2_ohr_ncp_20240425T1406019344_d_img_d18_x01280_y86400.png,0.223,0.0,8.62,4.03,18.41
ch2_ohr_ncp_20240425T1406019344_d_img_d18_x01280_y86400.png,0.2051,567.9,630.83,572.39,636.05
ch2_ohr_ncp_20240425T1406019344_d_img_d18_x01280_y86400.png,0.2001,183.66,33.06,190.57,40.94
ch2_ohr_ncp_20240425T1406019344_d_img_d18_x01920_y04480.png,0.2021,0.0,5.35,8.96,22.55
ch2_ohr_ncp_20240425T1406019344_d_img_d18_x01920_y08960.png,0.2464,50.83,14.68,56.63,22.8
ch2_ohr_ncp_20240425T1406019344_d_img_d18_x01920_y17920.png,0.2822,391.42,28.0,396.18,34.03
ch2_ohr_ncp_20240425T1406019344_d_img_d18_x01920_y17920.png,0.2204,316.0,3.57,321.36,8.06
ch2_ohr_ncp_20240425T1406019344_d_img_d18_x01920_y17920.png,0.2087,511.73,0.0,517.96,4.16
ch2_ohr_ncp_20240425T1406019344_d_img_d18_x01920_y17920.png,0.208,278.42,24.13,284.21,31.56
ch2_ohr_ncp_20240425T1406019344_d_img_d18_x01920_y17920.png,0.2066,288.52,18.72,295.66,26.59
ch2_ohr_ncp_20240425T1406019344_d_img_d18_x01920_y19840.png,0.2934,542.5,0.0,575.3,15.33
ch2_ohr_ncp_20240425T1406019344_d_img_d18_x01920_y19840.png,0.2322,534.68,608.56,558.89,639.64
ch2_ohr_ncp_20240425T1406019344_d_img_d18_x01920_y24320.png,0.7111,112.58,224.06,118.34,229.92
ch2_ohr_ncp_20240425T1406019344_d_img_d18_x01920_y24320.png,0.6563,592.05,179.99,597.36,187.08
ch2_ohr_ncp_20240425T1406019344_d_img_d18_x01920_y24320.png,0.6397,550.95,160.83,561.46,171.88
ch2_ohr_ncp_20240425T1406019344_d_img_d18_x01920_y24320.png,0.6195,115.84,176.07,121.08,180.57
ch2_ohr_ncp_20240425T1406019344_d_img_d18_x01920_y24320.png,0.6161,615.35,7.07,622.26,13.38
ch2_ohr_ncp_20240425T1406019344_d_img_d18_x01920_y24320.png,0.5949,630.95,137.57,637.4,144.64
ch2_ohr_ncp_20240425T1406019344_d_img_d18_x01920_y24320.png,0.5944,550.95,0.0,561.41,6.49
ch2_ohr_ncp_20240425T1406019344_d_img_d18_x01920_y24320.png,0.5822,491.68,27.34,496.49,32.17
ch2_ohr_ncp_20240425T1406019344_d_img_d18_x01920_y24320.png,0.5444,616.65,214.37,620.86,220.05
ch2_ohr_ncp_20240425T1406019344_d_img_d18_x01920_y24320.png,0.5213,592.55,181.3,597.36,188.0
ch2_ohr_ncp_20240425T1406019344_d_img_d18_x01920_y24320.png,0.4952,561.9,237.63,569.62,246.19
ch2_ohr_ncp_20240425T1406019344_d_img_d18_x01920_y24320.png,0.4907,471.72,37.82,477.74,43.26
ch2_ohr_ncp_20240425T1406019344_d_img_d18_x01920_y24320.png,0.4865,7.26,61.43,13.62,68.01
ch2_ohr_ncp_20240425T1406019344_d_img_d18_x01920_y24320.png,0.4695,599.9,0.11,606.81,7.73
ch2_ohr_ncp_20240425T1406019344_d_img_d18_x01920_y24320.png,0.4575,83.93,110.19,90.97,116.2
ch2_ohr_ncp_20240425T1406019344_d_img_d18_x01920_y24320.png,0.4369,453.06,99.74,457.2,104.32
ch2_ohr_ncp_20240425T1406019344_d_img_d18_x01920_y24320.png,0.4205,626.78,46.83,631.26,55.02
ch2_ohr_ncp_20240425T1406019344_d_img_d18_x01920_y24320.png,0.4096,14.82,27.98,21.98,35.78
ch2_ohr_ncp_20240425T1406019344_d_img_d18_x01920_y24320.png,0.4025,586.13,63.98,589.75,68.46
ch2_ohr_ncp_20240425T1406019344_d_img_d18_x01920_y24320.png,0.3944,438.35,245.71,443.01,251.07
ch2_ohr_ncp_20240425T1406019344_d_img_d18_x01920_y24320.png,0.3939,439.97,130.46,444.77,135.0
ch2_ohr_ncp_20240425T1406019344_d_img_d18_x01920_y24320.png,0.383,198.45,232.5,218.06,254.3
ch2_ohr_ncp_20240425T1406019344_d_img_d18_x01920_y24320.png,0.3818,50.0,19.7,54.3,24.77
ch2_ohr_ncp_20240425T1406019344_d_img_d18_x01920_y24320.png,0.3789,622.66,23.98,628.03,29.39
ch2_ohr_ncp_20240425T1406019344_d_img_d18_x01920_y24320.png,0.3593,578.11,132.2,584.33,139.15
ch2_ohr_ncp_20240425T1406019344_d_img_d18_x01920_y24320.png,0.3589,114.19,237.61,119.92,244.05
ch2_ohr_ncp_20240425T1406019344_d_img_d18_x01920_y24320.png,0.3541,556.27,62.43,564.94,69.21
ch2_ohr_ncp_20240425T1406019344_d_img_d18_x01920_y24320.png,0.3508,635.95,23.19,640.0,29.44
ch2_ohr_ncp_20240425T1406019344_d_img_d18_x01920_y24320.png,0.3388,27.39,207.14,38.34,214.82
ch2_ohr_ncp_20240425T1406019344_d_img_d18_x01920_y24320.png,0.337,59.02,102.49,66.9,111.01
ch2_ohr_ncp_20240425T1406019344_d_img_d18_x01920_y24320.png,0.3285,396.0,35.29,400.71,39.92
ch2_ohr_ncp_20240425T1406019344_d_img_d18_x01920_y24320.png,0.3154,312.48,269.69,317.26,276.0
ch2_ohr_ncp_20240425T1406019344_d_img_d18_x01920_y24320.png,0.3139,33.26,240.63,49.81,260.38
ch2_ohr_ncp_20240425T1406019344_d_img_d18_x01920_y24320.png,0.3118,507.81,139.9,513.87,147.58
ch2_ohr_ncp_20240425T1406019344_d_img_d18_x01920_y24320.png,0.304,523.85,138.74,528.83,143.97
ch2_ohr_ncp_20240425T1406019344_d_img_d18_x01920_y24320.png,0.2954,543.73,119.31,548.79,125.0
ch2_ohr_ncp_20240425T1406019344_d_img_d18_x01920_y24320.png,0.2916,120.18,315.73,124.83,319.7
ch2_ohr_ncp_20240425T1406019344_d_img_d18_x01920_y24320.png,0.282,6.53,60.0,13.31,67.6
ch2_ohr_ncp_20240425T1406019344_d_img_d18_x01920_y24320.png,0.2757,190.54,27.98,196.01,33.19
ch2_ohr_ncp_20240425T1406019344_d_img_d18_x01920_y24320.png,0.2691,0.12,61.14,4.33,68.0
ch2_ohr_ncp_20240425T1406019344_d_img_d18_x01920_y24320.png,0.2568,487.03,214.68,493.14,222.13
ch2_ohr_ncp_20240425T1406019344_d_img_d18_x01920_y24320.png,0.255,403.87,158.4,409.43,164.83
ch2_ohr_ncp_20240425T1406019344_d_img_d18_x01920_y24320.png,0.2464,20.94,273.23,27.47,280.13
ch2_ohr_ncp_20240425T1406019344_d_img_d18_x01920_y24320.png,0.2438,138.05,206.93,143.46,212.15
ch2_ohr_ncp_20240425T1406019344_d_img_d18_x01920_y24320.png,0.2409,123.63,22.96,132.01,30.46
ch2_ohr_ncp_20240425T1406019344_d_img_d18_x01920_y24320.png,0.2348,549.69,0.0,561.31,8.02
ch2_ohr_ncp_20240425T1406019344_d_img_d18_x01920_y24320.png,0.2343,521.83,8.55,529.94,15.76
ch2_ohr_ncp_20240425T1406019344_d_img_d18_x01920_y24320.png,0.2322,32.22,628.37,47.32,639.39
ch2_ohr_ncp_20240425T1406019344_d_img_d18_x01920_y24320.png,0.2275,590.74,127.05,597.76,133.07
ch2_ohr_ncp_20240425T1406019344_d_img_d18_x01920_y24320.png,0.2264,487.32,259.15,491.25,264.12
ch2_ohr_ncp_20240425T1406019344_d_img_d18_x01920_y24320.png,0.2245,0.37,59.51,5.86,66.57
ch2_ohr_ncp_20240425T1406019344_d_img_d18_x01920_y24320.png,0.2228,369.14,200.83,374.35,206.25
ch2_ohr_ncp_20240425T1406019344_d_img_d18_x01920_y24320.png,0.2209,379.51,10.32,387.72,18.98
ch2_ohr_ncp_20240425T1406019344_d_img_d18_x01920_y24320.png,0.2199,626.33,47.28,632.06,56.02
ch2_ohr_ncp_20240425T1406019344_d_img_d18_x01920_y24320.png,0.2179,21.73,273.26,29.23,279.88
ch2_ohr_ncp_20240425T1406019344_d_img_d18_x01920_y24320.png,0.2166,32.59,626.99,43.36,638.77
ch2_ohr_ncp_20240425T1406019344_d_img_d18_x01920_y24320.png,0.2157,525.72,221.54,533.0,229.41
ch2_ohr_ncp_20240425T1406019344_d_img_d18_x01920_y24320.png,0.2109,632.54,314.89,636.32,319.35
ch2_ohr_ncp_20240425T1406019344_d_img_d18_x01920_y24320.png,0.2091,555.25,327.84,559.33,332.33
ch2_ohr_ncp_20240425T1406019344_d_img_d18_x01920_y24320.png,0.2068,414.95,40.64,420.01,45.09
ch2_ohr_ncp_20240425T1406019344_d_img_d18_x01920_y24320.png,0.2022,171.89,165.01,179.0,172.03
ch2_ohr_ncp_20240425T1406019344_d_img_d18_x01920_y24320.png,0.2009,438.5,245.85,444.0,252.0
ch2_ohr_ncp_20240425T1406019344_d_img_d18_x01920_y34560.png,0.3542,21.16,11.26,29.04,18.53
ch2_ohr_ncp_20240425T1406019344_d_img_d18_x01920_y34560.png,0.2337,0.15,167.92,26.81,195.5
ch2_ohr_ncp_20240425T1406019344_d_img_d18_x01920_y34560.png,0.221,36.53,36.78,43.69,42.66
ch2_ohr_ncp_20240425T1406019344_d_img_d18_x01920_y34560.png,0.2124,112.63,487.54,144.86,528.24
ch2_ohr_ncp_20240425T1406019344_d_img_d18_x01920_y34560.png,0.2049,2.22,29.09,7.49,36.01
ch2_ohr_ncp_20240425T1406019344_d_img_d18_x01920_y34560.png,0.204,23.84,28.0,28.37,34.23
ch2_ohr_ncp_20240425T1406019344_d_img_d18_x01920_y34560.png,0.204,0.0,161.85,33.83,195.8
ch2_ohr_ncp_20240425T1406019344_d_img_d18_x01920_y40960.png,0.7737,582.14,569.56,588.01,575.35
ch2_ohr_ncp_20240425T1406019344_d_img_d18_x01920_y40960.png,0.5481,579.78,582.24,586.5,589.28
ch2_ohr_ncp_20240425T1406019344_d_img_d18_x01920_y40960.png,0.5206,547.55,481.1,553.12,487.2
ch2_ohr_ncp_20240425T1406019344_d_img_d18_x01920_y40960.png,0.4058,480.01,478.79,489.07,487.47
ch2_ohr_ncp_20240425T1406019344_d_img_d18_x01920_y40960.png,0.3857,613.47,629.78,618.69,634.93
ch2_ohr_ncp_20240425T1406019344_d_img_d18_x01920_y40960.png,0.3835,580.57,582.09,588.0,588.98
ch2_ohr_ncp_20240425T1406019344_d_img_d18_x01920_y40960.png,0.3401,568.34,591.06,575.6,597.79
ch2_ohr_ncp_20240425T1406019344_d_img_d18_x01920_y40960.png,0.3371,145.3,14.24,157.04,26.44
ch2_ohr_ncp_20240425T1406019344_d_img_d18_x01920_y40960.png,0.3306,555.98,528.4,560.74,533.29
ch2_ohr_ncp_20240425T1406019344_d_img_d18_x01920_y40960.png,0.3296,568.63,489.9,573.14,494.91
ch2_ohr_ncp_20240425T1406019344_d_img_d18_x01920_y40960.png,0.3257,537.91,531.38,542.21,535.88
ch2_ohr_ncp_20240425T1406019344_d_img_d18_x01920_y40960.png,0.3069,523.86,381.58,532.27,390.9
ch2_ohr_ncp_20240425T1406019344_d_img_d18_x01920_y40960.png,0.278,596.42,527.73,602.67,536.02
ch2_ohr_ncp_20240425T1406019344_d_img_d18_x01920_y40960.png,0.2708,538.59,518.47,544.25,524.0
ch2_ohr_ncp_20240425T1406019344_d_img_d18_x01920_y40960.png,0.2628,573.88,564.0,580.07,570.07
ch2_ohr_ncp_20240425T1406019344_d_img_d18_x01920_y40960.png,0.249,627.36,22.55,632.89,28.13
ch2_ohr_ncp_20240425T1406019344_d_img_d18_x01920_y40960.png,0.2357,551.44,424.12,556.72,429.15
ch2_ohr_ncp_20240425T1406019344_d_img_d18_x01920_y40960.png,0.2313,311.57,618.13,316.09,622.79
ch2_ohr_ncp_20240425T1406019344_d_img_d18_x01920_y40960.png,0.2207,525.39,621.84,532.01,628.01
ch2_ohr_ncp_20240425T1406019344_d_img_d18_x01920_y40960.png,0.2172,593.09,603.84,597.01,608.24
ch2_ohr_ncp_20240425T1406019344_d_img_d18_x01920_y40960.png,0.2148,510.14,547.99,516.01,554.65
ch2_ohr_ncp_20240425T1406019344_d_img_d18_x01920_y40960.png,0.2148,585.44,558.56,592.05,565.5
ch2_ohr_ncp_20240425T1406019344_d_img_d18_x01920_y40960.png,0.2089,523.94,622.32,530.75,628.01
ch2_ohr_ncp_20240425T1406019344_d_img_d18_x01920_y40960.png,0.2043,112.32,16.41,117.26,21.57
ch2_ohr_ncp_20240425T1406019344_d_img_d18_x01920_y40960.png,0.203,515.1,406.48,519.87,412.0
ch2_ohr_ncp_20240425T1406019344_d_img_d18_x01920_y40960.png,0.2007,504.92,510.36,511.95,516.49
ch2_ohr_ncp_20240425T1406019344_d_img_d18_x01920_y48000.png,0.8416,630.78,583.68,637.85,592.24
ch2_ohr_ncp_20240425T1406019344_d_img_d18_x01920_y48000.png,0.8282,543.83,537.18,549.68,542.26
ch2_ohr_ncp_20240425T1406019344_d_img_d18_x01920_y48000.png,0.7265,585.11,538.39,594.42,548.45
ch2_ohr_ncp_20240425T1406019344_d_img_d18_x01920_y48000.png,0.6686,560.85,552.58,567.97,560.17
ch2_ohr_ncp_20240425T1406019344_d_img_d18_x01920_y48000.png,0.6084,627.44,552.14,639.15,564.82
ch2_ohr_ncp_20240425T1406019344_d_img_d18_x01920_y48000.png,0.5968,587.98,583.54,592.9,588.18
ch2_ohr_ncp_20240425T1406019344_d_img_d18_x01920_y48000.png,0.5809,509.22,603.08,516.01,610.57
ch2_ohr_ncp_20240425T1406019344_d_img_d18_x01920_y48000.png,0.5712,514.82,621.5,519.6,628.0
ch2_ohr_ncp_20240425T1406019344_d_img_d18_x01920_y48000.png,0.552,558.01,539.82,564.01,545.79
ch2_ohr_ncp_20240425T1406019344_d_img_d18_x01920_y48000.png,0.5286,475.17,541.48,483.32,550.88
ch2_ohr_ncp_20240425T1406019344_d_img_d18_x01920_y48000.png,0.5266,612.0,631.07,617.87,636.43
ch2_ohr_ncp_20240425T1406019344_d_img_d18_x01920_y48000.png,0.5234,600.0,574.71,604.54,580.01
ch2_ohr_ncp_20240425T1406019344_d_img_d18_x01920_y48000.png,0.5196,602.09,483.97,606.68,488.91
ch2_ohr_ncp_20240425T1406019344_d_img_d18_x01920_y48000.png,0.5156,618.87,470.77,623.66,476.0
ch2_ohr_ncp_20240425T1406019344_d_img_d18_x01920_y48000.png,0.4831,613.3,630.77,618.15,636.62
ch2_ohr_ncp_20240425T1406019344_d_img_d18_x01920_y48000.png,0.4785,491.65,593.46,498.46,601.25
ch2_ohr_ncp_20240425T1406019344_d_img_d18_x01920_y48000.png,0.4257,474.48,572.0,478.76,577.73
ch2_ohr_ncp_20240425T1406019344_d_img_d18_x01920_y48000.png,0.4125,514.98,620.0,519.79,626.74
ch2_ohr_ncp_20240425T1406019344_d_img_d18_x01920_y48000.png,0.4069,491.88,532.25,500.55,541.59
ch2_ohr_ncp_20240425T1406019344_d_img_d18_x01920_y48000.png,0.3913,582.0,630.03,586.87,634.88
ch2_ohr_ncp_20240425T1406019344_d_img_d18_x01920_y48000.png,0.3727,556.0,539.93,562.76,546.06
ch2_ohr_ncp_20240425T1406019344_d_img_d18_x01920_y48000.png,0.3688,526.32,543.6,532.0,548.05
ch2_ohr_ncp_20240425T1406019344_d_img_d18_x01920_y48000.png,0.3517,463.88,567.35,468.87,573.49
ch2_ohr_ncp_20240425T1406019344_d_img_d18_x01920_y48000.png,0.3189,537.47,565.89,544.63,572.87
ch2_ohr_ncp_20240425T1406019344_d_img_d18_x01920_y48000.png,0.3091,582.07,630.16,588.0,636.0
ch2_ohr_ncp_20240425T1406019344_d_img_d18_x01920_y48000.png,0.3005,435.54,576.44,446.01,589.64
ch2_ohr_ncp_20240425T1406019344_d_img_d18_x01920_y48000.png,0.2968,552.59,610.75,557.43,614.86
ch2_ohr_ncp_20240425T1406019344_d_img_d18_x01920_y48000.png,0.2946,0.2,424.29,5.38,431.69
ch2_ohr_ncp_20240425T1406019344_d_img_d18_x01920_y48000.png,0.2939,628.0,603.92,634.57,609.21
ch2_ohr_ncp_20240425T1406019344_d_img_d18_x01920_y48000.png,0.2903,23.87,592.24,28.01,596.18
ch2_ohr_ncp_20240425T1406019344_d_img_d18_x01920_y48000.png,0.2761,624.16,11.41,629.78,16.45
ch2_ohr_ncp_20240425T1406019344_d_img_d18_x01920_y48000.png,0.27,475.98,562.28,480.58,566.48
ch2_ohr_ncp_20240425T1406019344_d_img_d18_x01920_y48000.png,0.2666,628.98,603.92,636.01,609.13
ch2_ohr_ncp_20240425T1406019344_d_img_d18_x01920_y48000.png,0.2498,535.15,565.42,540.63,572.04
ch2_ohr_ncp_20240425T1406019344_d_img_d18_x01920_y48000.png,0.2431,632.68,577.26,639.35,584.81
ch2_ohr_ncp_20240425T1406019344_d_img_d18_x01920_y48000.png,0.238,603.92,90.12,608.43,95.91
ch2_ohr_ncp_20240425T1406019344_d_img_d18_x01920_y48000.png,0.237,539.66,566.26,548.01,573.6
ch2_ohr_ncp_20240425T1406019344_d_img_d18_x01920_y48000.png,0.2246,507.95,62.13,512.62,68.49
ch2_ohr_ncp_20240425T1406019344_d_img_d18_x01920_y48000.png,0.2196,544.2,576.61,549.14,582.28
ch2_ohr_ncp_20240425T1406019344_d_img_d18_x01920_y48000.png,0.2179,570.85,571.89,578.36,578.24
ch2_ohr_ncp_20240425T1406019344_d_img_d18_x01920_y48000.png,0.2121,603.88,75.66,607.98,79.87
ch2_ohr_ncp_20240425T1406019344_d_img_d18_x01920_y48000.png,0.2044,460.0,548.0,465.82,553.44
ch2_ohr_ncp_20240425T1406019344_d_img_d18_x01920_y48000.png,0.2038,567.03,0.1,576.99,7.03
ch2_ohr_ncp_20240425T1406019344_d_img_d18_x01920_y48000.png,0.2037,611.84,566.9,616.12,572.01
ch2_ohr_ncp_20240425T1406019344_d_img_d18_x01920_y48000.png,0.2036,9.62,626.74,17.45,633.79
ch2_ohr_ncp_20240425T1406019344_d_img_d18_x01920_y64000.png,0.2485,24.42,318.96,29.1,324.26
ch2_ohr_ncp_20240425T1406019344_d_img_d18_x01920_y71680.png,0.3336,71.98,13.42,77.65,20.26
ch2_ohr_ncp_20240425T1406019344_d_img_d18_x01920_y71680.png,0.2701,67.57,108.0,75.36,119.89
ch2_ohr_ncp_20240425T1406019344_d_img_d18_x01920_y71680.png,0.2645,0.0,158.03,4.03,166.22
ch2_ohr_ncp_20240425T1406019344_d_img_d18_x01920_y71680.png,0.2632,99.25,58.15,103.28,62.69
ch2_ohr_ncp_20240425T1406019344_d_img_d18_x01920_y71680.png,0.2492,53.72,24.04,60.17,31.31
ch2_ohr_ncp_20240425T1406019344_d_img_d18_x01920_y71680.png,0.2451,110.95,16.99,120.96,27.54
ch2_ohr_ncp_20240425T1406019344_d_img_d18_x01920_y71680.png,0.2373,183.83,25.25,188.02,31.06
ch2_ohr_ncp_20240425T1406019344_d_img_d18_x01920_y71680.png,0.2071,23.93,48.56,29.05,53.79
ch2_ohr_ncp_20240425T1406019344_d_img_d18_x01920_y71680.png,0.2023,66.52,85.82,71.44,92.0
ch2_ohr_ncp_20240425T1406019344_d_img_d18_x01920_y91520.png,0.708,441.19,167.51,445.56,172.56
ch2_ohr_ncp_20240425T1406019344_d_img_d18_x01920_y91520.png,0.6941,438.91,178.58,444.02,184.72
ch2_ohr_ncp_20240425T1406019344_d_img_d18_x01920_y91520.png,0.6149,550.61,569.15,558.35,576.67
ch2_ohr_ncp_20240425T1406019344_d_img_d18_x01920_y91520.png,0.5152,585.04,589.72,595.93,598.58
ch2_ohr_ncp_20240425T1406019344_d_img_d18_x01920_y91520.png,0.4755,572.56,591.68,581.63,601.1
ch2_ohr_ncp_20240425T1406019344_d_img_d18_x01920_y91520.png,0.4568,183.46,579.92,188.87,586.08
ch2_ohr_ncp_20240425T1406019344_d_img_d18_x01920_y91520.png,0.4521,608.54,211.97,613.51,216.95
ch2_ohr_ncp_20240425T1406019344_d_img_d18_x01920_y91520.png,0.45,625.5,187.98,631.77,195.01
ch2_ohr_ncp_20240425T1406019344_d_img_d18_x01920_y91520.png,0.4049,444.41,625.8,452.07,635.22
ch2_ohr_ncp_20240425T1406019344_d_img_d18_x01920_y91520.png,0.3945,443.0,504.44,449.45,511.5
ch2_ohr_ncp_20240425T1406019344_d_img_d18_x01920_y91520.png,0.3837,515.0,377.43,519.72,383.21
ch2_ohr_ncp_20240425T1406019344_d_img_d18_x01920_y91520.png,0.3812,581.83,485.11,587.31,490.98
ch2_ohr_ncp_20240425T1406019344_d_img_d18_x01920_y91520.png,0.3639,228.88,605.13,247.44,620.71
ch2_ohr_ncp_20240425T1406019344_d_img_d18_x01920_y91520.png,0.3637,582.17,483.97,588.53,490.33
ch2_ohr_ncp_20240425T1406019344_d_img_d18_x01920_y91520.png,0.3627,403.55,490.67,408.18,495.57
ch2_ohr_ncp_20240425T1406019344_d_img_d18_x01920_y91520.png,0.3599,578.0,294.03,586.05,302.52
ch2_ohr_ncp_20240425T1406019344_d_img_d18_x01920_y91520.png,0.3361,537.8,161.81,543.26,167.5
ch2_ohr_ncp_20240425T1406019344_d_img_d18_x01920_y91520.png,0.3352,227.46,629.9,239.21,639.63
ch2_ohr_ncp_20240425T1406019344_d_img_d18_x01920_y91520.png,0.3304,450.98,305.86,456.81,312.03
ch2_ohr_ncp_20240425T1406019344_d_img_d18_x01920_y91520.png,0.3283,414.92,263.23,421.27,268.69
ch2_ohr_ncp_20240425T1406019344_d_img_d18_x01920_y91520.png,0.3225,328.66,622.78,333.95,629.48
ch2_ohr_ncp_20240425T1406019344_d_img_d18_x01920_y91520.png,0.3113,599.16,347.46,608.24,361.73
ch2_ohr_ncp_20240425T1406019344_d_img_d18_x01920_y91520.png,0.3096,560.66,213.27,567.61,222.28
ch2_ohr_ncp_20240425T1406019344_d_img_d18_x01920_y91520.png,0.3068,239.03,567.02,244.39,572.26
ch2_ohr_ncp_20240425T1406019344_d_img_d18_x01920_y91520.png,0.3067,611.48,312.43,616.5,318.56
ch2_ohr_ncp_20240425T1406019344_d_img_d18_x01920_y91520.png,0.2967,581.58,485.31,588.05,492.03
ch2_ohr_ncp_20240425T1406019344_d_img_d18_x01920_y91520.png,0.2906,612.0,257.37,617.35,262.05
ch2_ohr_ncp_20240425T1406019344_d_img_d18_x01920_y91520.png,0.2878,536.83,172.0,541.74,178.06
ch2_ohr_ncp_20240425T1406019344_d_img_d18_x01920_y91520.png,0.2783,221.3,564.88,230.19,575.33
ch2_ohr_ncp_20240425T1406019344_d_img_d18_x01920_y91520.png,0.278,502.55,160.71,508.01,166.12
ch2_ohr_ncp_20240425T1406019344_d_img_d18_x01920_y91520.png,0.2772,583.55,322.81,599.8,338.25
ch2_ohr_ncp_20240425T1406019344_d_img_d18_x01920_y91520.png,0.2725,579.99,353.15,585.64,357.72
ch2_ohr_ncp_20240425T1406019344_d_img_d18_x01920_y91520.png,0.2594,289.65,578.02,296.62,588.41
ch2_ohr_ncp_20240425T1406019344_d_img_d18_x01920_y91520.png,0.2588,151.96,591.41,162.75,605.56
ch2_ohr_ncp_20240425T1406019344_d_img_d18_x01920_y91520.png,0.2569,91.95,511.61,97.29,517.71
ch2_ohr_ncp_20240425T1406019344_d_img_d18_x01920_y91520.png,0.2515,585.14,281.47,589.34,285.76
ch2_ohr_ncp_20240425T1406019344_d_img_d18_x01920_y91520.png,0.2471,580.0,485.96,586.97,492.07
ch2_ohr_ncp_20240425T1406019344_d_img_d18_x01920_y91520.png,0.2441,635.32,494.13,639.02,500.0
ch2_ohr_ncp_20240425T1406019344_d_img_d18_x01920_y91520.png,0.2342,519.4,137.71,527.7,146.4
ch2_ohr_ncp_20240425T1406019344_d_img_d18_x01920_y91520.png,0.2329,514.65,242.45,522.93,252.01
ch2_ohr_ncp_20240425T1406019344_d_img_d18_x01920_y91520.png,0.2311,559.94,111.26,564.58,116.16
ch2_ohr_ncp_20240425T1406019344_d_img_d18_x01920_y91520.png,0.2282,458.65,351.8,484.34,384.69
ch2_ohr_ncp_20240425T1406019344_d_img_d18_x01920_y91520.png,0.2259,614.1,45.93,621.43,57.23
ch2_ohr_ncp_20240425T1406019344_d_img_d18_x01920_y91520.png,0.2224,510.25,303.37,516.01,309.27
ch2_ohr_ncp_20240425T1406019344_d_img_d18_x01920_y91520.png,0.2167,75.99,627.81,81.52,633.0
ch2_ohr_ncp_20240425T1406019344_d_img_d18_x01920_y91520.png,0.2156,442.14,380.0,448.43,387.31
ch2_ohr_ncp_20240425T1406019344_d_img_d18_x01920_y91520.png,0.2129,437.96,315.71,444.02,320.85
ch2_ohr_ncp_20240425T1406019344_d_img_d18_x01920_y91520.png,0.2124,599.95,379.68,608.38,386.76
ch2_ohr_ncp_20240425T1406019344_d_img_d18_x01920_y91520.png,0.2112,627.84,207.37,633.55,212.24
ch2_ohr_ncp_20240425T1406019344_d_img_d18_x01920_y91520.png,0.2098,550.81,514.9,563.07,525.13
ch2_ohr_ncp_20240425T1406019344_d_img_d18_x01920_y91520.png,0.2088,616.54,16.81,621.68,22.25
ch2_ohr_ncp_20240425T1406019344_d_img_d18_x01920_y91520.png,0.2055,238.51,605.01,249.15,618.39
ch2_ohr_ncp_20240425T1406019344_d_img_d18_x01920_y91520.png,0.2025,633.84,30.19,639.29,37.67
ch2_ohr_ncp_20240425T1406019344_d_img_d18_x01920_y91520.png,0.2001,4.0,607.35,9.1,612.22
ch2_ohr_ncp_20240425T1406019344_d_img_d18_x01920_y92160.png,0.6573,258.64,134.83,264.19,140.78
ch2_ohr_ncp_20240425T1406019344_d_img_d18_x01920_y92160.png,0.5529,443.76,62.56,449.17,68.23
ch2_ohr_ncp_20240425T1406019344_d_img_d18_x01920_y92160.png,0.4957,353.92,16.06,363.8,24.84
ch2_ohr_ncp_20240425T1406019344_d_img_d18_x01920_y92160.png,0.4719,361.22,59.99,366.44,65.91
ch2_ohr_ncp_20240425T1406019344_d_img_d18_x01920_y92160.png,0.4441,487.08,67.97,493.14,74.26
ch2_ohr_ncp_20240425T1406019344_d_img_d18_x01920_y92160.png,0.4426,115.99,222.48,122.02,228.07
ch2_ohr_ncp_20240425T1406019344_d_img_d18_x01920_y92160.png,0.4298,291.97,7.69,297.39,14.05
ch2_ohr_ncp_20240425T1406019344_d_img_d18_x01920_y92160.png,0.4271,619.88,219.75,626.76,228.1
ch2_ohr_ncp_20240425T1406019344_d_img_d18_x01920_y92160.png,0.391,478.32,70.07,484.56,76.12
ch2_ohr_ncp_20240425T1406019344_d_img_d18_x01920_y92160.png,0.3794,355.71,84.65,363.38,91.48
ch2_ohr_ncp_20240425T1406019344_d_img_d18_x01920_y92160.png,0.3545,423.63,47.64,428.74,53.07
ch2_ohr_ncp_20240425T1406019344_d_img_d18_x01920_y92160.png,0.3524,430.27,58.26,436.84,66.27
ch2_ohr_ncp_20240425T1406019344_d_img_d18_x01920_y92160.png,0.3494,101.46,168.24,111.77,178.45
ch2_ohr_ncp_20240425T1406019344_d_img_d18_x01920_y92160.png,0.3431,372.93,112.94,377.91,120.01
ch2_ohr_ncp_20240425T1406019344_d_img_d18_x01920_y92160.png,0.3419,96.05,213.44,101.33,220.01
ch2_ohr_ncp_20240425T1406019344_d_img_d18_x01920_y92160.png,0.3378,449.42,84.0,454.03,90.12
ch2_ohr_ncp_20240425T1406019344_d_img_d18_x01920_y92160.png,0.3327,91.77,188.0,96.69,194.42
ch2_ohr_ncp_20240425T1406019344_d_img_d18_x01920_y92160.png,0.3232,313.32,10.85,320.61,17.2
ch2_ohr_ncp_20240425T1406019344_d_img_d18_x01920_y92160.png,0.3198,367.47,78.57,372.08,84.01
ch2_ohr_ncp_20240425T1406019344_d_img_d18_x01920_y92160.png,0.3088,101.62,250.72,108.0,256.84
ch2_ohr_ncp_20240425T1406019344_d_img_d18_x01920_y92160.png,0.3046,323.95,171.99,328.92,177.9
ch2_ohr_ncp_20240425T1406019344_d_img_d18_x01920_y92160.png,0.3035,251.89,558.44,261.35,567.36
ch2_ohr_ncp_20240425T1406019344_d_img_d18_x01920_y92160.png,0.2981,592.28,20.0,597.34,26.25
ch2_ohr_ncp_20240425T1406019344_d_img_d18_x01920_y92160.png,0.2978,95.64,212.0,101.35,219.24
ch2_ohr_ncp_20240425T1406019344_d_img_d18_x01920_y92160.png,0.2959,337.44,31.14,342.73,37.49
ch2_ohr_ncp_20240425T1406019344_d_img_d18_x01920_y92160.png,0.2931,544.22,243.81,557.14,256.27
ch2_ohr_ncp_20240425T1406019344_d_img_d18_x01920_y92160.png,0.2905,250.33,160.37,257.14,166.84
ch2_ohr_ncp_20240425T1406019344_d_img_d18_x01920_y92160.png,0.2852,487.23,68.39,492.78,76.0
ch2_ohr_ncp_20240425T1406019344_d_img_d18_x01920_y92160.png,0.2835,620.96,219.73,628.01,227.75
ch2_ohr_ncp_20240425T1406019344_d_img_d18_x01920_y92160.png,0.2785,62.83,278.66,69.17,286.51
ch2_ohr_ncp_20240425T1406019344_d_img_d18_x01920_y92160.png,0.2731,611.94,235.49,618.55,242.58
ch2_ohr_ncp_20240425T1406019344_d_img_d18_x01920_y92160.png,0.2719,531.79,243.01,540.83,254.36
ch2_ohr_ncp_20240425T1406019344_d_img_d18_x01920_y92160.png,0.2688,550.39,14.23,556.34,20.05
ch2_ohr_ncp_20240425T1406019344_d_img_d18_x01920_y92160.png,0.2625,325.75,37.11,330.93,43.74
ch2_ohr_ncp_20240425T1406019344_d_img_d18_x01920_y92160.png,0.2509,49.13,197.01,56.53,206.3
ch2_ohr_ncp_20240425T1406019344_d_img_d18_x01920_y92160.png,0.2506,17.89,156.65,27.63,168.0
ch2_ohr_ncp_20240425T1406019344_d_img_d18_x01920_y92160.png,0.2481,100.0,251.18,106.59,256.81
ch2_ohr_ncp_20240425T1406019344_d_img_d18_x01920_y92160.png,0.2464,267.68,249.69,272.7,254.83
ch2_ohr_ncp_20240425T1406019344_d_img_d18_x01920_y92160.png,0.2408,356.18,29.55,373.38,50.1
ch2_ohr_ncp_20240425T1406019344_d_img_d18_x01920_y92160.png,0.233,289.36,126.69,298.83,136.0
ch2_ohr_ncp_20240425T1406019344_d_img_d18_x01920_y92160.png,0.2319,91.7,188.88,96.76,196.0
ch2_ohr_ncp_20240425T1406019344_d_img_d18_x01920_y92160.png,0.2301,27.63,179.28,34.51,187.72
ch2_ohr_ncp_20240425T1406019344_d_img_d18_x01920_y92160.png,0.2268,338.76,66.88,350.17,79.92
ch2_ohr_ncp_20240425T1406019344_d_img_d18_x01920_y92160.png,0.2211,356.66,84.0,364.02,90.97
ch2_ohr_ncp_20240425T1406019344_d_img_d18_x01920_y92160.png,0.2185,97.56,228.0,102.07,233.01
ch2_ohr_ncp_20240425T1406019344_d_img_d18_x01920_y92160.png,0.2183,166.4,17.63,175.09,27.22
ch2_ohr_ncp_20240425T1406019344_d_img_d18_x01920_y92160.png,0.2181,324.0,65.78,332.75,73.88
ch2_ohr_ncp_20240425T1406019344_d_img_d18_x01920_y92160.png,0.2054,38.29,288.38,52.64,302.58
ch2_ohr_ncp_20240425T1406019344_d_img_d18_x01920_y92160.png,0.2051,135.24,115.79,142.25,122.85
ch2_ohr_ncp_20240425T1406019344_d_img_d18_x02560_y07680.png,0.546,71.91,24.96,76.71,30.95
ch2_ohr_ncp_20240425T1406019344_d_img_d18_x02560_y07680.png,0.3946,616.42,286.88,620.06,292.0
ch2_ohr_ncp_20240425T1406019344_d_img_d18_x02560_y07680.png,0.383,518.26,71.48,558.04,102.39
ch2_ohr_ncp_20240425T1406019344_d_img_d18_x02560_y07680.png,0.2405,36.7,201.56,45.91,211.02
ch2_ohr_ncp_20240425T1406019344_d_img_d18_x02560_y07680.png,0.2391,604.0,612.0,609.31,617.18
ch2_ohr_ncp_20240425T1406019344_d_img_d18_x02560_y07680.png,0.2189,582.17,456.14,633.49,504.51
ch2_ohr_ncp_20240425T1406019344_d_img_d18_x02560_y15360.png,0.2479,319.74,520.39,326.55,526.63
ch2_ohr_ncp_20240425T1406019344_d_img_d18_x02560_y29440.png,0.2274,634.92,521.99,639.76,529.01
ch2_ohr_ncp_20240425T1406019344_d_img_d18_x02560_y35840.png,0.6149,23.81,97.32,28.63,102.2
ch2_ohr_ncp_20240425T1406019344_d_img_d18_x02560_y35840.png,0.5264,0.06,35.99,4.11,42.8
ch2_ohr_ncp_20240425T1406019344_d_img_d18_x02560_y35840.png,0.5131,39.49,88.27,44.03,94.29
ch2_ohr_ncp_20240425T1406019344_d_img_d18_x02560_y35840.png,0.4658,23.88,19.83,29.13,25.16
ch2_ohr_ncp_20240425T1406019344_d_img_d18_x02560_y35840.png,0.4653,107.58,40.03,111.74,45.13
ch2_ohr_ncp_20240425T1406019344_d_img_d18_x02560_y35840.png,0.4438,95.26,41.03,101.42,48.14
ch2_ohr_ncp_20240425T1406019344_d_img_d18_x02560_y35840.png,0.4409,115.96,35.19,120.85,39.59
ch2_ohr_ncp_20240425T1406019344_d_img_d18_x02560_y35840.png,0.4199,60.0,45.96,66.52,52.18
ch2_ohr_ncp_20240425T1406019344_d_img_d18_x02560_y35840.png,0.3507,288.5,557.92,294.19,564.01
ch2_ohr_ncp_20240425T1406019344_d_img_d18_x02560_y35840.png,0.3333,30.21,67.01,41.3,79.09
ch2_ohr_ncp_20240425T1406019344_d_img_d18_x02560_y35840.png,0.2881,262.55,558.55,268.0,565.27
ch2_ohr_ncp_20240425T1406019344_d_img_d18_x02560_y35840.png,0.2851,171.65,47.71,177.13,54.14
ch2_ohr_ncp_20240425T1406019344_d_img_d18_x02560_y35840.png,0.277,312.69,564.0,318.25,569.95
ch2_ohr_ncp_20240425T1406019344_d_img_d18_x02560_y35840.png,0.2542,126.02,11.97,132.0,18.36
ch2_ohr_ncp_20240425T1406019344_d_img_d18_x02560_y35840.png,0.2461,265.67,591.96,270.91,598.44
ch2_ohr_ncp_20240425T1406019344_d_img_d18_x02560_y35840.png,0.2351,61.61,46.08,68.0,52.09
ch2_ohr_ncp_20240425T1406019344_d_img_d18_x02560_y35840.png,0.2279,79.7,26.11,84.01,29.91
ch2_ohr_ncp_20240425T1406019344_d_img_d18_x02560_y35840.png,0.2274,43.86,49.06,48.61,54.0
ch2_ohr_ncp_20240425T1406019344_d_img_d18_x02560_y35840.png,0.2143,97.85,79.87,101.36,84.04
ch2_ohr_ncp_20240425T1406019344_d_img_d18_x02560_y35840.png,0.2134,193.0,586.44,204.02,599.91
ch2_ohr_ncp_20240425T1406019344_d_img_d18_x02560_y35840.png,0.213,115.59,34.57,120.38,40.04
ch2_ohr_ncp_20240425T1406019344_d_img_d18_x02560_y35840.png,0.2028,38.65,69.34,44.36,77.11
ch2_ohr_ncp_20240425T1406019344_d_img_d18_x02560_y80640.png,0.3593,611.97,600.75,617.24,607.35
ch2_ohr_ncp_20240425T1406019344_d_img_d18_x02560_y80640.png,0.3223,27.72,230.21,32.44,236.2
ch2_ohr_ncp_20240425T1406019344_d_img_d18_x02560_y80640.png,0.2358,87.81,631.38,92.97,637.15
ch2_ohr_ncp_20240425T1406019344_d_img_d18_x03200_y14080.png,0.356,319.27,236.16,335.89,257.53
ch2_ohr_ncp_20240425T1406019344_d_img_d18_x03200_y14080.png,0.2932,323.79,313.53,335.58,326.35
ch2_ohr_ncp_20240425T1406019344_d_img_d18_x03200_y14080.png,0.2601,307.85,426.48,315.86,436.05
ch2_ohr_ncp_20240425T1406019344_d_img_d18_x03200_y14080.png,0.2507,307.99,313.55,312.65,318.39
ch2_ohr_ncp_20240425T1406019344_d_img_d18_x03200_y14080.png,0.2298,279.06,355.03,284.0,358.92
ch2_ohr_ncp_20240425T1406019344_d_img_d18_x03200_y14080.png,0.2201,346.77,327.85,350.58,332.25
ch2_ohr_ncp_20240425T1406019344_d_img_d18_x03200_y14080.png,0.2167,309.62,425.24,317.38,434.96
ch2_ohr_ncp_20240425T1406019344_d_img_d18_x03200_y14080.png,0.2015,303.88,447.94,309.76,453.56
ch2_ohr_ncp_20240425T1406019344_d_img_d18_x03200_y28800.png,0.4665,8.25,171.11,14.25,177.53
ch2_ohr_ncp_20240425T1406019344_d_img_d18_x03200_y28800.png,0.4525,112.37,32.33,119.34,39.47
ch2_ohr_ncp_20240425T1406019344_d_img_d18_x03200_y28800.png,0.41,12.89,501.51,47.47,541.46
ch2_ohr_ncp_20240425T1406019344_d_img_d18_x03200_y28800.png,0.4053,333.78,463.65,340.19,471.49
ch2_ohr_ncp_20240425T1406019344_d_img_d18_x03200_y28800.png,0.3599,150.0,152.77,156.34,158.66
ch2_ohr_ncp_20240425T1406019344_d_img_d18_x03200_y28800.png,0.3288,23.81,176.79,28.09,180.83
ch2_ohr_ncp_20240425T1406019344_d_img_d18_x03200_y28800.png,0.319,33.34,144.64,38.96,150.54
ch2_ohr_ncp_20240425T1406019344_d_img_d18_x03200_y28800.png,0.3172,72.32,121.98,81.45,134.04
ch2_ohr_ncp_20240425T1406019344_d_img_d18_x03200_y28800.png,0.2829,305.28,474.89,309.41,479.41
ch2_ohr_ncp_20240425T1406019344_d_img_d18_x03200_y28800.png,0.2748,115.97,135.6,120.44,140.16
ch2_ohr_ncp_20240425T1406019344_d_img_d18_x03200_y28800.png,0.2641,112.77,30.94,126.84,40.9
ch2_ohr_ncp_20240425T1406019344_d_img_d18_x03200_y28800.png,0.2135,598.97,174.23,606.28,181.4
ch2_ohr_ncp_20240425T1406019344_d_img_d18_x03200_y28800.png,0.2062,112.29,31.87,122.63,40.05
ch2_ohr_ncp_20240425T1406019344_d_img_d18_x03200_y79360.png,0.5443,146.75,29.12,164.02,42.27
ch2_ohr_ncp_20240425T1406019344_d_img_d18_x03200_y79360.png,0.4807,0.42,489.32,7.11,497.71
ch2_ohr_ncp_20240425T1406019344_d_img_d18_x03200_y79360.png,0.4562,263.76,15.43,274.03,23.3
ch2_ohr_ncp_20240425T1406019344_d_img_d18_x03200_y79360.png,0.2667,0.19,118.06,5.38,128.45
ch2_ohr_ncp_20240425T1406019344_d_img_d18_x03200_y79360.png,0.2542,303.74,95.34,309.0,101.49
ch2_ohr_ncp_20240425T1406019344_d_img_d18_x03200_y79360.png,0.2425,50.38,592.07,57.37,599.8
ch2_ohr_ncp_20240425T1406019344_d_img_d18_x03200_y79360.png,0.2246,135.71,40.77,142.77,47.27
ch2_ohr_ncp_20240425T1406019344_d_img_d18_x03200_y79360.png,0.2159,575.82,617.4,580.36,621.61
ch2_ohr_ncp_20240425T1406019344_d_img_d18_x03200_y91520.png,0.2301,19.27,440.17,23.09,444.64
ch2_ohr_ncp_20240425T1406019344_d_img_d18_x03200_y91520.png,0.2288,148.07,609.65,154.75,618.57
ch2_ohr_ncp_20240425T1406019344_d_img_d18_x03200_y91520.png,0.2229,17.94,99.96,37.28,115.38
ch2_ohr_ncp_20240425T1406019344_d_img_d18_x03200_y91520.png,0.2122,294.54,551.61,320.03,582.32
ch2_ohr_ncp_20240425T1406019344_d_img_d18_x03200_y91520.png,0.2027,72.14,307.32,76.55,311.6
ch2_ohr_ncp_20240425T1406019344_d_img_d18_x03840_y01280.png,0.2977,6.07,382.52,12.03,389.67
ch2_ohr_ncp_20240425T1406019344_d_img_d18_x03840_y01280.png,0.2373,46.86,128.3,53.03,136.4
ch2_ohr_ncp_20240425T1406019344_d_img_d18_x03840_y08960.png,0.2621,33.16,521.49,37.42,526.09
ch2_ohr_ncp_20240425T1406019344_d_img_d18_x03840_y29440.png,0.5339,399.29,31.01,404.32,36.92
ch2_ohr_ncp_20240425T1406019344_d_img_d18_x03840_y29440.png,0.5139,499.5,492.0,504.18,498.17
ch2_ohr_ncp_20240425T1406019344_d_img_d18_x03840_y29440.png,0.4983,370.38,470.37,375.82,477.03
ch2_ohr_ncp_20240425T1406019344_d_img_d18_x03840_y29440.png,0.4669,407.24,546.57,413.68,552.48
ch2_ohr_ncp_20240425T1406019344_d_img_d18_x03840_y29440.png,0.4593,312.4,123.91,317.14,129.29
ch2_ohr_ncp_20240425T1406019344_d_img_d18_x03840_y29440.png,0.4585,480.37,527.77,485.82,533.1
ch2_ohr_ncp_20240425T1406019344_d_img_d18_x03840_y29440.png,0.4324,251.37,602.28,256.34,607.49
ch2_ohr_ncp_20240425T1406019344_d_img_d18_x03840_y29440.png,0.4099,442.92,461.82,447.78,468.0
ch2_ohr_ncp_20240425T1406019344_d_img_d18_x03840_y29440.png,0.3629,377.23,39.41,385.92,48.5
ch2_ohr_ncp_20240425T1406019344_d_img_d18_x03840_y29440.png,0.3486,496.95,483.21,501.82,487.74
ch2_ohr_ncp_20240425T1406019344_d_img_d18_x03840_y29440.png,0.3363,470.96,460.0,478.37,465.1
ch2_ohr_ncp_20240425T1406019344_d_img_d18_x03840_y29440.png,0.3273,363.99,18.02,370.99,25.63
ch2_ohr_ncp_20240425T1406019344_d_img_d18_x03840_y29440.png,0.3133,498.92,492.94,504.16,500.0
ch2_ohr_ncp_20240425T1406019344_d_img_d18_x03840_y29440.png,0.3105,311.48,90.92,316.26,96.46
ch2_ohr_ncp_20240425T1406019344_d_img_d18_x03840_y29440.png,0.3072,583.08,498.83,589.9,506.36
ch2_ohr_ncp_20240425T1406019344_d_img_d18_x03840_y29440.png,0.3059,393.78,523.21,400.65,530.22
ch2_ohr_ncp_20240425T1406019344_d_img_d18_x03840_y29440.png,0.3056,99.95,158.13,106.69,167.11
ch2_ohr_ncp_20240425T1406019344_d_img_d18_x03840_y29440.png,0.2964,233.11,51.73,238.22,57.26
ch2_ohr_ncp_20240425T1406019344_d_img_d18_x03840_y29440.png,0.2936,365.32,18.07,372.0,25.79
ch2_ohr_ncp_20240425T1406019344_d_img_d18_x03840_y29440.png,0.2933,479.38,440.13,491.81,453.93
ch2_ohr_ncp_20240425T1406019344_d_img_d18_x03840_y29440.png,0.2761,255.66,52.17,266.52,65.51
ch2_ohr_ncp_20240425T1406019344_d_img_d18_x03840_y29440.png,0.2682,269.21,48.15,276.02,53.86
ch2_ohr_ncp_20240425T1406019344_d_img_d18_x03840_y29440.png,0.2475,478.03,460.0,489.63,464.62
ch2_ohr_ncp_20240425T1406019344_d_img_d18_x03840_y29440.png,0.2452,383.91,555.86,391.89,563.78
ch2_ohr_ncp_20240425T1406019344_d_img_d18_x03840_y29440.png,0.2424,432.39,90.95,442.27,100.09
ch2_ohr_ncp_20240425T1406019344_d_img_d18_x03840_y29440.png,0.242,575.84,480.82,585.33,492.06
ch2_ohr_ncp_20240425T1406019344_d_img_d18_x03840_y29440.png,0.2407,47.55,615.54,54.47,623.84
ch2_ohr_ncp_20240425T1406019344_d_img_d18_x03840_y29440.png,0.2329,26.85,613.55,36.01,621.66
ch2_ohr_ncp_20240425T1406019344_d_img_d18_x03840_y29440.png,0.2295,232.0,51.42,237.76,57.05
ch2_ohr_ncp_20240425T1406019344_d_img_d18_x03840_y29440.png,0.2141,299.91,573.88,306.06,580.37
ch2_ohr_ncp_20240425T1406019344_d_img_d18_x03840_y29440.png,0.21,275.19,6.84,281.42,12.13
ch2_ohr_ncp_20240425T1406019344_d_img_d18_x03840_y29440.png,0.21,407.1,479.79,412.01,484.16
ch2_ohr_ncp_20240425T1406019344_d_img_d18_x03840_y29440.png,0.2042,408.75,506.63,413.71,511.78
ch2_ohr_ncp_20240425T1406019344_d_img_d18_x03840_y29440.png,0.2001,411.79,19.55,422.54,31.84
ch2_ohr_ncp_20240425T1406019344_d_img_d18_x03840_y46080.png,0.4984,267.71,614.68,271.99,620.01
ch2_ohr_ncp_20240425T1406019344_d_img_d18_x03840_y46080.png,0.3517,611.95,575.24,616.32,580.02
ch2_ohr_ncp_20240425T1406019344_d_img_d18_x03840_y46080.png,0.3222,626.07,588.42,638.23,602.08
ch2_ohr_ncp_20240425T1406019344_d_img_d18_x03840_y46080.png,0.3118,625.02,558.94,631.07,565.55
ch2_ohr_ncp_20240425T1406019344_d_img_d18_x03840_y46080.png,0.3012,606.48,603.17,612.06,608.04
ch2_ohr_ncp_20240425T1406019344_d_img_d18_x03840_y46080.png,0.2476,587.86,626.14,596.17,635.12
ch2_ohr_ncp_20240425T1406019344_d_img_d18_x03840_y46080.png,0.2449,602.5,624.05,606.22,628.53
ch2_ohr_ncp_20240425T1406019344_d_img_d18_x03840_y53120.png,0.2252,425.08,105.73,462.75,154.73
ch2_ohr_ncp_20240425T1406019344_d_img_d18_x03840_y53120.png,0.2086,631.98,100.79,637.5,105.78
ch2_ohr_ncp_20240425T1406019344_d_img_d18_x03840_y71040.png,0.5489,544.73,629.88,551.28,636.48
ch2_ohr_ncp_20240425T1406019344_d_img_d18_x03840_y71040.png,0.417,561.4,600.01,568.05,608.17
ch2_ohr_ncp_20240425T1406019344_d_img_d18_x03840_y71040.png,0.3574,498.73,432.45,505.77,439.76
ch2_ohr_ncp_20240425T1406019344_d_img_d18_x03840_y71040.png,0.3336,539.89,624.9,545.36,630.26
ch2_ohr_ncp_20240425T1406019344_d_img_d18_x03840_y71040.png,0.3046,507.21,598.7,517.42,608.95
ch2_ohr_ncp_20240425T1406019344_d_img_d18_x03840_y71040.png,0.2996,503.72,617.58,508.5,622.95
ch2_ohr_ncp_20240425T1406019344_d_img_d18_x03840_y71040.png,0.2926,554.83,624.85,558.99,629.18
ch2_ohr_ncp_20240425T1406019344_d_img_d18_x03840_y71040.png,0.2777,505.45,407.29,524.68,423.52
ch2_ohr_ncp_20240425T1406019344_d_img_d18_x03840_y71040.png,0.2675,555.83,376.04,560.92,381.47
ch2_ohr_ncp_20240425T1406019344_d_img_d18_x03840_y71040.png,0.2656,384.33,498.23,391.07,504.79
ch2_ohr_ncp_20240425T1406019344_d_img_d18_x03840_y71040.png,0.2495,502.57,583.89,509.41,591.79
ch2_ohr_ncp_20240425T1406019344_d_img_d18_x03840_y71040.png,0.2478,363.07,423.39,367.48,428.18
ch2_ohr_ncp_20240425T1406019344_d_img_d18_x03840_y71040.png,0.2436,505.83,406.22,529.12,426.25
ch2_ohr_ncp_20240425T1406019344_d_img_d18_x03840_y71040.png,0.224,506.2,599.1,518.16,612.62
ch2_ohr_ncp_20240425T1406019344_d_img_d18_x03840_y71040.png,0.2115,397.19,517.68,404.03,524.01
ch2_ohr_ncp_20240425T1406019344_d_img_d18_x03840_y71040.png,0.206,454.93,599.77,461.07,604.95
ch2_ohr_ncp_20240425T1406019344_d_img_d18_x03840_y71040.png,0.2012,588.02,144.83,596.54,160.09
ch2_ohr_ncp_20240425T1406019344_d_img_d18_x03840_y81280.png,0.649,107.2,271.57,120.41,286.46
ch2_ohr_ncp_20240425T1406019344_d_img_d18_x03840_y81280.png,0.4401,65.61,0.0,93.56,25.91
ch2_ohr_ncp_20240425T1406019344_d_img_d18_x03840_y81280.png,0.4279,219.47,236.25,229.53,245.64
ch2_ohr_ncp_20240425T1406019344_d_img_d18_x03840_y81280.png,0.4159,191.06,302.41,196.81,308.0
ch2_ohr_ncp_20240425T1406019344_d_img_d18_x03840_y81280.png,0.3771,231.75,610.22,255.32,633.48
ch2_ohr_ncp_20240425T1406019344_d_img_d18_x03840_y81280.png,0.3199,185.9,240.37,190.95,245.58
ch2_ohr_ncp_20240425T1406019344_d_img_d18_x03840_y81280.png,0.2633,159.5,287.55,164.4,293.0
ch2_ohr_ncp_20240425T1406019344_d_img_d18_x03840_y81280.png,0.257,577.29,439.59,608.43,466.42
ch2_ohr_ncp_20240425T1406019344_d_img_d18_x03840_y81280.png,0.2451,151.39,294.16,156.94,299.53
ch2_ohr_ncp_20240425T1406019344_d_img_d18_x03840_y81280.png,0.2121,128.58,6.57,133.22,12.05
ch2_ohr_ncp_20240425T1406019344_d_img_d18_x03840_y81280.png,0.2048,375.13,248.21,380.28,255.59
ch2_ohr_ncp_20240425T1406019344_d_img_d18_x03840_y89600.png,0.3596,570.29,40.99,575.0,45.47
ch2_ohr_ncp_20240425T1406019344_d_img_d18_x03840_y89600.png,0.2883,585.64,5.42,592.7,13.37
ch2_ohr_ncp_20240425T1406019344_d_img_d18_x03840_y89600.png,0.2688,565.36,13.61,582.0,31.58
ch2_ohr_ncp_20240425T1406019344_d_img_d18_x03840_y89600.png,0.205,624.75,3.99,629.04,8.54
ch2_ohr_ncp_20240425T1406019344_d_img_d18_x04480_y16000.png,0.2484,244.99,336.38,274.5,376.03
ch2_ohr_ncp_20240425T1406019344_d_img_d18_x04480_y16000.png,0.245,575.4,1.35,581.24,6.91
ch2_ohr_ncp_20240425T1406019344_d_img_d18_x04480_y16000.png,0.2176,550.48,57.38,561.28,69.27
ch2_ohr_ncp_20240425T1406019344_d_img_d18_x04480_y50560.png,0.4552,571.45,377.79,576.13,382.74
ch2_ohr_ncp_20240425T1406019344_d_img_d18_x04480_y50560.png,0.3213,611.56,404.31,618.29,412.6
ch2_ohr_ncp_20240425T1406019344_d_img_d18_x04480_y50560.png,0.2419,531.99,16.54,537.29,21.6
ch2_ohr_ncp_20240425T1406019344_d_img_d18_x04480_y50560.png,0.2237,464.15,4.0,468.43,10.42
ch2_ohr_ncp_20240425T1406019344_d_img_d18_x04480_y50560.png,0.2206,611.18,335.71,616.28,340.85
ch2_ohr_ncp_20240425T1406019344_d_img_d18_x04480_y50560.png,0.2164,632.12,99.93,640.0,110.8
ch2_ohr_ncp_20240425T1406019344_d_img_d18_x04480_y50560.png,0.2133,619.86,200.7,625.53,207.47
ch2_ohr_ncp_20240425T1406019344_d_img_d18_x04480_y92160.png,0.2058,545.03,614.87,550.72,621.11
ch2_ohr_ncp_20240425T1406019344_d_img_d18_x05760_y03200.png,0.2718,323.24,614.34,330.59,621.29
ch2_ohr_ncp_20240425T1406019344_d_img_d18_x05760_y03200.png,0.2434,239.13,617.8,244.02,622.14
ch2_ohr_ncp_20240425T1406019344_d_img_d18_x05760_y03200.png,0.2337,238.54,594.35,244.03,599.33
ch2_ohr_ncp_20240425T1406019344_d_img_d18_x05760_y29440.png,0.3158,14.26,142.79,20.12,148.26
ch2_ohr_ncp_20240425T1406019344_d_img_d18_x05760_y29440.png,0.226,23.41,207.76,29.29,213.43
ch2_ohr_ncp_20240425T1406019344_d_img_d18_x05760_y29440.png,0.2099,0.06,105.25,8.99,118.95
ch2_ohr_ncp_20240425T1406019344_d_img_d18_x05760_y30080.png,0.4251,322.39,454.29,332.02,463.4
ch2_ohr_ncp_20240425T1406019344_d_img_d18_x05760_y30080.png,0.2688,501.37,630.24,509.33,636.42
ch2_ohr_ncp_20240425T1406019344_d_img_d18_x05760_y30080.png,0.2397,335.84,483.99,341.77,490.79
ch2_ohr_ncp_20240425T1406019344_d_img_d18_x05760_y34560.png,0.3323,38.75,359.87,44.25,364.6
ch2_ohr_ncp_20240425T1406019344_d_img_d18_x05760_y88960.png,0.2468,201.98,601.76,206.43,606.07
ch2_ohr_ncp_20240425T1406019344_d_img_d18_x06400_y07680.png,0.2803,616.06,151.49,620.66,156.57
ch2_ohr_ncp_20240425T1406019344_d_img_d18_x06400_y07680.png,0.243,608.48,183.36,612.84,188.04
ch2_ohr_ncp_20240425T1406019344_d_img_d18_x06400_y07680.png,0.2108,613.64,602.81,622.27,612.63
ch2_ohr_ncp_20240425T1406019344_d_img_d18_x06400_y64000.png,0.3076,26.94,449.55,31.84,455.42
ch2_ohr_ncp_20240425T1406019344_d_img_d18_x06400_y64000.png,0.2531,416.15,632.01,422.22,637.83
ch2_ohr_ncp_20240425T1406019344_d_img_d18_x06400_y64000.png,0.207,379.69,604.0,383.14,609.72
ch2_ohr_ncp_20240425T1406019344_d_img_d18_x07040_y11520.png,0.2038,592.21,85.18,620.02,110.59
ch2_ohr_ncp_20240425T1406019344_d_img_d18_x07040_y81280.png,0.5424,623.97,615.48,629.59,621.12
ch2_ohr_ncp_20240425T1406019344_d_img_d18_x07040_y81280.png,0.4105,611.32,603.27,619.71,614.32
ch2_ohr_ncp_20240425T1406019344_d_img_d18_x07040_y81280.png,0.3798,595.49,629.07,601.08,636.01
ch2_ohr_ncp_20240425T1406019344_d_img_d18_x07040_y81280.png,0.2852,443.28,525.86,484.36,572.86
ch2_ohr_ncp_20240425T1406019344_d_img_d18_x07040_y81280.png,0.2484,175.79,580.0,180.7,585.68
ch2_ohr_ncp_20240425T1406019344_d_img_d18_x07040_y81280.png,0.2191,155.59,611.95,165.32,623.94
ch2_ohr_ncp_20240425T1406019344_d_img_d18_x07040_y81280.png,0.2181,378.58,333.71,385.69,341.15
ch2_ohr_ncp_20240425T1406019344_d_img_d18_x07040_y81280.png,0.212,512.84,527.55,522.38,538.12
ch2_ohr_ncp_20240425T1406019344_d_img_d18_x07680_y01280.png,0.3084,334.04,603.95,341.39,612.45
ch2_ohr_ncp_20240425T1406019344_d_img_d18_x07680_y03200.png,0.3474,8.59,191.54,13.49,196.51
ch2_ohr_ncp_20240425T1406019344_d_img_d18_x07680_y03200.png,0.3059,304.32,609.06,310.33,614.96
ch2_ohr_ncp_20240425T1406019344_d_img_d18_x07680_y03200.png,0.2869,592.21,607.02,596.96,612.04
ch2_ohr_ncp_20240425T1406019344_d_img_d18_x07680_y03200.png,0.2217,631.46,506.48,636.26,512.7
ch2_ohr_ncp_20240425T1406019344_d_img_d18_x07680_y18560.png,0.3177,625.95,631.36,630.51,636.42
ch2_ohr_ncp_20240425T1406019344_d_img_d18_x07680_y18560.png,0.3104,448.97,350.0,453.88,356.01
ch2_ohr_ncp_20240425T1406019344_d_img_d18_x07680_y18560.png,0.2212,635.27,599.61,639.79,606.6
ch2_ohr_ncp_20240425T1406019344_d_img_d18_x07680_y56320.png,0.233,615.96,85.05,621.03,90.25
ch2_ohr_ncp_20240425T1406019344_d_img_d18_x07680_y56320.png,0.2239,331.15,0.66,335.29,4.82
ch2_ohr_ncp_20240425T1406019344_d_img_d18_x07680_y84480.png,0.3109,632.34,595.99,636.39,601.42
ch2_ohr_ncp_20240425T1406019344_d_img_d18_x08320_y02560.png,0.3253,557.33,248.17,564.0,256.55
ch2_ohr_ncp_20240425T1406019344_d_img_d18_x08320_y02560.png,0.3122,490.54,0.65,495.69,7.71
ch2_ohr_ncp_20240425T1406019344_d_img_d18_x08320_y02560.png,0.2712,562.82,299.29,567.5,303.81
ch2_ohr_ncp_20240425T1406019344_d_img_d18_x08320_y02560.png,0.2668,584.12,39.14,588.9,44.02
ch2_ohr_ncp_20240425T1406019344_d_img_d18_x08320_y02560.png,0.2478,556.0,248.35,562.83,256.73
ch2_ohr_ncp_20240425T1406019344_d_img_d18_x08320_y02560.png,0.2433,528.56,267.98,537.29,279.34
ch2_ohr_ncp_20240425T1406019344_d_img_d18_x08320_y02560.png,0.2184,569.92,298.58,575.21,304.3
ch2_ohr_ncp_20240425T1406019344_d_img_d18_x08320_y13440.png,0.2343,563.65,31.56,567.97,36.12
ch2_ohr_ncp_20240425T1406019344_d_img_d18_x08320_y18560.png,0.4837,8.05,78.13,19.53,89.51
ch2_ohr_ncp_20240425T1406019344_d_img_d18_x08320_y18560.png,0.3669,43.73,26.43,50.45,33.67
ch2_ohr_ncp_20240425T1406019344_d_img_d18_x08320_y18560.png,0.2654,74.13,110.87,79.92,116.4
ch2_ohr_ncp_20240425T1406019344_d_img_d18_x08320_y18560.png,0.2441,44.46,26.11,52.0,33.48
ch2_ohr_ncp_20240425T1406019344_d_img_d18_x08320_y48640.png,0.3199,632.45,560.98,638.53,566.9
ch2_ohr_ncp_20240425T1406019344_d_img_d18_x08320_y48640.png,0.2279,608.04,631.78,614.3,638.0
ch2_ohr_ncp_20240425T1406019344_d_img_d18_x08320_y48640.png,0.2105,624.4,561.74,629.88,568.21
ch2_ohr_ncp_20240425T1406019344_d_img_d18_x08960_y17920.png,0.2751,79.51,555.63,85.83,562.57
ch2_ohr_ncp_20240425T1406019344_d_img_d18_x08960_y17920.png,0.2524,147.79,601.52,152.62,607.45
ch2_ohr_ncp_20240425T1406019344_d_img_d18_x08960_y17920.png,0.2427,0.0,555.08,4.76,566.57
ch2_ohr_ncp_20240425T1406019344_d_img_d18_x08960_y52480.png,0.5907,390.49,593.13,396.61,598.8
ch2_ohr_ncp_20240425T1406019344_d_img_d18_x08960_y52480.png,0.4714,583.11,603.23,590.82,618.22
ch2_ohr_ncp_20240425T1406019344_d_img_d18_x08960_y52480.png,0.4297,535.54,603.29,541.6,609.46
ch2_ohr_ncp_20240425T1406019344_d_img_d18_x08960_y52480.png,0.4248,578.43,572.55,589.0,582.74
ch2_ohr_ncp_20240425T1406019344_d_img_d18_x08960_y52480.png,0.3482,583.41,630.76,591.57,638.09
ch2_ohr_ncp_20240425T1406019344_d_img_d18_x08960_y52480.png,0.3278,558.6,599.1,564.11,604.67
ch2_ohr_ncp_20240425T1406019344_d_img_d18_x08960_y52480.png,0.311,6.13,525.96,13.29,534.09
ch2_ohr_ncp_20240425T1406019344_d_img_d18_x08960_y52480.png,0.2839,590.8,595.09,597.78,602.22
ch2_ohr_ncp_20240425T1406019344_d_img_d18_x08960_y52480.png,0.2589,27.97,605.55,34.81,612.06
ch2_ohr_ncp_20240425T1406019344_d_img_d18_x08960_y52480.png,0.2405,583.22,607.09,590.18,620.1
ch2_ohr_ncp_20240425T1406019344_d_img_d18_x08960_y52480.png,0.2278,583.48,631.27,590.36,637.07
ch2_ohr_ncp_20240425T1406019344_d_img_d18_x08960_y63360.png,0.2487,635.96,346.85,640.0,354.33
ch2_ohr_ncp_20240425T1406019344_d_img_d18_x08960_y71040.png,0.6577,104.03,232.74,116.64,241.03
ch2_ohr_ncp_20240425T1406019344_d_img_d18_x08960_y71040.png,0.4935,128.43,239.54,133.94,245.72
ch2_ohr_ncp_20240425T1406019344_d_img_d18_x08960_y71040.png,0.4843,40.48,355.98,45.22,361.21
ch2_ohr_ncp_20240425T1406019344_d_img_d18_x08960_y71040.png,0.4828,209.98,495.66,214.04,501.32
ch2_ohr_ncp_20240425T1406019344_d_img_d18_x08960_y71040.png,0.3896,199.38,467.99,204.89,473.4
ch2_ohr_ncp_20240425T1406019344_d_img_d18_x08960_y71040.png,0.3702,28.0,339.97,32.75,344.34
ch2_ohr_ncp_20240425T1406019344_d_img_d18_x08960_y71040.png,0.3702,39.35,375.66,46.55,381.57
ch2_ohr_ncp_20240425T1406019344_d_img_d18_x08960_y71040.png,0.2991,323.92,32.52,328.8,37.98
ch2_ohr_ncp_20240425T1406019344_d_img_d18_x08960_y71040.png,0.2834,323.73,85.47,331.22,92.84
ch2_ohr_ncp_20240425T1406019344_d_img_d18_x08960_y71040.png,0.2823,294.46,350.01,300.42,356.29
ch2_ohr_ncp_20240425T1406019344_d_img_d18_x08960_y71040.png,0.2821,82.4,289.19,86.37,293.54
ch2_ohr_ncp_20240425T1406019344_d_img_d18_x08960_y71040.png,0.2715,276.13,311.34,284.04,318.96
ch2_ohr_ncp_20240425T1406019344_d_img_d18_x08960_y71040.png,0.2517,230.76,286.37,236.01,292.0
ch2_ohr_ncp_20240425T1406019344_d_img_d18_x08960_y71040.png,0.2402,102.91,602.99,108.0,606.82
ch2_ohr_ncp_20240425T1406019344_d_img_d18_x08960_y71040.png,0.2369,230.5,284.0,236.02,290.6
ch2_ohr_ncp_20240425T1406019344_d_img_d18_x08960_y71040.png,0.2357,211.97,395.99,217.67,402.47
ch2_ohr_ncp_20240425T1406019344_d_img_d18_x08960_y71040.png,0.233,49.58,185.92,55.94,192.01
ch2_ohr_ncp_20240425T1406019344_d_img_d18_x08960_y71040.png,0.2159,94.67,404.0,100.01,409.77
ch2_ohr_ncp_20240425T1406019344_d_img_d18_x08960_y83840.png,0.5227,601.93,611.26,605.54,615.81
ch2_ohr_ncp_20240425T1406019344_d_img_d18_x08960_y83840.png,0.4469,564.25,602.39,575.96,612.4
ch2_ohr_ncp_20240425T1406019344_d_img_d18_x08960_y83840.png,0.2211,624.62,543.45,629.2,548.64
ch2_ohr_ncp_20240425T1406019344_d_img_d18_x10240_y30720.png,0.3831,297.98,578.21,301.31,581.97
ch2_ohr_ncp_20240425T1406019344_d_img_d18_x10240_y30720.png,0.2965,358.53,614.87,364.24,620.26
ch2_ohr_ncp_20240425T1406019344_d_img_d18_x10240_y30720.png,0.2485,257.16,607.17,261.5,612.12
ch2_ohr_ncp_20240425T1603031918_d_img_d18_x00000_y83200.png,0.4069,14.51,120.22,21.77,126.33
ch2_ohr_ncp_20240425T1603031918_d_img_d18_x00000_y83200.png,0.3926,56.86,64.13,62.45,69.72
ch2_ohr_ncp_20240425T1603031918_d_img_d18_x00000_y83200.png,0.3127,615.93,598.86,621.29,604.14
ch2_ohr_ncp_20240425T1603031918_d_img_d18_x00000_y85760.png,0.4034,584.34,69.28,593.98,81.14
ch2_ohr_ncp_20240425T1603031918_d_img_d18_x00000_y85760.png,0.3696,594.51,30.16,600.2,36.17
ch2_ohr_ncp_20240425T1603031918_d_img_d18_x00000_y85760.png,0.2197,627.99,81.92,637.03,89.57
ch2_ohr_ncp_20240425T1603031918_d_img_d18_x00640_y38400.png,0.2744,609.31,154.79,614.15,160.16
ch2_ohr_ncp_20240425T1603031918_d_img_d18_x00640_y38400.png,0.264,627.79,151.32,632.38,156.29
ch2_ohr_ncp_20240425T1603031918_d_img_d18_x00640_y38400.png,0.2424,562.04,124.16,585.33,147.99
ch2_ohr_ncp_20240425T1603031918_d_img_d18_x00640_y50560.png,0.4243,561.35,107.74,565.05,112.2
ch2_ohr_ncp_20240425T1603031918_d_img_d18_x00640_y50560.png,0.3479,603.35,621.74,608.85,628.01
ch2_ohr_ncp_20240425T1603031918_d_img_d18_x00640_y50560.png,0.3373,627.94,152.62,633.43,158.47
ch2_ohr_ncp_20240425T1603031918_d_img_d18_x00640_y50560.png,0.2916,622.11,549.33,628.05,556.0
ch2_ohr_ncp_20240425T1603031918_d_img_d18_x00640_y50560.png,0.2902,635.96,94.76,639.88,100.1
ch2_ohr_ncp_20240425T1603031918_d_img_d18_x00640_y50560.png,0.2835,477.25,552.88,510.47,592.12
ch2_ohr_ncp_20240425T1603031918_d_img_d18_x00640_y50560.png,0.2813,623.98,182.1,629.58,188.0
ch2_ohr_ncp_20240425T1603031918_d_img_d18_x00640_y50560.png,0.2067,527.85,37.79,532.56,44.01
ch2_ohr_ncp_20240425T1603031918_d_img_d18_x00640_y50560.png,0.2062,497.99,608.77,503.22,614.42
ch2_ohr_ncp_20240425T1603031918_d_img_d18_x00640_y50560.png,0.2056,620.0,615.28,625.35,620.01
ch2_ohr_ncp_20240425T1603031918_d_img_d18_x00640_y58240.png,0.2683,43.07,499.61,75.18,534.79
ch2_ohr_ncp_20240425T1603031918_d_img_d18_x01280_y23680.png,0.2665,283.77,617.44,291.75,625.87
ch2_ohr_ncp_20240425T1603031918_d_img_d18_x01280_y23680.png,0.217,306.98,598.93,319.44,614.82
ch2_ohr_ncp_20240425T1603031918_d_img_d18_x01280_y24960.png,0.4872,626.81,587.99,631.26,592.55
ch2_ohr_ncp_20240425T1603031918_d_img_d18_x01280_y24960.png,0.4433,595.95,625.05,599.86,629.23
ch2_ohr_ncp_20240425T1603031918_d_img_d18_x01280_y24960.png,0.4042,623.8,611.01,628.41,615.39
ch2_ohr_ncp_20240425T1603031918_d_img_d18_x01280_y24960.png,0.3854,552.13,621.58,556.99,628.0
ch2_ohr_ncp_20240425T1603031918_d_img_d18_x01280_y24960.png,0.3628,583.23,633.07,590.69,639.48
ch2_ohr_ncp_20240425T1603031918_d_img_d18_x01280_y24960.png,0.3331,570.44,587.38,574.68,591.4
ch2_ohr_ncp_20240425T1603031918_d_img_d18_x01280_y24960.png,0.2613,571.14,631.3,578.14,638.58
ch2_ohr_ncp_20240425T1603031918_d_img_d18_x01280_y24960.png,0.2525,627.99,568.35,634.02,574.06
ch2_ohr_ncp_20240425T1603031918_d_img_d18_x01280_y24960.png,0.2166,507.74,612.0,512.17,617.69
ch2_ohr_ncp_20240425T1603031918_d_img_d18_x01280_y49280.png,0.2232,6.59,1.05,12.08,5.33
ch2_ohr_ncp_20240425T1603031918_d_img_d18_x01280_y51840.png,0.4083,576.8,623.53,581.28,628.64
ch2_ohr_ncp_20240425T1603031918_d_img_d18_x01280_y51840.png,0.2011,608.37,613.23,613.75,620.0
ch2_ohr_ncp_20240425T1603031918_d_img_d18_x01280_y83200.png,0.3692,507.69,440.31,513.04,448.45
ch2_ohr_ncp_20240425T1603031918_d_img_d18_x01280_y83200.png,0.2445,2.95,598.63,8.07,604.25
ch2_ohr_ncp_20240425T1603031918_d_img_d18_x01280_y83200.png,0.2357,588.0,454.37,593.6,460.11
ch2_ohr_ncp_20240425T1603031918_d_img_d18_x01280_y83200.png,0.2059,0.16,586.46,4.3,593.01
ch2_ohr_ncp_20240425T1603031918_d_img_d18_x01280_y87040.png,0.4624,496.19,614.7,501.15,620.39
ch2_ohr_ncp_20240425T1603031918_d_img_d18_x01280_y87040.png,0.2923,488.85,631.31,495.47,637.55
ch2_ohr_ncp_20240425T1603031918_d_img_d18_x01280_y87040.png,0.2078,17.27,624.2,24.62,630.52
ch2_ohr_ncp_20240425T1603031918_d_img_d18_x01920_y14080.png,0.265,395.6,615.04,399.93,620.01
ch2_ohr_ncp_20240425T1603031918_d_img_d18_x01920_y19840.png,0.3726,406.0,611.54,410.78,616.44
ch2_ohr_ncp_20240425T1603031918_d_img_d18_x01920_y19840.png,0.3569,392.23,621.48,397.15,628.0
ch2_ohr_ncp_20240425T1603031918_d_img_d18_x01920_y19840.png,0.2941,353.44,116.0,358.15,122.35
ch2_ohr_ncp_20240425T1603031918_d_img_d18_x01920_y19840.png,0.2717,392.11,620.0,397.08,626.89
ch2_ohr_ncp_20240425T1603031918_d_img_d18_x01920_y19840.png,0.2548,405.86,611.16,412.0,616.11
ch2_ohr_ncp_20240425T1603031918_d_img_d18_x01920_y19840.png,0.2258,183.59,603.16,196.7,619.25
ch2_ohr_ncp_20240425T1603031918_d_img_d18_x01920_y19840.png,0.2222,321.68,619.83,328.08,628.09
ch2_ohr_ncp_20240425T1603031918_d_img_d18_x01920_y19840.png,0.2001,345.03,95.05,350.34,100.01
ch2_ohr_ncp_20240425T1603031918_d_img_d18_x01920_y21120.png,0.2028,2.95,582.46,10.04,590.77
ch2_ohr_ncp_20240425T1603031918_d_img_d18_x01920_y24960.png,0.2634,618.16,617.01,639.13,639.41
ch2_ohr_ncp_20240425T1603031918_d_img_d18_x01920_y25600.png,0.3257,66.41,30.41,72.15,36.01
ch2_ohr_ncp_20240425T1603031918_d_img_d18_x01920_y25600.png,0.2419,0.13,417.61,17.91,451.82
ch2_ohr_ncp_20240425T1603031918_d_img_d18_x01920_y26880.png,0.4996,624.03,205.37,630.16,212.18
ch2_ohr_ncp_20240425T1603031918_d_img_d18_x01920_y26880.png,0.3761,587.14,601.38,592.81,606.83
ch2_ohr_ncp_20240425T1603031918_d_img_d18_x01920_y26880.png,0.3645,604.0,39.34,610.16,44.26
ch2_ohr_ncp_20240425T1603031918_d_img_d18_x01920_y26880.png,0.2989,3.78,111.41,11.3,120.87
ch2_ohr_ncp_20240425T1603031918_d_img_d18_x01920_y26880.png,0.2168,632.03,222.86,638.8,230.05
ch2_ohr_ncp_20240425T1603031918_d_img_d18_x01920_y26880.png,0.2042,555.23,503.63,560.93,509.42
ch2_ohr_ncp_20240425T1603031918_d_img_d18_x01920_y26880.png,0.2012,547.75,553.6,552.59,558.66
ch2_ohr_ncp_20240425T1603031918_d_img_d18_x01920_y54400.png,0.5521,609.88,49.86,614.54,54.97
ch2_ohr_ncp_20240425T1603031918_d_img_d18_x01920_y54400.png,0.3726,575.59,89.55,580.9,95.23
ch2_ohr_ncp_20240425T1603031918_d_img_d18_x01920_y54400.png,0.3623,575.83,62.69,581.48,69.11
ch2_ohr_ncp_20240425T1603031918_d_img_d18_x01920_y54400.png,0.3254,631.24,87.9,636.06,92.91
ch2_ohr_ncp_20240425T1603031918_d_img_d18_x01920_y54400.png,0.3155,632.21,95.8,638.38,103.41
ch2_ohr_ncp_20240425T1603031918_d_img_d18_x01920_y54400.png,0.2606,523.58,39.42,527.54,44.15
ch2_ohr_ncp_20240425T1603031918_d_img_d18_x01920_y54400.png,0.2384,634.15,11.7,639.14,16.79
ch2_ohr_ncp_20240425T1603031918_d_img_d18_x01920_y54400.png,0.2231,626.25,79.19,631.8,84.44
ch2_ohr_ncp_20240425T1603031918_d_img_d18_x01920_y54400.png,0.213,603.94,160.26,608.5,165.02
ch2_ohr_ncp_20240425T1603031918_d_img_d18_x01920_y54400.png,0.2047,547.99,72.49,552.62,77.7
ch2_ohr_ncp_20240425T1603031918_d_img_d18_x01920_y78720.png,0.6355,375.75,103.94,381.43,110.99
ch2_ohr_ncp_20240425T1603031918_d_img_d18_x01920_y78720.png,0.6153,61.25,613.75,78.12,634.03
ch2_ohr_ncp_20240425T1603031918_d_img_d18_x01920_y78720.png,0.6032,497.13,470.82,502.25,476.01
ch2_ohr_ncp_20240425T1603031918_d_img_d18_x01920_y78720.png,0.5042,433.04,104.81,438.94,110.6
ch2_ohr_ncp_20240425T1603031918_d_img_d18_x01920_y78720.png,0.441,551.36,502.28,556.07,508.0
ch2_ohr_ncp_20240425T1603031918_d_img_d18_x01920_y78720.png,0.4296,634.91,334.48,639.35,340.42
ch2_ohr_ncp_20240425T1603031918_d_img_d18_x01920_y78720.png,0.4235,352.79,265.33,358.04,270.91
ch2_ohr_ncp_20240425T1603031918_d_img_d18_x01920_y78720.png,0.4051,39.78,619.66,50.64,631.69
ch2_ohr_ncp_20240425T1603031918_d_img_d18_x01920_y78720.png,0.4046,0.59,577.55,7.87,585.35
ch2_ohr_ncp_20240425T1603031918_d_img_d18_x01920_y78720.png,0.3726,467.97,411.12,474.35,419.12
ch2_ohr_ncp_20240425T1603031918_d_img_d18_x01920_y78720.png,0.3544,607.91,374.35,637.88,411.33
ch2_ohr_ncp_20240425T1603031918_d_img_d18_x01920_y78720.png,0.3541,508.25,344.79,516.02,354.15
ch2_ohr_ncp_20240425T1603031918_d_img_d18_x01920_y78720.png,0.354,433.32,112.74,454.12,133.77
ch2_ohr_ncp_20240425T1603031918_d_img_d18_x01920_y78720.png,0.3421,576.26,448.97,580.61,453.37
ch2_ohr_ncp_20240425T1603031918_d_img_d18_x01920_y78720.png,0.3416,391.08,421.54,398.4,430.67
ch2_ohr_ncp_20240425T1603031918_d_img_d18_x01920_y78720.png,0.3406,451.71,139.97,460.2,148.34
ch2_ohr_ncp_20240425T1603031918_d_img_d18_x01920_y78720.png,0.3359,527.02,481.72,533.81,488.71
ch2_ohr_ncp_20240425T1603031918_d_img_d18_x01920_y78720.png,0.3249,15.81,570.25,20.89,575.7
ch2_ohr_ncp_20240425T1603031918_d_img_d18_x01920_y78720.png,0.3237,555.85,611.16,559.92,615.34
ch2_ohr_ncp_20240425T1603031918_d_img_d18_x01920_y78720.png,0.3089,628.31,322.95,635.04,330.19
ch2_ohr_ncp_20240425T1603031918_d_img_d18_x01920_y78720.png,0.2978,519.86,462.71,525.0,469.19
ch2_ohr_ncp_20240425T1603031918_d_img_d18_x01920_y78720.png,0.289,35.22,583.15,41.32,589.87
ch2_ohr_ncp_20240425T1603031918_d_img_d18_x01920_y78720.png,0.2867,33.19,608.37,39.34,615.13
ch2_ohr_ncp_20240425T1603031918_d_img_d18_x01920_y78720.png,0.2806,559.63,239.22,589.71,275.95
ch2_ohr_ncp_20240425T1603031918_d_img_d18_x01920_y78720.png,0.2693,611.45,560.2,622.99,574.23
ch2_ohr_ncp_20240425T1603031918_d_img_d18_x01920_y78720.png,0.266,39.48,617.06,52.02,633.72
ch2_ohr_ncp_20240425T1603031918_d_img_d18_x01920_y78720.png,0.2577,511.54,166.3,516.19,172.0
ch2_ohr_ncp_20240425T1603031918_d_img_d18_x01920_y78720.png,0.2527,488.14,317.87,496.18,328.14
ch2_ohr_ncp_20240425T1603031918_d_img_d18_x01920_y78720.png,0.2522,43.14,607.48,47.89,613.63
ch2_ohr_ncp_20240425T1603031918_d_img_d18_x01920_y78720.png,0.2472,573.04,265.04,581.93,282.69
ch2_ohr_ncp_20240425T1603031918_d_img_d18_x01920_y78720.png,0.2393,434.33,399.75,439.3,405.01
ch2_ohr_ncp_20240425T1603031918_d_img_d18_x01920_y78720.png,0.2385,494.29,379.4,500.01,384.79
ch2_ohr_ncp_20240425T1603031918_d_img_d18_x01920_y78720.png,0.2295,311.93,212.48,318.17,219.31
ch2_ohr_ncp_20240425T1603031918_d_img_d18_x01920_y78720.png,0.2239,527.11,267.82,535.31,275.62
ch2_ohr_ncp_20240425T1603031918_d_img_d18_x01920_y78720.png,0.2205,497.07,470.73,504.0,475.15
ch2_ohr_ncp_20240425T1603031918_d_img_d18_x01920_y78720.png,0.2157,539.13,68.95,589.64,111.41
ch2_ohr_ncp_20240425T1603031918_d_img_d18_x01920_y78720.png,0.2111,626.03,478.46,633.59,485.38
ch2_ohr_ncp_20240425T1603031918_d_img_d18_x01920_y78720.png,0.2076,43.99,565.69,50.01,572.01
ch2_ohr_ncp_20240425T1603031918_d_img_d18_x01920_y78720.png,0.204,537.65,502.72,543.4,509.41
ch2_ohr_ncp_20240425T1603031918_d_img_d18_x01920_y78720.png,0.2024,353.45,130.56,357.71,134.85
ch2_ohr_ncp_20240425T1603031918_d_img_d18_x02560_y08960.png,0.3111,344.95,630.54,350.24,636.02
ch2_ohr_ncp_20240425T1603031918_d_img_d18_x02560_y08960.png,0.2327,51.96,634.15,56.12,638.04
ch2_ohr_ncp_20240425T1603031918_d_img_d18_x02560_y08960.png,0.2052,490.34,0.94,495.08,5.53
ch2_ohr_ncp_20240425T1603031918_d_img_d18_x02560_y24320.png,0.5793,611.29,21.88,618.17,29.59
ch2_ohr_ncp_20240425T1603031918_d_img_d18_x02560_y24320.png,0.4365,590.64,58.25,596.03,64.39
ch2_ohr_ncp_20240425T1603031918_d_img_d18_x02560_y24320.png,0.3312,628.0,72.21,635.07,78.69
ch2_ohr_ncp_20240425T1603031918_d_img_d18_x02560_y24320.png,0.3274,466.16,52.47,472.69,58.42
ch2_ohr_ncp_20240425T1603031918_d_img_d18_x02560_y24320.png,0.2995,139.57,501.96,144.83,508.66
ch2_ohr_ncp_20240425T1603031918_d_img_d18_x02560_y24320.png,0.2972,471.87,0.0,501.62,17.04
ch2_ohr_ncp_20240425T1603031918_d_img_d18_x02560_y24320.png,0.2897,600.06,12.0,604.78,18.8
ch2_ohr_ncp_20240425T1603031918_d_img_d18_x02560_y24320.png,0.27,599.92,13.13,604.69,20.0
ch2_ohr_ncp_20240425T1603031918_d_img_d18_x02560_y24320.png,0.2535,570.57,67.48,582.45,76.5
ch2_ohr_ncp_20240425T1603031918_d_img_d18_x02560_y24320.png,0.25,558.64,51.2,565.83,58.78
ch2_ohr_ncp_20240425T1603031918_d_img_d18_x02560_y24320.png,0.2185,145.31,485.85,181.99,518.19
ch2_ohr_ncp_20240425T1603031918_d_img_d18_x02560_y24320.png,0.2175,473.82,0.43,498.31,14.05
ch2_ohr_ncp_20240425T1603031918_d_img_d18_x02560_y24320.png,0.2125,473.78,0.0,492.58,8.69
ch2_ohr_ncp_20240425T1603031918_d_img_d18_x02560_y32640.png,0.742,167.67,615.89,173.97,624.46
ch2_ohr_ncp_20240425T1603031918_d_img_d18_x02560_y32640.png,0.7034,231.94,552.87,238.26,559.5
ch2_ohr_ncp_20240425T1603031918_d_img_d18_x02560_y32640.png,0.6168,85.73,463.42,101.46,480.36
ch2_ohr_ncp_20240425T1603031918_d_img_d18_x02560_y32640.png,0.6016,243.77,598.98,248.61,605.07
ch2_ohr_ncp_20240425T1603031918_d_img_d18_x02560_y32640.png,0.5693,18.02,621.02,24.13,628.0
ch2_ohr_ncp_20240425T1603031918_d_img_d18_x02560_y32640.png,0.559,172.0,599.99,177.27,605.32
ch2_ohr_ncp_20240425T1603031918_d_img_d18_x02560_y32640.png,0.5516,79.21,381.41,95.27,402.37
ch2_ohr_ncp_20240425T1603031918_d_img_d18_x02560_y32640.png,0.5447,105.61,444.0,110.1,449.79
ch2_ohr_ncp_20240425T1603031918_d_img_d18_x02560_y32640.png,0.5388,100.26,483.29,105.69,488.38
ch2_ohr_ncp_20240425T1603031918_d_img_d18_x02560_y32640.png,0.5229,107.56,559.07,111.08,564.0
ch2_ohr_ncp_20240425T1603031918_d_img_d18_x02560_y32640.png,0.5121,186.58,485.44,195.28,493.21
ch2_ohr_ncp_20240425T1603031918_d_img_d18_x02560_y32640.png,0.4962,17.56,619.99,24.14,626.66
ch2_ohr_ncp_20240425T1603031918_d_img_d18_x02560_y32640.png,0.4788,131.68,461.52,137.03,468.01
ch2_ohr_ncp_20240425T1603031918_d_img_d18_x02560_y32640.png,0.4785,137.96,389.37,149.53,399.93
ch2_ohr_ncp_20240425T1603031918_d_img_d18_x02560_y32640.png,0.4763,26.88,606.33,31.2,612.03
ch2_ohr_ncp_20240425T1603031918_d_img_d18_x02560_y32640.png,0.4679,119.8,434.61,125.07,440.06
ch2_ohr_ncp_20240425T1603031918_d_img_d18_x02560_y32640.png,0.4568,34.26,544.28,37.72,548.64
ch2_ohr_ncp_20240425T1603031918_d_img_d18_x02560_y32640.png,0.446,143.03,607.04,148.01,612.08
ch2_ohr_ncp_20240425T1603031918_d_img_d18_x02560_y32640.png,0.4394,61.13,563.88,68.89,571.27
ch2_ohr_ncp_20240425T1603031918_d_img_d18_x02560_y32640.png,0.4296,166.23,496.78,172.17,502.63
ch2_ohr_ncp_20240425T1603031918_d_img_d18_x02560_y32640.png,0.4273,43.85,440.76,53.39,449.3
ch2_ohr_ncp_20240425T1603031918_d_img_d18_x02560_y32640.png,0.4201,179.56,592.35,184.24,597.25
ch2_ohr_ncp_20240425T1603031918_d_img_d18_x02560_y32640.png,0.4192,170.67,430.13,178.63,438.55
ch2_ohr_ncp_20240425T1603031918_d_img_d18_x02560_y32640.png,0.4084,11.47,596.0,15.27,601.16
ch2_ohr_ncp_20240425T1603031918_d_img_d18_x02560_y32640.png,0.4025,255.26,603.14,260.42,608.41
ch2_ohr_ncp_20240425T1603031918_d_img_d18_x02560_y32640.png,0.3951,21.76,511.65,28.08,517.57
ch2_ohr_ncp_20240425T1603031918_d_img_d18_x02560_y32640.png,0.3941,240.06,631.01,248.73,638.53
ch2_ohr_ncp_20240425T1603031918_d_img_d18_x02560_y32640.png,0.3885,188.0,618.87,193.3,623.26
ch2_ohr_ncp_20240425T1603031918_d_img_d18_x02560_y32640.png,0.3841,158.05,565.15,165.12,572.66
ch2_ohr_ncp_20240425T1603031918_d_img_d18_x02560_y32640.png,0.3802,0.0,477.95,5.35,485.12
ch2_ohr_ncp_20240425T1603031918_d_img_d18_x02560_y32640.png,0.3797,114.06,602.52,118.97,607.68
ch2_ohr_ncp_20240425T1603031918_d_img_d18_x02560_y32640.png,0.3768,75.98,572.0,80.78,577.79
ch2_ohr_ncp_20240425T1603031918_d_img_d18_x02560_y32640.png,0.3737,18.18,477.48,23.07,484.0
ch2_ohr_ncp_20240425T1603031918_d_img_d18_x02560_y32640.png,0.3662,5.47,531.9,10.6,537.55
ch2_ohr_ncp_20240425T1603031918_d_img_d18_x02560_y32640.png,0.3623,6.56,520.01,13.78,526.52
ch2_ohr_ncp_20240425T1603031918_d_img_d18_x02560_y32640.png,0.3593,251.66,620.04,264.02,632.85
ch2_ohr_ncp_20240425T1603031918_d_img_d18_x02560_y32640.png,0.3422,126.15,574.76,132.05,580.01
ch2_ohr_ncp_20240425T1603031918_d_img_d18_x02560_y32640.png,0.334,155.06,633.82,160.94,639.29
ch2_ohr_ncp_20240425T1603031918_d_img_d18_x02560_y32640.png,0.3296,72.15,540.0,76.47,545.35
ch2_ohr_ncp_20240425T1603031918_d_img_d18_x02560_y32640.png,0.3265,69.69,553.97,76.04,559.74
ch2_ohr_ncp_20240425T1603031918_d_img_d18_x02560_y32640.png,0.3262,89.1,411.77,94.82,417.24
ch2_ohr_ncp_20240425T1603031918_d_img_d18_x02560_y32640.png,0.3229,153.47,541.59,159.26,548.0
ch2_ohr_ncp_20240425T1603031918_d_img_d18_x02560_y32640.png,0.3172,268.0,514.65,278.13,527.48
ch2_ohr_ncp_20240425T1603031918_d_img_d18_x02560_y32640.png,0.3128,163.32,448.1,168.27,453.43
ch2_ohr_ncp_20240425T1603031918_d_img_d18_x02560_y32640.png,0.3119,225.14,444.71,235.63,456.01
ch2_ohr_ncp_20240425T1603031918_d_img_d18_x02560_y32640.png,0.305,219.98,583.27,224.47,588.04
ch2_ohr_ncp_20240425T1603031918_d_img_d18_x02560_y32640.png,0.3039,6.39,367.57,24.67,377.61
ch2_ohr_ncp_20240425T1603031918_d_img_d18_x02560_y32640.png,0.3039,103.94,613.9,116.74,625.6
ch2_ohr_ncp_20240425T1603031918_d_img_d18_x02560_y32640.png,0.3026,153.77,540.0,159.01,546.24
ch2_ohr_ncp_20240425T1603031918_d_img_d18_x02560_y32640.png,0.295,162.25,611.78,167.2,618.23
ch2_ohr_ncp_20240425T1603031918_d_img_d18_x02560_y32640.png,0.2947,119.38,394.61,125.31,400.05
ch2_ohr_ncp_20240425T1603031918_d_img_d18_x02560_y32640.png,0.2926,100.0,629.68,105.58,636.04
ch2_ohr_ncp_20240425T1603031918_d_img_d18_x02560_y32640.png,0.2914,68.0,554.15,75.0,559.85
ch2_ohr_ncp_20240425T1603031918_d_img_d18_x02560_y32640.png,0.291,59.99,564.6,67.97,572.01
ch2_ohr_ncp_20240425T1603031918_d_img_d18_x02560_y32640.png,0.288,21.9,485.47,26.24,489.76
ch2_ohr_ncp_20240425T1603031918_d_img_d18_x02560_y32640.png,0.2823,131.65,460.0,137.1,466.91
ch2_ohr_ncp_20240425T1603031918_d_img_d18_x02560_y32640.png,0.265,17.86,476.0,23.47,482.73
ch2_ohr_ncp_20240425T1603031918_d_img_d18_x02560_y32640.png,0.2575,16.68,426.13,22.31,431.76
ch2_ohr_ncp_20240425T1603031918_d_img_d18_x02560_y32640.png,0.2516,32.09,611.92,37.12,617.37
ch2_ohr_ncp_20240425T1603031918_d_img_d18_x02560_y32640.png,0.2515,41.72,471.72,46.3,476.46
ch2_ohr_ncp_20240425T1603031918_d_img_d18_x02560_y32640.png,0.2408,136.89,587.63,141.45,592.59
ch2_ohr_ncp_20240425T1603031918_d_img_d18_x02560_y32640.png,0.2346,103.0,613.75,117.72,628.6
ch2_ohr_ncp_20240425T1603031918_d_img_d18_x02560_y32640.png,0.2339,211.93,403.66,220.23,411.46
ch2_ohr_ncp_20240425T1603031918_d_img_d18_x02560_y32640.png,0.2328,32.3,441.26,38.17,446.28
ch2_ohr_ncp_20240425T1603031918_d_img_d18_x02560_y32640.png,0.2274,263.08,507.39,268.01,513.06
ch2_ohr_ncp_20240425T1603031918_d_img_d18_x02560_y32640.png,0.2251,182.64,377.13,194.18,390.25
ch2_ohr_ncp_20240425T1603031918_d_img_d18_x02560_y32640.png,0.2129,100.96,483.19,108.0,488.07
ch2_ohr_ncp_20240425T1603031918_d_img_d18_x02560_y32640.png,0.2122,156.0,565.38,164.68,572.82
ch2_ohr_ncp_20240425T1603031918_d_img_d18_x02560_y32640.png,0.2065,51.11,408.27,56.38,413.26
ch2_ohr_ncp_20240425T1603031918_d_img_d18_x02560_y32640.png,0.2009,204.0,383.45,210.11,388.83
ch2_ohr_ncp_20240425T1603031918_d_img_d18_x02560_y56960.png,0.6601,495.08,344.94,500.07,350.42
ch2_ohr_ncp_20240425T1603031918_d_img_d18_x02560_y56960.png,0.4882,424.57,254.67,428.68,260.0
ch2_ohr_ncp_20240425T1603031918_d_img_d18_x02560_y56960.png,0.4666,507.31,312.64,512.34,318.21
ch2_ohr_ncp_20240425T1603031918_d_img_d18_x02560_y56960.png,0.4332,453.97,377.34,460.0,383.17
ch2_ohr_ncp_20240425T1603031918_d_img_d18_x02560_y56960.png,0.3642,430.34,370.2,436.0,374.09
ch2_ohr_ncp_20240425T1603031918_d_img_d18_x02560_y56960.png,0.3114,544.49,323.94,548.7,328.51
ch2_ohr_ncp_20240425T1603031918_d_img_d18_x02560_y56960.png,0.3087,444.34,262.99,452.1,271.26
ch2_ohr_ncp_20240425T1603031918_d_img_d18_x02560_y56960.png,0.2702,415.04,350.65,424.99,369.32
ch2_ohr_ncp_20240425T1603031918_d_img_d18_x02560_y56960.png,0.2623,478.45,353.5,484.01,357.72
ch2_ohr_ncp_20240425T1603031918_d_img_d18_x02560_y56960.png,0.2222,428.0,370.12,432.92,374.24
ch2_ohr_ncp_20240425T1603031918_d_img_d18_x02560_y78720.png,0.6647,474.35,551.22,478.71,556.15
ch2_ohr_ncp_20240425T1603031918_d_img_d18_x02560_y78720.png,0.4857,578.88,557.57,587.22,568.06
ch2_ohr_ncp_20240425T1603031918_d_img_d18_x02560_y78720.png,0.3758,11.12,587.52,17.51,594.88
ch2_ohr_ncp_20240425T1603031918_d_img_d18_x02560_y78720.png,0.3754,579.08,548.15,584.97,553.95
ch2_ohr_ncp_20240425T1603031918_d_img_d18_x02560_y78720.png,0.3394,542.66,590.6,550.33,600.37
ch2_ohr_ncp_20240425T1603031918_d_img_d18_x02560_y78720.png,0.2891,489.81,551.47,493.37,556.06
ch2_ohr_ncp_20240425T1603031918_d_img_d18_x02560_y78720.png,0.2886,518.2,616.4,524.0,621.19
ch2_ohr_ncp_20240425T1603031918_d_img_d18_x02560_y78720.png,0.2704,597.56,372.58,604.38,379.59
ch2_ohr_ncp_20240425T1603031918_d_img_d18_x02560_y78720.png,0.2703,483.19,547.18,489.53,553.58
ch2_ohr_ncp_20240425T1603031918_d_img_d18_x02560_y78720.png,0.2685,34.29,319.77,46.04,335.35
ch2_ohr_ncp_20240425T1603031918_d_img_d18_x02560_y78720.png,0.2529,459.95,563.23,465.86,570.08
ch2_ohr_ncp_20240425T1603031918_d_img_d18_x02560_y78720.png,0.2521,523.38,514.35,527.47,518.62
ch2_ohr_ncp_20240425T1603031918_d_img_d18_x02560_y78720.png,0.2459,627.93,571.95,632.42,576.59
ch2_ohr_ncp_20240425T1603031918_d_img_d18_x02560_y78720.png,0.234,480.39,612.0,484.76,617.58
ch2_ohr_ncp_20240425T1603031918_d_img_d18_x02560_y78720.png,0.2309,459.73,564.79,465.91,572.01
ch2_ohr_ncp_20240425T1603031918_d_img_d18_x02560_y78720.png,0.2296,518.29,615.99,522.2,621.18
ch2_ohr_ncp_20240425T1603031918_d_img_d18_x02560_y78720.png,0.217,485.43,415.1,496.97,428.3
ch2_ohr_ncp_20240425T1603031918_d_img_d18_x02560_y78720.png,0.216,467.78,571.12,473.98,577.68
ch2_ohr_ncp_20240425T1603031918_d_img_d18_x03200_y07040.png,0.2923,304.18,4.37,312.08,9.96
ch2_ohr_ncp_20240425T1603031918_d_img_d18_x03200_y07040.png,0.2451,275.99,46.71,282.41,53.0
ch2_ohr_ncp_20240425T1603031918_d_img_d18_x03200_y50560.png,0.395,82.27,607.49,86.63,612.08
ch2_ohr_ncp_20240425T1603031918_d_img_d18_x03200_y50560.png,0.2142,113.14,624.38,117.39,628.71
ch2_ohr_ncp_20240425T1603031918_d_img_d18_x03200_y50560.png,0.2012,115.91,634.29,121.09,639.14
ch2_ohr_ncp_20240425T1603031918_d_img_d18_x03200_y61440.png,0.3457,221.96,22.18,228.06,28.27
ch2_ohr_ncp_20240425T1603031918_d_img_d18_x03200_y62080.png,0.2371,591.72,75.46,596.02,79.49
ch2_ohr_ncp_20240425T1603031918_d_img_d18_x03200_y62080.png,0.203,575.69,27.86,580.02,33.73
ch2_ohr_ncp_20240425T1603031918_d_img_d18_x03200_y74240.png,0.2124,635.58,633.27,639.46,638.07
ch2_ohr_ncp_20240425T1603031918_d_img_d18_x03840_y44800.png,0.2624,57.69,587.97,62.35,592.92
ch2_ohr_ncp_20240425T1603031918_d_img_d18_x03840_y44800.png,0.2486,71.84,632.37,78.03,638.94
ch2_ohr_ncp_20240425T1603031918_d_img_d18_x03840_y44800.png,0.2336,2.62,614.29,8.09,620.08
ch2_ohr_ncp_20240425T1603031918_d_img_d18_x03840_y50560.png,0.2434,0.0,235.23,39.68,295.73
ch2_ohr_ncp_20240425T1603031918_d_img_d18_x04480_y15360.png,0.3585,0.0,622.84,4.03,629.53
ch2_ohr_ncp_20240425T1603031918_d_img_d18_x04480_y15360.png,0.2467,55.18,603.89,61.66,609.97
ch2_ohr_ncp_20240425T1603031918_d_img_d18_x04480_y56320.png,0.4114,617.24,279.59,622.0,284.22
ch2_ohr_ncp_20240425T1603031918_d_img_d18_x04480_y56320.png,0.2712,538.58,22.35,585.26,67.15
ch2_ohr_ncp_20240425T1603031918_d_img_d18_x04480_y56320.png,0.2671,617.97,290.34,622.77,295.09
ch2_ohr_ncp_20240425T1603031918_d_img_d18_x04480_y56320.png,0.2495,596.93,466.52,605.58,476.91
ch2_ohr_ncp_20240425T1603031918_d_img_d18_x04480_y56320.png,0.2257,633.43,542.57,639.12,548.48
ch2_ohr_ncp_20240425T1603031918_d_img_d18_x04480_y56320.png,0.2117,586.66,481.44,593.65,489.78
ch2_ohr_ncp_20240425T1603031918_d_img_d18_x04480_y56320.png,0.2112,561.47,400.2,565.96,404.75
ch2_ohr_ncp_20240425T1603031918_d_img_d18_x04480_y56320.png,0.2104,598.96,76.88,607.03,85.3
ch2_ohr_ncp_20240425T1603031918_d_img_d18_x04480_y56320.png,0.2071,617.59,456.92,628.63,466.73
ch2_ohr_ncp_20240425T1603031918_d_img_d18_x04480_y56320.png,0.2041,624.73,239.31,631.82,245.52
ch2_ohr_ncp_20240425T1603031918_d_img_d18_x05120_y24960.png,0.423,443.43,257.66,474.59,293.28
ch2_ohr_ncp_20240425T1603031918_d_img_d18_x05120_y24960.png,0.328,443.75,245.62,471.64,291.52
ch2_ohr_ncp_20240425T1603031918_d_img_d18_x05120_y84480.png,0.4108,611.52,480.04,615.56,484.67
ch2_ohr_ncp_20240425T1603031918_d_img_d18_x05760_y28800.png,0.3895,13.63,414.07,35.54,437.06
ch2_ohr_ncp_20240425T1603031918_d_img_d18_x06400_y28800.png,0.2222,0.0,622.29,5.77,629.02
ch2_ohr_ncp_20240425T1603031918_d_img_d18_x06400_y47360.png,0.4064,591.48,37.83,597.0,44.5
ch2_ohr_ncp_20240425T1603031918_d_img_d18_x06400_y47360.png,0.3581,627.99,80.64,632.67,85.82
ch2_ohr_ncp_20240425T1603031918_d_img_d18_x06400_y47360.png,0.2954,7.43,635.78,12.17,639.53
ch2_ohr_ncp_20240425T1603031918_d_img_d18_x06400_y47360.png,0.2778,615.74,148.02,620.73,153.55
ch2_ohr_ncp_20240425T1603031918_d_img_d18_x07040_y23680.png,0.4732,599.79,633.12,606.6,639.52
ch2_ohr_ncp_20240425T1603031918_d_img_d18_x07040_y23680.png,0.4311,583.89,421.41,589.3,426.51
ch2_ohr_ncp_20240425T1603031918_d_img_d18_x07040_y23680.png,0.3811,539.29,464.21,543.27,468.87
ch2_ohr_ncp_20240425T1603031918_d_img_d18_x07040_y23680.png,0.3352,618.78,422.51,625.58,429.3
ch2_ohr_ncp_20240425T1603031918_d_img_d18_x07040_y23680.png,0.3347,622.22,457.29,628.08,462.82
ch2_ohr_ncp_20240425T1603031918_d_img_d18_x07040_y23680.png,0.2996,594.23,543.71,597.94,548.08
ch2_ohr_ncp_20240425T1603031918_d_img_d18_x07040_y23680.png,0.2707,552.96,630.07,558.64,636.44
ch2_ohr_ncp_20240425T1603031918_d_img_d18_x07040_y23680.png,0.2398,587.69,348.77,636.86,399.65
ch2_ohr_ncp_20240425T1603031918_d_img_d18_x07040_y23680.png,0.2353,551.15,551.83,556.0,556.08
ch2_ohr_ncp_20240425T1603031918_d_img_d18_x07040_y23680.png,0.2319,530.07,427.9,537.69,435.05
ch2_ohr_ncp_20240425T1603031918_d_img_d18_x07040_y23680.png,0.2003,0.0,22.68,33.11,80.79
ch2_ohr_ncp_20240425T1603031918_d_img_d18_x07040_y87680.png,0.6116,591.15,594.09,596.13,598.97
ch2_ohr_ncp_20240425T1603031918_d_img_d18_x07040_y87680.png,0.3883,611.56,548.07,619.88,556.03
ch2_ohr_ncp_20240425T1603031918_d_img_d18_x07040_y87680.png,0.3763,597.85,612.47,602.4,616.83
ch2_ohr_ncp_20240425T1603031918_d_img_d18_x07040_y87680.png,0.3685,609.46,578.99,614.83,583.61
ch2_ohr_ncp_20240425T1603031918_d_img_d18_x07040_y87680.png,0.2701,574.03,630.23,583.1,638.1
ch2_ohr_ncp_20240425T1603031918_d_img_d18_x07040_y87680.png,0.2523,587.92,582.23,595.34,590.94
ch2_ohr_ncp_20240425T1603031918_d_img_d18_x07040_y87680.png,0.2399,571.27,556.0,578.17,563.24
ch2_ohr_ncp_20240425T1603031918_d_img_d18_x07040_y87680.png,0.2259,579.81,568.12,585.15,573.76
ch2_ohr_ncp_20240425T1603031918_d_img_d18_x07040_y87680.png,0.2202,515.82,635.54,522.28,639.69
ch2_ohr_ncp_20240425T1603031918_d_img_d18_x07680_y84480.png,0.4189,579.57,126.67,584.49,132.14
ch2_ohr_ncp_20240425T1603031918_d_img_d18_x07680_y84480.png,0.38,559.62,45.49,564.93,52.05
ch2_ohr_ncp_20240425T1603031918_d_img_d18_x07680_y84480.png,0.3779,532.0,55.64,537.24,60.34
ch2_ohr_ncp_20240425T1603031918_d_img_d18_x07680_y84480.png,0.3349,583.78,8.82,589.45,14.84
ch2_ohr_ncp_20240425T1603031918_d_img_d18_x07680_y84480.png,0.3266,557.93,32.75,566.27,42.38
ch2_ohr_ncp_20240425T1603031918_d_img_d18_x07680_y84480.png,0.3001,501.98,23.83,510.94,32.72
ch2_ohr_ncp_20240425T1603031918_d_img_d18_x07680_y84480.png,0.2416,631.65,195.81,639.18,204.16
ch2_ohr_ncp_20240425T1603031918_d_img_d18_x07680_y84480.png,0.2117,523.96,80.86,528.97,85.75
ch2_ohr_ncp_20240425T1603031918_d_img_d18_x07680_y84480.png,0.209,579.03,38.67,585.94,44.33
ch2_ohr_ncp_20240425T1603031918_d_img_d18_x08320_y03200.png,0.3459,607.46,560.83,612.01,565.31
ch2_ohr_ncp_20240425T1603031918_d_img_d18_x08320_y03840.png,0.4306,595.89,545.31,599.56,549.41
ch2_ohr_ncp_20240425T1603031918_d_img_d18_x08320_y03840.png,0.3002,593.28,595.04,601.64,603.23
ch2_ohr_ncp_20240425T1603031918_d_img_d18_x08320_y14080.png,0.2126,591.41,630.05,596.99,636.07
ch2_ohr_ncp_20240425T1603031918_d_img_d18_x08320_y31360.png,0.3145,586.56,167.76,590.31,172.05
ch2_ohr_ncp_20240425T1603031918_d_img_d18_x08320_y31360.png,0.2862,579.78,211.14,586.63,217.54
ch2_ohr_ncp_20240425T1603031918_d_img_d18_x08320_y31360.png,0.2802,613.59,310.05,620.13,315.6
ch2_ohr_ncp_20240425T1603031918_d_img_d18_x08320_y31360.png,0.2354,618.59,183.57,625.37,190.03
ch2_ohr_ncp_20240425T1603031918_d_img_d18_x08320_y31360.png,0.2117,632.02,104.26,637.2,112.47
ch2_ohr_ncp_20240425T1603031918_d_img_d18_x08320_y31360.png,0.2048,571.28,278.93,579.19,285.54
ch2_ohr_ncp_20240425T1603031918_d_img_d18_x08320_y62080.png,0.3168,596.0,577.07,602.62,582.52
ch2_ohr_ncp_20240425T1603031918_d_img_d18_x08320_y62080.png,0.2786,578.51,597.74,584.1,603.66
ch2_ohr_ncp_20240425T1603031918_d_img_d18_x08320_y62080.png,0.2638,622.2,32.87,628.32,38.56
ch2_ohr_ncp_20240425T1603031918_d_img_d18_x08320_y62080.png,0.2024,564.57,631.32,576.92,639.39
ch2_ohr_ncp_20240425T1603031918_d_img_d18_x08960_y19200.png,0.3125,631.73,450.74,638.86,458.37
ch2_ohr_ncp_20240425T1603031918_d_img_d18_x08960_y19200.png,0.2264,635.29,414.23,639.56,420.01
ch2_ohr_ncp_20240425T1603031918_d_img_d18_x08960_y19200.png,0.2251,602.34,599.16,609.4,606.32
ch2_ohr_ncp_20240425T1603031918_d_img_d18_x08960_y23680.png,0.2897,53.88,635.68,61.07,639.69
ch2_ohr_ncp_20240425T1603031918_d_img_d18_x08960_y23680.png,0.281,40.45,587.84,45.62,592.58
ch2_ohr_ncp_20240425T1603031918_d_img_d18_x08960_y23680.png,0.271,22.65,579.99,28.09,586.21
ch2_ohr_ncp_20240425T1603031918_d_img_d18_x08960_y23680.png,0.2549,583.2,25.69,588.01,30.05
ch2_ohr_ncp_20240425T1603031918_d_img_d18_x08960_y23680.png,0.2526,20.0,601.11,26.87,607.47
ch2_ohr_ncp_20240425T1603031918_d_img_d18_x08960_y23680.png,0.2388,19.78,583.65,26.17,591.25
ch2_ohr_ncp_20240425T1603031918_d_img_d18_x08960_y23680.png,0.2177,21.01,582.29,28.0,590.18
ch2_ohr_ncp_20240425T1603031918_d_img_d18_x09600_y52480.png,0.5081,568.31,23.34,574.06,28.42
ch2_ohr_ncp_20240425T1603031918_d_img_d18_x09600_y52480.png,0.4806,420.08,84.8,424.5,90.79
ch2_ohr_ncp_20240425T1603031918_d_img_d18_x09600_y52480.png,0.4717,379.98,23.85,385.25,28.87
ch2_ohr_ncp_20240425T1603031918_d_img_d18_x09600_y52480.png,0.4316,577.17,24.78,583.41,31.22
ch2_ohr_ncp_20240425T1603031918_d_img_d18_x09600_y52480.png,0.3521,386.92,113.33,394.86,120.94
ch2_ohr_ncp_20240425T1603031918_d_img_d18_x09600_y52480.png,0.3388,418.5,82.81,422.46,89.85
ch2_ohr_ncp_20240425T1603031918_d_img_d18_x09600_y52480.png,0.3144,397.49,50.58,404.01,56.24
ch2_ohr_ncp_20240425T1603031918_d_img_d18_x09600_y52480.png,0.2921,307.8,70.97,314.87,77.7
ch2_ohr_ncp_20240425T1603031918_d_img_d18_x09600_y52480.png,0.2919,423.92,123.92,429.4,129.79
ch2_ohr_ncp_20240425T1603031918_d_img_d18_x09600_y52480.png,0.2885,526.38,51.94,535.86,60.71
ch2_ohr_ncp_20240425T1603031918_d_img_d18_x09600_y52480.png,0.2855,299.77,124.0,304.68,130.15
ch2_ohr_ncp_20240425T1603031918_d_img_d18_x09600_y52480.png,0.2752,230.57,39.0,237.19,48.91
ch2_ohr_ncp_20240425T1603031918_d_img_d18_x09600_y52480.png,0.2736,242.77,41.2,247.3,46.4
ch2_ohr_ncp_20240425T1603031918_d_img_d18_x09600_y52480.png,0.2703,248.05,29.07,252.94,36.0
ch2_ohr_ncp_20240425T1603031918_d_img_d18_x09600_y52480.png,0.2671,396.0,50.69,402.98,56.5
ch2_ohr_ncp_20240425T1603031918_d_img_d18_x09600_y52480.png,0.2276,483.56,38.61,488.37,44.02
ch2_ohr_ncp_20240425T1603031918_d_img_d18_x09600_y52480.png,0.2031,247.64,27.97,253.01,35.03
ch2_ohr_ncp_20240425T1603031918_d_img_d18_x09600_y61440.png,0.2343,513.25,601.24,524.05,611.6
ch2_ohr_ncp_20240425T1603031918_d_img_d18_x09600_y76800.png,0.2475,71.9,470.0,76.48,476.0
ch2_ohr_ncp_20240425T1603031918_d_img_d18_x10240_y65280.png,0.2223,372.0,588.82,380.69,597.82
ch2_ohr_ncp_20250516T1342347288_d_img_d18_x03200_y73600.png,0.2062,450.68,0.0,565.08,36.81
ch2_ohr_ncp_20250516T1540191774_d_img_d18_x02560_y07680.png,0.4403,254.94,548.17,295.85,579.44
ch2_ohr_ncp_20250516T1540191774_d_img_d18_x03200_y06400.png,0.2011,633.74,626.72,639.26,633.22
ch2_ohr_ncp_20250612T2031048828_d_img_d18_x06400_y42240.png,0.223,0.0,117.97,36.6,183.0
ch2_ohr_ncp_20250612T2031048828_d_img_d18_x07680_y26240.png,0.235,0.0,158.01,44.31,199.87
ch2_ohr_ncp_20250612T2031048828_d_img_d18_x08960_y09600.png,0.2048,0.0,147.86,50.08,209.34
ch2_ohr_ncp_20250612T2031048828_d_img_d18_x09600_y48640.png,0.2388,563.79,58.61,627.5,119.26
ch2_ohr_ncp_20250612T2031048828_d_img_d18_x10880_y39680.png,0.2136,0.0,264.08,41.91,329.95
ch2_ohr_ncp_20250612T2031048828_d_img_d18_x10880_y39680.png,0.2122,71.64,596.95,144.63,639.63
ch2_ohr_ncp_20250612T2031048828_d_img_d18_x10880_y39680.png,0.2078,158.43,286.15,231.46,339.04
ch2_ohr_ncp_20250612T2031048828_d_img_d18_x10880_y50560.png,0.2312,430.82,128.09,471.25,171.37
ch2_ohr_ncp_20250612T2031048828_d_img_d18_x10880_y70400.png,0.2495,259.35,268.0,263.82,273.58
ch2_ohr_ncp_20250612T2229094979_d_img_d18_x01280_y55680.png,0.2451,0.0,179.16,28.0,251.48
ch2_ohr_ncp_20250612T2229094979_d_img_d18_x01280_y74240.png,0.2015,456.51,363.78,510.07,413.94
ch2_ohr_ncp_20250612T2229094979_d_img_d18_x03200_y25600.png,0.2498,0.0,7.26,65.97,93.32
ch2_ohr_ncp_20250612T2229094979_d_img_d18_x05760_y07680.png,0.2038,248.94,603.57,255.18,609.35
ch2_ohr_ncp_20250612T2229094979_d_img_d18_x06400_y26240.png,0.2593,35.66,416.99,97.27,492.06
ch2_ohr_ncp_20250612T2229094979_d_img_d18_x06400_y31360.png,0.2008,526.41,308.34,595.44,367.05
ch2_ohr_ncp_20250612T2229094979_d_img_d18_x06400_y35200.png,0.2675,127.83,552.29,195.63,617.08
ch2_ohr_ncp_20250612T2229094979_d_img_d18_x07040_y56960.png,0.2626,57.9,495.96,113.79,570.08
ch2_ohr_ncp_20250612T2229094979_d_img_d18_x07040_y69760.png,0.2049,0.0,354.66,66.64,422.09
ch2_ohr_ncp_20250612T2229094979_d_img_d18_x07680_y16640.png,0.2038,1.0,527.01,58.13,574.16
ch2_ohr_ncp_20250612T2229094979_d_img_d18_x07680_y30720.png,0.238,0.0,38.47,47.38,94.98
ch2_ohr_ncp_20250612T2229094979_d_img_d18_x08320_y20480.png,0.3061,21.76,225.59,67.29,274.54
ch2_ohr_ncp_20250612T2229094979_d_img_d18_x08960_y19840.png,0.2064,312.28,3.99,318.25,10.35
ch2_ohr_ncp_20250612T2229094979_d_img_d18_x08960_y19840.png,0.2062,459.97,249.33,470.33,258.38
ch2_ohr_ncp_20250612T2229094979_d_img_d18_x09600_y14080.png,0.2375,0.0,461.98,38.42,531.36
ch2_ohr_ncp_20250612T2229094979_d_img_d18_x10240_y54400.png,0.3345,0.0,404.64,31.07,467.66
ch2_ohr_ncp_20250612T2229094979_d_img_d18_x10880_y54400.png,0.3086,16.61,60.58,94.75,131.13
ch2_ohr_ncp_20190906T2241285714_d_img_gds_x08960_y10240.png,0.5368,157.7,332.76,164.26,340.44
ch2_ohr_ncp_20190906T2241285714_d_img_gds_x08960_y10240.png,0.4615,59.89,492.48,65.85,500.04
ch2_ohr_ncp_20190906T2241285714_d_img_gds_x08960_y10240.png,0.4466,142.15,370.44,155.15,388.25
ch2_ohr_ncp_20190906T2241285714_d_img_gds_x08960_y10240.png,0.4338,303.95,151.65,309.95,156.74
ch2_ohr_ncp_20190906T2241285714_d_img_gds_x08960_y10240.png,0.4307,89.82,207.09,93.81,212.0
ch2_ohr_ncp_20190906T2241285714_d_img_gds_x08960_y10240.png,0.4128,40.68,203.77,48.9,211.53
ch2_ohr_ncp_20190906T2241285714_d_img_gds_x08960_y10240.png,0.3711,98.06,328.34,104.03,335.26
ch2_ohr_ncp_20190906T2241285714_d_img_gds_x08960_y10240.png,0.3705,4.23,196.69,12.12,207.1
ch2_ohr_ncp_20190906T2241285714_d_img_gds_x08960_y10240.png,0.3559,263.43,171.79,273.53,183.94
ch2_ohr_ncp_20190906T2241285714_d_img_gds_x08960_y10240.png,0.3474,163.77,391.71,174.13,403.88
ch2_ohr_ncp_20190906T2241285714_d_img_gds_x08960_y10240.png,0.3369,0.67,194.89,10.34,206.17
ch2_ohr_ncp_20190906T2241285714_d_img_gds_x08960_y10240.png,0.3308,190.72,390.47,196.11,396.09
ch2_ohr_ncp_20190906T2241285714_d_img_gds_x08960_y10240.png,0.3307,31.59,27.96,39.76,35.74
ch2_ohr_ncp_20190906T2241285714_d_img_gds_x08960_y10240.png,0.3164,126.93,89.76,136.43,106.48
ch2_ohr_ncp_20190906T2241285714_d_img_gds_x08960_y10240.png,0.3034,192.21,280.69,196.04,286.12
ch2_ohr_ncp_20190906T2241285714_d_img_gds_x08960_y10240.png,0.3001,163.98,95.99,169.36,100.83
ch2_ohr_ncp_20190906T2241285714_d_img_gds_x08960_y10240.png,0.2929,59.98,138.78,64.25,143.91
ch2_ohr_ncp_20190906T2241285714_d_img_gds_x08960_y10240.png,0.2882,176.12,419.92,181.99,426.76
ch2_ohr_ncp_20190906T2241285714_d_img_gds_x08960_y10240.png,0.2679,147.57,158.08,151.4,164.02
ch2_ohr_ncp_20190906T2241285714_d_img_gds_x08960_y10240.png,0.2666,143.81,99.98,148.26,105.55
ch2_ohr_ncp_20190906T2241285714_d_img_gds_x08960_y10240.png,0.2637,266.12,97.76,270.11,102.3
ch2_ohr_ncp_20190906T2241285714_d_img_gds_x08960_y10240.png,0.2569,4.29,195.71,13.12,204.67
ch2_ohr_ncp_20190906T2241285714_d_img_gds_x08960_y10240.png,0.2496,161.47,36.0,165.37,41.31
ch2_ohr_ncp_20190906T2241285714_d_img_gds_x08960_y10240.png,0.2406,138.51,292.0,142.73,298.19
ch2_ohr_ncp_20190906T2241285714_d_img_gds_x08960_y10240.png,0.2342,156.0,332.94,163.5,340.31
ch2_ohr_ncp_20190906T2241285714_d_img_gds_x08960_y10240.png,0.2247,58.33,188.0,64.02,193.68
ch2_ohr_ncp_20190906T2241285714_d_img_gds_x08960_y10240.png,0.2148,223.88,352.08,229.43,358.07
ch2_ohr_ncp_20190906T2241285714_d_img_gds_x08960_y10240.png,0.2129,134.84,47.16,140.29,52.22
ch2_ohr_ncp_20190906T2241285714_d_img_gds_x08960_y10240.png,0.2058,201.95,399.33,205.37,404.0
ch2_ohr_ncp_20190906T2241285714_d_img_gds_x08960_y10240.png,0.2056,60.41,492.72,68.0,500.05
ch2_ohr_ncp_20190906T2241285714_d_img_gds_x08960_y10240.png,0.2034,186.2,164.0,189.86,169.38
ch2_ohr_ncp_20190906T2241285714_d_img_gds_x08960_y10240.png,0.2025,187.99,419.66,195.28,426.46
ch2_ohr_ncp_20190906T2241285714_d_img_gds_x08960_y10880.png,0.5181,175.87,607.44,183.87,613.83
ch2_ohr_ncp_20190906T2241285714_d_img_gds_x08960_y10880.png,0.4826,208.97,607.65,212.8,612.88
ch2_ohr_ncp_20190906T2241285714_d_img_gds_x08960_y10880.png,0.4706,93.75,281.73,101.68,289.94
ch2_ohr_ncp_20190906T2241285714_d_img_gds_x08960_y10880.png,0.4217,6.9,276.0,12.14,282.63
ch2_ohr_ncp_20190906T2241285714_d_img_gds_x08960_y10880.png,0.4006,147.57,184.87,152.59,190.18
ch2_ohr_ncp_20190906T2241285714_d_img_gds_x08960_y10880.png,0.3448,258.75,248.25,263.57,253.41
ch2_ohr_ncp_20190906T2241285714_d_img_gds_x08960_y10880.png,0.3323,7.41,276.96,12.66,282.92
ch2_ohr_ncp_20190906T2241285714_d_img_gds_x08960_y10880.png,0.3152,304.36,498.49,315.61,513.13
ch2_ohr_ncp_20190906T2241285714_d_img_gds_x08960_y10880.png,0.31,144.25,193.92,148.8,199.13
ch2_ohr_ncp_20190906T2241285714_d_img_gds_x08960_y10880.png,0.2913,481.68,630.09,488.03,635.86
ch2_ohr_ncp_20190906T2241285714_d_img_gds_x08960_y10880.png,0.2903,261.82,438.54,266.14,442.55
ch2_ohr_ncp_20190906T2241285714_d_img_gds_x08960_y10880.png,0.2888,516.77,627.71,527.85,638.48
ch2_ohr_ncp_20190906T2241285714_d_img_gds_x08960_y10880.png,0.2674,272.92,635.8,279.7,639.96
ch2_ohr_ncp_20190906T2241285714_d_img_gds_x08960_y10880.png,0.2662,6.64,277.02,12.03,284.0
ch2_ohr_ncp_20190906T2241285714_d_img_gds_x08960_y10880.png,0.2364,370.59,635.85,375.6,639.72
ch2_ohr_ncp_20190907T0438126359_d_img_g26_x01920_y93440.png,0.543,592.46,21.57,597.75,30.93
ch2_ohr_ncp_20190907T0438126359_d_img_g26_x02560_y93440.png,0.2337,76.0,13.43,81.62,20.0
ch2_ohr_ncp_20240425T1012478407_d_img_d18_x02560_y83840.png,0.4201,601.4,535.81,607.25,541.71
ch2_ohr_ncp_20240425T1012478407_d_img_d18_x02560_y83840.png,0.3771,590.19,403.76,596.01,409.64
ch2_ohr_ncp_20240425T1012478407_d_img_d18_x02560_y83840.png,0.3662,541.07,521.17,548.0,529.42
ch2_ohr_ncp_20240425T1012478407_d_img_d18_x02560_y83840.png,0.3241,539.99,520.67,546.92,529.3
ch2_ohr_ncp_20240425T1012478407_d_img_d18_x02560_y83840.png,0.3126,634.04,18.36,640.0,29.03
ch2_ohr_ncp_20240425T1012478407_d_img_d18_x02560_y83840.png,0.2672,489.98,614.85,495.37,621.1
ch2_ohr_ncp_20240425T1012478407_d_img_d18_x02560_y83840.png,0.264,486.95,427.46,493.55,436.2
ch2_ohr_ncp_20240425T1012478407_d_img_d18_x02560_y83840.png,0.2413,588.0,403.9,594.58,409.56
ch2_ohr_ncp_20240425T1012478407_d_img_d18_x02560_y83840.png,0.2273,3.96,445.85,46.9,470.12
ch2_ohr_ncp_20240425T1012478407_d_img_d18_x02560_y83840.png,0.2081,603.06,498.57,608.84,505.11
ch2_ohr_ncp_20240425T1209509264_d_img_d18_x04480_y82560.png,0.7578,233.43,630.86,239.41,637.35
ch2_ohr_ncp_20240425T1209509264_d_img_d18_x04480_y82560.png,0.6631,198.05,473.33,204.01,479.16
ch2_ohr_ncp_20240425T1209509264_d_img_d18_x04480_y82560.png,0.612,291.98,537.25,298.88,543.01
ch2_ohr_ncp_20240425T1209509264_d_img_d18_x04480_y82560.png,0.5986,479.03,591.65,484.08,596.77
ch2_ohr_ncp_20240425T1209509264_d_img_d18_x04480_y82560.png,0.5836,225.39,615.09,231.24,622.46
ch2_ohr_ncp_20240425T1209509264_d_img_d18_x04480_y82560.png,0.565,225.56,555.33,233.38,562.47
ch2_ohr_ncp_20240425T1209509264_d_img_d18_x04480_y82560.png,0.5615,162.72,497.5,168.12,502.86
ch2_ohr_ncp_20240425T1209509264_d_img_d18_x04480_y82560.png,0.5389,582.88,336.8,590.37,346.23
ch2_ohr_ncp_20240425T1209509264_d_img_d18_x04480_y82560.png,0.5333,199.69,502.69,205.81,508.13
ch2_ohr_ncp_20240425T1209509264_d_img_d18_x04480_y82560.png,0.4964,135.27,568.83,140.82,574.54
ch2_ohr_ncp_20240425T1209509264_d_img_d18_x04480_y82560.png,0.3769,209.87,422.27,218.35,429.47
ch2_ohr_ncp_20240425T1209509264_d_img_d18_x04480_y82560.png,0.371,555.83,230.87,561.01,236.11
ch2_ohr_ncp_20240425T1209509264_d_img_d18_x04480_y82560.png,0.3475,225.81,614.83,232.04,621.2
ch2_ohr_ncp_20240425T1209509264_d_img_d18_x04480_y82560.png,0.3176,195.18,496.01,199.88,500.82
ch2_ohr_ncp_20240425T1209509264_d_img_d18_x04480_y82560.png,0.2969,394.26,390.8,402.17,397.98
ch2_ohr_ncp_20240425T1209509264_d_img_d18_x04480_y82560.png,0.2905,198.23,472.0,203.5,478.61
ch2_ohr_ncp_20240425T1209509264_d_img_d18_x04480_y82560.png,0.2823,458.14,240.59,465.98,249.52
ch2_ohr_ncp_20240425T1209509264_d_img_d18_x04480_y82560.png,0.2773,231.99,631.13,238.64,637.05
ch2_ohr_ncp_20240425T1209509264_d_img_d18_x04480_y82560.png,0.2662,170.41,481.59,175.22,487.04
ch2_ohr_ncp_20240425T1209509264_d_img_d18_x04480_y82560.png,0.2641,271.01,602.91,276.08,607.76
ch2_ohr_ncp_20240425T1209509264_d_img_d18_x04480_y82560.png,0.2542,186.67,559.66,196.66,569.99
ch2_ohr_ncp_20240425T1209509264_d_img_d18_x04480_y82560.png,0.2491,363.57,553.91,368.68,558.84
ch2_ohr_ncp_20240425T1209509264_d_img_d18_x04480_y82560.png,0.2479,455.99,241.7,465.29,250.37
ch2_ohr_ncp_20240425T1209509264_d_img_d18_x04480_y82560.png,0.2405,2.42,598.76,7.21,604.03
ch2_ohr_ncp_20240425T1209509264_d_img_d18_x04480_y82560.png,0.2345,19.57,580.88,24.36,586.0
ch2_ohr_ncp_20240425T1209509264_d_img_d18_x04480_y82560.png,0.2218,146.52,523.95,151.34,528.73
ch2_ohr_ncp_20240425T1209509264_d_img_d18_x04480_y82560.png,0.2169,586.48,268.0,591.16,273.72
ch2_ohr_ncp_20240425T1209509264_d_img_d18_x04480_y82560.png,0.2119,6.98,608.08,12.0,612.29
ch2_ohr_ncp_20240425T1209509264_d_img_d18_x04480_y82560.png,0.2051,15.56,632.51,26.95,639.84
ch2_ohr_ncp_20240425T1209509264_d_img_d18_x04480_y82560.png,0.2034,432.32,531.79,439.97,539.68
ch2_ohr_ncp_20240425T1209509264_d_img_d18_x10240_y93440.png,0.2553,413.65,203.97,420.0,209.59
ch2_ohr_ncp_20240425T1406019344_d_img_d18_x01280_y93440.png,0.6993,570.11,113.3,574.86,119.21
ch2_ohr_ncp_20240425T1406019344_d_img_d18_x01280_y93440.png,0.6388,630.94,55.87,638.29,64.44
ch2_ohr_ncp_20240425T1406019344_d_img_d18_x01280_y93440.png,0.6356,581.88,30.86,588.1,37.94
ch2_ohr_ncp_20240425T1406019344_d_img_d18_x01280_y93440.png,0.6145,42.28,17.1,47.19,22.97
ch2_ohr_ncp_20240425T1406019344_d_img_d18_x01280_y93440.png,0.5945,563.41,131.49,570.11,140.19
ch2_ohr_ncp_20240425T1406019344_d_img_d18_x01280_y93440.png,0.5771,566.73,231.62,576.43,242.17
ch2_ohr_ncp_20240425T1406019344_d_img_d18_x01280_y93440.png,0.5669,575.04,190.62,580.09,196.46
ch2_ohr_ncp_20240425T1406019344_d_img_d18_x01280_y93440.png,0.5552,590.51,87.87,598.07,97.36
ch2_ohr_ncp_20240425T1406019344_d_img_d18_x01280_y93440.png,0.5236,619.51,226.02,624.02,231.82
ch2_ohr_ncp_20240425T1406019344_d_img_d18_x01280_y93440.png,0.5142,561.13,47.81,570.82,57.12
ch2_ohr_ncp_20240425T1406019344_d_img_d18_x01280_y93440.png,0.5048,365.12,219.33,372.02,228.67
ch2_ohr_ncp_20240425T1406019344_d_img_d18_x01280_y93440.png,0.4901,460.0,11.73,466.03,17.97
ch2_ohr_ncp_20240425T1406019344_d_img_d18_x01280_y93440.png,0.4751,581.98,86.44,588.11,94.68
ch2_ohr_ncp_20240425T1406019344_d_img_d18_x01280_y93440.png,0.4669,37.17,71.36,78.6,117.33
ch2_ohr_ncp_20240425T1406019344_d_img_d18_x01280_y93440.png,0.4501,549.93,138.24,556.0,145.72
ch2_ohr_ncp_20240425T1406019344_d_img_d18_x01280_y93440.png,0.4406,137.43,64.22,148.25,78.04
ch2_ohr_ncp_20240425T1406019344_d_img_d18_x01280_y93440.png,0.4371,59.97,219.99,65.27,225.71
ch2_ohr_ncp_20240425T1406019344_d_img_d18_x01280_y93440.png,0.4244,509.88,7.5,516.0,14.73
ch2_ohr_ncp_20240425T1406019344_d_img_d18_x01280_y93440.png,0.4227,597.59,40.43,605.16,48.56
ch2_ohr_ncp_20240425T1406019344_d_img_d18_x01280_y93440.png,0.4169,483.76,146.07,496.61,160.52
ch2_ohr_ncp_20240425T1406019344_d_img_d18_x01280_y93440.png,0.3959,124.3,21.19,140.6,34.45
ch2_ohr_ncp_20240425T1406019344_d_img_d18_x01280_y93440.png,0.3741,572.0,201.41,578.28,207.78
ch2_ohr_ncp_20240425T1406019344_d_img_d18_x01280_y93440.png,0.3693,363.91,219.89,371.17,229.06
ch2_ohr_ncp_20240425T1406019344_d_img_d18_x01280_y93440.png,0.3508,114.71,204.71,121.51,212.79
ch2_ohr_ncp_20240425T1406019344_d_img_d18_x01280_y93440.png,0.3371,135.76,50.72,142.4,58.4
ch2_ohr_ncp_20240425T1406019344_d_img_d18_x01280_y93440.png,0.3324,228.63,158.54,236.78,168.59
ch2_ohr_ncp_20240425T1406019344_d_img_d18_x01280_y93440.png,0.3319,580.0,86.54,587.26,94.19
ch2_ohr_ncp_20240425T1406019344_d_img_d18_x01280_y93440.png,0.3302,569.51,40.75,574.47,46.24
ch2_ohr_ncp_20240425T1406019344_d_img_d18_x01280_y93440.png,0.3142,47.07,213.83,53.4,220.27
ch2_ohr_ncp_20240425T1406019344_d_img_d18_x01280_y93440.png,0.3035,527.69,42.7,532.85,48.18
ch2_ohr_ncp_20240425T1406019344_d_img_d18_x01280_y93440.png,0.2927,63.44,51.98,68.36,57.08
ch2_ohr_ncp_20240425T1406019344_d_img_d18_x01280_y93440.png,0.2846,343.92,17.66,349.22,23.21
ch2_ohr_ncp_20240425T1406019344_d_img_d18_x01280_y93440.png,0.2821,611.42,15.28,618.55,21.83
ch2_ohr_ncp_20240425T1406019344_d_img_d18_x01280_y93440.png,0.2782,600.05,51.37,606.56,58.14
ch2_ohr_ncp_20240425T1406019344_d_img_d18_x01280_y93440.png,0.2531,83.01,0.0,92.95,6.6
ch2_ohr_ncp_20240425T1406019344_d_img_d18_x01280_y93440.png,0.2506,275.03,190.35,282.47,196.58
ch2_ohr_ncp_20240425T1406019344_d_img_d18_x01280_y93440.png,0.2484,534.43,0.0,543.93,6.75
ch2_ohr_ncp_20240425T1406019344_d_img_d18_x01280_y93440.png,0.2476,549.92,139.54,556.0,148.0
ch2_ohr_ncp_20240425T1406019344_d_img_d18_x01280_y93440.png,0.2306,93.41,137.14,101.06,145.27
ch2_ohr_ncp_20240425T1406019344_d_img_d18_x01280_y93440.png,0.2303,185.88,30.37,191.44,36.24
ch2_ohr_ncp_20240425T1406019344_d_img_d18_x01280_y93440.png,0.2156,573.31,201.18,580.0,208.07
ch2_ohr_ncp_20240425T1406019344_d_img_d18_x01280_y93440.png,0.2134,284.0,191.29,290.08,197.7
ch2_ohr_ncp_20240425T1406019344_d_img_d18_x01280_y93440.png,0.2095,548.0,138.08,555.18,145.88
ch2_ohr_ncp_20240425T1406019344_d_img_d18_x01280_y93440.png,0.2041,508.0,7.43,515.23,15.0
ch2_ohr_ncp_20240425T1406019344_d_img_d18_x01280_y93440.png,0.2038,375.65,164.66,383.1,172.13
ch2_ohr_ncp_20240425T1406019344_d_img_d18_x01920_y83200.png,0.4491,520.65,415.71,528.95,425.37
ch2_ohr_ncp_20240425T1406019344_d_img_d18_x01920_y83200.png,0.4008,89.39,475.98,93.75,480.46
ch2_ohr_ncp_20240425T1406019344_d_img_d18_x01920_y83200.png,0.3641,575.64,509.71,582.17,519.56
ch2_ohr_ncp_20240425T1406019344_d_img_d18_x01920_y83200.png,0.2787,625.13,391.04,630.65,396.94
ch2_ohr_ncp_20240425T1406019344_d_img_d18_x01920_y83200.png,0.2704,127.15,454.73,133.05,460.12
ch2_ohr_ncp_20240425T1406019344_d_img_d18_x01920_y83200.png,0.231,554.16,387.97,558.4,393.19
ch2_ohr_ncp_20240425T1406019344_d_img_d18_x01920_y83200.png,0.2258,512.12,414.72,517.84,421.35
ch2_ohr_ncp_20240425T1406019344_d_img_d18_x05120_y93440.png,0.6644,564.08,214.8,572.53,224.55
ch2_ohr_ncp_20240425T1406019344_d_img_d18_x05120_y93440.png,0.4808,211.92,39.97,221.82,49.19
ch2_ohr_ncp_20240425T1406019344_d_img_d18_x05120_y93440.png,0.4684,555.95,235.35,561.09,241.45
ch2_ohr_ncp_20240425T1406019344_d_img_d18_x05120_y93440.png,0.4546,310.14,118.23,318.81,126.79
ch2_ohr_ncp_20240425T1406019344_d_img_d18_x05120_y93440.png,0.4454,614.83,208.39,620.05,213.72
ch2_ohr_ncp_20240425T1406019344_d_img_d18_x05120_y93440.png,0.3917,523.99,223.77,529.13,228.23
ch2_ohr_ncp_20240425T1406019344_d_img_d18_x05120_y93440.png,0.3592,590.19,194.45,601.58,206.44
ch2_ohr_ncp_20240425T1406019344_d_img_d18_x05120_y93440.png,0.3048,111.13,209.45,131.26,241.33
ch2_ohr_ncp_20240425T1406019344_d_img_d18_x05120_y93440.png,0.2975,207.78,52.62,218.47,63.7
ch2_ohr_ncp_20240425T1406019344_d_img_d18_x05120_y93440.png,0.296,568.46,189.74,577.62,198.82
ch2_ohr_ncp_20240425T1406019344_d_img_d18_x05120_y93440.png,0.2955,488.07,148.19,506.7,169.63
ch2_ohr_ncp_20240425T1406019344_d_img_d18_x05120_y93440.png,0.2892,370.24,30.36,378.19,37.04
ch2_ohr_ncp_20240425T1406019344_d_img_d18_x05120_y93440.png,0.2664,155.49,40.41,184.31,76.45
ch2_ohr_ncp_20240425T1406019344_d_img_d18_x05120_y93440.png,0.2511,351.45,96.8,360.79,105.96
ch2_ohr_ncp_20240425T1406019344_d_img_d18_x05120_y93440.png,0.2486,314.01,66.1,319.03,71.44
ch2_ohr_ncp_20240425T1406019344_d_img_d18_x05120_y93440.png,0.2349,386.3,70.58,392.77,77.08
ch2_ohr_ncp_20240425T1406019344_d_img_d18_x05120_y93440.png,0.2329,155.99,52.95,183.61,76.28
ch2_ohr_ncp_20240425T1406019344_d_img_d18_x05120_y93440.png,0.2177,532.0,187.39,538.13,191.47
ch2_ohr_ncp_20240425T1406019344_d_img_d18_x05120_y93440.png,0.2133,585.04,153.93,591.18,159.12
ch2_ohr_ncp_20240425T1406019344_d_img_d18_x05760_y93440.png,0.4762,9.53,78.39,18.54,87.74
ch2_ohr_ncp_20240425T1406019344_d_img_d18_x05760_y93440.png,0.4248,183.97,180.67,189.69,186.97
ch2_ohr_ncp_20240425T1406019344_d_img_d18_x05760_y93440.png,0.4016,87.54,23.91,100.87,43.0
ch2_ohr_ncp_20240425T1406019344_d_img_d18_x05760_y93440.png,0.3929,184.97,180.75,189.5,188.0
ch2_ohr_ncp_20240425T1406019344_d_img_d18_x05760_y93440.png,0.3834,205.52,27.0,213.44,35.66
ch2_ohr_ncp_20240425T1406019344_d_img_d18_x05760_y93440.png,0.3833,33.65,1.64,40.27,7.76
ch2_ohr_ncp_20240425T1406019344_d_img_d18_x05760_y93440.png,0.382,148.19,210.73,161.05,221.48
ch2_ohr_ncp_20240425T1406019344_d_img_d18_x05760_y93440.png,0.3818,115.76,134.26,123.88,141.79
ch2_ohr_ncp_20240425T1406019344_d_img_d18_x05760_y93440.png,0.3306,0.0,85.41,5.26,92.71
ch2_ohr_ncp_20240425T1406019344_d_img_d18_x05760_y93440.png,0.3293,134.91,74.09,140.35,80.31
ch2_ohr_ncp_20240425T1406019344_d_img_d18_x05760_y93440.png,0.2701,118.76,174.56,126.23,183.77
ch2_ohr_ncp_20240425T1406019344_d_img_d18_x05760_y93440.png,0.219,206.94,57.72,212.01,63.16
ch2_ohr_ncp_20250516T0948068899_d_img_d18_x11520_y08960.png,0.5957,170.35,267.81,176.44,273.71
ch2_ohr_ncp_20250516T0948068899_d_img_d18_x11520_y08960.png,0.324,27.99,483.69,33.7,489.36
ch2_ohr_ncp_20250516T0948068899_d_img_d18_x11520_y08960.png,0.29,131.63,457.88,138.28,464.08
ch2_ohr_ncp_20250516T0948068899_d_img_d18_x11520_y08960.png,0.2438,165.85,633.46,173.06,639.52
ch2_ohr_ncp_20250516T0948068899_d_img_d18_x11520_y08960.png,0.2317,57.97,392.07,63.15,397.59
ch2_ohr_ncp_20250516T0948068899_d_img_d18_x11520_y08960.png,0.2225,210.78,4.0,215.24,10.27
ch2_ohr_ncp_20250516T0948068899_d_img_d18_x11520_y08960.png,0.221,20.98,324.53,27.05,330.12
ch2_ohr_ncp_20250516T0948068899_d_img_d18_x11520_y08960.png,0.2031,35.95,401.79,40.52,406.02
ch2_ohr_ncp_20250516T0948068899_d_img_d18_x11520_y12800.png,0.443,56.42,50.19,61.7,55.79
ch2_ohr_ncp_20250516T0948068899_d_img_d18_x11520_y12800.png,0.3106,209.15,610.49,214.09,615.87
ch2_ohr_ncp_20250516T0948068899_d_img_d18_x11520_y12800.png,0.2334,41.2,323.79,46.68,328.77
ch2_ohr_ncp_20250516T0948068899_d_img_d18_x11520_y12800.png,0.214,0.05,260.11,7.68,268.05
ch2_ohr_ncp_20250516T0948068899_d_img_d18_x11520_y19840.png,0.2041,22.18,618.84,28.19,624.34
ch2_ohr_ncp_20250516T0948068899_d_img_d18_x11520_y21760.png,0.5342,38.7,606.41,44.84,612.53
ch2_ohr_ncp_20250516T0948068899_d_img_d18_x11520_y21760.png,0.431,95.69,467.18,102.3,473.29
ch2_ohr_ncp_20250516T0948068899_d_img_d18_x11520_y21760.png,0.3745,8.36,283.49,13.31,287.84
ch2_ohr_ncp_20250516T0948068899_d_img_d18_x11520_y21760.png,0.37,49.55,584.39,54.97,589.91
ch2_ohr_ncp_20250516T0948068899_d_img_d18_x11520_y21760.png,0.3304,49.71,463.37,55.92,468.63
ch2_ohr_ncp_20250516T0948068899_d_img_d18_x11520_y21760.png,0.301,163.35,603.87,168.29,609.26
ch2_ohr_ncp_20250516T0948068899_d_img_d18_x11520_y21760.png,0.2462,91.99,472.62,98.82,478.12
ch2_ohr_ncp_20250516T0948068899_d_img_d18_x11520_y21760.png,0.2418,48.0,307.59,54.71,314.11
ch2_ohr_ncp_20250516T0948068899_d_img_d18_x11520_y21760.png,0.2104,176.33,563.84,181.75,569.36
ch2_ohr_ncp_20250516T0948068899_d_img_d18_x11520_y21760.png,0.2036,75.19,531.73,82.27,538.46
ch2_ohr_ncp_20250516T0948068899_d_img_d18_x11520_y23680.png,0.4124,65.39,43.87,72.18,50.03
ch2_ohr_ncp_20250516T0948068899_d_img_d18_x11520_y23680.png,0.3171,59.56,120.23,64.55,125.25
ch2_ohr_ncp_20250516T0948068899_d_img_d18_x11520_y23680.png,0.2694,219.99,374.76,226.19,380.36
ch2_ohr_ncp_20250516T0948068899_d_img_d18_x11520_y23680.png,0.2662,31.63,48.35,37.06,53.29
ch2_ohr_ncp_20250516T0948068899_d_img_d18_x11520_y23680.png,0.2245,22.48,529.71,28.12,534.05
ch2_ohr_ncp_20250516T0948068899_d_img_d18_x11520_y23680.png,0.2173,43.08,183.93,54.42,196.25
ch2_ohr_ncp_20250516T0948068899_d_img_d18_x11520_y23680.png,0.2122,111.27,303.24,116.75,309.11
ch2_ohr_ncp_20250516T0948068899_d_img_d18_x11520_y23680.png,0.209,125.94,27.0,144.93,45.36
ch2_ohr_ncp_20250516T0948068899_d_img_d18_x11520_y23680.png,0.2025,67.97,95.86,73.01,101.45
ch2_ohr_ncp_20250516T0948068899_d_img_d18_x11520_y24320.png,0.5644,14.29,288.0,21.39,294.79
ch2_ohr_ncp_20250516T0948068899_d_img_d18_x11520_y24320.png,0.5601,57.92,415.72,69.27,427.15
ch2_ohr_ncp_20250516T0948068899_d_img_d18_x11520_y24320.png,0.5505,5.88,396.72,17.7,410.06
ch2_ohr_ncp_20250516T0948068899_d_img_d18_x11520_y24320.png,0.4836,24.11,584.65,32.36,592.49
ch2_ohr_ncp_20250516T0948068899_d_img_d18_x11520_y24320.png,0.424,47.94,631.46,53.66,636.88
ch2_ohr_ncp_20250516T0948068899_d_img_d18_x11520_y24320.png,0.3924,8.97,522.08,14.84,528.82
ch2_ohr_ncp_20250516T0948068899_d_img_d18_x11520_y24320.png,0.367,58.97,394.49,65.1,400.34
ch2_ohr_ncp_20250516T0948068899_d_img_d18_x11520_y24320.png,0.2662,74.22,431.47,79.78,436.83
ch2_ohr_ncp_20250516T0948068899_d_img_d18_x11520_y27520.png,0.2353,406.43,433.01,495.26,540.85
ch2_ohr_ncp_20250516T0948068899_d_img_d18_x11520_y33280.png,0.2434,204.67,564.37,212.53,572.08
ch2_ohr_ncp_20250516T0948068899_d_img_d18_x11520_y44160.png,0.2095,28.0,283.95,36.06,289.43
ch2_ohr_ncp_20250516T0948068899_d_img_d18_x11520_y46720.png,0.2961,104.44,539.94,109.86,545.28
ch2_ohr_ncp_20250516T0948068899_d_img_d18_x11520_y48000.png,0.432,24.35,298.02,29.84,303.69
ch2_ohr_ncp_20250516T0948068899_d_img_d18_x11520_y48000.png,0.4001,10.03,327.99,14.21,332.64
ch2_ohr_ncp_20250516T0948068899_d_img_d18_x11520_y48000.png,0.2289,27.88,368.72,33.12,374.26
ch2_ohr_ncp_20250516T0948068899_d_img_d18_x11520_y48640.png,0.3634,106.5,499.98,112.74,506.49
ch2_ohr_ncp_20250516T0948068899_d_img_d18_x11520_y48640.png,0.2742,10.88,611.89,16.76,617.72
ch2_ohr_ncp_20250516T0948068899_d_img_d18_x11520_y49280.png,0.2261,415.75,16.09,494.15,130.86
ch2_ohr_ncp_20250516T0948068899_d_img_d18_x11520_y49280.png,0.2052,23.51,433.95,29.72,439.39
ch2_ohr_ncp_20250516T0948068899_d_img_d18_x11520_y49920.png,0.3248,10.51,185.25,16.05,190.86
ch2_ohr_ncp_20250516T0948068899_d_img_d18_x11520_y50560.png,0.201,91.0,289.73,96.32,294.61
ch2_ohr_ncp_20250516T0948068899_d_img_d18_x11520_y56960.png,0.4623,82.11,443.27,88.76,450.43
ch2_ohr_ncp_20250516T0948068899_d_img_d18_x11520_y56960.png,0.2038,3.53,363.47,8.61,369.09
ch2_ohr_ncp_20250516T0948068899_d_img_d18_x11520_y63360.png,0.2219,138.34,115.99,144.2,122.64
ch2_ohr_ncp_20250516T0948068899_d_img_d18_x11520_y64000.png,0.2264,161.61,347.36,165.79,351.36
ch2_ohr_ncp_20250516T0948068899_d_img_d18_x11520_y64640.png,0.4765,35.8,232.55,41.38,237.46
ch2_ohr_ncp_20250516T0948068899_d_img_d18_x11520_y64640.png,0.2925,41.12,115.99,46.27,122.1
ch2_ohr_ncp_20250516T0948068899_d_img_d18_x11520_y64640.png,0.2408,39.99,117.39,45.71,122.37
ch2_ohr_ncp_20250516T0948068899_d_img_d18_x11520_y64640.png,0.2049,11.17,163.18,17.88,168.89
ch2_ohr_ncp_20250516T0948068899_d_img_d18_x11520_y65280.png,0.3897,7.8,154.88,14.73,160.91
ch2_ohr_ncp_20250516T0948068899_d_img_d18_x11520_y69120.png,0.2262,86.25,310.51,92.85,316.59
ch2_ohr_ncp_20250516T0948068899_d_img_d18_x11520_y74880.png,0.4038,38.89,598.77,45.33,607.78
ch2_ohr_ncp_20250516T0948068899_d_img_d18_x11520_y74880.png,0.3482,46.82,596.88,56.47,608.1
ch2_ohr_ncp_20250516T0948068899_d_img_d18_x11520_y74880.png,0.2031,175.59,529.44,181.36,535.12
ch2_ohr_ncp_20250516T0948068899_d_img_d18_x11520_y76800.png,0.2072,224.51,617.67,229.6,624.73
ch2_ohr_ncp_20250516T0948068899_d_img_d18_x11520_y76800.png,0.2003,113.38,370.87,119.6,377.64
ch2_ohr_ncp_20250516T0948068899_d_img_d18_x11520_y77440.png,0.2169,43.89,411.85,50.12,418.68
ch2_ohr_ncp_20250516T0948068899_d_img_d18_x11520_y78720.png,0.3099,51.01,74.46,56.3,79.79
ch2_ohr_ncp_20250516T0948068899_d_img_d18_x11520_y80640.png,0.2201,49.8,240.91,55.43,246.53
ch2_ohr_ncp_20250516T0948068899_d_img_d18_x11520_y81280.png,0.4025,161.83,540.0,166.36,545.42
ch2_ohr_ncp_20250516T0948068899_d_img_d18_x11520_y81280.png,0.3893,148.47,389.42,153.88,396.28
ch2_ohr_ncp_20250516T0948068899_d_img_d18_x11520_y81280.png,0.3832,152.47,460.0,157.64,465.88
ch2_ohr_ncp_20250516T0948068899_d_img_d18_x11520_y81280.png,0.2994,231.77,371.77,237.08,376.93
ch2_ohr_ncp_20250516T0948068899_d_img_d18_x11520_y81280.png,0.2718,88.45,424.5,94.9,431.68
ch2_ohr_ncp_20250516T0948068899_d_img_d18_x11520_y81280.png,0.2451,80.85,14.05,85.35,20.0
ch2_ohr_ncp_20250516T0948068899_d_img_d18_x11520_y81280.png,0.2221,154.78,425.81,159.35,430.73
ch2_ohr_ncp_20250516T0948068899_d_img_d18_x11520_y81280.png,0.2217,14.91,486.41,20.92,493.38
ch2_ohr_ncp_20250516T0948068899_d_img_d18_x11520_y81280.png,0.2215,15.02,408.85,22.86,417.86
ch2_ohr_ncp_20250516T0948068899_d_img_d18_x11520_y81280.png,0.2158,51.99,328.82,60.55,335.61
ch2_ohr_ncp_20250516T1145499313_d_img_d18_x11520_y00640.png,0.3915,0.0,327.16,5.95,333.59
ch2_ohr_ncp_20250516T1145499313_d_img_d18_x11520_y00640.png,0.3113,158.11,392.71,164.86,398.88
ch2_ohr_ncp_20250516T1145499313_d_img_d18_x11520_y00640.png,0.2664,94.45,317.35,101.03,324.01
ch2_ohr_ncp_20250516T1145499313_d_img_d18_x11520_y00640.png,0.2503,168.17,191.27,174.5,197.04
ch2_ohr_ncp_20250516T1145499313_d_img_d18_x11520_y00640.png,0.2472,229.63,99.4,236.7,105.79
ch2_ohr_ncp_20250516T1145499313_d_img_d18_x11520_y00640.png,0.2311,130.03,376.25,138.63,385.71
ch2_ohr_ncp_20250516T1145499313_d_img_d18_x11520_y00640.png,0.2284,170.01,624.56,175.68,629.49
ch2_ohr_ncp_20250516T1145499313_d_img_d18_x11520_y00640.png,0.215,113.1,367.73,118.58,373.65
ch2_ohr_ncp_20250516T1145499313_d_img_d18_x11520_y00640.png,0.2146,127.02,510.44,139.58,522.72
ch2_ohr_ncp_20250516T1145499313_d_img_d18_x11520_y00640.png,0.2079,160.68,543.76,169.38,552.08
ch2_ohr_ncp_20250516T1145499313_d_img_d18_x11520_y00640.png,0.205,45.92,222.16,52.01,228.0
ch2_ohr_ncp_20250516T1145499313_d_img_d18_x11520_y01280.png,0.5648,135.93,279.12,144.24,284.5
ch2_ohr_ncp_20250516T1145499313_d_img_d18_x11520_y01280.png,0.3962,0.0,26.55,4.67,32.29
ch2_ohr_ncp_20250516T1145499313_d_img_d18_x11520_y01280.png,0.3869,89.46,291.69,94.82,296.8
ch2_ohr_ncp_20250516T1145499313_d_img_d18_x11520_y01280.png,0.3148,82.56,342.73,86.37,348.0
ch2_ohr_ncp_20250516T1145499313_d_img_d18_x11520_y01280.png,0.3106,150.35,590.74,156.75,596.68
ch2_ohr_ncp_20250516T1145499313_d_img_d18_x11520_y01280.png,0.286,155.16,625.9,163.04,633.7
ch2_ohr_ncp_20250516T1145499313_d_img_d18_x11520_y01280.png,0.2727,41.22,479.55,45.8,484.05
ch2_ohr_ncp_20250516T1145499313_d_img_d18_x11520_y01280.png,0.2194,102.92,242.13,108.91,247.58
ch2_ohr_ncp_20250516T1145499313_d_img_d18_x11520_y01920.png,0.3738,47.47,323.99,52.89,329.14
ch2_ohr_ncp_20250516T1145499313_d_img_d18_x11520_y01920.png,0.3231,7.0,283.98,12.15,289.37
ch2_ohr_ncp_20250516T1145499313_d_img_d18_x11520_y01920.png,0.2082,179.55,16.25,191.26,28.63
ch2_ohr_ncp_20250516T1145499313_d_img_d18_x11520_y03200.png,0.2576,19.99,132.0,25.4,137.95
ch2_ohr_ncp_20250516T1145499313_d_img_d18_x11520_y03200.png,0.2049,186.45,611.97,191.43,617.21
ch2_ohr_ncp_20250516T1145499313_d_img_d18_x11520_y11520.png,0.4596,38.84,132.63,44.89,139.08
ch2_ohr_ncp_20250516T1145499313_d_img_d18_x11520_y11520.png,0.3627,25.85,422.39,33.68,429.45
ch2_ohr_ncp_20250516T1145499313_d_img_d18_x11520_y11520.png,0.3371,63.26,327.39,68.87,333.1
ch2_ohr_ncp_20250516T1145499313_d_img_d18_x11520_y11520.png,0.282,222.95,343.9,228.05,348.84
ch2_ohr_ncp_20250516T1145499313_d_img_d18_x11520_y11520.png,0.2763,226.82,627.08,240.13,639.41
ch2_ohr_ncp_20250516T1145499313_d_img_d18_x11520_y11520.png,0.2459,7.36,59.96,12.04,64.56
ch2_ohr_ncp_20250516T1145499313_d_img_d18_x11520_y11520.png,0.2379,96.54,396.0,101.43,401.58
ch2_ohr_ncp_20250516T1145499313_d_img_d18_x11520_y11520.png,0.2224,67.97,186.77,75.35,192.67
ch2_ohr_ncp_20250516T1145499313_d_img_d18_x11520_y11520.png,0.2057,59.95,49.22,65.43,54.37
ch2_ohr_ncp_20250516T1145499313_d_img_d18_x11520_y21120.png,0.3622,32.72,402.88,38.98,408.19
ch2_ohr_ncp_20250516T1145499313_d_img_d18_x11520_y21120.png,0.3082,6.56,136.27,13.09,142.94
ch2_ohr_ncp_20250516T1145499313_d_img_d18_x11520_y21120.png,0.2541,225.19,347.87,230.26,353.01
ch2_ohr_ncp_20250516T1145499313_d_img_d18_x11520_y21120.png,0.2387,12.18,475.6,21.86,482.06
ch2_ohr_ncp_20250516T1145499313_d_img_d18_x11520_y21120.png,0.2035,399.29,267.18,495.64,395.84
ch2_ohr_ncp_20250516T1145499313_d_img_d18_x11520_y24960.png,0.2699,78.65,453.77,84.72,461.21
ch2_ohr_ncp_20250516T1145499313_d_img_d18_x11520_y26240.png,0.2153,122.85,387.98,128.62,394.28
ch2_ohr_ncp_20250516T1145499313_d_img_d18_x11520_y26240.png,0.2141,35.31,99.98,41.62,106.58
ch2_ohr_ncp_20250516T1145499313_d_img_d18_x11520_y28160.png,0.3186,32.89,507.99,39.73,513.63
ch2_ohr_ncp_20250516T1145499313_d_img_d18_x11520_y28160.png,0.2911,89.64,152.64,95.55,157.88
ch2_ohr_ncp_20250516T1145499313_d_img_d18_x11520_y28160.png,0.2685,119.19,239.98,126.34,246.03
ch2_ohr_ncp_20250516T1145499313_d_img_d18_x11520_y33920.png,0.234,200.38,89.33,205.39,94.54
ch2_ohr_ncp_20250516T1145499313_d_img_d18_x11520_y36480.png,0.3374,32.46,527.23,40.65,533.43
ch2_ohr_ncp_20250516T1145499313_d_img_d18_x11520_y36480.png,0.2587,22.84,618.45,31.13,626.39
ch2_ohr_ncp_20250516T1145499313_d_img_d18_x11520_y37120.png,0.4598,48.5,27.92,55.0,34.38
ch2_ohr_ncp_20250516T1145499313_d_img_d18_x11520_y37120.png,0.3135,54.58,566.98,61.59,573.66
ch2_ohr_ncp_20250516T1145499313_d_img_d18_x11520_y37120.png,0.2623,206.38,321.14,212.75,326.86
ch2_ohr_ncp_20250516T1145499313_d_img_d18_x11520_y37120.png,0.2196,7.87,549.16,13.34,554.02
ch2_ohr_ncp_20250516T1145499313_d_img_d18_x11520_y37120.png,0.2066,80.15,575.56,85.97,580.68
ch2_ohr_ncp_20250516T1145499313_d_img_d18_x11520_y37120.png,0.2036,33.71,433.5,41.25,441.96
ch2_ohr_ncp_20250516T1145499313_d_img_d18_x11520_y37760.png,0.286,34.36,372.0,40.29,378.92
ch2_ohr_ncp_20250516T1145499313_d_img_d18_x11520_y37760.png,0.279,30.88,381.8,37.3,388.5
ch2_ohr_ncp_20250516T1145499313_d_img_d18_x11520_y37760.png,0.2711,20.0,170.57,26.3,175.88
ch2_ohr_ncp_20250516T1145499313_d_img_d18_x11520_y37760.png,0.2443,88.5,483.95,94.88,489.53
ch2_ohr_ncp_20250516T1145499313_d_img_d18_x11520_y37760.png,0.2356,39.4,407.22,45.52,413.64
ch2_ohr_ncp_20250516T1145499313_d_img_d18_x11520_y37760.png,0.2352,130.59,578.78,137.63,585.92
ch2_ohr_ncp_20250516T1145499313_d_img_d18_x11520_y37760.png,0.2168,141.8,541.61,148.53,548.02
ch2_ohr_ncp_20250516T1145499313_d_img_d18_x11520_y37760.png,0.2113,42.11,330.5,49.18,337.59
ch2_ohr_ncp_20250516T1145499313_d_img_d18_x11520_y38400.png,0.4109,26.0,267.99,31.09,273.33
ch2_ohr_ncp_20250516T1145499313_d_img_d18_x11520_y38400.png,0.3807,43.88,579.98,49.44,586.23
ch2_ohr_ncp_20250516T1145499313_d_img_d18_x11520_y38400.png,0.3198,35.45,622.5,40.55,628.02
ch2_ohr_ncp_20250516T1145499313_d_img_d18_x11520_y38400.png,0.2364,31.99,515.43,37.59,521.35
ch2_ohr_ncp_20250516T1145499313_d_img_d18_x11520_y38400.png,0.236,142.75,27.0,148.18,31.78
ch2_ohr_ncp_20250516T1145499313_d_img_d18_x11520_y38400.png,0.2329,43.71,310.33,48.88,316.01
ch2_ohr_ncp_20250516T1145499313_d_img_d18_x11520_y38400.png,0.2272,44.13,601.14,52.01,607.76
ch2_ohr_ncp_20250516T1145499313_d_img_d18_x11520_y38400.png,0.2075,199.12,122.16,204.2,126.86
ch2_ohr_ncp_20250516T1145499313_d_img_d18_x11520_y38400.png,0.2033,61.29,617.89,68.84,626.06
ch2_ohr_ncp_20250516T1145499313_d_img_d18_x11520_y38400.png,0.202,231.22,111.81,237.03,118.5
ch2_ohr_ncp_20250516T1145499313_d_img_d18_x11520_y38400.png,0.2007,52.0,67.5,61.26,77.19
ch2_ohr_ncp_20250516T1145499313_d_img_d18_x11520_y39040.png,0.2626,27.64,626.93,32.58,632.28
ch2_ohr_ncp_20250516T1145499313_d_img_d18_x11520_y39040.png,0.204,27.49,151.18,32.69,156.07
ch2_ohr_ncp_20250516T1145499313_d_img_d18_x11520_y41600.png,0.4003,59.02,280.73,65.07,287.38
ch2_ohr_ncp_20250516T1145499313_d_img_d18_x11520_y42240.png,0.3075,95.84,618.09,101.88,623.48
ch2_ohr_ncp_20250516T1145499313_d_img_d18_x11520_y46720.png,0.4052,63.71,187.77,69.94,193.54
ch2_ohr_ncp_20250516T1145499313_d_img_d18_x11520_y46720.png,0.2718,127.77,129.22,133.63,135.28
ch2_ohr_ncp_20250516T1145499313_d_img_d18_x11520_y46720.png,0.253,34.19,411.29,42.3,420.05
ch2_ohr_ncp_20250516T1145499313_d_img_d18_x11520_y46720.png,0.2394,0.44,73.62,15.57,86.7
ch2_ohr_ncp_20250516T1145499313_d_img_d18_x11520_y46720.png,0.2357,119.18,43.57,127.72,51.0
ch2_ohr_ncp_20250516T1145499313_d_img_d18_x11520_y46720.png,0.2206,79.89,56.82,86.57,63.18
ch2_ohr_ncp_20250516T1145499313_d_img_d18_x11520_y49920.png,0.3572,10.34,235.36,16.27,241.87
ch2_ohr_ncp_20250516T1145499313_d_img_d18_x11520_y49920.png,0.2597,5.95,25.94,12.27,31.72
ch2_ohr_ncp_20250516T1145499313_d_img_d18_x11520_y51840.png,0.2616,54.78,42.4,62.11,48.06
ch2_ohr_ncp_20250516T1145499313_d_img_d18_x11520_y51840.png,0.2289,414.92,407.64,493.69,541.48
ch2_ohr_ncp_20250516T1145499313_d_img_d18_x11520_y52480.png,0.2149,4.73,620.61,22.05,638.66
ch2_ohr_ncp_20250516T1145499313_d_img_d18_x11520_y52480.png,0.2072,90.27,479.07,95.34,484.06
ch2_ohr_ncp_20250516T1145499313_d_img_d18_x11520_y53120.png,0.4047,48.27,313.9,55.2,322.47
ch2_ohr_ncp_20250516T1145499313_d_img_d18_x11520_y53120.png,0.2793,27.87,267.71,34.57,274.82
ch2_ohr_ncp_20250516T1145499313_d_img_d18_x11520_y53760.png,0.2224,0.0,434.07,6.63,441.26
ch2_ohr_ncp_20250516T1145499313_d_img_d18_x11520_y55680.png,0.3689,0.01,608.02,4.88,614.6
ch2_ohr_ncp_20250516T1145499313_d_img_d18_x11520_y55680.png,0.2427,106.75,623.82,112.27,629.09
ch2_ohr_ncp_20250516T1145499313_d_img_d18_x11520_y58880.png,0.4701,79.19,58.96,85.39,66.18
ch2_ohr_ncp_20250516T1145499313_d_img_d18_x11520_y58880.png,0.339,144.56,293.51,150.93,300.06
ch2_ohr_ncp_20250516T1145499313_d_img_d18_x11520_y58880.png,0.291,191.82,65.46,197.53,71.12
ch2_ohr_ncp_20250516T1145499313_d_img_d18_x11520_y61440.png,0.2071,411.61,95.3,494.93,220.09
ch2_ohr_ncp_20250516T1145499313_d_img_d18_x11520_y62720.png,0.2474,49.22,303.59,55.87,309.54
ch2_ohr_ncp_20250516T1145499313_d_img_d18_x11520_y64000.png,0.2544,31.05,355.55,37.62,361.59
ch2_ohr_ncp_20250516T1145499313_d_img_d18_x11520_y65920.png,0.2752,189.79,363.06,197.45,370.25
ch2_ohr_ncp_20250516T1145499313_d_img_d18_x11520_y65920.png,0.2602,195.02,312.76,202.61,321.2
ch2_ohr_ncp_20250516T1145499313_d_img_d18_x11520_y65920.png,0.241,47.91,91.99,53.3,97.83
ch2_ohr_ncp_20250516T1145499313_d_img_d18_x11520_y65920.png,0.2018,189.97,348.0,196.14,354.65
ch2_ohr_ncp_20250516T1145499313_d_img_d18_x11520_y66560.png,0.2619,255.44,281.17,261.25,287.19
ch2_ohr_ncp_20250516T1145499313_d_img_d18_x11520_y66560.png,0.2388,217.72,257.8,222.48,262.46
ch2_ohr_ncp_20250516T1145499313_d_img_d18_x11520_y67200.png,0.27,161.18,27.99,168.31,34.65
ch2_ohr_ncp_20250516T1145499313_d_img_d18_x11520_y67200.png,0.2009,37.7,177.99,42.86,184.17
ch2_ohr_ncp_20250516T1145499313_d_img_d18_x11520_y67840.png,0.4057,67.68,337.12,74.09,343.83
ch2_ohr_ncp_20250516T1145499313_d_img_d18_x11520_y67840.png,0.3968,86.99,352.69,93.4,359.07
ch2_ohr_ncp_20250516T1145499313_d_img_d18_x11520_y67840.png,0.3703,50.89,344.34,55.81,349.2
ch2_ohr_ncp_20250516T1145499313_d_img_d18_x11520_y67840.png,0.3451,5.28,433.01,12.0,438.45
ch2_ohr_ncp_20250516T1145499313_d_img_d18_x11520_y67840.png,0.3291,69.59,418.63,76.04,425.03
ch2_ohr_ncp_20250516T1145499313_d_img_d18_x11520_y67840.png,0.2993,114.13,435.99,120.91,443.37
ch2_ohr_ncp_20250516T1145499313_d_img_d18_x11520_y67840.png,0.2961,128.91,617.66,136.83,625.09
ch2_ohr_ncp_20250516T1145499313_d_img_d18_x11520_y67840.png,0.2579,10.81,120.69,18.91,129.54
ch2_ohr_ncp_20250516T1145499313_d_img_d18_x11520_y67840.png,0.2564,35.98,412.0,42.7,418.62
ch2_ohr_ncp_20250516T1145499313_d_img_d18_x11520_y67840.png,0.2406,183.17,608.84,188.67,613.58
ch2_ohr_ncp_20250516T1145499313_d_img_d18_x11520_y67840.png,0.236,3.99,432.92,10.66,438.54
ch2_ohr_ncp_20250516T1145499313_d_img_d18_x11520_y67840.png,0.2354,68.17,336.85,76.0,344.23
ch2_ohr_ncp_20250516T1145499313_d_img_d18_x11520_y67840.png,0.235,51.47,343.96,56.49,349.44
ch2_ohr_ncp_20250516T1145499313_d_img_d18_x11520_y67840.png,0.233,68.0,418.84,75.28,425.03
ch2_ohr_ncp_20250516T1145499313_d_img_d18_x11520_y67840.png,0.2287,38.42,355.47,42.93,360.02
ch2_ohr_ncp_20250516T1145499313_d_img_d18_x11520_y67840.png,0.2262,134.91,280.75,141.59,287.21
ch2_ohr_ncp_20250516T1145499313_d_img_d18_x11520_y67840.png,0.22,19.74,278.02,31.44,290.95
ch2_ohr_ncp_20250516T1145499313_d_img_d18_x11520_y67840.png,0.2076,37.15,412.0,44.01,418.64
ch2_ohr_ncp_20250516T1145499313_d_img_d18_x11520_y67840.png,0.2056,99.22,287.02,104.47,292.13
ch2_ohr_ncp_20250516T1145499313_d_img_d18_x11520_y67840.png,0.2024,35.98,413.16,42.91,420.0
ch2_ohr_ncp_20250516T1145499313_d_img_d18_x11520_y69760.png,0.4473,27.57,574.94,33.65,580.69
ch2_ohr_ncp_20250516T1145499313_d_img_d18_x11520_y69760.png,0.2612,54.07,415.06,60.19,420.65
ch2_ohr_ncp_20250516T1145499313_d_img_d18_x11520_y70400.png,0.4139,96.46,323.98,102.74,330.57
ch2_ohr_ncp_20250516T1145499313_d_img_d18_x11520_y70400.png,0.3365,42.43,153.05,47.73,157.58
ch2_ohr_ncp_20250516T1145499313_d_img_d18_x11520_y70400.png,0.2423,34.86,70.13,39.86,76.0
ch2_ohr_ncp_20250516T1145499313_d_img_d18_x11520_y70400.png,0.2289,142.46,24.32,148.0,29.96
ch2_ohr_ncp_20250516T1145499313_d_img_d18_x11520_y70400.png,0.2084,35.3,70.22,40.31,74.65
ch2_ohr_ncp_20250516T1145499313_d_img_d18_x11520_y71040.png,0.2654,143.02,307.12,148.37,312.91
ch2_ohr_ncp_20250516T1145499313_d_img_d18_x11520_y72320.png,0.2813,65.72,610.57,71.81,617.88
ch2_ohr_ncp_20250516T1145499313_d_img_d18_x11520_y72320.png,0.2527,0.0,243.95,5.54,254.21
ch2_ohr_ncp_20250516T1145499313_d_img_d18_x11520_y72320.png,0.2243,27.71,250.64,32.91,256.22
ch2_ohr_ncp_20250516T1145499313_d_img_d18_x11520_y72320.png,0.2123,16.07,242.48,21.5,246.49
ch2_ohr_ncp_20250516T1145499313_d_img_d18_x11520_y72960.png,0.2842,0.0,609.48,5.05,615.42
ch2_ohr_ncp_20250516T1145499313_d_img_d18_x11520_y80000.png,0.4697,121.81,378.43,130.63,386.16
ch2_ohr_ncp_20250516T1145499313_d_img_d18_x11520_y80000.png,0.4291,24.51,477.76,35.06,484.67
ch2_ohr_ncp_20250516T1145499313_d_img_d18_x11520_y80000.png,0.3873,198.07,505.55,204.61,512.27
ch2_ohr_ncp_20250516T1145499313_d_img_d18_x11520_y80000.png,0.366,126.25,429.48,132.32,436.0
ch2_ohr_ncp_20250516T1145499313_d_img_d18_x11520_y80000.png,0.3602,392.38,35.76,401.63,44.36
ch2_ohr_ncp_20250516T1145499313_d_img_d18_x11520_y80000.png,0.3502,165.77,296.87,173.27,303.91
ch2_ohr_ncp_20250516T1145499313_d_img_d18_x11520_y80000.png,0.318,282.28,250.92,288.74,257.67
ch2_ohr_ncp_20250516T1145499313_d_img_d18_x11520_y80000.png,0.2993,51.98,571.9,58.76,577.76
ch2_ohr_ncp_20250516T1145499313_d_img_d18_x11520_y80000.png,0.2895,15.75,596.97,24.4,605.3
ch2_ohr_ncp_20250516T1145499313_d_img_d18_x11520_y80000.png,0.2734,65.17,615.06,70.94,620.31
ch2_ohr_ncp_20250516T1145499313_d_img_d18_x11520_y80000.png,0.2502,197.0,391.78,204.02,397.88
ch2_ohr_ncp_20250516T1145499313_d_img_d18_x11520_y80000.png,0.2317,55.99,517.45,61.46,521.68
ch2_ohr_ncp_20250516T1145499313_d_img_d18_x11520_y80000.png,0.2142,56.74,516.0,61.51,521.75
ch2_ohr_ncp_20250516T1145499313_d_img_d18_x11520_y80000.png,0.2135,136.75,391.09,143.23,397.25
ch2_ohr_ncp_20250516T1145499313_d_img_d18_x11520_y80000.png,0.2013,200.56,322.74,208.9,330.03
ch2_ohr_ncp_20250516T1145499313_d_img_d18_x11520_y80640.png,0.3871,101.7,232.19,108.07,238.45
ch2_ohr_ncp_20250516T1145499313_d_img_d18_x11520_y80640.png,0.3458,176.84,218.66,181.98,223.78
ch2_ohr_ncp_20250516T1145499313_d_img_d18_x11520_y80640.png,0.3026,16.51,50.23,24.11,57.5
ch2_ohr_ncp_20250516T1145499313_d_img_d18_x11520_y80640.png,0.3005,8.1,493.61,15.99,501.17
ch2_ohr_ncp_20250516T1145499313_d_img_d18_x11520_y80640.png,0.2981,0.07,161.73,7.25,174.24
ch2_ohr_ncp_20250516T1145499313_d_img_d18_x11520_y80640.png,0.2795,246.63,267.36,252.02,272.84
ch2_ohr_ncp_20250516T1145499313_d_img_d18_x11520_y80640.png,0.2113,72.03,551.91,78.21,558.13
ch2_ohr_ncp_20250516T1145499313_d_img_d18_x11520_y80640.png,0.2074,127.74,338.47,133.55,344.32
ch2_ohr_ncp_20250516T1145499313_d_img_d18_x11520_y80640.png,0.2047,44.0,301.9,50.18,308.04
ch2_ohr_ncp_20250516T1145499313_d_img_d18_x11520_y88960.png,0.2203,13.71,41.8,20.1,46.93
ch2_ohr_ncp_20250516T1342347288_d_img_d18_x11520_y10240.png,0.3051,0.0,627.06,14.38,639.93
ch2_ohr_ncp_20250516T1342347288_d_img_d18_x11520_y10240.png,0.2126,167.56,103.24,172.92,108.3
ch2_ohr_ncp_20250516T1342347288_d_img_d18_x11520_y16000.png,0.4487,131.98,629.47,139.19,636.03
ch2_ohr_ncp_20250516T1342347288_d_img_d18_x11520_y16000.png,0.3839,94.24,627.94,100.44,634.53
ch2_ohr_ncp_20250516T1342347288_d_img_d18_x11520_y16000.png,0.3345,95.74,554.91,102.34,561.95
ch2_ohr_ncp_20250516T1342347288_d_img_d18_x11520_y16000.png,0.2325,30.48,356.0,36.36,362.47
ch2_ohr_ncp_20250516T1342347288_d_img_d18_x11520_y16000.png,0.2089,126.81,499.3,132.29,504.35
ch2_ohr_ncp_20250516T1342347288_d_img_d18_x11520_y16640.png,0.2029,32.75,90.61,38.26,95.98
ch2_ohr_ncp_20250516T1342347288_d_img_d18_x11520_y17920.png,0.3067,22.37,561.72,30.43,567.95
ch2_ohr_ncp_20250516T1342347288_d_img_d18_x11520_y17920.png,0.2533,99.93,303.12,105.88,308.64
ch2_ohr_ncp_20250516T1342347288_d_img_d18_x11520_y17920.png,0.2282,166.35,417.5,173.74,425.32
ch2_ohr_ncp_20250516T1342347288_d_img_d18_x11520_y19200.png,0.2677,183.86,283.95,189.23,289.08
ch2_ohr_ncp_20250516T1342347288_d_img_d18_x11520_y19200.png,0.2218,34.8,284.0,39.18,289.6
ch2_ohr_ncp_20250516T1342347288_d_img_d18_x11520_y19200.png,0.2107,2.59,219.9,8.72,226.17
ch2_ohr_ncp_20250516T1342347288_d_img_d18_x11520_y24320.png,0.4282,30.72,419.27,36.22,425.08
ch2_ohr_ncp_20250516T1342347288_d_img_d18_x11520_y24320.png,0.3817,37.71,453.86,43.46,458.82
ch2_ohr_ncp_20250516T1342347288_d_img_d18_x11520_y24320.png,0.3063,37.82,454.14,44.02,460.0
ch2_ohr_ncp_20250516T1342347288_d_img_d18_x11520_y24320.png,0.2997,15.01,525.21,22.15,532.88
ch2_ohr_ncp_20250516T1342347288_d_img_d18_x11520_y24320.png,0.2947,189.53,400.43,196.36,405.94
ch2_ohr_ncp_20250516T1342347288_d_img_d18_x11520_y24320.png,0.245,188.0,400.3,194.89,405.56
ch2_ohr_ncp_20250516T1342347288_d_img_d18_x11520_y24320.png,0.2449,83.97,467.48,90.52,472.92
ch2_ohr_ncp_20250516T1342347288_d_img_d18_x11520_y24320.png,0.2445,83.74,392.36,88.98,397.55
ch2_ohr_ncp_20250516T1342347288_d_img_d18_x11520_y24320.png,0.2365,99.42,625.38,105.54,631.28
ch2_ohr_ncp_20250516T1342347288_d_img_d18_x11520_y24960.png,0.3083,8.21,616.07,13.1,620.96
ch2_ohr_ncp_20250516T1342347288_d_img_d18_x11520_y28160.png,0.5243,17.3,424.55,25.2,431.4
ch2_ohr_ncp_20250516T1342347288_d_img_d18_x11520_y28160.png,0.395,16.84,341.51,22.78,348.09
ch2_ohr_ncp_20250516T1342347288_d_img_d18_x11520_y28160.png,0.3439,78.4,607.04,86.63,614.43
ch2_ohr_ncp_20250516T1342347288_d_img_d18_x11520_y28160.png,0.2459,21.89,42.62,28.73,50.3
ch2_ohr_ncp_20250516T1342347288_d_img_d18_x11520_y28160.png,0.2396,26.57,417.62,37.57,429.15
ch2_ohr_ncp_20250516T1342347288_d_img_d18_x11520_y28160.png,0.2226,65.98,595.95,71.41,602.68
ch2_ohr_ncp_20250516T1342347288_d_img_d18_x11520_y30080.png,0.419,80.95,210.77,87.02,216.59
ch2_ohr_ncp_20250516T1342347288_d_img_d18_x11520_y30080.png,0.4037,34.14,230.47,40.53,236.37
ch2_ohr_ncp_20250516T1342347288_d_img_d18_x11520_y30080.png,0.4027,107.67,285.78,114.17,292.39
ch2_ohr_ncp_20250516T1342347288_d_img_d18_x11520_y30080.png,0.3693,231.19,412.94,237.12,420.13
ch2_ohr_ncp_20250516T1342347288_d_img_d18_x11520_y30080.png,0.3636,35.99,190.96,45.15,198.92
ch2_ohr_ncp_20250516T1342347288_d_img_d18_x11520_y30080.png,0.2918,200.71,426.29,207.65,433.84
ch2_ohr_ncp_20250516T1342347288_d_img_d18_x11520_y30080.png,0.2731,18.91,630.54,24.49,636.06
ch2_ohr_ncp_20250516T1342347288_d_img_d18_x11520_y30080.png,0.2637,182.3,277.62,188.04,282.66
ch2_ohr_ncp_20250516T1342347288_d_img_d18_x11520_y30080.png,0.2483,136.36,34.82,143.28,40.64
ch2_ohr_ncp_20250516T1342347288_d_img_d18_x11520_y30080.png,0.234,241.86,332.97,249.21,340.01
ch2_ohr_ncp_20250516T1342347288_d_img_d18_x11520_y30080.png,0.2234,123.97,235.42,130.03,240.82
ch2_ohr_ncp_20250516T1342347288_d_img_d18_x11520_y30080.png,0.2184,36.32,84.54,44.08,90.8
ch2_ohr_ncp_20250516T1342347288_d_img_d18_x11520_y30080.png,0.2152,170.25,498.21,174.68,502.08
ch2_ohr_ncp_20250516T1342347288_d_img_d18_x11520_y30080.png,0.2091,108.32,286.55,116.0,292.73
ch2_ohr_ncp_20250516T1342347288_d_img_d18_x11520_y30080.png,0.2046,6.86,409.89,13.06,415.74
ch2_ohr_ncp_20250516T1342347288_d_img_d18_x11520_y31360.png,0.4981,11.97,263.53,17.59,268.61
ch2_ohr_ncp_20250516T1342347288_d_img_d18_x11520_y31360.png,0.4342,15.54,232.67,21.03,238.62
ch2_ohr_ncp_20250516T1342347288_d_img_d18_x11520_y31360.png,0.3326,16.05,4.95,24.22,11.43
ch2_ohr_ncp_20250516T1342347288_d_img_d18_x11520_y31360.png,0.2671,6.3,50.25,12.15,54.72
ch2_ohr_ncp_20250516T1342347288_d_img_d18_x11520_y31360.png,0.2617,24.35,353.93,30.38,358.95
ch2_ohr_ncp_20250516T1342347288_d_img_d18_x11520_y31360.png,0.2612,104.6,310.15,112.46,316.49
ch2_ohr_ncp_20250516T1342347288_d_img_d18_x11520_y40320.png,0.2164,400.64,196.1,492.69,309.31
ch2_ohr_ncp_20250516T1342347288_d_img_d18_x11520_y40960.png,0.2132,8.43,211.63,13.57,216.47
ch2_ohr_ncp_20250516T1342347288_d_img_d18_x11520_y43520.png,0.4008,11.83,362.41,17.5,369.05
ch2_ohr_ncp_20250516T1342347288_d_img_d18_x11520_y44160.png,0.4098,17.2,346.65,23.09,351.83
ch2_ohr_ncp_20250516T1342347288_d_img_d18_x11520_y44800.png,0.2917,8.03,184.82,14.84,190.83
ch2_ohr_ncp_20250516T1342347288_d_img_d18_x11520_y44800.png,0.2265,59.97,528.27,66.62,535.96
ch2_ohr_ncp_20250516T1342347288_d_img_d18_x11520_y44800.png,0.2006,59.18,600.36,64.14,605.19
ch2_ohr_ncp_20250516T1342347288_d_img_d18_x11520_y51200.png,0.3786,22.25,501.59,28.05,506.93
ch2_ohr_ncp_20250516T1342347288_d_img_d18_x11520_y51200.png,0.2794,72.75,410.02,76.92,414.53
ch2_ohr_ncp_20250516T1342347288_d_img_d18_x11520_y51200.png,0.2438,8.27,411.99,13.21,417.25
ch2_ohr_ncp_20250516T1342347288_d_img_d18_x11520_y51200.png,0.2219,0.62,549.33,8.06,556.54
ch2_ohr_ncp_20250516T1342347288_d_img_d18_x11520_y51200.png,0.219,47.73,345.35,55.36,351.85
ch2_ohr_ncp_20250516T1342347288_d_img_d18_x11520_y51200.png,0.2062,0.0,369.97,4.51,375.41
ch2_ohr_ncp_20250516T1342347288_d_img_d18_x11520_y53760.png,0.4917,40.86,465.96,47.43,471.7
ch2_ohr_ncp_20250516T1342347288_d_img_d18_x11520_y56960.png,0.3056,74.32,282.49,81.72,288.74
ch2_ohr_ncp_20250516T1342347288_d_img_d18_x11520_y58880.png,0.4286,29.51,283.68,36.05,289.29
ch2_ohr_ncp_20250516T1342347288_d_img_d18_x11520_y58880.png,0.4045,34.6,163.02,41.46,171.55
ch2_ohr_ncp_20250516T1342347288_d_img_d18_x11520_y58880.png,0.3339,30.39,557.57,38.06,565.68
ch2_ohr_ncp_20250516T1342347288_d_img_d18_x11520_y58880.png,0.3198,56.33,416.73,62.07,422.28
ch2_ohr_ncp_20250516T1342347288_d_img_d18_x11520_y58880.png,0.3174,0.56,596.17,12.55,611.56
ch2_ohr_ncp_20250516T1342347288_d_img_d18_x11520_y58880.png,0.2841,51.78,623.74,57.78,629.49
ch2_ohr_ncp_20250516T1342347288_d_img_d18_x11520_y58880.png,0.2557,21.32,331.97,29.58,340.71
ch2_ohr_ncp_20250516T1342347288_d_img_d18_x11520_y58880.png,0.2253,155.88,587.38,163.33,594.61
ch2_ohr_ncp_20250516T1342347288_d_img_d18_x11520_y58880.png,0.225,43.93,138.49,49.73,144.07
ch2_ohr_ncp_20250516T1342347288_d_img_d18_x11520_y58880.png,0.2141,74.65,185.21,81.02,191.06
ch2_ohr_ncp_20250516T1342347288_d_img_d18_x11520_y61440.png,0.2353,7.31,624.14,12.56,629.22
ch2_ohr_ncp_20250516T1342347288_d_img_d18_x11520_y62720.png,0.3409,32.55,490.44,38.27,495.79
ch2_ohr_ncp_20250516T1342347288_d_img_d18_x11520_y62720.png,0.2027,6.6,589.82,13.5,596.04
ch2_ohr_ncp_20250516T1342347288_d_img_d18_x11520_y63360.png,0.2548,15.29,50.58,20.66,55.59
ch2_ohr_ncp_20250516T1342347288_d_img_d18_x11520_y64000.png,0.4214,26.32,382.21,32.07,388.71
ch2_ohr_ncp_20250516T1342347288_d_img_d18_x11520_y64640.png,0.3706,64.38,387.73,69.21,392.43
ch2_ohr_ncp_20250516T1342347288_d_img_d18_x11520_y64640.png,0.2376,131.33,280.93,136.94,286.95
ch2_ohr_ncp_20250516T1342347288_d_img_d18_x11520_y64640.png,0.2155,143.69,597.86,149.72,604.09
ch2_ohr_ncp_20250516T1342347288_d_img_d18_x11520_y65280.png,0.2013,15.76,291.46,21.09,296.4
ch2_ohr_ncp_20250516T1342347288_d_img_d18_x11520_y69120.png,0.281,16.65,259.14,20.96,263.62
ch2_ohr_ncp_20250516T1342347288_d_img_d18_x11520_y69120.png,0.2107,14.12,388.0,20.03,393.79
ch2_ohr_ncp_20250516T1342347288_d_img_d18_x11520_y70400.png,0.2849,42.93,354.41,49.96,362.12
ch2_ohr_ncp_20250516T1342347288_d_img_d18_x11520_y70400.png,0.2667,23.23,530.36,28.83,536.0
ch2_ohr_ncp_20250516T1342347288_d_img_d18_x11520_y70400.png,0.2461,35.99,611.91,44.06,620.06
ch2_ohr_ncp_20250516T1342347288_d_img_d18_x11520_y70400.png,0.2415,7.68,528.52,14.67,534.5
ch2_ohr_ncp_20250516T1342347288_d_img_d18_x11520_y70400.png,0.2321,144.0,555.98,149.93,562.15
ch2_ohr_ncp_20250516T1342347288_d_img_d18_x11520_y70400.png,0.2016,43.99,591.68,50.65,598.14
ch2_ohr_ncp_20250516T1342347288_d_img_d18_x11520_y72320.png,0.2625,14.58,616.25,20.08,621.89
ch2_ohr_ncp_20250516T1342347288_d_img_d18_x11520_y74880.png,0.3196,183.82,303.43,189.06,308.54
ch2_ohr_ncp_20250516T1342347288_d_img_d18_x11520_y74880.png,0.2285,39.71,533.65,45.77,540.2
ch2_ohr_ncp_20250516T1342347288_d_img_d18_x11520_y74880.png,0.2232,15.6,138.99,21.24,144.47
ch2_ohr_ncp_20250516T1342347288_d_img_d18_x11520_y76160.png,0.2386,45.91,560.49,52.74,566.93
ch2_ohr_ncp_20250516T1342347288_d_img_d18_x11520_y76160.png,0.2068,17.34,342.89,22.62,348.18
ch2_ohr_ncp_20250516T1342347288_d_img_d18_x11520_y76160.png,0.2045,10.01,201.1,16.63,207.13
ch2_ohr_ncp_20250516T1342347288_d_img_d18_x11520_y77440.png,0.2336,33.04,504.14,38.72,509.64
ch2_ohr_ncp_20250516T1342347288_d_img_d18_x11520_y78080.png,0.364,70.93,581.01,77.33,587.8
ch2_ohr_ncp_20250516T1342347288_d_img_d18_x11520_y78080.png,0.3016,49.67,559.34,54.94,564.57
ch2_ohr_ncp_20250516T1342347288_d_img_d18_x11520_y78080.png,0.2722,413.4,463.97,495.6,587.41
ch2_ohr_ncp_20250516T1342347288_d_img_d18_x11520_y78080.png,0.2689,118.21,314.78,124.96,322.29
ch2_ohr_ncp_20250516T1342347288_d_img_d18_x11520_y78080.png,0.2524,0.0,401.56,6.78,410.77
ch2_ohr_ncp_20250516T1342347288_d_img_d18_x11520_y78080.png,0.2086,129.23,420.0,135.26,426.3
ch2_ohr_ncp_20250516T1342347288_d_img_d18_x11520_y80000.png,0.4663,191.05,625.42,197.2,630.79
ch2_ohr_ncp_20250516T1342347288_d_img_d18_x11520_y80000.png,0.3874,205.44,387.11,213.21,393.41
ch2_ohr_ncp_20250516T1342347288_d_img_d18_x11520_y80000.png,0.3314,144.08,91.96,149.32,97.77
ch2_ohr_ncp_20250516T1342347288_d_img_d18_x11520_y80000.png,0.2972,184.11,389.31,192.59,397.1
ch2_ohr_ncp_20250516T1342347288_d_img_d18_x11520_y80000.png,0.2715,171.97,255.29,177.93,262.07
ch2_ohr_ncp_20250516T1342347288_d_img_d18_x11520_y80000.png,0.259,46.27,633.61,53.65,639.71
ch2_ohr_ncp_20250516T1342347288_d_img_d18_x11520_y80000.png,0.2395,265.58,601.13,270.9,605.76
ch2_ohr_ncp_20250516T1342347288_d_img_d18_x11520_y80000.png,0.2345,128.89,187.77,134.35,192.54
ch2_ohr_ncp_20250516T1342347288_d_img_d18_x11520_y80000.png,0.2285,56.2,606.0,61.99,613.12
ch2_ohr_ncp_20250516T1342347288_d_img_d18_x11520_y80000.png,0.2246,71.35,123.98,76.03,128.66
ch2_ohr_ncp_20250516T1342347288_d_img_d18_x11520_y80000.png,0.2196,130.87,507.18,137.21,514.01
ch2_ohr_ncp_20250516T1342347288_d_img_d18_x11520_y80000.png,0.2184,153.6,169.04,159.16,173.88
ch2_ohr_ncp_20250516T1342347288_d_img_d18_x11520_y80640.png,0.4653,64.88,199.9,70.84,204.64
ch2_ohr_ncp_20250516T1342347288_d_img_d18_x11520_y80640.png,0.4398,55.35,26.86,60.8,31.87
ch2_ohr_ncp_20250516T1342347288_d_img_d18_x11520_y80640.png,0.4161,43.98,207.34,49.67,213.44
ch2_ohr_ncp_20250516T1342347288_d_img_d18_x11520_y80640.png,0.4083,162.67,395.09,170.35,402.86
ch2_ohr_ncp_20250516T1342347288_d_img_d18_x11520_y80640.png,0.3353,71.73,251.14,78.58,257.93
ch2_ohr_ncp_20250516T1342347288_d_img_d18_x11520_y80640.png,0.2797,199.77,287.41,206.06,293.02
ch2_ohr_ncp_20250516T1342347288_d_img_d18_x11520_y80640.png,0.27,162.67,406.32,169.61,412.24
ch2_ohr_ncp_20250516T1342347288_d_img_d18_x11520_y80640.png,0.2555,32.86,138.55,37.15,142.78
ch2_ohr_ncp_20250516T1342347288_d_img_d18_x11520_y80640.png,0.2389,206.46,257.95,212.56,263.12
ch2_ohr_ncp_20250516T1342347288_d_img_d18_x11520_y84480.png,0.5,21.31,7.78,34.5,20.48
ch2_ohr_ncp_20250516T1342347288_d_img_d18_x11520_y84480.png,0.417,5.55,186.41,12.75,193.8
ch2_ohr_ncp_20250516T1342347288_d_img_d18_x11520_y84480.png,0.3203,0.29,107.89,8.27,114.88
ch2_ohr_ncp_20250516T1342347288_d_img_d18_x11520_y84480.png,0.3034,158.84,615.47,164.31,621.16
ch2_ohr_ncp_20250516T1342347288_d_img_d18_x11520_y84480.png,0.303,16.93,72.58,23.73,80.7
ch2_ohr_ncp_20250516T1342347288_d_img_d18_x11520_y84480.png,0.2972,209.83,587.9,215.01,593.06
ch2_ohr_ncp_20250516T1342347288_d_img_d18_x11520_y84480.png,0.2547,16.44,384.88,25.41,392.69
ch2_ohr_ncp_20250516T1342347288_d_img_d18_x11520_y84480.png,0.2434,208.53,254.71,215.99,261.29
ch2_ohr_ncp_20250516T1342347288_d_img_d18_x11520_y85120.png,0.2443,0.16,270.37,12.98,288.47
ch2_ohr_ncp_20250516T1342347288_d_img_d18_x11520_y86400.png,0.3103,27.96,487.93,33.37,492.65
ch2_ohr_ncp_20250516T1342347288_d_img_d18_x11520_y86400.png,0.2091,56.82,621.94,61.36,628.01
ch2_ohr_ncp_20250516T1342347288_d_img_d18_x11520_y87040.png,0.2111,169.44,264.78,174.8,270.53
ch2_ohr_ncp_20250516T1540191774_d_img_d18_x11520_y00000.png,0.6077,269.15,46.82,277.75,55.15
ch2_ohr_ncp_20250516T1540191774_d_img_d18_x11520_y00000.png,0.6023,103.5,411.23,109.74,418.89
ch2_ohr_ncp_20250516T1540191774_d_img_d18_x11520_y00000.png,0.5891,176.57,451.99,182.7,458.22
ch2_ohr_ncp_20250516T1540191774_d_img_d18_x11520_y00000.png,0.4352,177.11,452.83,184.02,458.11
ch2_ohr_ncp_20250516T1540191774_d_img_d18_x11520_y00000.png,0.4276,121.79,330.12,131.85,340.82
ch2_ohr_ncp_20250516T1540191774_d_img_d18_x11520_y00000.png,0.4201,358.62,23.42,364.43,28.72
ch2_ohr_ncp_20250516T1540191774_d_img_d18_x11520_y00000.png,0.3599,358.94,19.97,365.69,27.16
ch2_ohr_ncp_20250516T1540191774_d_img_d18_x11520_y00000.png,0.3512,34.31,13.08,42.01,20.02
ch2_ohr_ncp_20250516T1540191774_d_img_d18_x11520_y00000.png,0.3497,95.25,627.72,101.12,633.14
ch2_ohr_ncp_20250516T1540191774_d_img_d18_x11520_y00000.png,0.3417,126.87,397.84,132.12,404.0
ch2_ohr_ncp_20250516T1540191774_d_img_d18_x11520_y00000.png,0.2738,147.21,140.0,152.11,145.37
ch2_ohr_ncp_20250516T1540191774_d_img_d18_x11520_y00000.png,0.2597,242.77,31.68,249.35,38.28
ch2_ohr_ncp_20250516T1540191774_d_img_d18_x11520_y00000.png,0.2504,0.0,0.0,52.08,19.28
ch2_ohr_ncp_20250516T1540191774_d_img_d18_x11520_y00000.png,0.2455,246.23,40.49,253.46,47.71
ch2_ohr_ncp_20250516T1540191774_d_img_d18_x11520_y00000.png,0.2264,0.0,529.34,4.95,535.66
ch2_ohr_ncp_20250516T1540191774_d_img_d18_x11520_y00000.png,0.2252,106.73,13.41,113.37,20.01
ch2_ohr_ncp_20250516T1540191774_d_img_d18_x11520_y00000.png,0.2207,126.81,396.0,132.17,402.63
ch2_ohr_ncp_20250516T1540191774_d_img_d18_x11520_y02560.png,0.3848,37.88,263.88,44.05,269.71
ch2_ohr_ncp_20250516T1540191774_d_img_d18_x11520_y02560.png,0.2704,121.84,212.9,129.76,221.03
ch2_ohr_ncp_20250516T1540191774_d_img_d18_x11520_y02560.png,0.2436,123.86,350.45,129.66,356.06
ch2_ohr_ncp_20250516T1540191774_d_img_d18_x11520_y02560.png,0.2203,217.0,27.87,225.29,36.08
ch2_ohr_ncp_20250516T1540191774_d_img_d18_x11520_y02560.png,0.2184,211.59,230.56,216.29,236.0
ch2_ohr_ncp_20250516T1540191774_d_img_d18_x11520_y02560.png,0.2048,278.99,34.6,284.07,39.75
ch2_ohr_ncp_20250516T1540191774_d_img_d18_x11520_y03200.png,0.3767,39.75,171.19,44.99,176.21
ch2_ohr_ncp_20250516T1540191774_d_img_d18_x11520_y04480.png,0.4855,17.39,575.92,21.93,580.5
ch2_ohr_ncp_20250516T1540191774_d_img_d18_x11520_y04480.png,0.3987,3.66,360.46,40.68,403.79
ch2_ohr_ncp_20250516T1540191774_d_img_d18_x11520_y04480.png,0.3863,1.01,444.04,12.23,453.2
ch2_ohr_ncp_20250516T1540191774_d_img_d18_x11520_y04480.png,0.3726,153.43,31.27,159.11,37.48
ch2_ohr_ncp_20250516T1540191774_d_img_d18_x11520_y04480.png,0.3708,95.48,483.99,101.53,491.12
ch2_ohr_ncp_20250516T1540191774_d_img_d18_x11520_y04480.png,0.3401,1.51,599.61,8.32,605.2
ch2_ohr_ncp_20250516T1540191774_d_img_d18_x11520_y04480.png,0.2903,89.61,608.32,95.49,613.79
ch2_ohr_ncp_20250516T1540191774_d_img_d18_x11520_y04480.png,0.2783,105.28,576.47,111.33,581.91
ch2_ohr_ncp_20250516T1540191774_d_img_d18_x11520_y04480.png,0.2586,71.28,410.09,78.48,417.05
ch2_ohr_ncp_20250516T1540191774_d_img_d18_x11520_y04480.png,0.2376,126.35,505.21,132.61,510.51
ch2_ohr_ncp_20250516T1540191774_d_img_d18_x11520_y04480.png,0.2125,60.74,388.29,69.71,396.53
ch2_ohr_ncp_20250516T1540191774_d_img_d18_x11520_y04480.png,0.2086,14.29,512.37,20.68,518.55
ch2_ohr_ncp_20250516T1540191774_d_img_d18_x11520_y07040.png,0.5099,10.69,31.55,17.49,37.83
ch2_ohr_ncp_20250516T1540191774_d_img_d18_x11520_y07040.png,0.4741,98.25,72.51,103.44,77.24
ch2_ohr_ncp_20250516T1540191774_d_img_d18_x11520_y07040.png,0.4613,95.11,506.46,102.27,513.81
ch2_ohr_ncp_20250516T1540191774_d_img_d18_x11520_y07040.png,0.4425,136.82,628.0,141.61,633.97
ch2_ohr_ncp_20250516T1540191774_d_img_d18_x11520_y07040.png,0.415,78.96,601.24,86.58,608.76
ch2_ohr_ncp_20250516T1540191774_d_img_d18_x11520_y07040.png,0.3847,135.99,629.29,141.49,634.16
ch2_ohr_ncp_20250516T1540191774_d_img_d18_x11520_y07040.png,0.3565,200.17,0.66,208.84,7.88
ch2_ohr_ncp_20250516T1540191774_d_img_d18_x11520_y07040.png,0.3106,191.83,163.82,197.27,168.68
ch2_ohr_ncp_20250516T1540191774_d_img_d18_x11520_y07040.png,0.2947,94.99,130.31,101.5,135.91
ch2_ohr_ncp_20250516T1540191774_d_img_d18_x11520_y07040.png,0.2617,56.72,143.47,63.33,149.6
ch2_ohr_ncp_20250516T1540191774_d_img_d18_x11520_y07040.png,0.2396,147.65,127.91,152.4,132.51
ch2_ohr_ncp_20250516T1540191774_d_img_d18_x11520_y07040.png,0.2097,216.48,288.42,223.35,293.84
ch2_ohr_ncp_20250516T1540191774_d_img_d18_x11520_y11520.png,0.5643,7.47,305.71,14.49,313.19
ch2_ohr_ncp_20250516T1540191774_d_img_d18_x11520_y11520.png,0.4199,169.91,591.81,176.1,597.75
ch2_ohr_ncp_20250516T1540191774_d_img_d18_x11520_y11520.png,0.4045,31.22,560.45,36.2,565.05
ch2_ohr_ncp_20250516T1540191774_d_img_d18_x11520_y11520.png,0.2751,205.57,605.83,212.83,612.44
ch2_ohr_ncp_20250516T1540191774_d_img_d18_x11520_y11520.png,0.2435,53.83,332.98,63.36,344.0
ch2_ohr_ncp_20250516T1540191774_d_img_d18_x11520_y11520.png,0.2317,27.6,447.28,31.85,453.73
ch2_ohr_ncp_20250516T1540191774_d_img_d18_x11520_y11520.png,0.2295,54.81,537.05,60.23,542.0
ch2_ohr_ncp_20250516T1540191774_d_img_d18_x11520_y11520.png,0.2262,128.9,569.49,135.23,577.04
ch2_ohr_ncp_20250516T1540191774_d_img_d18_x11520_y11520.png,0.2202,191.58,603.02,196.06,607.44
ch2_ohr_ncp_20250516T1540191774_d_img_d18_x11520_y11520.png,0.2184,136.62,358.62,143.72,368.33
ch2_ohr_ncp_20250516T1540191774_d_img_d18_x11520_y12160.png,0.6398,51.83,270.74,57.1,276.21
ch2_ohr_ncp_20250516T1540191774_d_img_d18_x11520_y12160.png,0.6287,43.77,367.17,49.73,373.15
ch2_ohr_ncp_20250516T1540191774_d_img_d18_x11520_y12160.png,0.5592,15.23,354.54,21.15,361.73
ch2_ohr_ncp_20250516T1540191774_d_img_d18_x11520_y12160.png,0.5335,270.05,593.06,278.77,601.99
ch2_ohr_ncp_20250516T1540191774_d_img_d18_x11520_y12160.png,0.4987,157.48,268.84,165.01,276.93
ch2_ohr_ncp_20250516T1540191774_d_img_d18_x11520_y12160.png,0.4617,207.03,56.22,212.9,62.21
ch2_ohr_ncp_20250516T1540191774_d_img_d18_x11520_y12160.png,0.4538,51.98,73.48,56.99,78.29
ch2_ohr_ncp_20250516T1540191774_d_img_d18_x11520_y12160.png,0.3986,147.53,519.52,158.07,527.31
ch2_ohr_ncp_20250516T1540191774_d_img_d18_x11520_y12160.png,0.3835,111.93,83.97,117.25,89.79
ch2_ohr_ncp_20250516T1540191774_d_img_d18_x11520_y12160.png,0.3812,37.71,251.94,44.08,258.5
ch2_ohr_ncp_20250516T1540191774_d_img_d18_x11520_y12160.png,0.3795,45.68,562.01,52.01,567.25
ch2_ohr_ncp_20250516T1540191774_d_img_d18_x11520_y12160.png,0.3658,166.47,317.57,173.78,325.5
ch2_ohr_ncp_20250516T1540191774_d_img_d18_x11520_y12160.png,0.3592,57.59,176.36,63.44,182.0
ch2_ohr_ncp_20250516T1540191774_d_img_d18_x11520_y12160.png,0.3222,39.57,490.92,44.89,495.97
ch2_ohr_ncp_20250516T1540191774_d_img_d18_x11520_y12160.png,0.2895,44.26,570.17,61.66,589.46
ch2_ohr_ncp_20250516T1540191774_d_img_d18_x11520_y12160.png,0.2692,233.83,628.0,238.91,634.35
ch2_ohr_ncp_20250516T1540191774_d_img_d18_x11520_y12160.png,0.2565,231.99,629.71,237.81,635.03
ch2_ohr_ncp_20250516T1540191774_d_img_d18_x11520_y12160.png,0.2486,233.19,629.91,238.38,636.01
ch2_ohr_ncp_20250516T1540191774_d_img_d18_x11520_y12160.png,0.2472,178.0,529.2,183.35,534.63
ch2_ohr_ncp_20250516T1540191774_d_img_d18_x11520_y12160.png,0.2446,27.6,321.55,33.24,327.23
ch2_ohr_ncp_20250516T1540191774_d_img_d18_x11520_y12160.png,0.2378,64.56,151.68,70.76,157.25
ch2_ohr_ncp_20250516T1540191774_d_img_d18_x11520_y12160.png,0.2284,110.3,491.99,117.17,499.12
ch2_ohr_ncp_20250516T1540191774_d_img_d18_x11520_y12160.png,0.2242,238.83,199.37,248.58,210.1
ch2_ohr_ncp_20250516T1540191774_d_img_d18_x11520_y12160.png,0.2159,107.99,162.4,115.94,169.99
ch2_ohr_ncp_20250516T1540191774_d_img_d18_x11520_y12160.png,0.2072,27.71,365.93,32.07,372.0
ch2_ohr_ncp_20250516T1540191774_d_img_d18_x11520_y12160.png,0.2022,106.37,19.97,111.71,25.17
ch2_ohr_ncp_20250516T1540191774_d_img_d18_x11520_y14720.png,0.3492,27.99,538.9,35.66,546.3
ch2_ohr_ncp_20250516T1540191774_d_img_d18_x11520_y16000.png,0.3416,175.6,339.02,181.43,345.37
ch2_ohr_ncp_20250516T1540191774_d_img_d18_x11520_y16000.png,0.335,7.64,443.37,13.63,451.47
ch2_ohr_ncp_20250516T1540191774_d_img_d18_x11520_y16000.png,0.2774,55.33,629.94,62.57,637.04
ch2_ohr_ncp_20250516T1540191774_d_img_d18_x11520_y16000.png,0.2597,95.6,568.03,101.57,574.62
ch2_ohr_ncp_20250516T1540191774_d_img_d18_x11520_y16000.png,0.2201,34.24,0.0,44.44,5.77
ch2_ohr_ncp_20250516T1540191774_d_img_d18_x11520_y16000.png,0.2065,29.12,374.29,36.65,381.44
ch2_ohr_ncp_20250516T1540191774_d_img_d18_x11520_y16000.png,0.2064,35.92,47.11,42.12,53.19
ch2_ohr_ncp_20250516T1540191774_d_img_d18_x11520_y16000.png,0.206,11.99,425.65,18.38,431.44
ch2_ohr_ncp_20250516T1540191774_d_img_d18_x11520_y16640.png,0.5905,33.52,509.04,42.17,516.94
ch2_ohr_ncp_20250516T1540191774_d_img_d18_x11520_y16640.png,0.4313,20.75,548.27,25.75,552.96
ch2_ohr_ncp_20250516T1540191774_d_img_d18_x11520_y16640.png,0.4307,71.61,570.38,78.94,578.24
ch2_ohr_ncp_20250516T1540191774_d_img_d18_x11520_y16640.png,0.4275,21.39,622.07,29.01,629.14
ch2_ohr_ncp_20250516T1540191774_d_img_d18_x11520_y16640.png,0.404,94.8,419.81,100.18,425.35
ch2_ohr_ncp_20250516T1540191774_d_img_d18_x11520_y16640.png,0.3925,193.45,582.37,200.54,588.64
ch2_ohr_ncp_20250516T1540191774_d_img_d18_x11520_y16640.png,0.3822,93.22,609.78,100.03,616.87
ch2_ohr_ncp_20250516T1540191774_d_img_d18_x11520_y16640.png,0.3532,121.19,435.99,126.91,442.71
ch2_ohr_ncp_20250516T1540191774_d_img_d18_x11520_y16640.png,0.3116,95.59,325.78,101.64,332.0
ch2_ohr_ncp_20250516T1540191774_d_img_d18_x11520_y16640.png,0.311,9.63,31.79,17.37,39.13
ch2_ohr_ncp_20250516T1540191774_d_img_d18_x11520_y16640.png,0.2878,104.12,235.61,110.56,241.75
ch2_ohr_ncp_20250516T1540191774_d_img_d18_x11520_y17920.png,0.4995,11.24,438.2,17.75,444.86
ch2_ohr_ncp_20250516T1540191774_d_img_d18_x11520_y17920.png,0.4188,75.22,552.86,82.97,560.32
ch2_ohr_ncp_20250516T1540191774_d_img_d18_x11520_y17920.png,0.4175,184.76,490.34,192.78,498.56
ch2_ohr_ncp_20250516T1540191774_d_img_d18_x11520_y17920.png,0.3551,75.75,474.83,82.05,481.8
ch2_ohr_ncp_20250516T1540191774_d_img_d18_x11520_y17920.png,0.3535,41.26,33.74,47.24,38.89
ch2_ohr_ncp_20250516T1540191774_d_img_d18_x11520_y17920.png,0.3004,218.07,505.51,222.95,510.54
ch2_ohr_ncp_20250516T1540191774_d_img_d18_x11520_y17920.png,0.27,77.68,458.83,86.56,468.25
ch2_ohr_ncp_20250516T1540191774_d_img_d18_x11520_y17920.png,0.2685,23.18,3.4,31.37,9.86
ch2_ohr_ncp_20250516T1540191774_d_img_d18_x11520_y17920.png,0.2421,201.15,574.02,207.51,580.04
ch2_ohr_ncp_20250516T1540191774_d_img_d18_x11520_y17920.png,0.2365,0.03,473.38,5.83,481.18
ch2_ohr_ncp_20250516T1540191774_d_img_d18_x11520_y17920.png,0.2285,158.69,81.41,164.25,86.51
ch2_ohr_ncp_20250516T1540191774_d_img_d18_x11520_y17920.png,0.2238,118.7,455.19,125.16,461.22
ch2_ohr_ncp_20250516T1540191774_d_img_d18_x11520_y17920.png,0.2198,128.32,543.01,133.52,548.38
ch2_ohr_ncp_20250516T1540191774_d_img_d18_x11520_y17920.png,0.2113,207.97,346.54,216.19,353.85
ch2_ohr_ncp_20250516T1540191774_d_img_d18_x11520_y19840.png,0.4271,33.63,87.99,39.29,93.29
ch2_ohr_ncp_20250516T1540191774_d_img_d18_x11520_y19840.png,0.3576,55.56,121.41,61.08,127.3
ch2_ohr_ncp_20250516T1540191774_d_img_d18_x11520_y19840.png,0.3496,61.53,157.84,68.04,164.47
ch2_ohr_ncp_20250516T1540191774_d_img_d18_x11520_y19840.png,0.2834,80.57,132.0,85.19,138.02
ch2_ohr_ncp_20250516T1540191774_d_img_d18_x11520_y19840.png,0.2646,73.52,42.86,79.64,47.98
ch2_ohr_ncp_20250516T1540191774_d_img_d18_x11520_y19840.png,0.2582,59.99,158.02,67.21,164.57
ch2_ohr_ncp_20250516T1540191774_d_img_d18_x11520_y19840.png,0.2561,163.18,15.23,168.39,20.73
ch2_ohr_ncp_20250516T1540191774_d_img_d18_x11520_y19840.png,0.2368,81.03,154.46,85.36,158.39
ch2_ohr_ncp_20250516T1540191774_d_img_d18_x11520_y24320.png,0.64,146.22,99.96,157.9,110.52
ch2_ohr_ncp_20250516T1540191774_d_img_d18_x11520_y24320.png,0.6081,38.64,410.27,46.04,417.77
ch2_ohr_ncp_20250516T1540191774_d_img_d18_x11520_y24320.png,0.4875,31.9,401.78,38.12,407.79
ch2_ohr_ncp_20250516T1540191774_d_img_d18_x11520_y24320.png,0.472,243.64,118.8,248.41,124.04
ch2_ohr_ncp_20250516T1540191774_d_img_d18_x11520_y24320.png,0.4424,48.33,289.16,53.36,294.69
ch2_ohr_ncp_20250516T1540191774_d_img_d18_x11520_y24320.png,0.3895,163.92,215.9,169.2,221.12
ch2_ohr_ncp_20250516T1540191774_d_img_d18_x11520_y24320.png,0.3876,122.87,338.95,130.15,345.76
ch2_ohr_ncp_20250516T1540191774_d_img_d18_x11520_y24320.png,0.3874,249.42,155.1,257.38,161.63
ch2_ohr_ncp_20250516T1540191774_d_img_d18_x11520_y24320.png,0.3585,137.33,325.24,143.96,333.13
ch2_ohr_ncp_20250516T1540191774_d_img_d18_x11520_y24320.png,0.3078,238.53,6.95,251.31,19.45
ch2_ohr_ncp_20250516T1540191774_d_img_d18_x11520_y24320.png,0.2968,117.13,360.0,124.01,365.4
ch2_ohr_ncp_20250516T1540191774_d_img_d18_x11520_y24320.png,0.2772,274.17,39.52,280.6,46.0
ch2_ohr_ncp_20250516T1540191774_d_img_d18_x11520_y24320.png,0.2637,74.03,127.69,84.65,139.6
ch2_ohr_ncp_20250516T1540191774_d_img_d18_x11520_y24320.png,0.2544,183.65,11.71,191.7,20.08
ch2_ohr_ncp_20250516T1540191774_d_img_d18_x11520_y24320.png,0.2506,24.7,299.71,30.18,304.46
ch2_ohr_ncp_20250516T1540191774_d_img_d18_x11520_y24320.png,0.2484,272.07,169.75,278.13,175.14
ch2_ohr_ncp_20250516T1540191774_d_img_d18_x11520_y24320.png,0.2449,238.19,210.4,245.31,217.87
ch2_ohr_ncp_20250516T1540191774_d_img_d18_x11520_y24320.png,0.2428,170.24,53.77,177.66,60.03
ch2_ohr_ncp_20250516T1540191774_d_img_d18_x11520_y24320.png,0.2399,119.65,385.73,124.41,389.55
ch2_ohr_ncp_20250516T1540191774_d_img_d18_x11520_y24320.png,0.2386,185.22,609.11,191.21,614.39
ch2_ohr_ncp_20250516T1540191774_d_img_d18_x11520_y24320.png,0.2383,8.96,419.56,13.13,424.04
ch2_ohr_ncp_20250516T1540191774_d_img_d18_x11520_y24320.png,0.2223,340.03,68.34,346.56,74.41
ch2_ohr_ncp_20250516T1540191774_d_img_d18_x11520_y24320.png,0.2164,145.44,177.55,153.53,186.01
ch2_ohr_ncp_20250516T1540191774_d_img_d18_x11520_y24320.png,0.2134,72.83,147.99,79.26,154.3
ch2_ohr_ncp_20250516T1540191774_d_img_d18_x11520_y24320.png,0.2096,31.21,287.6,37.0,293.62
ch2_ohr_ncp_20250516T1540191774_d_img_d18_x11520_y24320.png,0.208,106.93,418.3,111.83,422.88
ch2_ohr_ncp_20250516T1540191774_d_img_d18_x11520_y24320.png,0.201,86.82,521.99,93.41,527.53
ch2_ohr_ncp_20250516T1540191774_d_img_d18_x11520_y24960.png,0.5038,150.37,570.35,157.19,576.35
ch2_ohr_ncp_20250516T1540191774_d_img_d18_x11520_y24960.png,0.4521,208.03,522.96,213.9,528.15
ch2_ohr_ncp_20250516T1540191774_d_img_d18_x11520_y24960.png,0.3978,214.38,596.34,219.76,601.56
ch2_ohr_ncp_20250516T1540191774_d_img_d18_x11520_y24960.png,0.395,244.87,595.48,250.99,600.78
ch2_ohr_ncp_20250516T1540191774_d_img_d18_x11520_y24960.png,0.3408,151.4,435.92,159.21,441.45
ch2_ohr_ncp_20250516T1540191774_d_img_d18_x11520_y24960.png,0.3348,186.91,571.27,195.23,580.08
ch2_ohr_ncp_20250516T1540191774_d_img_d18_x11520_y24960.png,0.329,9.01,617.46,16.15,623.99
ch2_ohr_ncp_20250516T1540191774_d_img_d18_x11520_y24960.png,0.3267,110.23,494.38,122.34,506.08
ch2_ohr_ncp_20250516T1540191774_d_img_d18_x11520_y24960.png,0.3032,51.94,474.74,58.49,481.09
ch2_ohr_ncp_20250516T1540191774_d_img_d18_x11520_y24960.png,0.2888,174.67,525.48,180.2,532.04
ch2_ohr_ncp_20250516T1540191774_d_img_d18_x11520_y24960.png,0.2856,202.09,590.08,208.29,596.3
ch2_ohr_ncp_20250516T1540191774_d_img_d18_x11520_y24960.png,0.267,211.29,569.92,217.94,575.6
ch2_ohr_ncp_20250516T1540191774_d_img_d18_x11520_y24960.png,0.2535,249.74,395.15,259.05,404.78
ch2_ohr_ncp_20250516T1540191774_d_img_d18_x11520_y24960.png,0.2374,155.79,503.54,162.44,509.52
ch2_ohr_ncp_20250516T1540191774_d_img_d18_x11520_y24960.png,0.2346,43.96,556.0,48.48,560.78
ch2_ohr_ncp_20250516T1540191774_d_img_d18_x11520_y24960.png,0.231,83.35,517.16,92.97,525.56
ch2_ohr_ncp_20250516T1540191774_d_img_d18_x11520_y24960.png,0.2202,209.09,258.45,214.32,263.06
ch2_ohr_ncp_20250516T1540191774_d_img_d18_x11520_y24960.png,0.2124,199.81,499.53,204.89,504.47
ch2_ohr_ncp_20250516T1540191774_d_img_d18_x11520_y24960.png,0.2062,135.98,455.02,145.16,465.44
ch2_ohr_ncp_20250516T1540191774_d_img_d18_x11520_y26240.png,0.5325,102.57,25.87,111.25,33.92
ch2_ohr_ncp_20250516T1540191774_d_img_d18_x11520_y26240.png,0.4325,145.11,215.57,150.02,220.14
ch2_ohr_ncp_20250516T1540191774_d_img_d18_x11520_y26240.png,0.4208,49.8,71.54,57.07,78.04
ch2_ohr_ncp_20250516T1540191774_d_img_d18_x11520_y26240.png,0.4066,170.16,65.15,176.97,73.03
ch2_ohr_ncp_20250516T1540191774_d_img_d18_x11520_y26240.png,0.3553,151.06,174.75,156.35,180.02
ch2_ohr_ncp_20250516T1540191774_d_img_d18_x11520_y26240.png,0.3517,151.15,603.14,156.26,608.65
ch2_ohr_ncp_20250516T1540191774_d_img_d18_x11520_y26240.png,0.3442,127.86,86.77,135.6,93.52
ch2_ohr_ncp_20250516T1540191774_d_img_d18_x11520_y26240.png,0.3364,64.48,51.77,70.53,57.17
ch2_ohr_ncp_20250516T1540191774_d_img_d18_x11520_y26240.png,0.3299,46.83,203.99,52.57,209.79
ch2_ohr_ncp_20250516T1540191774_d_img_d18_x11520_y26240.png,0.3105,11.97,38.25,17.47,44.01
ch2_ohr_ncp_20250516T1540191774_d_img_d18_x11520_y26240.png,0.2945,219.78,43.96,228.86,51.55
ch2_ohr_ncp_20250516T1540191774_d_img_d18_x11520_y26240.png,0.2921,5.37,608.01,12.04,614.08
ch2_ohr_ncp_20250516T1540191774_d_img_d18_x11520_y26240.png,0.2901,19.81,320.44,26.51,326.26
ch2_ohr_ncp_20250516T1540191774_d_img_d18_x11520_y26240.png,0.2891,111.56,467.86,116.68,474.93
ch2_ohr_ncp_20250516T1540191774_d_img_d18_x11520_y26240.png,0.2886,150.96,228.58,159.96,238.43
ch2_ohr_ncp_20250516T1540191774_d_img_d18_x11520_y26240.png,0.2753,37.38,7.79,47.04,16.71
ch2_ohr_ncp_20250516T1540191774_d_img_d18_x11520_y26240.png,0.267,147.25,68.0,152.08,74.09
ch2_ohr_ncp_20250516T1540191774_d_img_d18_x11520_y26240.png,0.2643,175.76,185.41,181.2,190.83
ch2_ohr_ncp_20250516T1540191774_d_img_d18_x11520_y26240.png,0.2502,16.45,426.31,24.32,433.97
ch2_ohr_ncp_20250516T1540191774_d_img_d18_x11520_y26240.png,0.2489,63.71,239.84,69.45,246.74
ch2_ohr_ncp_20250516T1540191774_d_img_d18_x11520_y26240.png,0.2444,15.57,222.18,21.02,228.01
ch2_ohr_ncp_20250516T1540191774_d_img_d18_x11520_y26240.png,0.2204,35.97,343.65,43.02,350.01
ch2_ohr_ncp_20250516T1540191774_d_img_d18_x11520_y26240.png,0.2192,0.0,28.91,7.76,36.67
ch2_ohr_ncp_20250516T1540191774_d_img_d18_x11520_y26240.png,0.2099,12.9,593.31,20.61,601.35
ch2_ohr_ncp_20250516T1540191774_d_img_d18_x11520_y26240.png,0.2073,145.67,115.4,152.27,120.98
ch2_ohr_ncp_20250516T1540191774_d_img_d18_x11520_y26240.png,0.2069,5.19,434.51,12.0,439.62
ch2_ohr_ncp_20250516T1540191774_d_img_d18_x11520_y26240.png,0.2021,101.92,24.0,110.79,33.39
ch2_ohr_ncp_20250516T1540191774_d_img_d18_x11520_y28800.png,0.4402,56.43,147.82,63.33,154.97
ch2_ohr_ncp_20250516T1540191774_d_img_d18_x11520_y28800.png,0.3715,63.47,371.61,68.13,376.05
ch2_ohr_ncp_20250516T1540191774_d_img_d18_x11520_y28800.png,0.3562,2.14,285.28,12.01,294.8
ch2_ohr_ncp_20250516T1540191774_d_img_d18_x11520_y28800.png,0.3326,1.01,457.38,16.06,476.01
ch2_ohr_ncp_20250516T1540191774_d_img_d18_x11520_y28800.png,0.331,65.11,184.06,72.48,190.27
ch2_ohr_ncp_20250516T1540191774_d_img_d18_x11520_y28800.png,0.33,191.46,327.67,196.8,334.66
ch2_ohr_ncp_20250516T1540191774_d_img_d18_x11520_y28800.png,0.2882,166.11,339.96,172.32,346.17
ch2_ohr_ncp_20250516T1540191774_d_img_d18_x11520_y28800.png,0.2434,64.41,4.18,72.05,9.99
ch2_ohr_ncp_20250516T1540191774_d_img_d18_x11520_y28800.png,0.2389,48.21,87.85,53.79,93.4
ch2_ohr_ncp_20250516T1540191774_d_img_d18_x11520_y28800.png,0.2365,253.71,287.8,260.77,294.36
ch2_ohr_ncp_20250516T1540191774_d_img_d18_x11520_y28800.png,0.2325,137.71,143.23,143.51,148.85
ch2_ohr_ncp_20250516T1540191774_d_img_d18_x11520_y28800.png,0.2314,45.29,250.97,52.0,256.68
ch2_ohr_ncp_20250516T1540191774_d_img_d18_x11520_y28800.png,0.2009,34.39,394.77,40.0,400.56
ch2_ohr_ncp_20250516T1540191774_d_img_d18_x11520_y30080.png,0.3721,15.72,520.01,24.68,530.04
ch2_ohr_ncp_20250516T1540191774_d_img_d18_x11520_y30080.png,0.348,0.02,443.6,6.11,452.03
ch2_ohr_ncp_20250516T1540191774_d_img_d18_x11520_y30080.png,0.3207,46.06,245.97,52.03,252.01
ch2_ohr_ncp_20250516T1540191774_d_img_d18_x11520_y30080.png,0.2743,3.22,266.63,9.8,274.31
ch2_ohr_ncp_20250516T1540191774_d_img_d18_x11520_y30080.png,0.2413,53.29,337.98,62.11,348.85
ch2_ohr_ncp_20250516T1540191774_d_img_d18_x11520_y30080.png,0.2381,165.05,327.79,170.52,332.78
ch2_ohr_ncp_20250516T1540191774_d_img_d18_x11520_y30080.png,0.2178,102.03,344.09,108.61,351.03
ch2_ohr_ncp_20250516T1540191774_d_img_d18_x11520_y30080.png,0.2143,4.49,206.74,19.29,221.55
ch2_ohr_ncp_20250516T1540191774_d_img_d18_x11520_y33920.png,0.4132,151.9,522.94,157.42,528.43
ch2_ohr_ncp_20250516T1540191774_d_img_d18_x11520_y33920.png,0.3661,167.04,171.36,172.02,176.78
ch2_ohr_ncp_20250516T1540191774_d_img_d18_x11520_y33920.png,0.3517,207.54,624.19,212.3,629.42
ch2_ohr_ncp_20250516T1540191774_d_img_d18_x11520_y33920.png,0.2773,195.99,274.41,201.58,279.49
ch2_ohr_ncp_20250516T1540191774_d_img_d18_x11520_y33920.png,0.2545,194.59,210.15,199.9,216.03
ch2_ohr_ncp_20250516T1540191774_d_img_d18_x11520_y33920.png,0.2325,0.29,87.38,5.83,92.81
ch2_ohr_ncp_20250516T1540191774_d_img_d18_x11520_y33920.png,0.231,323.13,371.2,328.74,377.13
ch2_ohr_ncp_20250516T1540191774_d_img_d18_x11520_y33920.png,0.2155,197.35,274.42,202.11,280.05
ch2_ohr_ncp_20250516T1540191774_d_img_d18_x11520_y33920.png,0.2126,71.86,475.97,80.0,483.16
ch2_ohr_ncp_20250516T1540191774_d_img_d18_x11520_y33920.png,0.2108,286.63,415.58,292.02,420.32
ch2_ohr_ncp_20250516T1540191774_d_img_d18_x11520_y33920.png,0.2062,89.92,581.48,101.29,591.94
ch2_ohr_ncp_20250516T1540191774_d_img_d18_x11520_y35200.png,0.6438,56.1,27.58,61.58,33.38
ch2_ohr_ncp_20250516T1540191774_d_img_d18_x11520_y35200.png,0.445,97.92,587.98,103.5,593.25
ch2_ohr_ncp_20250516T1540191774_d_img_d18_x11520_y35200.png,0.4268,70.05,169.15,77.87,177.23
ch2_ohr_ncp_20250516T1540191774_d_img_d18_x11520_y35200.png,0.4196,65.08,312.04,69.22,316.45
ch2_ohr_ncp_20250516T1540191774_d_img_d18_x11520_y35200.png,0.3928,72.22,323.33,77.96,328.83
ch2_ohr_ncp_20250516T1540191774_d_img_d18_x11520_y35200.png,0.3528,97.98,196.8,105.32,204.97
ch2_ohr_ncp_20250516T1540191774_d_img_d18_x11520_y35200.png,0.3449,64.5,615.1,76.92,629.36
ch2_ohr_ncp_20250516T1540191774_d_img_d18_x11520_y35200.png,0.3403,43.53,42.38,49.24,47.53
ch2_ohr_ncp_20250516T1540191774_d_img_d18_x11520_y35200.png,0.2758,5.7,82.88,12.57,89.63
ch2_ohr_ncp_20250516T1540191774_d_img_d18_x11520_y35200.png,0.2519,35.2,44.83,42.61,52.1
ch2_ohr_ncp_20250516T1540191774_d_img_d18_x11520_y35200.png,0.2502,1.08,553.56,8.94,561.16
ch2_ohr_ncp_20250516T1540191774_d_img_d18_x11520_y35200.png,0.2274,99.16,7.89,106.02,13.39
ch2_ohr_ncp_20250516T1540191774_d_img_d18_x11520_y35200.png,0.2227,81.63,356.0,86.24,361.08
ch2_ohr_ncp_20250516T1540191774_d_img_d18_x11520_y35200.png,0.2047,176.86,243.96,181.52,248.96
ch2_ohr_ncp_20250516T1540191774_d_img_d18_x11520_y35200.png,0.2041,0.0,87.44,5.34,93.9
ch2_ohr_ncp_20250516T1540191774_d_img_d18_x11520_y35200.png,0.2038,9.56,118.81,17.08,125.35
ch2_ohr_ncp_20250516T1540191774_d_img_d18_x11520_y37760.png,0.2868,75.16,361.45,80.57,366.93
ch2_ohr_ncp_20250516T1540191774_d_img_d18_x11520_y37760.png,0.2521,210.42,383.08,215.62,388.23
ch2_ohr_ncp_20250516T1540191774_d_img_d18_x11520_y37760.png,0.251,17.22,350.46,23.5,356.06
ch2_ohr_ncp_20250516T1540191774_d_img_d18_x11520_y37760.png,0.2478,52.81,258.89,62.63,265.89
ch2_ohr_ncp_20250516T1540191774_d_img_d18_x11520_y38400.png,0.5912,38.87,368.39,44.83,374.77
ch2_ohr_ncp_20250516T1540191774_d_img_d18_x11520_y38400.png,0.4251,171.33,327.2,182.29,337.29
ch2_ohr_ncp_20250516T1540191774_d_img_d18_x11520_y38400.png,0.3915,37.96,626.14,44.35,633.19
ch2_ohr_ncp_20250516T1540191774_d_img_d18_x11520_y38400.png,0.3504,59.31,627.51,63.98,632.15
ch2_ohr_ncp_20250516T1540191774_d_img_d18_x11520_y38400.png,0.2946,122.29,286.1,128.45,292.04
ch2_ohr_ncp_20250516T1540191774_d_img_d18_x11520_y38400.png,0.2878,112.9,624.17,120.89,630.65
ch2_ohr_ncp_20250516T1540191774_d_img_d18_x11520_y38400.png,0.2524,17.73,554.36,21.44,557.85
ch2_ohr_ncp_20250516T1540191774_d_img_d18_x11520_y38400.png,0.2445,19.99,608.3,26.01,612.57
ch2_ohr_ncp_20250516T1540191774_d_img_d18_x11520_y38400.png,0.2319,127.84,417.44,134.02,423.06
ch2_ohr_ncp_20250516T1540191774_d_img_d18_x11520_y38400.png,0.2131,107.97,529.01,113.55,534.46
ch2_ohr_ncp_20250516T1540191774_d_img_d18_x11520_y39040.png,0.449,6.11,517.29,14.05,526.05
ch2_ohr_ncp_20250516T1540191774_d_img_d18_x11520_y39040.png,0.3861,45.62,177.42,53.79,184.68
ch2_ohr_ncp_20250516T1540191774_d_img_d18_x11520_y39040.png,0.3691,29.56,534.56,36.0,540.02
ch2_ohr_ncp_20250516T1540191774_d_img_d18_x11520_y39040.png,0.3558,28.0,534.5,34.68,540.04
ch2_ohr_ncp_20250516T1540191774_d_img_d18_x11520_y39040.png,0.3048,23.82,520.89,29.11,525.69
ch2_ohr_ncp_20250516T1540191774_d_img_d18_x11520_y39040.png,0.2807,0.0,224.25,4.55,231.23
ch2_ohr_ncp_20250516T1540191774_d_img_d18_x11520_y39040.png,0.2612,46.78,559.67,52.41,564.78
ch2_ohr_ncp_20250516T1540191774_d_img_d18_x11520_y39040.png,0.2491,57.32,140.68,65.1,148.06
ch2_ohr_ncp_20250516T1540191774_d_img_d18_x11520_y39040.png,0.2433,200.34,75.97,205.26,80.63
ch2_ohr_ncp_20250516T1540191774_d_img_d18_x11520_y39040.png,0.2036,183.26,139.98,188.44,145.43
ch2_ohr_ncp_20250516T1540191774_d_img_d18_x11520_y39680.png,0.2436,89.01,623.75,95.2,629.03
ch2_ohr_ncp_20250516T1540191774_d_img_d18_x11520_y40320.png,0.2957,56.75,495.75,61.12,500.22
ch2_ohr_ncp_20250516T1540191774_d_img_d18_x11520_y40320.png,0.2562,15.29,531.95,22.18,538.38
ch2_ohr_ncp_20250516T1540191774_d_img_d18_x11520_y40320.png,0.2506,0.43,171.09,7.63,176.85
ch2_ohr_ncp_20250516T1540191774_d_img_d18_x11520_y40320.png,0.2406,10.64,435.99,16.59,442.65
ch2_ohr_ncp_20250516T1540191774_d_img_d18_x11520_y40320.png,0.2261,14.58,574.06,20.31,580.01
ch2_ohr_ncp_20250516T1540191774_d_img_d18_x11520_y40960.png,0.4159,26.67,401.24,31.29,406.71
ch2_ohr_ncp_20250516T1540191774_d_img_d18_x11520_y40960.png,0.2975,43.77,264.93,49.23,269.9
ch2_ohr_ncp_20250516T1540191774_d_img_d18_x11520_y40960.png,0.2896,43.49,439.61,49.01,445.73
ch2_ohr_ncp_20250516T1540191774_d_img_d18_x11520_y40960.png,0.2639,44.0,619.97,49.85,624.58
ch2_ohr_ncp_20250516T1540191774_d_img_d18_x11520_y40960.png,0.2475,48.84,387.99,53.38,393.76
ch2_ohr_ncp_20250516T1540191774_d_img_d18_x11520_y40960.png,0.2472,36.55,487.54,45.3,495.66
ch2_ohr_ncp_20250516T1540191774_d_img_d18_x11520_y40960.png,0.2459,26.76,498.78,31.71,503.32
ch2_ohr_ncp_20250516T1540191774_d_img_d18_x11520_y40960.png,0.2077,98.08,540.0,103.38,545.77
ch2_ohr_ncp_20250516T1540191774_d_img_d18_x11520_y41600.png,0.2146,151.96,581.43,157.49,586.5
ch2_ohr_ncp_20250516T1540191774_d_img_d18_x11520_y42240.png,0.5082,37.97,511.14,45.28,518.62
ch2_ohr_ncp_20250516T1540191774_d_img_d18_x11520_y42240.png,0.3945,121.49,515.61,128.99,524.18
ch2_ohr_ncp_20250516T1540191774_d_img_d18_x11520_y42240.png,0.3774,230.05,154.67,236.8,162.77
ch2_ohr_ncp_20250516T1540191774_d_img_d18_x11520_y42240.png,0.3453,74.77,219.09,79.84,224.17
ch2_ohr_ncp_20250516T1540191774_d_img_d18_x11520_y42240.png,0.3343,231.34,30.3,236.86,36.93
ch2_ohr_ncp_20250516T1540191774_d_img_d18_x11520_y42240.png,0.3007,139.4,171.66,146.37,177.42
ch2_ohr_ncp_20250516T1540191774_d_img_d18_x11520_y42240.png,0.2808,125.68,294.63,133.54,301.96
ch2_ohr_ncp_20250516T1540191774_d_img_d18_x11520_y42240.png,0.2691,149.34,174.08,156.02,180.02
ch2_ohr_ncp_20250516T1540191774_d_img_d18_x11520_y42240.png,0.2555,235.15,75.89,246.27,84.32
ch2_ohr_ncp_20250516T1540191774_d_img_d18_x11520_y42240.png,0.2384,24.51,531.98,30.3,537.51
ch2_ohr_ncp_20250516T1540191774_d_img_d18_x11520_y42240.png,0.2281,99.84,179.96,106.97,186.06
ch2_ohr_ncp_20250516T1540191774_d_img_d18_x11520_y42240.png,0.2247,145.75,225.41,152.68,232.06
ch2_ohr_ncp_20250516T1540191774_d_img_d18_x11520_y42240.png,0.2213,120.85,226.3,130.58,236.46
ch2_ohr_ncp_20250516T1540191774_d_img_d18_x11520_y42240.png,0.2206,40.63,71.12,46.78,79.82
ch2_ohr_ncp_20250516T1540191774_d_img_d18_x11520_y42240.png,0.21,235.73,179.33,239.99,183.45
ch2_ohr_ncp_20250516T1540191774_d_img_d18_x11520_y42240.png,0.2044,84.48,0.04,93.97,4.29
ch2_ohr_ncp_20250516T1540191774_d_img_d18_x11520_y43520.png,0.5123,47.96,303.1,53.19,308.17
ch2_ohr_ncp_20250516T1540191774_d_img_d18_x11520_y43520.png,0.3952,54.75,153.15,60.1,158.0
ch2_ohr_ncp_20250516T1540191774_d_img_d18_x11520_y43520.png,0.3705,120.88,311.56,125.91,316.29
ch2_ohr_ncp_20250516T1540191774_d_img_d18_x11520_y43520.png,0.3155,16.08,338.03,23.37,344.51
ch2_ohr_ncp_20250516T1540191774_d_img_d18_x11520_y43520.png,0.2507,217.03,206.58,223.61,213.01
ch2_ohr_ncp_20250516T1540191774_d_img_d18_x11520_y43520.png,0.2247,32.07,249.47,39.36,255.67
ch2_ohr_ncp_20250516T1540191774_d_img_d18_x11520_y44160.png,0.4985,22.82,331.1,29.6,338.89
ch2_ohr_ncp_20250516T1540191774_d_img_d18_x11520_y44160.png,0.3714,29.62,509.96,37.21,516.36
ch2_ohr_ncp_20250516T1540191774_d_img_d18_x11520_y44160.png,0.3643,50.49,377.46,56.4,383.87
ch2_ohr_ncp_20250516T1540191774_d_img_d18_x11520_y44160.png,0.3362,34.24,608.85,40.98,616.52
ch2_ohr_ncp_20250516T1540191774_d_img_d18_x11520_y44160.png,0.3061,53.53,347.99,60.24,354.66
ch2_ohr_ncp_20250516T1540191774_d_img_d18_x11520_y44160.png,0.2641,47.86,595.83,53.13,601.26
ch2_ohr_ncp_20250516T1540191774_d_img_d18_x11520_y44160.png,0.2529,43.01,362.7,48.47,367.75
ch2_ohr_ncp_20250516T1540191774_d_img_d18_x11520_y44160.png,0.2436,0.06,501.65,5.09,510.29
ch2_ohr_ncp_20250516T1540191774_d_img_d18_x11520_y44160.png,0.2335,106.0,14.63,115.97,25.48
ch2_ohr_ncp_20250516T1540191774_d_img_d18_x11520_y44160.png,0.2328,23.27,332.17,29.41,340.01
ch2_ohr_ncp_20250516T1540191774_d_img_d18_x11520_y44160.png,0.2179,168.48,17.83,175.3,26.47
ch2_ohr_ncp_20250516T1540191774_d_img_d18_x11520_y44800.png,0.2788,96.29,411.38,101.25,416.15
ch2_ohr_ncp_20250516T1540191774_d_img_d18_x11520_y48000.png,0.3588,235.98,347.15,243.19,353.02
ch2_ohr_ncp_20250516T1540191774_d_img_d18_x11520_y48000.png,0.3262,161.08,538.71,166.17,543.3
ch2_ohr_ncp_20250516T1540191774_d_img_d18_x11520_y48640.png,0.4821,211.44,150.78,216.84,156.43
ch2_ohr_ncp_20250516T1540191774_d_img_d18_x11520_y48640.png,0.4461,168.04,201.51,173.36,206.84
ch2_ohr_ncp_20250516T1540191774_d_img_d18_x11520_y48640.png,0.2886,177.46,167.84,181.82,172.6
ch2_ohr_ncp_20250516T1540191774_d_img_d18_x11520_y48640.png,0.2572,181.68,275.37,188.01,281.25
ch2_ohr_ncp_20250516T1540191774_d_img_d18_x11520_y48640.png,0.2047,187.18,86.14,192.18,92.04
ch2_ohr_ncp_20250516T1540191774_d_img_d18_x11520_y51200.png,0.2667,194.46,521.66,200.49,527.02
ch2_ohr_ncp_20250516T1540191774_d_img_d18_x11520_y51200.png,0.2121,8.03,251.71,13.15,256.41
ch2_ohr_ncp_20250516T1540191774_d_img_d18_x11520_y51840.png,0.5795,13.02,160.91,21.68,168.98
ch2_ohr_ncp_20250516T1540191774_d_img_d18_x11520_y51840.png,0.4491,218.72,42.26,225.39,50.76
ch2_ohr_ncp_20250516T1540191774_d_img_d18_x11520_y51840.png,0.4198,35.66,366.3,48.48,381.57
ch2_ohr_ncp_20250516T1540191774_d_img_d18_x11520_y51840.png,0.3944,0.52,309.05,16.51,332.36
ch2_ohr_ncp_20250516T1540191774_d_img_d18_x11520_y51840.png,0.382,46.92,449.11,52.05,454.27
ch2_ohr_ncp_20250516T1540191774_d_img_d18_x11520_y51840.png,0.3545,14.94,34.33,20.83,40.12
ch2_ohr_ncp_20250516T1540191774_d_img_d18_x11520_y51840.png,0.3539,121.21,22.29,128.16,28.07
ch2_ohr_ncp_20250516T1540191774_d_img_d18_x11520_y51840.png,0.3502,26.74,407.04,34.28,414.22
ch2_ohr_ncp_20250516T1540191774_d_img_d18_x11520_y51840.png,0.2977,87.71,403.99,92.75,409.71
ch2_ohr_ncp_20250516T1540191774_d_img_d18_x11520_y51840.png,0.2955,0.0,500.78,5.17,508.02
ch2_ohr_ncp_20250516T1540191774_d_img_d18_x11520_y51840.png,0.281,30.94,588.0,36.55,594.16
ch2_ohr_ncp_20250516T1540191774_d_img_d18_x11520_y51840.png,0.2737,150.8,446.49,157.41,452.8
ch2_ohr_ncp_20250516T1540191774_d_img_d18_x11520_y51840.png,0.2582,33.96,153.72,39.1,158.1
ch2_ohr_ncp_20250516T1540191774_d_img_d18_x11520_y51840.png,0.2372,43.86,395.45,48.17,400.1
ch2_ohr_ncp_20250516T1540191774_d_img_d18_x11520_y51840.png,0.2261,96.71,78.49,103.6,85.22
ch2_ohr_ncp_20250516T1540191774_d_img_d18_x11520_y51840.png,0.2253,155.32,623.31,160.97,628.36
ch2_ohr_ncp_20250516T1540191774_d_img_d18_x11520_y51840.png,0.2176,111.53,419.79,118.68,425.62
ch2_ohr_ncp_20250516T1540191774_d_img_d18_x11520_y51840.png,0.2129,69.14,631.71,77.97,639.17
ch2_ohr_ncp_20250516T1540191774_d_img_d18_x11520_y51840.png,0.2075,39.0,0.0,52.35,4.8
ch2_ohr_ncp_20250516T1540191774_d_img_d18_x11520_y52480.png,0.2905,22.16,278.12,30.52,286.79
ch2_ohr_ncp_20250516T1540191774_d_img_d18_x11520_y53120.png,0.379,19.22,195.75,26.72,201.57
ch2_ohr_ncp_20250516T1540191774_d_img_d18_x11520_y53120.png,0.3143,105.45,267.98,112.4,275.44
ch2_ohr_ncp_20250516T1540191774_d_img_d18_x11520_y53120.png,0.2331,131.17,218.78,136.32,225.63
ch2_ohr_ncp_20250516T1540191774_d_img_d18_x11520_y53120.png,0.2194,25.35,104.41,31.39,110.1
ch2_ohr_ncp_20250516T1540191774_d_img_d18_x11520_y53120.png,0.2053,43.99,132.0,48.99,137.47
ch2_ohr_ncp_20250516T1540191774_d_img_d18_x11520_y53760.png,0.2032,235.37,302.09,243.38,309.57
ch2_ohr_ncp_20250516T1540191774_d_img_d18_x11520_y54400.png,0.2797,15.66,339.6,21.06,345.7
ch2_ohr_ncp_20250516T1540191774_d_img_d18_x11520_y54400.png,0.2141,27.12,608.75,32.89,614.84
ch2_ohr_ncp_20250516T1540191774_d_img_d18_x11520_y55040.png,0.4187,0.04,427.78,18.46,451.12
ch2_ohr_ncp_20250516T1540191774_d_img_d18_x11520_y55040.png,0.3882,112.16,378.03,117.94,385.96
ch2_ohr_ncp_20250516T1540191774_d_img_d18_x11520_y55040.png,0.3358,235.09,594.46,240.03,599.42
ch2_ohr_ncp_20250516T1540191774_d_img_d18_x11520_y55040.png,0.3203,235.52,583.19,241.22,589.45
ch2_ohr_ncp_20250516T1540191774_d_img_d18_x11520_y55040.png,0.2869,101.25,549.35,108.05,556.1
ch2_ohr_ncp_20250516T1540191774_d_img_d18_x11520_y55040.png,0.2716,75.99,567.47,82.46,573.04
ch2_ohr_ncp_20250516T1540191774_d_img_d18_x11520_y55040.png,0.2559,168.31,328.91,174.83,335.44
ch2_ohr_ncp_20250516T1540191774_d_img_d18_x11520_y55040.png,0.2342,241.2,555.75,246.84,561.64
ch2_ohr_ncp_20250516T1540191774_d_img_d18_x11520_y55040.png,0.2266,77.48,567.36,84.0,572.9
ch2_ohr_ncp_20250516T1540191774_d_img_d18_x11520_y55040.png,0.2167,61.74,546.59,73.6,558.97
ch2_ohr_ncp_20250516T1540191774_d_img_d18_x11520_y55680.png,0.3722,21.95,447.84,28.01,453.21
ch2_ohr_ncp_20250516T1540191774_d_img_d18_x11520_y55680.png,0.3523,192.88,570.21,199.13,576.5
ch2_ohr_ncp_20250516T1540191774_d_img_d18_x11520_y55680.png,0.3346,26.89,619.49,34.6,627.38
ch2_ohr_ncp_20250516T1540191774_d_img_d18_x11520_y55680.png,0.2898,106.09,113.96,113.65,121.61
ch2_ohr_ncp_20250516T1540191774_d_img_d18_x11520_y55680.png,0.2495,7.41,487.57,13.78,493.93
ch2_ohr_ncp_20250516T1540191774_d_img_d18_x11520_y55680.png,0.2286,56.14,51.98,61.38,58.23
ch2_ohr_ncp_20250516T1540191774_d_img_d18_x11520_y56320.png,0.432,232.83,375.71,239.07,381.19
ch2_ohr_ncp_20250516T1540191774_d_img_d18_x11520_y56320.png,0.2718,127.98,331.97,132.69,336.62
ch2_ohr_ncp_20250516T1540191774_d_img_d18_x11520_y56320.png,0.22,39.25,120.1,44.02,124.74
ch2_ohr_ncp_20250516T1540191774_d_img_d18_x11520_y57600.png,0.3476,27.7,557.63,33.75,564.17
ch2_ohr_ncp_20250516T1540191774_d_img_d18_x11520_y58880.png,0.3591,201.23,330.39,207.4,335.62
ch2_ohr_ncp_20250516T1540191774_d_img_d18_x11520_y58880.png,0.3138,0.37,33.9,13.14,54.41
ch2_ohr_ncp_20250516T1540191774_d_img_d18_x11520_y58880.png,0.2291,40.24,601.9,44.92,606.48
ch2_ohr_ncp_20250516T1540191774_d_img_d18_x11520_y58880.png,0.2102,65.02,571.97,70.68,577.66
ch2_ohr_ncp_20250516T1540191774_d_img_d18_x11520_y58880.png,0.2004,47.34,162.89,52.39,167.77
ch2_ohr_ncp_20250516T1540191774_d_img_d18_x11520_y59520.png,0.2518,191.59,332.0,196.44,337.5
ch2_ohr_ncp_20250516T1540191774_d_img_d18_x11520_y61440.png,0.416,42.53,147.84,48.12,153.83
ch2_ohr_ncp_20250516T1540191774_d_img_d18_x11520_y61440.png,0.3554,199.69,462.22,206.55,468.83
ch2_ohr_ncp_20250516T1540191774_d_img_d18_x11520_y61440.png,0.3293,170.04,499.18,176.15,504.58
ch2_ohr_ncp_20250516T1540191774_d_img_d18_x11520_y61440.png,0.3123,54.21,612.87,58.9,617.96
ch2_ohr_ncp_20250516T1540191774_d_img_d18_x11520_y61440.png,0.3074,135.57,367.56,141.3,373.51
ch2_ohr_ncp_20250516T1540191774_d_img_d18_x11520_y61440.png,0.2678,42.02,135.0,48.37,141.17
ch2_ohr_ncp_20250516T1540191774_d_img_d18_x11520_y61440.png,0.2501,144.79,571.42,152.62,579.37
ch2_ohr_ncp_20250516T1540191774_d_img_d18_x11520_y61440.png,0.2457,109.71,161.25,116.09,166.51
ch2_ohr_ncp_20250516T1540191774_d_img_d18_x11520_y61440.png,0.219,89.33,165.33,96.1,172.47
ch2_ohr_ncp_20250516T1540191774_d_img_d18_x11520_y61440.png,0.2088,46.63,512.24,52.63,519.17
ch2_ohr_ncp_20250516T1540191774_d_img_d18_x11520_y61440.png,0.2036,54.64,611.99,60.01,617.66
ch2_ohr_ncp_20250516T1540191774_d_img_d18_x11520_y61440.png,0.2016,18.53,150.09,26.35,157.77
ch2_ohr_ncp_20250516T1540191774_d_img_d18_x11520_y62080.png,0.5079,18.29,587.13,24.22,592.42
ch2_ohr_ncp_20250516T1540191774_d_img_d18_x11520_y62080.png,0.4217,24.11,519.71,29.34,524.36
ch2_ohr_ncp_20250516T1540191774_d_img_d18_x11520_y62080.png,0.3081,27.61,497.49,35.16,508.07
ch2_ohr_ncp_20250516T1540191774_d_img_d18_x11520_y62080.png,0.2513,11.11,626.58,16.98,631.77
ch2_ohr_ncp_20250516T1540191774_d_img_d18_x11520_y62720.png,0.3084,39.59,32.22,48.35,41.35
ch2_ohr_ncp_20250516T1540191774_d_img_d18_x11520_y62720.png,0.2112,15.15,402.39,20.04,406.43
ch2_ohr_ncp_20250516T1540191774_d_img_d18_x11520_y63360.png,0.3021,91.97,555.96,98.25,562.92
ch2_ohr_ncp_20250516T1540191774_d_img_d18_x11520_y63360.png,0.285,93.9,321.11,100.01,326.41
ch2_ohr_ncp_20250516T1540191774_d_img_d18_x11520_y63360.png,0.2227,9.28,283.97,16.31,290.59
ch2_ohr_ncp_20250516T1540191774_d_img_d18_x11520_y63360.png,0.2194,5.37,293.92,12.02,300.01
ch2_ohr_ncp_20250516T1540191774_d_img_d18_x11520_y64000.png,0.2496,0.25,581.69,12.05,591.64
ch2_ohr_ncp_20250516T1540191774_d_img_d18_x11520_y64000.png,0.2475,175.83,371.91,182.15,377.33
ch2_ohr_ncp_20250516T1540191774_d_img_d18_x11520_y64000.png,0.2354,52.77,388.95,59.89,396.08
ch2_ohr_ncp_20250516T1540191774_d_img_d18_x11520_y64640.png,0.3671,54.53,598.6,61.32,606.58
ch2_ohr_ncp_20250516T1540191774_d_img_d18_x11520_y65280.png,0.4353,45.52,412.18,53.08,420.21
ch2_ohr_ncp_20250516T1540191774_d_img_d18_x11520_y65280.png,0.4061,32.51,425.94,37.83,430.88
ch2_ohr_ncp_20250516T1540191774_d_img_d18_x11520_y65280.png,0.3258,162.82,334.66,168.71,341.06
ch2_ohr_ncp_20250516T1540191774_d_img_d18_x11520_y65280.png,0.2818,49.11,462.01,54.42,468.13
ch2_ohr_ncp_20250516T1540191774_d_img_d18_x11520_y65280.png,0.2622,37.87,620.79,44.5,628.03
ch2_ohr_ncp_20250516T1540191774_d_img_d18_x11520_y65280.png,0.2398,129.55,128.76,135.63,135.14
ch2_ohr_ncp_20250516T1540191774_d_img_d18_x11520_y65280.png,0.2274,151.95,123.5,156.46,127.96
ch2_ohr_ncp_20250516T1540191774_d_img_d18_x11520_y65280.png,0.2205,147.02,354.87,152.06,359.48
ch2_ohr_ncp_20250516T1540191774_d_img_d18_x11520_y65280.png,0.2203,99.99,493.93,105.01,500.0
ch2_ohr_ncp_20250516T1540191774_d_img_d18_x11520_y65280.png,0.2166,114.79,500.0,120.22,505.31
ch2_ohr_ncp_20250516T1540191774_d_img_d18_x11520_y65920.png,0.4774,89.37,602.0,94.73,607.44
ch2_ohr_ncp_20250516T1540191774_d_img_d18_x11520_y65920.png,0.2739,127.7,515.79,133.2,521.05
ch2_ohr_ncp_20250516T1540191774_d_img_d18_x11520_y65920.png,0.273,177.17,374.18,183.72,380.78
ch2_ohr_ncp_20250516T1540191774_d_img_d18_x11520_y65920.png,0.238,96.08,578.83,102.14,585.4
ch2_ohr_ncp_20250516T1540191774_d_img_d18_x11520_y65920.png,0.2207,132.94,579.06,140.59,588.58
ch2_ohr_ncp_20250516T1540191774_d_img_d18_x11520_y65920.png,0.2145,135.72,2.37,140.77,9.06
ch2_ohr_ncp_20250516T1540191774_d_img_d18_x11520_y65920.png,0.2029,30.48,507.87,37.3,514.32
ch2_ohr_ncp_20250516T1540191774_d_img_d18_x11520_y67200.png,0.345,150.87,589.44,157.9,596.51
ch2_ohr_ncp_20250516T1540191774_d_img_d18_x11520_y67200.png,0.2515,46.3,351.3,52.16,356.77
ch2_ohr_ncp_20250516T1540191774_d_img_d18_x11520_y67200.png,0.2173,202.36,331.85,208.81,338.68
ch2_ohr_ncp_20250516T1540191774_d_img_d18_x11520_y67840.png,0.2203,27.12,120.01,31.95,124.8
ch2_ohr_ncp_20250516T1540191774_d_img_d18_x11520_y69120.png,0.4223,82.58,617.29,89.18,623.51
ch2_ohr_ncp_20250516T1540191774_d_img_d18_x11520_y69120.png,0.2658,65.64,563.43,71.64,569.53
ch2_ohr_ncp_20250516T1540191774_d_img_d18_x11520_y69120.png,0.2242,38.0,375.0,45.96,382.69
ch2_ohr_ncp_20250516T1540191774_d_img_d18_x11520_y69120.png,0.2023,118.27,612.23,124.56,617.86
ch2_ohr_ncp_20250516T1540191774_d_img_d18_x11520_y72320.png,0.2784,42.06,70.37,47.61,76.0
ch2_ohr_ncp_20250516T1540191774_d_img_d18_x11520_y72320.png,0.2496,222.14,502.66,228.31,508.6
ch2_ohr_ncp_20250516T1540191774_d_img_d18_x11520_y72320.png,0.2481,72.88,553.85,77.36,558.01
ch2_ohr_ncp_20250516T1540191774_d_img_d18_x11520_y72320.png,0.2434,47.31,531.6,59.25,545.55
ch2_ohr_ncp_20250516T1540191774_d_img_d18_x11520_y72320.png,0.2277,140.89,260.0,148.01,266.76
ch2_ohr_ncp_20250516T1540191774_d_img_d18_x11520_y72320.png,0.2189,83.68,299.84,88.57,304.79
ch2_ohr_ncp_20250516T1540191774_d_img_d18_x11520_y72960.png,0.3009,0.03,175.2,4.37,182.43
ch2_ohr_ncp_20250516T1540191774_d_img_d18_x11520_y72960.png,0.25,213.36,340.15,219.66,345.38
ch2_ohr_ncp_20250516T1540191774_d_img_d18_x11520_y72960.png,0.2303,174.52,518.79,181.74,527.02
ch2_ohr_ncp_20250516T1540191774_d_img_d18_x11520_y72960.png,0.2147,109.96,299.57,116.01,304.98
ch2_ohr_ncp_20250516T1540191774_d_img_d18_x11520_y72960.png,0.2046,224.89,35.99,230.38,41.77
ch2_ohr_ncp_20250516T1540191774_d_img_d18_x11520_y74240.png,0.2987,115.06,346.14,120.41,351.1
ch2_ohr_ncp_20250516T1540191774_d_img_d18_x11520_y74240.png,0.2058,11.8,515.29,17.57,520.94
ch2_ohr_ncp_20250516T1540191774_d_img_d18_x11520_y74880.png,0.3835,4.16,85.49,9.74,91.64
ch2_ohr_ncp_20250516T1540191774_d_img_d18_x11520_y74880.png,0.3113,157.87,265.97,164.03,272.04
ch2_ohr_ncp_20250516T1540191774_d_img_d18_x11520_y74880.png,0.3084,18.41,30.87,23.49,36.04
ch2_ohr_ncp_20250516T1540191774_d_img_d18_x11520_y74880.png,0.2827,150.33,226.26,157.81,233.76
ch2_ohr_ncp_20250516T1540191774_d_img_d18_x11520_y74880.png,0.2684,43.98,7.55,49.77,12.85
ch2_ohr_ncp_20250516T1540191774_d_img_d18_x11520_y74880.png,0.2453,3.32,86.21,8.96,92.13
ch2_ohr_ncp_20250516T1540191774_d_img_d18_x11520_y74880.png,0.2312,6.37,151.85,12.43,157.83
ch2_ohr_ncp_20250516T1540191774_d_img_d18_x11520_y74880.png,0.225,25.16,35.98,31.88,42.37
ch2_ohr_ncp_20250516T1540191774_d_img_d18_x11520_y74880.png,0.2185,66.56,90.47,73.38,97.88
ch2_ohr_ncp_20250516T1540191774_d_img_d18_x11520_y76800.png,0.2654,34.17,580.85,42.34,588.94
ch2_ohr_ncp_20250516T1540191774_d_img_d18_x11520_y76800.png,0.2534,89.72,210.69,96.77,218.65
ch2_ohr_ncp_20250516T1540191774_d_img_d18_x11520_y76800.png,0.221,126.86,607.61,133.11,614.02
ch2_ohr_ncp_20250516T1540191774_d_img_d18_x11520_y76800.png,0.2033,43.02,369.66,50.0,377.09
ch2_ohr_ncp_20250516T1540191774_d_img_d18_x11520_y77440.png,0.4074,32.89,270.55,38.77,276.51
ch2_ohr_ncp_20250516T1540191774_d_img_d18_x11520_y77440.png,0.2811,16.5,430.68,24.38,437.64
ch2_ohr_ncp_20250516T1540191774_d_img_d18_x11520_y77440.png,0.2597,113.94,345.64,119.72,351.55
ch2_ohr_ncp_20250516T1540191774_d_img_d18_x11520_y77440.png,0.2501,55.65,476.0,60.15,482.58
ch2_ohr_ncp_20250516T1540191774_d_img_d18_x11520_y77440.png,0.2476,0.2,153.31,29.05,179.7
ch2_ohr_ncp_20250516T1540191774_d_img_d18_x11520_y77440.png,0.2402,40.97,540.0,50.49,551.02
ch2_ohr_ncp_20250516T1540191774_d_img_d18_x11520_y77440.png,0.2302,120.76,343.08,125.43,348.26
ch2_ohr_ncp_20250516T1540191774_d_img_d18_x11520_y77440.png,0.2193,0.5,455.16,9.52,463.56
ch2_ohr_ncp_20250516T1540191774_d_img_d18_x11520_y77440.png,0.2106,12.0,203.6,18.14,208.46
ch2_ohr_ncp_20250516T1540191774_d_img_d18_x11520_y77440.png,0.2082,114.61,376.15,120.39,381.19
ch2_ohr_ncp_20250516T1540191774_d_img_d18_x11520_y77440.png,0.2075,0.02,267.88,5.37,277.68
ch2_ohr_ncp_20250516T1540191774_d_img_d18_x11520_y78720.png,0.3067,35.09,233.67,40.58,238.1
ch2_ohr_ncp_20250516T1540191774_d_img_d18_x11520_y78720.png,0.2812,85.64,201.34,92.03,207.37
ch2_ohr_ncp_20250516T1540191774_d_img_d18_x11520_y78720.png,0.2698,39.42,145.72,44.32,150.82
ch2_ohr_ncp_20250516T1540191774_d_img_d18_x11520_y78720.png,0.2609,117.93,27.71,124.06,33.54
ch2_ohr_ncp_20250516T1540191774_d_img_d18_x11520_y78720.png,0.2478,12.0,229.97,18.19,237.1
ch2_ohr_ncp_20250516T1540191774_d_img_d18_x11520_y78720.png,0.2415,38.11,200.22,47.63,209.65
ch2_ohr_ncp_20250516T1540191774_d_img_d18_x11520_y78720.png,0.241,16.68,255.03,22.39,260.91
ch2_ohr_ncp_20250516T1540191774_d_img_d18_x11520_y78720.png,0.2357,73.25,39.42,79.15,44.8
ch2_ohr_ncp_20250516T1540191774_d_img_d18_x11520_y78720.png,0.232,33.63,37.91,40.72,45.0
ch2_ohr_ncp_20250516T1540191774_d_img_d18_x11520_y78720.png,0.2253,170.96,104.37,176.75,109.54
ch2_ohr_ncp_20250516T1540191774_d_img_d18_x11520_y78720.png,0.2196,28.0,216.6,33.64,221.26
ch2_ohr_ncp_20250516T1540191774_d_img_d18_x11520_y78720.png,0.2144,229.31,626.93,236.4,633.92
ch2_ohr_ncp_20250516T1540191774_d_img_d18_x11520_y78720.png,0.2123,6.37,90.63,12.03,95.29
ch2_ohr_ncp_20250516T1540191774_d_img_d18_x11520_y79360.png,0.33,48.12,619.07,54.76,625.78
ch2_ohr_ncp_20250516T1540191774_d_img_d18_x11520_y79360.png,0.2143,185.61,3.74,192.73,9.78
ch2_ohr_ncp_20250516T1540191774_d_img_d18_x11520_y80000.png,0.3013,98.83,612.47,108.37,621.53
ch2_ohr_ncp_20250516T1540191774_d_img_d18_x11520_y80640.png,0.4692,101.97,468.78,108.72,475.24
ch2_ohr_ncp_20250516T1540191774_d_img_d18_x11520_y80640.png,0.4242,121.24,449.48,127.25,455.69
ch2_ohr_ncp_20250516T1540191774_d_img_d18_x11520_y80640.png,0.4162,31.69,409.45,38.53,415.2
ch2_ohr_ncp_20250516T1540191774_d_img_d18_x11520_y80640.png,0.3086,167.11,577.83,172.38,583.15
ch2_ohr_ncp_20250516T1540191774_d_img_d18_x11520_y80640.png,0.3057,23.88,612.25,30.84,620.08
ch2_ohr_ncp_20250516T1540191774_d_img_d18_x11520_y80640.png,0.297,41.52,303.49,47.26,308.42
ch2_ohr_ncp_20250516T1540191774_d_img_d18_x11520_y80640.png,0.282,200.59,227.29,206.45,232.35
ch2_ohr_ncp_20250516T1540191774_d_img_d18_x11520_y80640.png,0.2595,168.46,395.12,173.69,400.43
ch2_ohr_ncp_20250516T1540191774_d_img_d18_x11520_y80640.png,0.2549,30.39,318.52,37.29,325.56
ch2_ohr_ncp_20250516T1540191774_d_img_d18_x11520_y81280.png,0.4487,7.34,243.03,13.03,247.7
ch2_ohr_ncp_20250516T1540191774_d_img_d18_x11520_y81280.png,0.3532,39.09,27.58,45.42,34.26
ch2_ohr_ncp_20250516T1540191774_d_img_d18_x11520_y81280.png,0.3106,54.17,30.7,60.34,36.91
ch2_ohr_ncp_20250516T1540191774_d_img_d18_x11520_y81280.png,0.2562,99.93,11.98,106.77,18.46
ch2_ohr_ncp_20250516T1540191774_d_img_d18_x11520_y81280.png,0.2482,24.01,258.66,33.33,268.03
ch2_ohr_ncp_20250516T1540191774_d_img_d18_x11520_y81280.png,0.2199,48.14,411.95,52.75,416.4
ch2_ohr_ncp_20250516T1540191774_d_img_d18_x11520_y81920.png,0.4124,207.75,609.95,213.44,615.36
ch2_ohr_ncp_20250516T1540191774_d_img_d18_x11520_y81920.png,0.3896,162.47,374.62,168.84,380.49
ch2_ohr_ncp_20250516T1540191774_d_img_d18_x11520_y81920.png,0.3618,94.11,440.75,102.45,449.12
ch2_ohr_ncp_20250516T1540191774_d_img_d18_x11520_y81920.png,0.3413,182.17,299.99,188.01,305.95
ch2_ohr_ncp_20250516T1540191774_d_img_d18_x11520_y81920.png,0.2742,255.79,256.1,262.1,262.34
ch2_ohr_ncp_20250516T1540191774_d_img_d18_x11520_y81920.png,0.2599,104.73,628.53,112.81,636.01
ch2_ohr_ncp_20250516T1540191774_d_img_d18_x11520_y82560.png,0.3089,74.59,235.28,81.59,242.9
ch2_ohr_ncp_20250516T1540191774_d_img_d18_x11520_y82560.png,0.2824,248.34,392.81,255.44,399.13
ch2_ohr_ncp_20250516T1540191774_d_img_d18_x11520_y82560.png,0.2616,215.78,378.76,222.78,384.92
ch2_ohr_ncp_20250516T1540191774_d_img_d18_x11520_y82560.png,0.2055,27.96,168.41,35.3,176.26
ch2_ohr_ncp_20250516T1540191774_d_img_d18_x11520_y89600.png,0.2116,18.01,133.38,25.77,141.04
ch2_ohr_ncp_20250612T2031048828_d_img_d18_x00640_y79360.png,0.2286,627.37,398.08,640.0,410.31
ch2_ohr_ncp_20250612T2031048828_d_img_d18_x02560_y79360.png,0.23,507.76,403.57,531.57,416.35
ch2_ohr_ncp_20250612T2031048828_d_img_d18_x04480_y79360.png,0.5298,424.0,79.96,431.35,86.31
ch2_ohr_ncp_20250612T2031048828_d_img_d18_x04480_y79360.png,0.3534,622.1,40.73,628.09,46.72
ch2_ohr_ncp_20250612T2031048828_d_img_d18_x04480_y79360.png,0.3518,501.71,22.16,508.66,27.69
ch2_ohr_ncp_20250612T2031048828_d_img_d18_x04480_y79360.png,0.2399,387.42,23.31,394.18,29.48
ch2_ohr_ncp_20250612T2031048828_d_img_d18_x08320_y79360.png,0.2096,495.79,56.81,500.52,61.75
ch2_ohr_ncp_20250612T2031048828_d_img_d18_x09600_y79360.png,0.2897,358.28,55.41,367.0,62.93
ch2_ohr_ncp_20250612T2031048828_d_img_d18_x10240_y79360.png,0.3158,537.81,134.34,542.11,140.0
ch2_ohr_ncp_20250612T2031048828_d_img_d18_x10240_y79360.png,0.2252,253.88,54.57,260.95,61.15
ch2_ohr_ncp_20250612T2031048828_d_img_d18_x10880_y79360.png,0.2201,112.32,154.91,117.68,160.01
ch2_ohr_ncp_20250612T2031048828_d_img_d18_x11520_y00000.png,0.3516,40.68,79.27,50.44,88.41
ch2_ohr_ncp_20250612T2031048828_d_img_d18_x11520_y00000.png,0.2501,258.12,42.43,264.18,48.27
ch2_ohr_ncp_20250612T2031048828_d_img_d18_x11520_y00000.png,0.2361,174.34,286.2,192.78,301.28
ch2_ohr_ncp_20250612T2031048828_d_img_d18_x11520_y00000.png,0.2069,0.0,183.19,5.09,190.58
ch2_ohr_ncp_20250612T2031048828_d_img_d18_x11520_y00640.png,0.2408,23.58,497.69,28.77,502.51
ch2_ohr_ncp_20250612T2031048828_d_img_d18_x11520_y01280.png,0.4807,19.78,376.59,44.07,397.9
ch2_ohr_ncp_20250612T2031048828_d_img_d18_x11520_y01280.png,0.2952,3.88,489.75,12.05,496.76
ch2_ohr_ncp_20250612T2031048828_d_img_d18_x11520_y01280.png,0.2753,211.3,611.8,217.01,617.96
ch2_ohr_ncp_20250612T2031048828_d_img_d18_x11520_y01280.png,0.221,47.54,422.44,55.05,429.15
ch2_ohr_ncp_20250612T2031048828_d_img_d18_x11520_y01920.png,0.5863,16.48,235.2,22.4,241.07
ch2_ohr_ncp_20250612T2031048828_d_img_d18_x11520_y01920.png,0.5556,15.48,443.21,22.69,450.21
ch2_ohr_ncp_20250612T2031048828_d_img_d18_x11520_y01920.png,0.383,134.65,220.09,142.32,228.03
ch2_ohr_ncp_20250612T2031048828_d_img_d18_x11520_y01920.png,0.2601,225.02,572.0,229.89,578.22
ch2_ohr_ncp_20250612T2031048828_d_img_d18_x11520_y01920.png,0.225,0.0,551.9,5.05,558.35
ch2_ohr_ncp_20250612T2031048828_d_img_d18_x11520_y01920.png,0.2225,58.85,258.92,107.31,299.16
ch2_ohr_ncp_20250612T2031048828_d_img_d18_x11520_y01920.png,0.2093,232.28,631.4,239.82,636.83
ch2_ohr_ncp_20250612T2031048828_d_img_d18_x11520_y01920.png,0.2003,45.3,186.58,53.54,192.91
ch2_ohr_ncp_20250612T2031048828_d_img_d18_x11520_y03200.png,0.4753,0.78,521.42,26.71,542.01
ch2_ohr_ncp_20250612T2031048828_d_img_d18_x11520_y03200.png,0.256,0.08,610.2,9.21,619.0
ch2_ohr_ncp_20250612T2031048828_d_img_d18_x11520_y03200.png,0.2313,38.49,602.39,44.01,607.0
ch2_ohr_ncp_20250612T2031048828_d_img_d18_x11520_y03200.png,0.2085,28.1,0.04,51.91,19.41
ch2_ohr_ncp_20250612T2031048828_d_img_d18_x11520_y03200.png,0.2082,35.98,583.5,41.84,588.26
ch2_ohr_ncp_20250612T2031048828_d_img_d18_x11520_y03200.png,0.2025,154.49,443.84,163.6,450.81
ch2_ohr_ncp_20250612T2031048828_d_img_d18_x11520_y04480.png,0.2658,97.38,623.21,103.58,628.91
ch2_ohr_ncp_20250612T2031048828_d_img_d18_x11520_y04480.png,0.2191,0.0,140.05,36.49,177.55
ch2_ohr_ncp_20250612T2031048828_d_img_d18_x11520_y05120.png,0.2611,90.9,319.04,97.73,325.77
ch2_ohr_ncp_20250612T2031048828_d_img_d18_x11520_y05760.png,0.2076,0.21,76.83,4.59,84.0
ch2_ohr_ncp_20250612T2031048828_d_img_d18_x11520_y06400.png,0.332,91.73,622.25,98.25,628.45
ch2_ohr_ncp_20250612T2031048828_d_img_d18_x11520_y06400.png,0.2707,92.52,622.53,100.01,629.24
ch2_ohr_ncp_20250612T2031048828_d_img_d18_x11520_y06400.png,0.2426,27.11,419.98,32.27,425.12
ch2_ohr_ncp_20250612T2031048828_d_img_d18_x11520_y06400.png,0.2193,42.53,578.07,48.8,583.66
ch2_ohr_ncp_20250612T2031048828_d_img_d18_x11520_y06400.png,0.2153,10.42,619.99,15.18,624.98
ch2_ohr_ncp_20250612T2031048828_d_img_d18_x11520_y07040.png,0.4475,63.01,234.38,68.59,240.32
ch2_ohr_ncp_20250612T2031048828_d_img_d18_x11520_y07040.png,0.3865,32.02,383.53,37.52,388.65
ch2_ohr_ncp_20250612T2031048828_d_img_d18_x11520_y07040.png,0.2424,14.35,580.67,26.9,593.62
ch2_ohr_ncp_20250612T2031048828_d_img_d18_x11520_y07680.png,0.3317,71.55,550.9,78.03,556.62
ch2_ohr_ncp_20250612T2031048828_d_img_d18_x11520_y07680.png,0.2914,23.94,9.58,32.86,18.06
ch2_ohr_ncp_20250612T2031048828_d_img_d18_x11520_y08320.png,0.3916,55.98,453.07,63.17,458.7
ch2_ohr_ncp_20250612T2031048828_d_img_d18_x11520_y08320.png,0.3868,111.92,411.98,118.11,418.38
ch2_ohr_ncp_20250612T2031048828_d_img_d18_x11520_y08320.png,0.3703,56.97,452.0,64.08,458.9
ch2_ohr_ncp_20250612T2031048828_d_img_d18_x11520_y08320.png,0.3015,136.88,21.3,145.84,29.27
ch2_ohr_ncp_20250612T2031048828_d_img_d18_x11520_y08320.png,0.2536,95.58,148.12,106.64,158.33
ch2_ohr_ncp_20250612T2031048828_d_img_d18_x11520_y08320.png,0.2349,56.77,453.29,64.18,460.01
ch2_ohr_ncp_20250612T2031048828_d_img_d18_x11520_y08320.png,0.218,179.61,87.37,185.36,92.9
ch2_ohr_ncp_20250612T2031048828_d_img_d18_x11520_y08960.png,0.2698,0.09,260.09,8.39,278.24
ch2_ohr_ncp_20250612T2031048828_d_img_d18_x11520_y08960.png,0.2488,134.89,466.08,140.59,471.29
ch2_ohr_ncp_20250612T2031048828_d_img_d18_x11520_y10880.png,0.3148,25.17,318.78,37.32,331.51
ch2_ohr_ncp_20250612T2031048828_d_img_d18_x11520_y10880.png,0.2173,40.75,319.81,48.06,325.69
ch2_ohr_ncp_20250612T2031048828_d_img_d18_x11520_y11520.png,0.3119,158.89,54.29,164.03,60.01
ch2_ohr_ncp_20250612T2031048828_d_img_d18_x11520_y11520.png,0.2689,43.56,495.08,47.85,500.01
ch2_ohr_ncp_20250612T2031048828_d_img_d18_x11520_y11520.png,0.237,40.05,520.83,46.05,526.44
ch2_ohr_ncp_20250612T2031048828_d_img_d18_x11520_y12160.png,0.4577,31.99,366.68,37.75,372.08
ch2_ohr_ncp_20250612T2031048828_d_img_d18_x11520_y12160.png,0.2875,212.0,159.72,219.26,165.04
ch2_ohr_ncp_20250612T2031048828_d_img_d18_x11520_y12160.png,0.2842,213.49,160.07,220.05,165.25
ch2_ohr_ncp_20250612T2031048828_d_img_d18_x11520_y12160.png,0.2574,0.01,200.47,5.41,206.4
ch2_ohr_ncp_20250612T2031048828_d_img_d18_x11520_y12160.png,0.231,67.56,272.87,72.55,277.71
ch2_ohr_ncp_20250612T2031048828_d_img_d18_x11520_y12800.png,0.5285,129.9,370.27,139.05,376.6
ch2_ohr_ncp_20250612T2031048828_d_img_d18_x11520_y12800.png,0.4706,5.0,332.65,12.88,340.19
ch2_ohr_ncp_20250612T2031048828_d_img_d18_x11520_y12800.png,0.4616,32.17,570.61,42.28,579.04
ch2_ohr_ncp_20250612T2031048828_d_img_d18_x11520_y12800.png,0.4553,33.15,97.72,38.81,102.97
ch2_ohr_ncp_20250612T2031048828_d_img_d18_x11520_y12800.png,0.4501,55.61,206.82,62.7,212.31
ch2_ohr_ncp_20250612T2031048828_d_img_d18_x11520_y12800.png,0.4499,81.32,387.59,87.14,392.13
ch2_ohr_ncp_20250612T2031048828_d_img_d18_x11520_y12800.png,0.3997,0.0,226.88,4.06,233.08
ch2_ohr_ncp_20250612T2031048828_d_img_d18_x11520_y12800.png,0.3794,54.94,249.83,61.39,256.23
ch2_ohr_ncp_20250612T2031048828_d_img_d18_x11520_y12800.png,0.3604,200.22,294.28,205.86,300.19
ch2_ohr_ncp_20250612T2031048828_d_img_d18_x11520_y12800.png,0.3294,33.3,431.67,39.63,438.37
ch2_ohr_ncp_20250612T2031048828_d_img_d18_x11520_y12800.png,0.3243,31.55,40.25,37.6,46.72
ch2_ohr_ncp_20250612T2031048828_d_img_d18_x11520_y12800.png,0.3206,0.62,185.42,12.19,195.34
ch2_ohr_ncp_20250612T2031048828_d_img_d18_x11520_y12800.png,0.3204,119.57,281.45,126.82,288.2
ch2_ohr_ncp_20250612T2031048828_d_img_d18_x11520_y12800.png,0.3123,81.84,387.91,88.05,392.44
ch2_ohr_ncp_20250612T2031048828_d_img_d18_x11520_y12800.png,0.2699,57.51,138.35,68.22,147.22
ch2_ohr_ncp_20250612T2031048828_d_img_d18_x11520_y12800.png,0.2694,196.12,345.37,210.64,358.22
ch2_ohr_ncp_20250612T2031048828_d_img_d18_x11520_y12800.png,0.233,197.63,186.21,204.1,191.24
ch2_ohr_ncp_20250612T2031048828_d_img_d18_x11520_y12800.png,0.2152,196.0,186.31,202.85,191.26
ch2_ohr_ncp_20250612T2031048828_d_img_d18_x11520_y12800.png,0.2018,15.42,482.19,22.64,489.04
ch2_ohr_ncp_20250612T2031048828_d_img_d18_x11520_y15360.png,0.2009,8.9,3.98,16.24,10.2
ch2_ohr_ncp_20250612T2031048828_d_img_d18_x11520_y20480.png,0.5173,52.63,348.14,82.56,374.87
ch2_ohr_ncp_20250612T2031048828_d_img_d18_x11520_y20480.png,0.2642,0.08,597.86,4.02,604.0
ch2_ohr_ncp_20250612T2031048828_d_img_d18_x11520_y20480.png,0.2347,38.13,357.84,43.7,362.75
ch2_ohr_ncp_20250612T2031048828_d_img_d18_x11520_y20480.png,0.2027,93.63,498.31,104.12,507.44
ch2_ohr_ncp_20250612T2031048828_d_img_d18_x11520_y21120.png,0.6733,118.85,214.78,126.06,221.77
ch2_ohr_ncp_20250612T2031048828_d_img_d18_x11520_y21120.png,0.6436,235.36,614.06,241.09,620.18
ch2_ohr_ncp_20250612T2031048828_d_img_d18_x11520_y21120.png,0.6302,5.12,182.53,12.25,188.82
ch2_ohr_ncp_20250612T2031048828_d_img_d18_x11520_y21120.png,0.5296,95.72,258.57,102.1,264.68
ch2_ohr_ncp_20250612T2031048828_d_img_d18_x11520_y21120.png,0.5173,78.1,600.92,88.05,608.81
ch2_ohr_ncp_20250612T2031048828_d_img_d18_x11520_y21120.png,0.5117,64.26,375.61,71.33,381.8
ch2_ohr_ncp_20250612T2031048828_d_img_d18_x11520_y21120.png,0.4885,26.41,131.98,34.68,138.8
ch2_ohr_ncp_20250612T2031048828_d_img_d18_x11520_y21120.png,0.4743,17.32,567.12,25.29,573.67
ch2_ohr_ncp_20250612T2031048828_d_img_d18_x11520_y21120.png,0.4572,25.17,328.86,31.68,334.97
ch2_ohr_ncp_20250612T2031048828_d_img_d18_x11520_y21120.png,0.332,165.11,630.38,169.79,634.41
ch2_ohr_ncp_20250612T2031048828_d_img_d18_x11520_y21120.png,0.3169,90.0,599.5,98.02,606.65
ch2_ohr_ncp_20250612T2031048828_d_img_d18_x11520_y21120.png,0.312,9.68,474.84,14.63,479.17
ch2_ohr_ncp_20250612T2031048828_d_img_d18_x11520_y21120.png,0.309,268.0,107.94,273.9,113.19
ch2_ohr_ncp_20250612T2031048828_d_img_d18_x11520_y21120.png,0.2388,209.53,462.59,242.9,487.61
ch2_ohr_ncp_20250612T2031048828_d_img_d18_x11520_y21120.png,0.2173,213.09,287.94,221.43,296.05
ch2_ohr_ncp_20250612T2031048828_d_img_d18_x11520_y21120.png,0.2064,229.71,244.78,237.37,252.29
ch2_ohr_ncp_20250612T2031048828_d_img_d18_x11520_y21120.png,0.206,18.19,602.23,25.28,608.69
ch2_ohr_ncp_20250612T2031048828_d_img_d18_x11520_y21760.png,0.5607,22.36,414.58,29.32,421.02
ch2_ohr_ncp_20250612T2031048828_d_img_d18_x11520_y21760.png,0.3968,10.05,472.42,15.56,478.58
ch2_ohr_ncp_20250612T2031048828_d_img_d18_x11520_y21760.png,0.3678,247.26,375.6,253.99,380.72
ch2_ohr_ncp_20250612T2031048828_d_img_d18_x11520_y21760.png,0.354,187.86,543.89,214.74,568.44
ch2_ohr_ncp_20250612T2031048828_d_img_d18_x11520_y21760.png,0.3064,191.95,611.04,200.55,618.12
ch2_ohr_ncp_20250612T2031048828_d_img_d18_x11520_y21760.png,0.3004,39.15,348.0,44.09,353.42
ch2_ohr_ncp_20250612T2031048828_d_img_d18_x11520_y21760.png,0.2786,14.14,516.96,21.38,524.12
ch2_ohr_ncp_20250612T2031048828_d_img_d18_x11520_y21760.png,0.2628,241.81,419.5,250.98,427.14
ch2_ohr_ncp_20250612T2031048828_d_img_d18_x11520_y21760.png,0.2612,214.49,404.67,220.79,410.07
ch2_ohr_ncp_20250612T2031048828_d_img_d18_x11520_y21760.png,0.2427,178.72,349.62,187.39,356.04
ch2_ohr_ncp_20250612T2031048828_d_img_d18_x11520_y21760.png,0.234,254.99,343.11,260.02,348.04
ch2_ohr_ncp_20250612T2031048828_d_img_d18_x11520_y21760.png,0.2319,82.95,529.9,88.55,535.34
ch2_ohr_ncp_20250612T2031048828_d_img_d18_x11520_y21760.png,0.2217,16.43,321.69,20.94,325.72
ch2_ohr_ncp_20250612T2031048828_d_img_d18_x11520_y21760.png,0.2148,7.31,462.34,12.39,468.07
ch2_ohr_ncp_20250612T2031048828_d_img_d18_x11520_y21760.png,0.2121,3.07,559.3,9.32,564.31
ch2_ohr_ncp_20250612T2031048828_d_img_d18_x11520_y22400.png,0.3905,9.06,461.58,17.9,468.79
ch2_ohr_ncp_20250612T2031048828_d_img_d18_x11520_y22400.png,0.2975,34.88,510.78,41.16,516.82
ch2_ohr_ncp_20250612T2031048828_d_img_d18_x11520_y22400.png,0.2649,205.1,601.2,214.13,608.3
ch2_ohr_ncp_20250612T2031048828_d_img_d18_x11520_y22400.png,0.2404,0.12,51.92,6.69,58.74
ch2_ohr_ncp_20250612T2031048828_d_img_d18_x11520_y22400.png,0.211,68.67,69.41,74.35,74.39
ch2_ohr_ncp_20250612T2031048828_d_img_d18_x11520_y22400.png,0.2073,14.09,599.23,26.23,609.39
ch2_ohr_ncp_20250612T2031048828_d_img_d18_x11520_y23040.png,0.5033,0.06,469.14,7.12,478.13
ch2_ohr_ncp_20250612T2031048828_d_img_d18_x11520_y23040.png,0.4862,2.66,351.26,13.92,361.86
ch2_ohr_ncp_20250612T2031048828_d_img_d18_x11520_y23040.png,0.3922,15.71,126.63,21.7,132.01
ch2_ohr_ncp_20250612T2031048828_d_img_d18_x11520_y23040.png,0.3593,233.27,535.77,239.73,540.61
ch2_ohr_ncp_20250612T2031048828_d_img_d18_x11520_y23040.png,0.3146,32.19,156.96,40.65,165.45
ch2_ohr_ncp_20250612T2031048828_d_img_d18_x11520_y23040.png,0.2879,0.0,325.99,17.09,346.69
ch2_ohr_ncp_20250612T2031048828_d_img_d18_x11520_y23040.png,0.2787,0.23,351.36,14.34,363.8
ch2_ohr_ncp_20250612T2031048828_d_img_d18_x11520_y23040.png,0.2695,104.97,83.94,112.06,90.74
ch2_ohr_ncp_20250612T2031048828_d_img_d18_x11520_y23040.png,0.2297,62.63,531.95,68.02,536.94
ch2_ohr_ncp_20250612T2031048828_d_img_d18_x11520_y23040.png,0.2221,188.77,450.19,217.31,469.2
ch2_ohr_ncp_20250612T2031048828_d_img_d18_x11520_y23040.png,0.2102,103.99,84.5,111.03,90.49
ch2_ohr_ncp_20250612T2031048828_d_img_d18_x11520_y23040.png,0.209,13.86,150.45,20.14,156.0
ch2_ohr_ncp_20250612T2031048828_d_img_d18_x11520_y23680.png,0.6682,11.43,96.64,18.41,104.82
ch2_ohr_ncp_20250612T2031048828_d_img_d18_x11520_y23680.png,0.5772,137.46,61.48,147.83,69.01
ch2_ohr_ncp_20250612T2031048828_d_img_d18_x11520_y23680.png,0.5041,33.67,55.28,38.31,60.08
ch2_ohr_ncp_20250612T2031048828_d_img_d18_x11520_y23680.png,0.5007,166.91,297.62,173.58,303.82
ch2_ohr_ncp_20250612T2031048828_d_img_d18_x11520_y23680.png,0.4914,124.43,24.59,132.62,32.59
ch2_ohr_ncp_20250612T2031048828_d_img_d18_x11520_y23680.png,0.4854,19.41,108.94,27.88,118.23
ch2_ohr_ncp_20250612T2031048828_d_img_d18_x11520_y23680.png,0.4598,186.91,115.24,193.8,121.93
ch2_ohr_ncp_20250612T2031048828_d_img_d18_x11520_y23680.png,0.4311,104.67,89.18,110.82,93.99
ch2_ohr_ncp_20250612T2031048828_d_img_d18_x11520_y23680.png,0.3556,3.75,452.56,32.89,481.05
ch2_ohr_ncp_20250612T2031048828_d_img_d18_x11520_y23680.png,0.3507,41.95,430.66,47.95,436.06
ch2_ohr_ncp_20250612T2031048828_d_img_d18_x11520_y23680.png,0.3468,51.94,32.89,57.32,37.77
ch2_ohr_ncp_20250612T2031048828_d_img_d18_x11520_y23680.png,0.3202,269.15,351.35,281.98,360.94
ch2_ohr_ncp_20250612T2031048828_d_img_d18_x11520_y23680.png,0.2811,87.79,372.96,93.17,377.7
ch2_ohr_ncp_20250612T2031048828_d_img_d18_x11520_y23680.png,0.2625,192.73,583.25,197.66,588.42
ch2_ohr_ncp_20250612T2031048828_d_img_d18_x11520_y23680.png,0.2466,20.0,513.96,25.08,517.79
ch2_ohr_ncp_20250612T2031048828_d_img_d18_x11520_y23680.png,0.2377,114.11,91.38,118.83,95.61
ch2_ohr_ncp_20250612T2031048828_d_img_d18_x11520_y23680.png,0.2326,137.88,60.0,147.41,68.21
ch2_ohr_ncp_20250612T2031048828_d_img_d18_x11520_y23680.png,0.2276,245.4,121.79,252.52,127.42
ch2_ohr_ncp_20250612T2031048828_d_img_d18_x11520_y23680.png,0.2242,381.66,180.39,495.33,284.92
ch2_ohr_ncp_20250612T2031048828_d_img_d18_x11520_y23680.png,0.202,211.25,64.13,218.81,70.47
ch2_ohr_ncp_20250612T2031048828_d_img_d18_x11520_y24320.png,0.5359,15.44,625.55,21.95,631.88
ch2_ohr_ncp_20250612T2031048828_d_img_d18_x11520_y24960.png,0.4573,192.46,427.98,198.6,433.96
ch2_ohr_ncp_20250612T2031048828_d_img_d18_x11520_y24960.png,0.3818,162.1,42.31,167.08,47.53
ch2_ohr_ncp_20250612T2031048828_d_img_d18_x11520_y24960.png,0.3338,231.64,260.68,237.59,265.96
ch2_ohr_ncp_20250612T2031048828_d_img_d18_x11520_y24960.png,0.3273,200.0,453.85,206.38,458.41
ch2_ohr_ncp_20250612T2031048828_d_img_d18_x11520_y24960.png,0.2577,201.05,453.82,206.65,460.0
ch2_ohr_ncp_20250612T2031048828_d_img_d18_x11520_y24960.png,0.247,72.67,363.97,77.31,368.75
ch2_ohr_ncp_20250612T2031048828_d_img_d18_x11520_y24960.png,0.2299,56.66,563.85,62.04,568.96
ch2_ohr_ncp_20250612T2031048828_d_img_d18_x11520_y24960.png,0.2247,33.91,299.97,39.61,305.27
ch2_ohr_ncp_20250612T2031048828_d_img_d18_x11520_y24960.png,0.211,70.51,276.0,76.88,281.88
ch2_ohr_ncp_20250612T2031048828_d_img_d18_x11520_y24960.png,0.2012,10.45,584.59,16.05,589.55
ch2_ohr_ncp_20250612T2031048828_d_img_d18_x11520_y25600.png,0.5101,206.9,19.99,213.51,26.19
ch2_ohr_ncp_20250612T2031048828_d_img_d18_x11520_y25600.png,0.427,0.1,222.46,9.51,232.27
ch2_ohr_ncp_20250612T2031048828_d_img_d18_x11520_y25600.png,0.3312,179.04,79.65,184.93,85.09
ch2_ohr_ncp_20250612T2031048828_d_img_d18_x11520_y25600.png,0.2925,96.97,50.51,104.32,57.39
ch2_ohr_ncp_20250612T2031048828_d_img_d18_x11520_y25600.png,0.2639,126.99,167.33,132.54,173.18
ch2_ohr_ncp_20250612T2031048828_d_img_d18_x11520_y25600.png,0.2124,11.45,250.85,16.04,255.37
ch2_ohr_ncp_20250612T2031048828_d_img_d18_x11520_y25600.png,0.2065,136.74,61.96,145.04,69.81
ch2_ohr_ncp_20250612T2031048828_d_img_d18_x11520_y26240.png,0.5096,166.59,406.3,173.93,412.71
ch2_ohr_ncp_20250612T2031048828_d_img_d18_x11520_y26240.png,0.4414,171.89,0.21,181.04,7.63
ch2_ohr_ncp_20250612T2031048828_d_img_d18_x11520_y26240.png,0.405,139.95,518.51,146.54,524.92
ch2_ohr_ncp_20250612T2031048828_d_img_d18_x11520_y26240.png,0.3912,8.85,235.98,15.93,242.78
ch2_ohr_ncp_20250612T2031048828_d_img_d18_x11520_y26240.png,0.3871,119.09,476.71,130.07,487.01
ch2_ohr_ncp_20250612T2031048828_d_img_d18_x11520_y26240.png,0.3539,179.06,288.33,184.45,293.44
ch2_ohr_ncp_20250612T2031048828_d_img_d18_x11520_y26240.png,0.2415,69.22,404.96,74.91,410.44
ch2_ohr_ncp_20250612T2031048828_d_img_d18_x11520_y26240.png,0.2312,9.92,510.37,15.69,516.2
ch2_ohr_ncp_20250612T2031048828_d_img_d18_x11520_y26240.png,0.2298,48.05,568.21,53.96,573.78
ch2_ohr_ncp_20250612T2031048828_d_img_d18_x11520_y26240.png,0.2102,256.13,48.86,262.95,55.01
ch2_ohr_ncp_20250612T2031048828_d_img_d18_x11520_y26240.png,0.2093,71.97,422.0,80.66,428.24
ch2_ohr_ncp_20250612T2031048828_d_img_d18_x11520_y26240.png,0.2028,147.6,5.23,153.79,10.83
ch2_ohr_ncp_20250612T2031048828_d_img_d18_x11520_y26240.png,0.2003,0.09,205.75,4.02,212.0
ch2_ohr_ncp_20250612T2031048828_d_img_d18_x11520_y26880.png,0.485,193.09,424.07,215.19,440.18
ch2_ohr_ncp_20250612T2031048828_d_img_d18_x11520_y26880.png,0.4032,191.7,406.18,197.97,412.34
ch2_ohr_ncp_20250612T2031048828_d_img_d18_x11520_y26880.png,0.3832,1.94,59.91,25.37,77.12
ch2_ohr_ncp_20250612T2031048828_d_img_d18_x11520_y26880.png,0.3818,100.82,77.73,108.56,84.71
ch2_ohr_ncp_20250612T2031048828_d_img_d18_x11520_y26880.png,0.3568,0.0,522.86,4.01,527.82
ch2_ohr_ncp_20250612T2031048828_d_img_d18_x11520_y26880.png,0.3288,103.41,343.1,109.3,348.13
ch2_ohr_ncp_20250612T2031048828_d_img_d18_x11520_y26880.png,0.3103,296.29,626.76,302.49,632.79
ch2_ohr_ncp_20250612T2031048828_d_img_d18_x11520_y26880.png,0.2188,93.72,86.07,101.35,93.02
ch2_ohr_ncp_20250612T2031048828_d_img_d18_x11520_y26880.png,0.2156,91.99,86.31,100.65,92.63
ch2_ohr_ncp_20250612T2031048828_d_img_d18_x11520_y26880.png,0.2145,33.63,204.0,39.82,210.31
ch2_ohr_ncp_20250612T2031048828_d_img_d18_x11520_y26880.png,0.2045,176.29,70.11,184.9,77.23
ch2_ohr_ncp_20250612T2031048828_d_img_d18_x11520_y27520.png,0.5329,16.45,522.34,22.18,528.31
ch2_ohr_ncp_20250612T2031048828_d_img_d18_x11520_y27520.png,0.4194,165.18,605.8,172.46,612.36
ch2_ohr_ncp_20250612T2031048828_d_img_d18_x11520_y27520.png,0.3816,70.93,585.3,78.69,593.03
ch2_ohr_ncp_20250612T2031048828_d_img_d18_x11520_y27520.png,0.3674,21.41,389.96,26.32,395.3
ch2_ohr_ncp_20250612T2031048828_d_img_d18_x11520_y27520.png,0.3344,0.04,268.22,4.03,276.0
ch2_ohr_ncp_20250612T2031048828_d_img_d18_x11520_y27520.png,0.324,80.29,391.44,84.59,396.01
ch2_ohr_ncp_20250612T2031048828_d_img_d18_x11520_y27520.png,0.3057,43.35,43.22,49.84,48.91
ch2_ohr_ncp_20250612T2031048828_d_img_d18_x11520_y27520.png,0.2502,165.63,416.94,172.37,422.34
ch2_ohr_ncp_20250612T2031048828_d_img_d18_x11520_y27520.png,0.2178,20.0,390.48,26.25,396.02
ch2_ohr_ncp_20250612T2031048828_d_img_d18_x11520_y27520.png,0.2079,138.38,571.99,144.23,578.34
ch2_ohr_ncp_20250612T2031048828_d_img_d18_x11520_y28160.png,0.2838,39.26,575.43,45.59,581.88
ch2_ohr_ncp_20250612T2031048828_d_img_d18_x11520_y28160.png,0.239,121.61,27.57,128.39,32.98
ch2_ohr_ncp_20250612T2031048828_d_img_d18_x11520_y28160.png,0.2213,36.17,500.63,42.92,506.83
ch2_ohr_ncp_20250612T2031048828_d_img_d18_x11520_y28160.png,0.207,142.31,90.78,148.02,95.7
ch2_ohr_ncp_20250612T2031048828_d_img_d18_x11520_y28800.png,0.3855,0.41,485.65,14.79,498.34
ch2_ohr_ncp_20250612T2031048828_d_img_d18_x11520_y30080.png,0.5558,31.71,398.69,37.73,404.49
ch2_ohr_ncp_20250612T2031048828_d_img_d18_x11520_y30080.png,0.4274,9.22,146.93,16.14,153.18
ch2_ohr_ncp_20250612T2031048828_d_img_d18_x11520_y30080.png,0.4243,13.63,301.7,25.59,310.65
ch2_ohr_ncp_20250612T2031048828_d_img_d18_x11520_y30080.png,0.4163,192.57,283.73,208.2,296.83
ch2_ohr_ncp_20250612T2031048828_d_img_d18_x11520_y30080.png,0.3631,26.28,220.0,31.66,225.71
ch2_ohr_ncp_20250612T2031048828_d_img_d18_x11520_y30080.png,0.2758,32.36,328.71,40.59,336.88
ch2_ohr_ncp_20250612T2031048828_d_img_d18_x11520_y30080.png,0.2466,56.44,184.22,61.72,189.42
ch2_ohr_ncp_20250612T2031048828_d_img_d18_x11520_y30080.png,0.2424,11.94,299.99,24.41,309.48
ch2_ohr_ncp_20250612T2031048828_d_img_d18_x11520_y30080.png,0.2116,0.07,606.85,6.53,612.9
ch2_ohr_ncp_20250612T2031048828_d_img_d18_x11520_y30080.png,0.2091,200.43,341.99,207.23,348.02
ch2_ohr_ncp_20250612T2031048828_d_img_d18_x11520_y30720.png,0.7101,23.09,510.77,34.09,521.6
ch2_ohr_ncp_20250612T2031048828_d_img_d18_x11520_y30720.png,0.5674,54.69,582.04,62.35,589.54
ch2_ohr_ncp_20250612T2031048828_d_img_d18_x11520_y30720.png,0.5004,34.05,593.85,39.85,599.18
ch2_ohr_ncp_20250612T2031048828_d_img_d18_x11520_y30720.png,0.4572,22.22,106.18,28.42,112.19
ch2_ohr_ncp_20250612T2031048828_d_img_d18_x11520_y30720.png,0.3472,173.7,398.01,180.13,404.08
ch2_ohr_ncp_20250612T2031048828_d_img_d18_x11520_y30720.png,0.3088,67.42,584.69,71.27,588.86
ch2_ohr_ncp_20250612T2031048828_d_img_d18_x11520_y30720.png,0.2307,121.06,412.21,154.32,441.66
ch2_ohr_ncp_20250612T2031048828_d_img_d18_x11520_y30720.png,0.2234,50.62,221.9,60.81,230.44
ch2_ohr_ncp_20250612T2031048828_d_img_d18_x11520_y30720.png,0.2073,41.74,632.85,47.97,638.56
ch2_ohr_ncp_20250612T2031048828_d_img_d18_x11520_y30720.png,0.2028,94.06,245.24,100.18,252.0
ch2_ohr_ncp_20250612T2031048828_d_img_d18_x11520_y31360.png,0.4021,186.14,387.98,191.73,393.78
ch2_ohr_ncp_20250612T2031048828_d_img_d18_x11520_y31360.png,0.3307,121.75,426.39,131.69,434.91
ch2_ohr_ncp_20250612T2031048828_d_img_d18_x11520_y31360.png,0.2507,100.26,388.93,105.1,394.47
ch2_ohr_ncp_20250612T2031048828_d_img_d18_x11520_y31360.png,0.2156,99.94,387.97,104.81,393.62
ch2_ohr_ncp_20250612T2031048828_d_img_d18_x11520_y31360.png,0.2027,32.36,324.0,36.27,329.08
ch2_ohr_ncp_20250612T2031048828_d_img_d18_x11520_y32000.png,0.3472,115.97,107.99,121.39,113.54
ch2_ohr_ncp_20250612T2031048828_d_img_d18_x11520_y32000.png,0.3084,14.96,394.82,22.56,402.22
ch2_ohr_ncp_20250612T2031048828_d_img_d18_x11520_y32000.png,0.275,40.1,70.26,49.71,77.77
ch2_ohr_ncp_20250612T2031048828_d_img_d18_x11520_y32000.png,0.2628,40.2,386.6,45.0,391.32
ch2_ohr_ncp_20250612T2031048828_d_img_d18_x11520_y32000.png,0.2578,0.23,323.63,9.02,331.07
ch2_ohr_ncp_20250612T2031048828_d_img_d18_x11520_y32000.png,0.2447,51.57,248.25,57.86,253.97
ch2_ohr_ncp_20250612T2031048828_d_img_d18_x11520_y32000.png,0.2269,80.74,301.89,87.62,308.0
ch2_ohr_ncp_20250612T2031048828_d_img_d18_x11520_y32000.png,0.2267,39.78,424.92,47.22,432.19
ch2_ohr_ncp_20250612T2031048828_d_img_d18_x11520_y32640.png,0.2373,201.91,255.16,208.4,260.71
ch2_ohr_ncp_20250612T2031048828_d_img_d18_x11520_y32640.png,0.2308,29.75,288.19,36.02,293.78
ch2_ohr_ncp_20250612T2031048828_d_img_d18_x11520_y32640.png,0.2174,11.84,424.31,17.24,429.43
ch2_ohr_ncp_20250612T2031048828_d_img_d18_x11520_y33280.png,0.6079,79.66,459.66,86.05,465.32
ch2_ohr_ncp_20250612T2031048828_d_img_d18_x11520_y33280.png,0.5035,94.15,551.96,104.58,561.68
ch2_ohr_ncp_20250612T2031048828_d_img_d18_x11520_y33280.png,0.4801,122.73,436.0,127.95,441.6
ch2_ohr_ncp_20250612T2031048828_d_img_d18_x11520_y33280.png,0.4675,46.63,592.43,54.48,599.7
ch2_ohr_ncp_20250612T2031048828_d_img_d18_x11520_y33280.png,0.4067,188.43,627.3,197.85,635.4
ch2_ohr_ncp_20250612T2031048828_d_img_d18_x11520_y33280.png,0.3943,229.7,349.69,236.89,356.71
ch2_ohr_ncp_20250612T2031048828_d_img_d18_x11520_y33280.png,0.3676,20.87,421.64,27.44,426.76
ch2_ohr_ncp_20250612T2031048828_d_img_d18_x11520_y33280.png,0.3666,238.85,480.6,244.17,486.09
ch2_ohr_ncp_20250612T2031048828_d_img_d18_x11520_y33280.png,0.3176,27.6,414.01,34.15,420.08
ch2_ohr_ncp_20250612T2031048828_d_img_d18_x11520_y33280.png,0.2782,0.17,471.68,7.49,478.21
ch2_ohr_ncp_20250612T2031048828_d_img_d18_x11520_y33280.png,0.248,228.0,349.07,236.3,356.45
ch2_ohr_ncp_20250612T2031048828_d_img_d18_x11520_y33280.png,0.2466,139.94,601.9,146.19,607.28
ch2_ohr_ncp_20250612T2031048828_d_img_d18_x11520_y33280.png,0.2448,167.57,409.83,173.1,414.37
ch2_ohr_ncp_20250612T2031048828_d_img_d18_x11520_y33280.png,0.229,20.89,421.29,28.09,428.01
ch2_ohr_ncp_20250612T2031048828_d_img_d18_x11520_y33280.png,0.2276,138.34,595.23,144.62,599.81
ch2_ohr_ncp_20250612T2031048828_d_img_d18_x11520_y33280.png,0.2005,19.94,421.8,26.61,428.0
ch2_ohr_ncp_20250612T2031048828_d_img_d18_x11520_y33920.png,0.4089,254.48,619.35,261.82,625.92
ch2_ohr_ncp_20250612T2031048828_d_img_d18_x11520_y33920.png,0.3684,37.97,273.87,45.11,279.94
ch2_ohr_ncp_20250612T2031048828_d_img_d18_x11520_y33920.png,0.2382,151.89,457.77,157.59,463.27
ch2_ohr_ncp_20250612T2031048828_d_img_d18_x11520_y33920.png,0.2244,225.97,10.76,235.92,17.97
ch2_ohr_ncp_20250612T2031048828_d_img_d18_x11520_y33920.png,0.2171,0.31,257.44,7.74,263.59
ch2_ohr_ncp_20250612T2031048828_d_img_d18_x11520_y33920.png,0.2099,250.89,169.17,258.41,175.5
ch2_ohr_ncp_20250612T2031048828_d_img_d18_x11520_y33920.png,0.2007,99.04,632.07,105.1,636.69
ch2_ohr_ncp_20250612T2031048828_d_img_d18_x11520_y34560.png,0.6029,24.02,371.12,29.86,376.44
ch2_ohr_ncp_20250612T2031048828_d_img_d18_x11520_y34560.png,0.5981,155.39,442.37,161.52,448.59
ch2_ohr_ncp_20250612T2031048828_d_img_d18_x11520_y34560.png,0.5309,175.36,555.17,181.18,560.71
ch2_ohr_ncp_20250612T2031048828_d_img_d18_x11520_y34560.png,0.5177,110.86,572.37,119.61,580.43
ch2_ohr_ncp_20250612T2031048828_d_img_d18_x11520_y34560.png,0.5172,40.12,382.74,45.81,388.08
ch2_ohr_ncp_20250612T2031048828_d_img_d18_x11520_y34560.png,0.5079,40.64,355.94,48.78,363.1
ch2_ohr_ncp_20250612T2031048828_d_img_d18_x11520_y34560.png,0.4845,129.76,494.01,138.29,501.46
ch2_ohr_ncp_20250612T2031048828_d_img_d18_x11520_y34560.png,0.3504,11.47,475.99,16.96,481.57
ch2_ohr_ncp_20250612T2031048828_d_img_d18_x11520_y34560.png,0.3414,19.6,391.39,26.62,396.97
ch2_ohr_ncp_20250612T2031048828_d_img_d18_x11520_y34560.png,0.3186,174.46,583.71,180.55,590.61
ch2_ohr_ncp_20250612T2031048828_d_img_d18_x11520_y34560.png,0.2939,232.45,631.59,238.91,636.98
ch2_ohr_ncp_20250612T2031048828_d_img_d18_x11520_y34560.png,0.2893,11.84,206.44,20.75,214.14
ch2_ohr_ncp_20250612T2031048828_d_img_d18_x11520_y34560.png,0.2831,106.18,469.14,114.62,476.5
ch2_ohr_ncp_20250612T2031048828_d_img_d18_x11520_y34560.png,0.2805,234.75,611.96,240.78,617.92
ch2_ohr_ncp_20250612T2031048828_d_img_d18_x11520_y34560.png,0.2391,136.99,411.02,143.19,416.62
ch2_ohr_ncp_20250612T2031048828_d_img_d18_x11520_y34560.png,0.2344,187.25,443.03,193.47,448.72
ch2_ohr_ncp_20250612T2031048828_d_img_d18_x11520_y34560.png,0.2174,66.46,375.23,73.17,381.32
ch2_ohr_ncp_20250612T2031048828_d_img_d18_x11520_y35200.png,0.3493,184.81,628.0,190.66,634.2
ch2_ohr_ncp_20250612T2031048828_d_img_d18_x11520_y35200.png,0.3324,147.85,559.71,153.8,565.51
ch2_ohr_ncp_20250612T2031048828_d_img_d18_x11520_y35200.png,0.3268,0.0,210.34,4.05,215.38
ch2_ohr_ncp_20250612T2031048828_d_img_d18_x11520_y35200.png,0.3133,183.99,629.4,190.16,634.33
ch2_ohr_ncp_20250612T2031048828_d_img_d18_x11520_y35200.png,0.2973,75.46,485.66,82.86,492.03
ch2_ohr_ncp_20250612T2031048828_d_img_d18_x11520_y35200.png,0.29,103.85,284.0,109.57,290.0
ch2_ohr_ncp_20250612T2031048828_d_img_d18_x11520_y35200.png,0.2588,231.79,356.48,245.62,366.92
ch2_ohr_ncp_20250612T2031048828_d_img_d18_x11520_y35200.png,0.2541,83.96,354.24,92.06,360.34
ch2_ohr_ncp_20250612T2031048828_d_img_d18_x11520_y35200.png,0.2073,271.6,89.45,278.21,96.43
ch2_ohr_ncp_20250612T2031048828_d_img_d18_x11520_y35840.png,0.4914,31.94,215.93,38.47,222.13
ch2_ohr_ncp_20250612T2031048828_d_img_d18_x11520_y35840.png,0.3448,72.63,359.34,78.22,364.81
ch2_ohr_ncp_20250612T2031048828_d_img_d18_x11520_y35840.png,0.3094,0.28,419.9,7.26,426.19
ch2_ohr_ncp_20250612T2031048828_d_img_d18_x11520_y35840.png,0.2241,3.25,83.4,10.73,89.96
ch2_ohr_ncp_20250612T2031048828_d_img_d18_x11520_y35840.png,0.2022,166.34,437.21,171.95,442.12
ch2_ohr_ncp_20250612T2031048828_d_img_d18_x11520_y37120.png,0.443,35.87,437.51,41.52,442.65
ch2_ohr_ncp_20250612T2031048828_d_img_d18_x11520_y37120.png,0.4119,218.41,622.67,225.38,628.2
ch2_ohr_ncp_20250612T2031048828_d_img_d18_x11520_y37120.png,0.4081,70.96,15.23,77.12,20.37
ch2_ohr_ncp_20250612T2031048828_d_img_d18_x11520_y37120.png,0.3011,109.91,559.61,117.95,567.23
ch2_ohr_ncp_20250612T2031048828_d_img_d18_x11520_y37120.png,0.2977,171.99,262.81,178.79,269.44
ch2_ohr_ncp_20250612T2031048828_d_img_d18_x11520_y37120.png,0.2767,11.99,505.13,17.25,509.14
ch2_ohr_ncp_20250612T2031048828_d_img_d18_x11520_y37120.png,0.2508,0.02,251.97,4.04,258.25
ch2_ohr_ncp_20250612T2031048828_d_img_d18_x11520_y37120.png,0.2276,183.77,184.28,189.45,189.74
ch2_ohr_ncp_20250612T2031048828_d_img_d18_x11520_y37120.png,0.227,59.86,533.64,65.51,540.01
ch2_ohr_ncp_20250612T2031048828_d_img_d18_x11520_y37120.png,0.222,35.95,544.46,42.44,550.79
ch2_ohr_ncp_20250612T2031048828_d_img_d18_x11520_y37120.png,0.2101,172.94,263.36,180.02,270.02
ch2_ohr_ncp_20250612T2031048828_d_img_d18_x11520_y37760.png,0.5167,56.29,43.92,62.82,49.72
ch2_ohr_ncp_20250612T2031048828_d_img_d18_x11520_y37760.png,0.5114,24.47,475.56,31.64,481.38
ch2_ohr_ncp_20250612T2031048828_d_img_d18_x11520_y37760.png,0.5093,259.34,426.29,266.91,432.56
ch2_ohr_ncp_20250612T2031048828_d_img_d18_x11520_y37760.png,0.4612,7.38,383.34,14.94,389.59
ch2_ohr_ncp_20250612T2031048828_d_img_d18_x11520_y37760.png,0.4165,96.1,518.33,104.4,525.64
ch2_ohr_ncp_20250612T2031048828_d_img_d18_x11520_y37760.png,0.4082,240.27,626.84,247.12,631.96
ch2_ohr_ncp_20250612T2031048828_d_img_d18_x11520_y37760.png,0.3962,267.95,308.98,275.94,316.01
ch2_ohr_ncp_20250612T2031048828_d_img_d18_x11520_y37760.png,0.3299,185.0,446.13,192.37,452.44
ch2_ohr_ncp_20250612T2031048828_d_img_d18_x11520_y37760.png,0.3079,81.05,565.91,89.6,572.93
ch2_ohr_ncp_20250612T2031048828_d_img_d18_x11520_y37760.png,0.3068,165.79,375.93,173.36,382.89
ch2_ohr_ncp_20250612T2031048828_d_img_d18_x11520_y37760.png,0.2799,68.78,360.59,76.03,365.92
ch2_ohr_ncp_20250612T2031048828_d_img_d18_x11520_y37760.png,0.2374,73.52,269.08,82.86,276.17
ch2_ohr_ncp_20250612T2031048828_d_img_d18_x11520_y37760.png,0.2371,67.87,359.5,74.18,364.73
ch2_ohr_ncp_20250612T2031048828_d_img_d18_x11520_y37760.png,0.2362,32.42,349.38,39.43,356.0
ch2_ohr_ncp_20250612T2031048828_d_img_d18_x11520_y37760.png,0.2149,32.49,348.0,39.48,354.65
ch2_ohr_ncp_20250612T2031048828_d_img_d18_x11520_y38400.png,0.4408,112.65,271.23,118.23,276.08
ch2_ohr_ncp_20250612T2031048828_d_img_d18_x11520_y38400.png,0.4188,11.98,570.64,45.55,598.8
ch2_ohr_ncp_20250612T2031048828_d_img_d18_x11520_y38400.png,0.3689,151.58,413.88,157.78,420.18
ch2_ohr_ncp_20250612T2031048828_d_img_d18_x11520_y38400.png,0.2522,158.9,54.86,164.05,60.01
ch2_ohr_ncp_20250612T2031048828_d_img_d18_x11520_y38400.png,0.2503,94.89,615.92,100.07,620.8
ch2_ohr_ncp_20250612T2031048828_d_img_d18_x11520_y39040.png,0.5004,190.45,341.39,198.79,349.59
ch2_ohr_ncp_20250612T2031048828_d_img_d18_x11520_y39040.png,0.4418,175.31,576.38,181.91,582.49
ch2_ohr_ncp_20250612T2031048828_d_img_d18_x11520_y39040.png,0.2846,151.68,535.15,160.81,540.91
ch2_ohr_ncp_20250612T2031048828_d_img_d18_x11520_y39040.png,0.2391,18.45,271.83,29.08,280.09
ch2_ohr_ncp_20250612T2031048828_d_img_d18_x11520_y39040.png,0.2061,226.01,472.0,233.22,478.55
ch2_ohr_ncp_20250612T2031048828_d_img_d18_x11520_y39040.png,0.2053,16.18,431.94,23.44,439.04
ch2_ohr_ncp_20250612T2031048828_d_img_d18_x11520_y39040.png,0.2009,208.66,123.94,214.39,128.76
ch2_ohr_ncp_20250612T2031048828_d_img_d18_x11520_y40320.png,0.4085,42.01,577.69,48.47,583.37
ch2_ohr_ncp_20250612T2031048828_d_img_d18_x11520_y40320.png,0.3617,87.94,605.19,96.75,613.58
ch2_ohr_ncp_20250612T2031048828_d_img_d18_x11520_y40320.png,0.3167,39.85,591.87,45.92,597.55
ch2_ohr_ncp_20250612T2031048828_d_img_d18_x11520_y40320.png,0.2294,33.95,615.28,40.08,620.13
ch2_ohr_ncp_20250612T2031048828_d_img_d18_x11520_y40320.png,0.207,200.0,625.05,208.94,632.99
ch2_ohr_ncp_20250612T2031048828_d_img_d18_x11520_y40320.png,0.2012,184.99,630.63,193.64,636.16
ch2_ohr_ncp_20250612T2031048828_d_img_d18_x11520_y40960.png,0.2094,35.72,168.29,41.59,173.6
ch2_ohr_ncp_20250612T2031048828_d_img_d18_x11520_y41600.png,0.6341,0.0,253.91,18.31,273.48
ch2_ohr_ncp_20250612T2031048828_d_img_d18_x11520_y41600.png,0.277,147.71,496.36,154.28,502.94
ch2_ohr_ncp_20250612T2031048828_d_img_d18_x11520_y41600.png,0.2415,205.29,585.41,244.61,619.0
ch2_ohr_ncp_20250612T2031048828_d_img_d18_x11520_y41600.png,0.2366,0.11,288.54,8.97,294.72
ch2_ohr_ncp_20250612T2031048828_d_img_d18_x11520_y41600.png,0.2331,138.72,325.92,147.1,332.44
ch2_ohr_ncp_20250612T2031048828_d_img_d18_x11520_y41600.png,0.2325,204.42,201.26,239.75,235.3
ch2_ohr_ncp_20250612T2031048828_d_img_d18_x11520_y41600.png,0.2303,131.93,251.49,137.74,257.07
ch2_ohr_ncp_20250612T2031048828_d_img_d18_x11520_y41600.png,0.2231,22.02,322.22,32.06,328.25
ch2_ohr_ncp_20250612T2031048828_d_img_d18_x11520_y41600.png,0.203,100.76,376.0,106.26,382.45
ch2_ohr_ncp_20250612T2031048828_d_img_d18_x11520_y42240.png,0.2257,8.42,61.04,15.55,68.01
ch2_ohr_ncp_20250612T2031048828_d_img_d18_x11520_y43520.png,0.3163,168.62,598.09,175.69,604.41
ch2_ohr_ncp_20250612T2031048828_d_img_d18_x11520_y43520.png,0.2643,18.65,331.55,24.65,337.36
ch2_ohr_ncp_20250612T2031048828_d_img_d18_x11520_y43520.png,0.2607,38.54,314.35,45.25,320.31
ch2_ohr_ncp_20250612T2031048828_d_img_d18_x11520_y43520.png,0.2055,209.48,518.81,214.74,524.04
ch2_ohr_ncp_20250612T2031048828_d_img_d18_x11520_y44160.png,0.5177,129.05,327.59,134.91,333.81
ch2_ohr_ncp_20250612T2031048828_d_img_d18_x11520_y44800.png,0.4283,41.66,438.16,51.22,446.53
ch2_ohr_ncp_20250612T2031048828_d_img_d18_x11520_y44800.png,0.2468,201.12,411.05,207.08,416.29
ch2_ohr_ncp_20250612T2031048828_d_img_d18_x11520_y44800.png,0.2453,170.56,255.95,174.93,260.96
ch2_ohr_ncp_20250612T2031048828_d_img_d18_x11520_y44800.png,0.2209,29.6,504.03,36.01,509.37
ch2_ohr_ncp_20250612T2031048828_d_img_d18_x11520_y45440.png,0.2323,38.66,286.89,44.91,292.14
ch2_ohr_ncp_20250612T2031048828_d_img_d18_x11520_y46080.png,0.5307,235.44,607.21,246.65,616.87
ch2_ohr_ncp_20250612T2031048828_d_img_d18_x11520_y46080.png,0.3333,131.98,611.61,136.65,615.85
ch2_ohr_ncp_20250612T2031048828_d_img_d18_x11520_y46080.png,0.2687,147.95,602.98,152.76,606.98
ch2_ohr_ncp_20250612T2031048828_d_img_d18_x11520_y46720.png,0.3257,161.15,449.81,167.24,454.83
ch2_ohr_ncp_20250612T2031048828_d_img_d18_x11520_y46720.png,0.3244,183.58,411.87,190.61,417.91
ch2_ohr_ncp_20250612T2031048828_d_img_d18_x11520_y46720.png,0.3046,160.57,355.8,165.26,360.4
ch2_ohr_ncp_20250612T2031048828_d_img_d18_x11520_y46720.png,0.267,9.2,74.07,14.23,79.16
ch2_ohr_ncp_20250612T2031048828_d_img_d18_x11520_y46720.png,0.2206,0.0,311.18,4.06,318.28
ch2_ohr_ncp_20250612T2031048828_d_img_d18_x11520_y46720.png,0.2176,63.5,243.31,69.85,248.77
ch2_ohr_ncp_20250612T2031048828_d_img_d18_x11520_y48000.png,0.4225,15.95,443.28,46.37,474.59
ch2_ohr_ncp_20250612T2031048828_d_img_d18_x11520_y48640.png,0.2264,109.35,466.26,118.89,473.73
ch2_ohr_ncp_20250612T2031048828_d_img_d18_x11520_y49280.png,0.3632,412.36,324.43,493.82,436.37
ch2_ohr_ncp_20250612T2031048828_d_img_d18_x11520_y49280.png,0.2408,414.82,344.07,494.43,457.71
ch2_ohr_ncp_20250612T2031048828_d_img_d18_x11520_y49920.png,0.2164,159.48,615.14,164.01,620.01
ch2_ohr_ncp_20250612T2031048828_d_img_d18_x11520_y50560.png,0.5361,150.34,296.87,157.68,304.34
ch2_ohr_ncp_20250612T2031048828_d_img_d18_x11520_y50560.png,0.317,169.29,312.82,174.88,317.66
ch2_ohr_ncp_20250612T2031048828_d_img_d18_x11520_y50560.png,0.2409,144.62,380.0,150.65,386.43
ch2_ohr_ncp_20250612T2031048828_d_img_d18_x11520_y50560.png,0.2177,55.8,190.9,61.17,196.18
ch2_ohr_ncp_20250612T2031048828_d_img_d18_x11520_y50560.png,0.2168,203.0,210.19,210.1,216.3
ch2_ohr_ncp_20250612T2031048828_d_img_d18_x11520_y53760.png,0.2223,135.86,309.19,144.13,315.33
ch2_ohr_ncp_20250612T2031048828_d_img_d18_x11520_y54400.png,0.2696,1.12,399.04,17.71,411.08
ch2_ohr_ncp_20250612T2031048828_d_img_d18_x11520_y54400.png,0.2565,14.81,201.97,22.13,208.82
ch2_ohr_ncp_20250612T2031048828_d_img_d18_x11520_y54400.png,0.2095,23.86,405.1,29.09,409.99
ch2_ohr_ncp_20250612T2031048828_d_img_d18_x11520_y55040.png,0.5391,39.38,177.38,45.64,183.21
ch2_ohr_ncp_20250612T2031048828_d_img_d18_x11520_y55040.png,0.396,158.21,189.63,169.12,199.91
ch2_ohr_ncp_20250612T2031048828_d_img_d18_x11520_y55040.png,0.251,32.61,267.36,37.53,271.75
ch2_ohr_ncp_20250612T2031048828_d_img_d18_x11520_y55040.png,0.2341,26.94,563.53,34.14,571.11
ch2_ohr_ncp_20250612T2031048828_d_img_d18_x11520_y55040.png,0.2184,25.02,257.24,29.46,261.51
ch2_ohr_ncp_20250612T2031048828_d_img_d18_x11520_y56320.png,0.2285,35.91,485.58,40.39,489.34
ch2_ohr_ncp_20250612T2031048828_d_img_d18_x11520_y58240.png,0.2794,127.51,328.82,133.07,333.63
ch2_ohr_ncp_20250612T2031048828_d_img_d18_x11520_y58240.png,0.2133,15.37,115.37,21.65,120.66
ch2_ohr_ncp_20250612T2031048828_d_img_d18_x11520_y58880.png,0.3625,262.94,627.28,268.98,633.3
ch2_ohr_ncp_20250612T2031048828_d_img_d18_x11520_y58880.png,0.3198,38.74,20.24,46.23,27.41
ch2_ohr_ncp_20250612T2031048828_d_img_d18_x11520_y58880.png,0.2797,57.61,579.92,64.63,586.28
ch2_ohr_ncp_20250612T2031048828_d_img_d18_x11520_y58880.png,0.2351,144.14,19.38,149.34,24.07
ch2_ohr_ncp_20250612T2031048828_d_img_d18_x11520_y58880.png,0.209,75.99,3.03,81.82,8.9
ch2_ohr_ncp_20250612T2031048828_d_img_d18_x11520_y59520.png,0.4353,158.49,61.97,164.66,68.07
ch2_ohr_ncp_20250612T2031048828_d_img_d18_x11520_y59520.png,0.2846,63.45,592.98,69.5,598.52
ch2_ohr_ncp_20250612T2031048828_d_img_d18_x11520_y59520.png,0.2836,101.92,566.52,108.03,572.02
ch2_ohr_ncp_20250612T2031048828_d_img_d18_x11520_y59520.png,0.2287,167.88,83.27,173.96,88.83
ch2_ohr_ncp_20250612T2031048828_d_img_d18_x11520_y60160.png,0.2178,0.0,17.55,4.05,23.67
ch2_ohr_ncp_20250612T2031048828_d_img_d18_x11520_y60800.png,0.367,39.14,329.93,44.98,335.02
ch2_ohr_ncp_20250612T2031048828_d_img_d18_x11520_y60800.png,0.3128,18.3,62.68,26.78,69.37
ch2_ohr_ncp_20250612T2031048828_d_img_d18_x11520_y60800.png,0.2498,5.83,297.28,12.0,302.4
ch2_ohr_ncp_20250612T2031048828_d_img_d18_x11520_y60800.png,0.2356,8.42,331.99,14.44,338.52
ch2_ohr_ncp_20250612T2031048828_d_img_d18_x11520_y60800.png,0.2252,15.86,555.99,22.72,562.43
ch2_ohr_ncp_20250612T2031048828_d_img_d18_x11520_y60800.png,0.2175,15.05,575.41,20.09,580.06
ch2_ohr_ncp_20250612T2031048828_d_img_d18_x11520_y60800.png,0.2059,65.18,575.13,70.33,580.06
ch2_ohr_ncp_20250612T2031048828_d_img_d18_x11520_y61440.png,0.548,7.93,375.28,14.7,382.02
ch2_ohr_ncp_20250612T2031048828_d_img_d18_x11520_y61440.png,0.2322,54.33,23.04,59.02,27.42
ch2_ohr_ncp_20250612T2031048828_d_img_d18_x11520_y61440.png,0.2274,159.52,50.59,170.75,60.94
ch2_ohr_ncp_20250612T2031048828_d_img_d18_x11520_y61440.png,0.2244,0.29,414.98,12.52,431.26
ch2_ohr_ncp_20250612T2031048828_d_img_d18_x11520_y61440.png,0.2163,239.68,30.57,245.62,36.27
ch2_ohr_ncp_20250612T2031048828_d_img_d18_x11520_y61440.png,0.2067,39.51,216.58,45.09,222.25
ch2_ohr_ncp_20250612T2031048828_d_img_d18_x11520_y61440.png,0.204,54.67,23.02,60.05,28.02
ch2_ohr_ncp_20250612T2031048828_d_img_d18_x11520_y62080.png,0.3553,185.14,238.01,192.98,244.75
ch2_ohr_ncp_20250612T2031048828_d_img_d18_x11520_y62720.png,0.3096,227.46,235.98,232.21,241.29
ch2_ohr_ncp_20250612T2031048828_d_img_d18_x11520_y62720.png,0.2567,219.17,595.98,225.22,601.71
ch2_ohr_ncp_20250612T2031048828_d_img_d18_x11520_y63360.png,0.2984,103.77,26.08,112.1,33.03
ch2_ohr_ncp_20250612T2031048828_d_img_d18_x11520_y63360.png,0.2925,42.47,253.78,51.32,261.48
ch2_ohr_ncp_20250612T2031048828_d_img_d18_x11520_y63360.png,0.253,33.31,160.59,38.79,165.8
ch2_ohr_ncp_20250612T2031048828_d_img_d18_x11520_y64000.png,0.2505,35.83,386.72,41.62,392.57
ch2_ohr_ncp_20250612T2031048828_d_img_d18_x11520_y64640.png,0.334,32.58,588.0,39.0,594.61
ch2_ohr_ncp_20250612T2031048828_d_img_d18_x11520_y64640.png,0.2958,32.32,589.27,38.68,596.0
ch2_ohr_ncp_20250612T2031048828_d_img_d18_x11520_y64640.png,0.2586,55.94,452.63,61.85,457.6
ch2_ohr_ncp_20250612T2031048828_d_img_d18_x11520_y64640.png,0.2461,197.39,619.71,205.14,626.14
ch2_ohr_ncp_20250612T2031048828_d_img_d18_x11520_y64640.png,0.2203,27.62,365.8,33.17,372.0
ch2_ohr_ncp_20250612T2031048828_d_img_d18_x11520_y64640.png,0.2025,83.98,611.94,89.63,616.93
ch2_ohr_ncp_20250612T2031048828_d_img_d18_x11520_y65280.png,0.2988,130.51,447.2,141.02,456.19
ch2_ohr_ncp_20250612T2031048828_d_img_d18_x11520_y65280.png,0.282,139.99,369.77,145.6,374.09
ch2_ohr_ncp_20250612T2031048828_d_img_d18_x11520_y65280.png,0.2608,152.15,574.64,157.44,580.07
ch2_ohr_ncp_20250612T2031048828_d_img_d18_x11520_y65280.png,0.2365,12.93,604.02,21.16,612.03
ch2_ohr_ncp_20250612T2031048828_d_img_d18_x11520_y65280.png,0.2239,411.87,47.95,495.17,151.58
ch2_ohr_ncp_20250612T2031048828_d_img_d18_x11520_y65280.png,0.213,225.17,497.15,231.26,502.73
ch2_ohr_ncp_20250612T2031048828_d_img_d18_x11520_y65920.png,0.2318,27.28,628.0,32.22,634.01
ch2_ohr_ncp_20250612T2031048828_d_img_d18_x11520_y66560.png,0.2957,0.0,436.71,34.26,466.95
ch2_ohr_ncp_20250612T2031048828_d_img_d18_x11520_y67200.png,0.4406,32.32,35.98,38.41,41.83
ch2_ohr_ncp_20250612T2031048828_d_img_d18_x11520_y67200.png,0.2513,8.8,224.8,14.61,229.8
ch2_ohr_ncp_20250612T2031048828_d_img_d18_x11520_y67200.png,0.2377,117.55,244.33,123.04,249.0
ch2_ohr_ncp_20250612T2031048828_d_img_d18_x11520_y67200.png,0.2246,151.36,381.57,158.15,389.13
ch2_ohr_ncp_20250612T2031048828_d_img_d18_x11520_y67200.png,0.2052,158.93,593.34,164.76,599.03
ch2_ohr_ncp_20250612T2031048828_d_img_d18_x11520_y69120.png,0.6425,202.01,558.55,245.53,593.41
ch2_ohr_ncp_20250612T2031048828_d_img_d18_x11520_y69120.png,0.5321,40.29,424.18,46.45,429.75
ch2_ohr_ncp_20250612T2031048828_d_img_d18_x11520_y69120.png,0.4338,165.38,285.85,175.61,295.81
ch2_ohr_ncp_20250612T2031048828_d_img_d18_x11520_y69120.png,0.4152,197.7,596.44,206.84,605.08
ch2_ohr_ncp_20250612T2031048828_d_img_d18_x11520_y69120.png,0.2525,182.38,515.27,188.66,521.38
ch2_ohr_ncp_20250612T2031048828_d_img_d18_x11520_y69760.png,0.3665,227.59,109.87,233.73,116.13
ch2_ohr_ncp_20250612T2031048828_d_img_d18_x11520_y69760.png,0.2386,0.05,138.86,8.36,146.97
ch2_ohr_ncp_20250612T2031048828_d_img_d18_x11520_y70400.png,0.275,96.67,603.98,101.88,609.29
ch2_ohr_ncp_20250612T2031048828_d_img_d18_x11520_y71680.png,0.2901,106.99,264.7,113.21,269.79
ch2_ohr_ncp_20250612T2031048828_d_img_d18_x11520_y71680.png,0.267,152.03,258.89,157.42,263.42
ch2_ohr_ncp_20250612T2031048828_d_img_d18_x11520_y71680.png,0.2156,184.42,307.85,191.33,314.71
ch2_ohr_ncp_20250612T2031048828_d_img_d18_x11520_y72960.png,0.2791,41.8,76.0,48.72,82.83
ch2_ohr_ncp_20250612T2031048828_d_img_d18_x11520_y72960.png,0.2132,8.61,143.56,14.97,148.19
ch2_ohr_ncp_20250612T2031048828_d_img_d18_x11520_y73600.png,0.596,0.19,321.84,17.4,337.43
ch2_ohr_ncp_20250612T2031048828_d_img_d18_x11520_y73600.png,0.3875,15.86,248.2,25.12,256.5
ch2_ohr_ncp_20250612T2031048828_d_img_d18_x11520_y73600.png,0.3593,0.05,208.86,6.74,216.36
ch2_ohr_ncp_20250612T2031048828_d_img_d18_x11520_y73600.png,0.2726,78.44,427.97,84.33,433.39
ch2_ohr_ncp_20250612T2031048828_d_img_d18_x11520_y74240.png,0.2532,8.83,254.69,15.6,260.83
ch2_ohr_ncp_20250612T2031048828_d_img_d18_x11520_y74880.png,0.3116,190.61,616.72,197.09,622.33
ch2_ohr_ncp_20250612T2031048828_d_img_d18_x11520_y74880.png,0.2737,156.65,320.55,164.03,326.56
ch2_ohr_ncp_20250612T2031048828_d_img_d18_x11520_y75520.png,0.4647,120.6,289.19,125.74,294.07
ch2_ohr_ncp_20250612T2031048828_d_img_d18_x11520_y75520.png,0.2918,20.12,609.27,26.67,616.2
ch2_ohr_ncp_20250612T2031048828_d_img_d18_x11520_y75520.png,0.264,35.97,483.99,43.19,490.88
ch2_ohr_ncp_20250612T2031048828_d_img_d18_x11520_y75520.png,0.2218,117.76,194.31,124.01,199.48
ch2_ohr_ncp_20250612T2031048828_d_img_d18_x11520_y75520.png,0.2207,276.0,105.97,282.09,111.33
ch2_ohr_ncp_20250612T2031048828_d_img_d18_x11520_y76160.png,0.4201,5.11,391.19,16.53,401.5
ch2_ohr_ncp_20250612T2031048828_d_img_d18_x11520_y76160.png,0.3756,32.88,107.98,39.48,114.17
ch2_ohr_ncp_20250612T2031048828_d_img_d18_x11520_y76160.png,0.2804,16.07,243.08,23.31,249.77
ch2_ohr_ncp_20250612T2031048828_d_img_d18_x11520_y76160.png,0.2685,11.82,139.49,17.92,144.94
ch2_ohr_ncp_20250612T2031048828_d_img_d18_x11520_y76160.png,0.2312,0.07,487.71,4.59,495.68
ch2_ohr_ncp_20250612T2031048828_d_img_d18_x11520_y76160.png,0.2106,6.8,304.16,12.39,309.53
ch2_ohr_ncp_20250612T2031048828_d_img_d18_x11520_y76160.png,0.2103,8.42,131.96,14.09,137.55
ch2_ohr_ncp_20250612T2031048828_d_img_d18_x11520_y76800.png,0.2961,15.32,392.61,21.72,398.16
ch2_ohr_ncp_20250612T2031048828_d_img_d18_x11520_y76800.png,0.2393,0.03,358.96,4.99,364.29
ch2_ohr_ncp_20250612T2031048828_d_img_d18_x11520_y77440.png,0.3323,190.95,589.54,203.19,600.38
ch2_ohr_ncp_20250612T2031048828_d_img_d18_x11520_y77440.png,0.2188,58.63,50.92,65.13,57.04
ch2_ohr_ncp_20250612T2031048828_d_img_d18_x11520_y78080.png,0.2813,171.04,558.07,179.54,565.04
ch2_ohr_ncp_20250612T2031048828_d_img_d18_x11520_y78720.png,0.2239,75.3,405.08,83.13,412.14
ch2_ohr_ncp_20250612T2031048828_d_img_d18_x11520_y78720.png,0.2154,217.4,630.71,223.61,636.06
ch2_ohr_ncp_20250612T2031048828_d_img_d18_x11520_y79360.png,0.2926,112.58,22.71,118.98,28.46
ch2_ohr_ncp_20250612T2229094979_d_img_d18_x00640_y79360.png,0.369,396.59,67.21,409.84,77.56
ch2_ohr_ncp_20250612T2229094979_d_img_d18_x03200_y79360.png,0.2771,373.2,34.45,380.64,40.57
ch2_ohr_ncp_20250612T2229094979_d_img_d18_x05760_y79360.png,0.3529,597.96,2.99,609.48,14.41
ch2_ohr_ncp_20250612T2229094979_d_img_d18_x06400_y79360.png,0.4309,395.34,86.61,402.86,93.29
ch2_ohr_ncp_20250612T2229094979_d_img_d18_x11520_y00000.png,0.5462,30.22,55.26,39.59,63.95
ch2_ohr_ncp_20250612T2229094979_d_img_d18_x11520_y00000.png,0.3873,98.15,602.73,106.26,609.21
ch2_ohr_ncp_20250612T2229094979_d_img_d18_x11520_y00000.png,0.3512,8.43,118.86,16.0,125.41
ch2_ohr_ncp_20250612T2229094979_d_img_d18_x11520_y00000.png,0.345,250.93,23.9,258.76,30.82
ch2_ohr_ncp_20250612T2229094979_d_img_d18_x11520_y00000.png,0.3298,126.49,144.86,132.08,150.95
ch2_ohr_ncp_20250612T2229094979_d_img_d18_x11520_y00000.png,0.3289,80.69,51.64,94.05,62.46
ch2_ohr_ncp_20250612T2229094979_d_img_d18_x11520_y00000.png,0.3027,148.44,302.2,157.42,308.52
ch2_ohr_ncp_20250612T2229094979_d_img_d18_x11520_y00000.png,0.3007,29.47,405.54,36.18,412.02
ch2_ohr_ncp_20250612T2229094979_d_img_d18_x11520_y00000.png,0.2917,85.71,232.4,97.31,241.23
ch2_ohr_ncp_20250612T2229094979_d_img_d18_x11520_y00000.png,0.2671,134.82,153.35,140.03,159.05
ch2_ohr_ncp_20250612T2229094979_d_img_d18_x11520_y00000.png,0.2651,80.75,192.53,92.05,203.34
ch2_ohr_ncp_20250612T2229094979_d_img_d18_x11520_y00000.png,0.2498,35.95,40.17,41.95,44.98
ch2_ohr_ncp_20250612T2229094979_d_img_d18_x11520_y00000.png,0.2414,159.73,278.84,168.42,286.66
ch2_ohr_ncp_20250612T2229094979_d_img_d18_x11520_y00000.png,0.2372,0.14,0.0,53.46,17.54
ch2_ohr_ncp_20250612T2229094979_d_img_d18_x11520_y00000.png,0.2259,113.5,142.44,119.08,148.28
ch2_ohr_ncp_20250612T2229094979_d_img_d18_x11520_y00640.png,0.448,84.77,10.43,94.56,18.71
ch2_ohr_ncp_20250612T2229094979_d_img_d18_x11520_y00640.png,0.447,239.53,304.26,255.5,312.93
ch2_ohr_ncp_20250612T2229094979_d_img_d18_x11520_y00640.png,0.273,51.99,5.81,61.14,13.25
ch2_ohr_ncp_20250612T2229094979_d_img_d18_x11520_y00640.png,0.2716,144.74,161.28,150.53,167.2
ch2_ohr_ncp_20250612T2229094979_d_img_d18_x11520_y00640.png,0.2255,114.5,195.99,120.0,202.14
ch2_ohr_ncp_20250612T2229094979_d_img_d18_x11520_y01280.png,0.2962,239.86,144.34,246.52,150.5
ch2_ohr_ncp_20250612T2229094979_d_img_d18_x11520_y01280.png,0.2946,72.29,25.97,80.5,33.93
ch2_ohr_ncp_20250612T2229094979_d_img_d18_x11520_y01280.png,0.2532,22.39,334.09,30.37,341.89
ch2_ohr_ncp_20250612T2229094979_d_img_d18_x11520_y01280.png,0.2374,69.16,165.86,76.75,172.01
ch2_ohr_ncp_20250612T2229094979_d_img_d18_x11520_y01280.png,0.2102,26.49,393.91,30.57,397.63
ch2_ohr_ncp_20250612T2229094979_d_img_d18_x11520_y01920.png,0.2599,48.52,427.96,53.87,433.44
ch2_ohr_ncp_20250612T2229094979_d_img_d18_x11520_y01920.png,0.234,178.39,339.22,184.69,345.0
ch2_ohr_ncp_20250612T2229094979_d_img_d18_x11520_y01920.png,0.2158,0.48,273.43,13.21,285.68
ch2_ohr_ncp_20250612T2229094979_d_img_d18_x11520_y01920.png,0.2144,410.91,91.35,495.52,215.22
ch2_ohr_ncp_20250612T2229094979_d_img_d18_x11520_y02560.png,0.5365,230.13,384.14,238.09,390.69
ch2_ohr_ncp_20250612T2229094979_d_img_d18_x11520_y02560.png,0.4483,11.12,243.98,18.02,250.37
ch2_ohr_ncp_20250612T2229094979_d_img_d18_x11520_y02560.png,0.206,41.53,468.17,51.55,477.43
ch2_ohr_ncp_20250612T2229094979_d_img_d18_x11520_y02560.png,0.2015,203.92,373.83,210.97,380.04
ch2_ohr_ncp_20250612T2229094979_d_img_d18_x11520_y03200.png,0.4725,75.98,311.26,83.81,318.46
ch2_ohr_ncp_20250612T2229094979_d_img_d18_x11520_y03200.png,0.3363,148.2,275.8,155.0,281.5
ch2_ohr_ncp_20250612T2229094979_d_img_d18_x11520_y03200.png,0.327,201.84,614.72,208.29,620.4
ch2_ohr_ncp_20250612T2229094979_d_img_d18_x11520_y03200.png,0.2913,64.35,574.07,70.23,580.02
ch2_ohr_ncp_20250612T2229094979_d_img_d18_x11520_y03200.png,0.233,145.4,248.83,150.68,253.54
ch2_ohr_ncp_20250612T2229094979_d_img_d18_x11520_y03200.png,0.2047,23.94,321.25,31.0,328.02
ch2_ohr_ncp_20250612T2229094979_d_img_d18_x11520_y03200.png,0.2037,224.28,283.84,231.75,292.4
ch2_ohr_ncp_20250612T2229094979_d_img_d18_x11520_y04480.png,0.5255,166.01,10.85,174.64,19.81
ch2_ohr_ncp_20250612T2229094979_d_img_d18_x11520_y04480.png,0.4774,6.68,633.58,12.49,639.05
ch2_ohr_ncp_20250612T2229094979_d_img_d18_x11520_y04480.png,0.3812,212.42,68.89,217.97,73.6
ch2_ohr_ncp_20250612T2229094979_d_img_d18_x11520_y04480.png,0.3626,163.99,11.01,174.03,20.51
ch2_ohr_ncp_20250612T2229094979_d_img_d18_x11520_y04480.png,0.335,14.32,395.67,22.44,401.99
ch2_ohr_ncp_20250612T2229094979_d_img_d18_x11520_y04480.png,0.3134,47.42,33.38,53.81,39.09
ch2_ohr_ncp_20250612T2229094979_d_img_d18_x11520_y04480.png,0.2698,198.23,13.69,204.06,20.0
ch2_ohr_ncp_20250612T2229094979_d_img_d18_x11520_y04480.png,0.2631,131.41,255.77,144.25,268.19
ch2_ohr_ncp_20250612T2229094979_d_img_d18_x11520_y04480.png,0.259,213.58,6.73,220.58,11.44
ch2_ohr_ncp_20250612T2229094979_d_img_d18_x11520_y04480.png,0.2503,150.83,119.31,158.22,124.91
ch2_ohr_ncp_20250612T2229094979_d_img_d18_x11520_y04480.png,0.2394,86.51,159.76,95.55,167.48
ch2_ohr_ncp_20250612T2229094979_d_img_d18_x11520_y05120.png,0.37,184.9,478.26,192.49,484.55
ch2_ohr_ncp_20250612T2229094979_d_img_d18_x11520_y05120.png,0.3335,130.93,419.12,136.85,424.08
ch2_ohr_ncp_20250612T2229094979_d_img_d18_x11520_y05120.png,0.3308,126.46,447.63,132.39,453.11
ch2_ohr_ncp_20250612T2229094979_d_img_d18_x11520_y05120.png,0.2908,164.3,503.79,170.45,509.67
ch2_ohr_ncp_20250612T2229094979_d_img_d18_x11520_y05120.png,0.2648,140.0,539.73,145.85,545.11
ch2_ohr_ncp_20250612T2229094979_d_img_d18_x11520_y05120.png,0.2082,121.45,601.67,130.03,607.96
ch2_ohr_ncp_20250612T2229094979_d_img_d18_x11520_y05760.png,0.3913,161.11,612.87,171.16,621.63
ch2_ohr_ncp_20250612T2229094979_d_img_d18_x11520_y06400.png,0.3941,86.66,331.54,94.16,338.41
ch2_ohr_ncp_20250612T2229094979_d_img_d18_x11520_y06400.png,0.3848,111.35,477.81,118.04,484.01
ch2_ohr_ncp_20250612T2229094979_d_img_d18_x11520_y06400.png,0.2518,17.5,189.56,25.38,196.42
ch2_ohr_ncp_20250612T2229094979_d_img_d18_x11520_y06400.png,0.2433,194.33,182.14,201.61,189.47
ch2_ohr_ncp_20250612T2229094979_d_img_d18_x11520_y06400.png,0.2426,238.51,216.95,244.86,223.02
ch2_ohr_ncp_20250612T2229094979_d_img_d18_x11520_y06400.png,0.2354,151.72,449.4,159.35,456.63
ch2_ohr_ncp_20250612T2229094979_d_img_d18_x11520_y06400.png,0.2173,111.2,476.0,118.19,483.19
ch2_ohr_ncp_20250612T2229094979_d_img_d18_x11520_y06400.png,0.2002,233.75,532.32,242.77,541.74
ch2_ohr_ncp_20250612T2229094979_d_img_d18_x11520_y07680.png,0.4693,2.3,537.68,39.94,577.19
ch2_ohr_ncp_20250612T2229094979_d_img_d18_x11520_y07680.png,0.4423,44.51,618.65,58.97,630.76
ch2_ohr_ncp_20250612T2229094979_d_img_d18_x11520_y07680.png,0.4364,30.5,522.12,39.9,530.7
ch2_ohr_ncp_20250612T2229094979_d_img_d18_x11520_y07680.png,0.3172,67.32,557.62,76.75,564.12
ch2_ohr_ncp_20250612T2229094979_d_img_d18_x11520_y07680.png,0.2123,22.84,623.16,30.2,629.73
ch2_ohr_ncp_20250612T2229094979_d_img_d18_x11520_y07680.png,0.2095,143.19,495.27,149.26,501.46
ch2_ohr_ncp_20250612T2229094979_d_img_d18_x11520_y08320.png,0.211,0.48,58.03,16.25,72.94
ch2_ohr_ncp_20250612T2229094979_d_img_d18_x11520_y08960.png,0.4813,0.0,417.16,4.01,422.79
ch2_ohr_ncp_20250612T2229094979_d_img_d18_x11520_y09600.png,0.5566,92.94,265.83,104.77,277.03
ch2_ohr_ncp_20250612T2229094979_d_img_d18_x11520_y09600.png,0.2593,223.39,91.01,229.66,96.96
ch2_ohr_ncp_20250612T2229094979_d_img_d18_x11520_y09600.png,0.2346,178.69,522.93,186.62,530.02
ch2_ohr_ncp_20250612T2229094979_d_img_d18_x11520_y10240.png,0.5357,0.22,581.8,19.81,601.2
ch2_ohr_ncp_20250612T2229094979_d_img_d18_x11520_y10240.png,0.2443,5.57,189.91,15.64,198.69
ch2_ohr_ncp_20250612T2229094979_d_img_d18_x11520_y10240.png,0.2442,30.09,202.16,37.63,209.52
ch2_ohr_ncp_20250612T2229094979_d_img_d18_x11520_y10880.png,0.3825,87.12,322.5,93.07,328.88
ch2_ohr_ncp_20250612T2229094979_d_img_d18_x11520_y10880.png,0.2079,259.99,394.6,269.77,402.57
ch2_ohr_ncp_20250612T2229094979_d_img_d18_x11520_y12160.png,0.4845,221.8,542.04,269.13,582.14
ch2_ohr_ncp_20250612T2229094979_d_img_d18_x11520_y12160.png,0.3867,30.9,167.42,38.06,174.27
ch2_ohr_ncp_20250612T2229094979_d_img_d18_x11520_y12160.png,0.2876,180.92,501.06,186.95,506.73
ch2_ohr_ncp_20250612T2229094979_d_img_d18_x11520_y12160.png,0.2836,201.66,0.0,210.46,7.39
ch2_ohr_ncp_20250612T2229094979_d_img_d18_x11520_y12800.png,0.4762,105.8,131.43,114.18,137.57
ch2_ohr_ncp_20250612T2229094979_d_img_d18_x11520_y12800.png,0.3183,5.9,606.48,13.51,613.76
ch2_ohr_ncp_20250612T2229094979_d_img_d18_x11520_y12800.png,0.2939,251.81,191.24,257.09,196.35
ch2_ohr_ncp_20250612T2229094979_d_img_d18_x11520_y12800.png,0.2689,343.57,322.28,349.17,326.85
ch2_ohr_ncp_20250612T2229094979_d_img_d18_x11520_y12800.png,0.217,187.19,174.01,199.39,185.31
ch2_ohr_ncp_20250612T2229094979_d_img_d18_x11520_y12800.png,0.2124,127.3,0.0,139.54,7.0
ch2_ohr_ncp_20250612T2229094979_d_img_d18_x11520_y13440.png,0.4577,133.54,617.1,146.01,629.29
ch2_ohr_ncp_20250612T2229094979_d_img_d18_x11520_y13440.png,0.4456,195.91,139.19,203.26,145.32
ch2_ohr_ncp_20250612T2229094979_d_img_d18_x11520_y13440.png,0.3964,156.5,122.68,164.28,130.35
ch2_ohr_ncp_20250612T2229094979_d_img_d18_x11520_y13440.png,0.3725,235.39,503.56,240.74,508.54
ch2_ohr_ncp_20250612T2229094979_d_img_d18_x11520_y13440.png,0.3716,195.07,559.36,201.53,565.54
ch2_ohr_ncp_20250612T2229094979_d_img_d18_x11520_y13440.png,0.3677,0.63,384.33,7.74,390.04
ch2_ohr_ncp_20250612T2229094979_d_img_d18_x11520_y13440.png,0.3162,222.46,179.99,228.24,185.51
ch2_ohr_ncp_20250612T2229094979_d_img_d18_x11520_y13440.png,0.3126,453.3,259.68,466.16,273.21
ch2_ohr_ncp_20250612T2229094979_d_img_d18_x11520_y13440.png,0.2215,320.66,224.75,327.67,231.58
ch2_ohr_ncp_20250612T2229094979_d_img_d18_x11520_y14080.png,0.5279,185.4,624.98,192.86,632.11
ch2_ohr_ncp_20250612T2229094979_d_img_d18_x11520_y14080.png,0.351,22.23,484.48,26.93,489.11
ch2_ohr_ncp_20250612T2229094979_d_img_d18_x11520_y14080.png,0.2677,0.04,389.71,8.44,401.83
ch2_ohr_ncp_20250612T2229094979_d_img_d18_x11520_y14080.png,0.2295,59.41,618.58,65.45,624.45
ch2_ohr_ncp_20250612T2229094979_d_img_d18_x11520_y16000.png,0.5915,114.07,22.55,121.57,29.11
ch2_ohr_ncp_20250612T2229094979_d_img_d18_x11520_y16000.png,0.5475,28.7,175.83,36.33,183.86
ch2_ohr_ncp_20250612T2229094979_d_img_d18_x11520_y16000.png,0.5129,118.32,137.16,125.77,144.11
ch2_ohr_ncp_20250612T2229094979_d_img_d18_x11520_y16000.png,0.5114,35.08,402.42,44.75,410.92
ch2_ohr_ncp_20250612T2229094979_d_img_d18_x11520_y16000.png,0.5086,106.03,64.11,117.56,74.59
ch2_ohr_ncp_20250612T2229094979_d_img_d18_x11520_y16000.png,0.5075,94.28,448.33,101.34,455.28
ch2_ohr_ncp_20250612T2229094979_d_img_d18_x11520_y16000.png,0.4573,4.97,487.98,14.44,497.09
ch2_ohr_ncp_20250612T2229094979_d_img_d18_x11520_y16000.png,0.4193,5.88,255.37,12.56,261.27
ch2_ohr_ncp_20250612T2229094979_d_img_d18_x11520_y16000.png,0.4064,100.08,0.35,121.7,13.74
ch2_ohr_ncp_20250612T2229094979_d_img_d18_x11520_y16000.png,0.4063,95.14,376.24,101.06,381.27
ch2_ohr_ncp_20250612T2229094979_d_img_d18_x11520_y16000.png,0.364,16.3,242.0,20.99,246.4
ch2_ohr_ncp_20250612T2229094979_d_img_d18_x11520_y16000.png,0.358,55.92,218.73,66.11,226.38
ch2_ohr_ncp_20250612T2229094979_d_img_d18_x11520_y16000.png,0.35,122.95,245.91,128.67,252.0
ch2_ohr_ncp_20250612T2229094979_d_img_d18_x11520_y16000.png,0.3409,58.81,584.1,64.32,589.44
ch2_ohr_ncp_20250612T2229094979_d_img_d18_x11520_y16000.png,0.326,180.79,5.8,185.93,10.94
ch2_ohr_ncp_20250612T2229094979_d_img_d18_x11520_y16000.png,0.3201,43.99,527.98,49.29,532.47
ch2_ohr_ncp_20250612T2229094979_d_img_d18_x11520_y16000.png,0.3148,146.51,120.02,151.92,125.01
ch2_ohr_ncp_20250612T2229094979_d_img_d18_x11520_y16000.png,0.3098,227.25,599.7,234.29,606.07
ch2_ohr_ncp_20250612T2229094979_d_img_d18_x11520_y16000.png,0.3082,114.15,632.94,122.04,638.81
ch2_ohr_ncp_20250612T2229094979_d_img_d18_x11520_y16000.png,0.2926,128.16,43.99,133.62,49.37
ch2_ohr_ncp_20250612T2229094979_d_img_d18_x11520_y16000.png,0.2839,86.63,542.06,92.05,548.0
ch2_ohr_ncp_20250612T2229094979_d_img_d18_x11520_y16000.png,0.2702,40.8,215.52,49.0,223.26
ch2_ohr_ncp_20250612T2229094979_d_img_d18_x11520_y16000.png,0.2522,54.85,274.44,61.36,280.3
ch2_ohr_ncp_20250612T2229094979_d_img_d18_x11520_y16000.png,0.2497,63.17,560.92,69.91,566.81
ch2_ohr_ncp_20250612T2229094979_d_img_d18_x11520_y16000.png,0.2108,55.84,218.46,68.8,228.01
ch2_ohr_ncp_20250612T2229094979_d_img_d18_x11520_y16640.png,0.3744,161.36,0.0,172.84,5.19
ch2_ohr_ncp_20250612T2229094979_d_img_d18_x11520_y16640.png,0.3215,283.98,374.95,289.14,380.54
ch2_ohr_ncp_20250612T2229094979_d_img_d18_x11520_y16640.png,0.3079,65.69,37.95,72.96,43.82
ch2_ohr_ncp_20250612T2229094979_d_img_d18_x11520_y16640.png,0.3012,42.24,491.99,46.93,496.86
ch2_ohr_ncp_20250612T2229094979_d_img_d18_x11520_y16640.png,0.2381,122.57,346.92,129.17,353.42
ch2_ohr_ncp_20250612T2229094979_d_img_d18_x11520_y17280.png,0.6449,131.28,428.89,140.35,436.6
ch2_ohr_ncp_20250612T2229094979_d_img_d18_x11520_y17280.png,0.5913,97.32,415.25,103.08,421.0
ch2_ohr_ncp_20250612T2229094979_d_img_d18_x11520_y17280.png,0.5433,23.33,587.3,30.06,593.16
ch2_ohr_ncp_20250612T2229094979_d_img_d18_x11520_y17280.png,0.4287,191.45,553.69,198.48,560.21
ch2_ohr_ncp_20250612T2229094979_d_img_d18_x11520_y17280.png,0.4284,216.36,431.94,225.07,440.44
ch2_ohr_ncp_20250612T2229094979_d_img_d18_x11520_y17280.png,0.3758,38.25,375.04,46.08,380.39
ch2_ohr_ncp_20250612T2229094979_d_img_d18_x11520_y17280.png,0.3502,46.39,143.97,52.18,149.32
ch2_ohr_ncp_20250612T2229094979_d_img_d18_x11520_y17280.png,0.3036,43.62,293.51,49.86,300.01
ch2_ohr_ncp_20250612T2229094979_d_img_d18_x11520_y17280.png,0.2624,259.1,66.28,266.31,73.92
ch2_ohr_ncp_20250612T2229094979_d_img_d18_x11520_y17280.png,0.2478,106.9,299.98,113.38,306.32
ch2_ohr_ncp_20250612T2229094979_d_img_d18_x11520_y17280.png,0.2446,114.66,610.61,119.42,615.52
ch2_ohr_ncp_20250612T2229094979_d_img_d18_x11520_y17280.png,0.2394,0.11,82.31,6.83,87.86
ch2_ohr_ncp_20250612T2229094979_d_img_d18_x11520_y17280.png,0.2278,276.32,65.92,284.33,72.82
ch2_ohr_ncp_20250612T2229094979_d_img_d18_x11520_y18560.png,0.5757,157.12,300.11,165.95,308.4
ch2_ohr_ncp_20250612T2229094979_d_img_d18_x11520_y18560.png,0.3274,18.9,447.63,58.76,487.96
ch2_ohr_ncp_20250612T2229094979_d_img_d18_x11520_y18560.png,0.2544,24.42,336.2,31.27,342.79
ch2_ohr_ncp_20250612T2229094979_d_img_d18_x11520_y18560.png,0.2221,3.67,234.09,39.02,266.01
ch2_ohr_ncp_20250612T2229094979_d_img_d18_x11520_y18560.png,0.2115,5.29,496.79,12.0,502.69
ch2_ohr_ncp_20250612T2229094979_d_img_d18_x11520_y18560.png,0.2013,31.6,398.22,39.93,405.85
ch2_ohr_ncp_20250612T2229094979_d_img_d18_x11520_y19200.png,0.528,165.09,575.85,200.9,602.68
ch2_ohr_ncp_20250612T2229094979_d_img_d18_x11520_y19200.png,0.2976,110.19,332.13,118.33,340.25
ch2_ohr_ncp_20250612T2229094979_d_img_d18_x11520_y19200.png,0.295,175.99,580.9,200.37,602.14
ch2_ohr_ncp_20250612T2229094979_d_img_d18_x11520_y19200.png,0.2514,62.68,302.84,68.57,308.16
ch2_ohr_ncp_20250612T2229094979_d_img_d18_x11520_y19200.png,0.2503,110.35,595.91,116.31,601.51
ch2_ohr_ncp_20250612T2229094979_d_img_d18_x11520_y19200.png,0.2325,167.49,83.76,174.77,90.06
ch2_ohr_ncp_20250612T2229094979_d_img_d18_x11520_y21120.png,0.3868,265.66,57.83,272.44,63.66
ch2_ohr_ncp_20250612T2229094979_d_img_d18_x11520_y21120.png,0.3818,202.04,62.75,207.79,68.14
ch2_ohr_ncp_20250612T2229094979_d_img_d18_x11520_y21120.png,0.3255,129.74,562.86,148.42,577.21
ch2_ohr_ncp_20250612T2229094979_d_img_d18_x11520_y21120.png,0.2566,134.66,425.19,140.13,430.47
ch2_ohr_ncp_20250612T2229094979_d_img_d18_x11520_y21120.png,0.2124,254.87,114.74,271.5,128.82
ch2_ohr_ncp_20250612T2229094979_d_img_d18_x11520_y21120.png,0.2077,280.6,51.99,287.12,58.5
ch2_ohr_ncp_20250612T2229094979_d_img_d18_x11520_y21120.png,0.2054,53.61,492.71,72.75,509.7
ch2_ohr_ncp_20250612T2229094979_d_img_d18_x11520_y21120.png,0.2008,279.99,53.25,286.63,58.1
ch2_ohr_ncp_20250612T2229094979_d_img_d18_x11520_y21760.png,0.5744,31.89,27.37,77.11,60.42
ch2_ohr_ncp_20250612T2229094979_d_img_d18_x11520_y21760.png,0.3492,23.04,348.0,28.99,354.49
ch2_ohr_ncp_20250612T2229094979_d_img_d18_x11520_y21760.png,0.3339,135.69,290.93,145.81,297.84
ch2_ohr_ncp_20250612T2229094979_d_img_d18_x11520_y21760.png,0.3329,19.33,270.44,24.84,276.01
ch2_ohr_ncp_20250612T2229094979_d_img_d18_x11520_y21760.png,0.3262,177.1,210.13,220.6,245.55
ch2_ohr_ncp_20250612T2229094979_d_img_d18_x11520_y21760.png,0.285,10.38,479.7,16.34,485.44
ch2_ohr_ncp_20250612T2229094979_d_img_d18_x11520_y21760.png,0.2838,117.51,111.69,124.78,118.19
ch2_ohr_ncp_20250612T2229094979_d_img_d18_x11520_y21760.png,0.2725,9.57,384.8,15.66,390.86
ch2_ohr_ncp_20250612T2229094979_d_img_d18_x11520_y21760.png,0.2545,103.36,282.19,108.6,286.88
ch2_ohr_ncp_20250612T2229094979_d_img_d18_x11520_y21760.png,0.2353,151.83,247.72,157.52,252.73
ch2_ohr_ncp_20250612T2229094979_d_img_d18_x11520_y21760.png,0.223,167.94,135.92,173.98,142.08
ch2_ohr_ncp_20250612T2229094979_d_img_d18_x11520_y21760.png,0.2208,23.08,349.07,28.95,356.0
ch2_ohr_ncp_20250612T2229094979_d_img_d18_x11520_y21760.png,0.2164,27.24,195.52,33.23,201.28
ch2_ohr_ncp_20250612T2229094979_d_img_d18_x11520_y21760.png,0.2069,131.99,218.35,138.83,224.11
ch2_ohr_ncp_20250612T2229094979_d_img_d18_x11520_y22400.png,0.5884,39.68,102.18,50.16,110.28
ch2_ohr_ncp_20250612T2229094979_d_img_d18_x11520_y22400.png,0.5204,199.3,403.43,205.78,408.94
ch2_ohr_ncp_20250612T2229094979_d_img_d18_x11520_y22400.png,0.467,416.55,331.93,422.62,337.87
ch2_ohr_ncp_20250612T2229094979_d_img_d18_x11520_y22400.png,0.4523,211.79,53.1,217.48,58.93
ch2_ohr_ncp_20250612T2229094979_d_img_d18_x11520_y22400.png,0.4319,38.66,387.87,45.82,393.28
ch2_ohr_ncp_20250612T2229094979_d_img_d18_x11520_y22400.png,0.4242,86.08,374.64,93.68,382.25
ch2_ohr_ncp_20250612T2229094979_d_img_d18_x11520_y22400.png,0.3775,40.98,464.33,46.42,469.35
ch2_ohr_ncp_20250612T2229094979_d_img_d18_x11520_y22400.png,0.3324,149.14,77.15,159.82,88.0
ch2_ohr_ncp_20250612T2229094979_d_img_d18_x11520_y22400.png,0.2871,162.46,35.86,172.34,45.43
ch2_ohr_ncp_20250612T2229094979_d_img_d18_x11520_y22400.png,0.2436,201.02,0.67,227.71,12.5
ch2_ohr_ncp_20250612T2229094979_d_img_d18_x11520_y22400.png,0.2192,30.4,301.44,37.2,308.02
ch2_ohr_ncp_20250612T2229094979_d_img_d18_x11520_y23040.png,0.5011,38.22,607.52,45.38,613.66
ch2_ohr_ncp_20250612T2229094979_d_img_d18_x11520_y23040.png,0.33,75.01,555.77,80.14,561.07
ch2_ohr_ncp_20250612T2229094979_d_img_d18_x11520_y23040.png,0.273,47.44,73.27,56.18,80.78
ch2_ohr_ncp_20250612T2229094979_d_img_d18_x11520_y23040.png,0.2421,168.32,139.84,174.15,145.22
ch2_ohr_ncp_20250612T2229094979_d_img_d18_x11520_y23040.png,0.2399,123.3,299.99,128.15,305.37
ch2_ohr_ncp_20250612T2229094979_d_img_d18_x11520_y23680.png,0.6455,5.92,527.06,15.43,535.83
ch2_ohr_ncp_20250612T2229094979_d_img_d18_x11520_y23680.png,0.598,246.16,248.38,253.92,255.59
ch2_ohr_ncp_20250612T2229094979_d_img_d18_x11520_y23680.png,0.5518,399.8,372.11,410.09,383.2
ch2_ohr_ncp_20250612T2229094979_d_img_d18_x11520_y23680.png,0.5502,174.86,176.89,181.08,183.28
ch2_ohr_ncp_20250612T2229094979_d_img_d18_x11520_y23680.png,0.5391,232.74,208.37,240.47,219.57
ch2_ohr_ncp_20250612T2229094979_d_img_d18_x11520_y23680.png,0.5127,51.77,514.23,58.1,520.34
ch2_ohr_ncp_20250612T2229094979_d_img_d18_x11520_y23680.png,0.4682,171.2,490.95,177.9,497.71
ch2_ohr_ncp_20250612T2229094979_d_img_d18_x11520_y23680.png,0.4372,72.45,299.99,77.43,305.5
ch2_ohr_ncp_20250612T2229094979_d_img_d18_x11520_y23680.png,0.4332,101.93,353.9,109.08,360.36
ch2_ohr_ncp_20250612T2229094979_d_img_d18_x11520_y23680.png,0.426,55.92,544.47,65.91,553.36
ch2_ohr_ncp_20250612T2229094979_d_img_d18_x11520_y23680.png,0.3701,89.11,581.58,141.55,627.89
ch2_ohr_ncp_20250612T2229094979_d_img_d18_x11520_y23680.png,0.3436,56.72,119.93,61.55,125.1
ch2_ohr_ncp_20250612T2229094979_d_img_d18_x11520_y23680.png,0.3221,125.46,505.46,133.03,512.49
ch2_ohr_ncp_20250612T2229094979_d_img_d18_x11520_y23680.png,0.3007,0.08,262.88,7.4,270.08
ch2_ohr_ncp_20250612T2229094979_d_img_d18_x11520_y23680.png,0.2998,189.63,159.08,196.03,166.47
ch2_ohr_ncp_20250612T2229094979_d_img_d18_x11520_y23680.png,0.2731,185.94,462.96,192.83,469.24
ch2_ohr_ncp_20250612T2229094979_d_img_d18_x11520_y23680.png,0.2206,191.81,534.73,196.28,540.0
ch2_ohr_ncp_20250612T2229094979_d_img_d18_x11520_y24320.png,0.7267,9.7,264.23,17.22,272.32
ch2_ohr_ncp_20250612T2229094979_d_img_d18_x11520_y24320.png,0.2686,238.39,10.62,245.03,17.4
ch2_ohr_ncp_20250612T2229094979_d_img_d18_x11520_y24320.png,0.2493,19.96,276.35,26.56,282.89
ch2_ohr_ncp_20250612T2229094979_d_img_d18_x11520_y24320.png,0.2484,137.16,507.97,148.52,514.57
ch2_ohr_ncp_20250612T2229094979_d_img_d18_x11520_y24320.png,0.2325,208.06,407.04,214.5,412.33
ch2_ohr_ncp_20250612T2229094979_d_img_d18_x11520_y24320.png,0.2314,8.0,263.97,16.5,271.13
ch2_ohr_ncp_20250612T2229094979_d_img_d18_x11520_y24320.png,0.2184,187.43,264.33,196.08,272.08
ch2_ohr_ncp_20250612T2229094979_d_img_d18_x11520_y24320.png,0.2047,9.7,298.83,16.19,304.24
ch2_ohr_ncp_20250612T2229094979_d_img_d18_x11520_y24320.png,0.2021,175.22,466.29,181.79,473.07
ch2_ohr_ncp_20250612T2229094979_d_img_d18_x11520_y24960.png,0.6552,110.38,95.18,118.62,103.18
ch2_ohr_ncp_20250612T2229094979_d_img_d18_x11520_y24960.png,0.4356,127.74,92.34,136.72,101.44
ch2_ohr_ncp_20250612T2229094979_d_img_d18_x11520_y24960.png,0.4107,0.09,143.89,7.75,150.8
ch2_ohr_ncp_20250612T2229094979_d_img_d18_x11520_y24960.png,0.3719,42.62,571.83,48.48,577.75
ch2_ohr_ncp_20250612T2229094979_d_img_d18_x11520_y24960.png,0.3693,95.05,99.86,101.33,105.34
ch2_ohr_ncp_20250612T2229094979_d_img_d18_x11520_y24960.png,0.3554,159.27,362.35,169.19,369.17
ch2_ohr_ncp_20250612T2229094979_d_img_d18_x11520_y24960.png,0.3161,231.26,455.28,237.08,462.29
ch2_ohr_ncp_20250612T2229094979_d_img_d18_x11520_y24960.png,0.2322,192.27,1.17,200.68,8.17
ch2_ohr_ncp_20250612T2229094979_d_img_d18_x11520_y25600.png,0.2902,15.84,253.48,21.91,260.01
ch2_ohr_ncp_20250612T2229094979_d_img_d18_x11520_y25600.png,0.2631,14.13,310.09,21.48,316.05
ch2_ohr_ncp_20250612T2229094979_d_img_d18_x11520_y25600.png,0.2611,225.94,257.6,233.03,264.54
ch2_ohr_ncp_20250612T2229094979_d_img_d18_x11520_y26240.png,0.6745,69.92,167.95,77.28,175.37
ch2_ohr_ncp_20250612T2229094979_d_img_d18_x11520_y26240.png,0.2707,61.11,308.34,68.69,316.0
ch2_ohr_ncp_20250612T2229094979_d_img_d18_x11520_y26240.png,0.2491,39.02,388.75,45.14,394.5
ch2_ohr_ncp_20250612T2229094979_d_img_d18_x11520_y26240.png,0.2446,16.17,352.37,22.43,358.39
ch2_ohr_ncp_20250612T2229094979_d_img_d18_x11520_y26240.png,0.2207,43.61,83.91,49.01,88.82
ch2_ohr_ncp_20250612T2229094979_d_img_d18_x11520_y26880.png,0.6217,238.03,572.86,246.72,581.21
ch2_ohr_ncp_20250612T2229094979_d_img_d18_x11520_y26880.png,0.5739,130.71,600.28,138.89,607.55
ch2_ohr_ncp_20250612T2229094979_d_img_d18_x11520_y26880.png,0.4622,163.41,25.88,170.52,33.21
ch2_ohr_ncp_20250612T2229094979_d_img_d18_x11520_y26880.png,0.3126,178.45,59.63,184.21,65.04
ch2_ohr_ncp_20250612T2229094979_d_img_d18_x11520_y26880.png,0.3038,195.56,77.78,205.97,84.75
ch2_ohr_ncp_20250612T2229094979_d_img_d18_x11520_y26880.png,0.275,80.28,596.21,102.98,617.09
ch2_ohr_ncp_20250612T2229094979_d_img_d18_x11520_y26880.png,0.269,150.45,595.38,157.38,601.81
ch2_ohr_ncp_20250612T2229094979_d_img_d18_x11520_y26880.png,0.2386,256.34,139.94,263.14,146.45
ch2_ohr_ncp_20250612T2229094979_d_img_d18_x11520_y26880.png,0.2333,0.0,242.15,9.45,250.73
ch2_ohr_ncp_20250612T2229094979_d_img_d18_x11520_y26880.png,0.2072,202.35,62.4,209.73,70.04
ch2_ohr_ncp_20250612T2229094979_d_img_d18_x11520_y27520.png,0.5458,160.42,80.88,166.87,86.69
ch2_ohr_ncp_20250612T2229094979_d_img_d18_x11520_y27520.png,0.4633,16.54,321.3,22.51,326.88
ch2_ohr_ncp_20250612T2229094979_d_img_d18_x11520_y27520.png,0.425,119.07,148.07,125.59,153.64
ch2_ohr_ncp_20250612T2229094979_d_img_d18_x11520_y27520.png,0.388,159.7,115.92,166.04,121.57
ch2_ohr_ncp_20250612T2229094979_d_img_d18_x11520_y27520.png,0.3047,59.48,342.79,65.81,349.3
ch2_ohr_ncp_20250612T2229094979_d_img_d18_x11520_y27520.png,0.2492,235.99,217.46,242.71,222.85
ch2_ohr_ncp_20250612T2229094979_d_img_d18_x11520_y27520.png,0.2271,278.56,71.42,285.0,77.88
ch2_ohr_ncp_20250612T2229094979_d_img_d18_x11520_y27520.png,0.2261,27.66,99.92,33.36,105.63
ch2_ohr_ncp_20250612T2229094979_d_img_d18_x11520_y27520.png,0.2192,48.14,625.14,54.26,630.67
ch2_ohr_ncp_20250612T2229094979_d_img_d18_x11520_y27520.png,0.2119,159.87,116.3,168.0,121.37
ch2_ohr_ncp_20250612T2229094979_d_img_d18_x11520_y28160.png,0.5917,0.0,104.94,30.53,143.41
ch2_ohr_ncp_20250612T2229094979_d_img_d18_x11520_y28160.png,0.454,149.28,471.91,158.35,479.76
ch2_ohr_ncp_20250612T2229094979_d_img_d18_x11520_y28160.png,0.4274,182.78,128.35,188.9,134.64
ch2_ohr_ncp_20250612T2229094979_d_img_d18_x11520_y28160.png,0.3924,120.15,356.25,133.26,368.29
ch2_ohr_ncp_20250612T2229094979_d_img_d18_x11520_y28160.png,0.2074,173.88,309.12,180.72,316.04
ch2_ohr_ncp_20250612T2229094979_d_img_d18_x11520_y28160.png,0.2053,266.76,204.0,272.6,210.33
ch2_ohr_ncp_20250612T2229094979_d_img_d18_x11520_y28800.png,0.492,7.52,6.93,17.11,15.22
ch2_ohr_ncp_20250612T2229094979_d_img_d18_x11520_y28800.png,0.3647,87.48,159.76,94.57,166.05
ch2_ohr_ncp_20250612T2229094979_d_img_d18_x11520_y28800.png,0.2686,92.0,64.23,97.98,69.26
ch2_ohr_ncp_20250612T2229094979_d_img_d18_x11520_y28800.png,0.2337,43.97,446.55,53.7,455.43
ch2_ohr_ncp_20250612T2229094979_d_img_d18_x11520_y28800.png,0.2331,46.88,67.98,52.31,73.98
ch2_ohr_ncp_20250612T2229094979_d_img_d18_x11520_y29440.png,0.649,6.39,522.78,12.17,527.84
ch2_ohr_ncp_20250612T2229094979_d_img_d18_x11520_y29440.png,0.5137,223.99,136.3,230.56,143.15
ch2_ohr_ncp_20250612T2229094979_d_img_d18_x11520_y29440.png,0.4604,238.18,210.9,245.55,217.1
ch2_ohr_ncp_20250612T2229094979_d_img_d18_x11520_y29440.png,0.3651,0.43,102.54,28.52,126.54
ch2_ohr_ncp_20250612T2229094979_d_img_d18_x11520_y29440.png,0.337,110.76,54.45,120.19,60.36
ch2_ohr_ncp_20250612T2229094979_d_img_d18_x11520_y29440.png,0.3204,27.99,570.54,33.61,575.39
ch2_ohr_ncp_20250612T2229094979_d_img_d18_x11520_y29440.png,0.3168,231.87,263.43,237.92,268.94
ch2_ohr_ncp_20250612T2229094979_d_img_d18_x11520_y29440.png,0.2968,105.36,249.13,112.13,255.63
ch2_ohr_ncp_20250612T2229094979_d_img_d18_x11520_y29440.png,0.275,135.03,379.52,141.33,384.69
ch2_ohr_ncp_20250612T2229094979_d_img_d18_x11520_y29440.png,0.2549,59.11,33.74,73.39,45.67
ch2_ohr_ncp_20250612T2229094979_d_img_d18_x11520_y29440.png,0.2441,0.29,84.61,15.97,103.43
ch2_ohr_ncp_20250612T2229094979_d_img_d18_x11520_y29440.png,0.2377,210.43,175.26,217.63,181.46
ch2_ohr_ncp_20250612T2229094979_d_img_d18_x11520_y30080.png,0.6137,143.54,445.57,152.6,455.49
ch2_ohr_ncp_20250612T2229094979_d_img_d18_x11520_y30080.png,0.4586,11.81,562.15,18.94,567.87
ch2_ohr_ncp_20250612T2229094979_d_img_d18_x11520_y30080.png,0.4529,80.17,435.09,88.7,441.87
ch2_ohr_ncp_20250612T2229094979_d_img_d18_x11520_y30080.png,0.4233,199.05,452.35,209.2,461.29
ch2_ohr_ncp_20250612T2229094979_d_img_d18_x11520_y30080.png,0.3922,165.9,438.18,173.11,443.46
ch2_ohr_ncp_20250612T2229094979_d_img_d18_x11520_y30080.png,0.3903,255.57,363.3,260.86,368.81
ch2_ohr_ncp_20250612T2229094979_d_img_d18_x11520_y30080.png,0.3696,171.25,465.04,177.3,470.86
ch2_ohr_ncp_20250612T2229094979_d_img_d18_x11520_y30080.png,0.3639,39.81,336.7,45.22,341.66
ch2_ohr_ncp_20250612T2229094979_d_img_d18_x11520_y30080.png,0.3637,135.46,244.99,140.27,248.7
ch2_ohr_ncp_20250612T2229094979_d_img_d18_x11520_y30080.png,0.3381,237.78,394.04,244.59,400.19
ch2_ohr_ncp_20250612T2229094979_d_img_d18_x11520_y30080.png,0.2997,110.7,530.44,120.26,540.07
ch2_ohr_ncp_20250612T2229094979_d_img_d18_x11520_y30080.png,0.298,77.76,455.69,84.1,460.74
ch2_ohr_ncp_20250612T2229094979_d_img_d18_x11520_y30080.png,0.2856,36.86,628.94,42.2,633.55
ch2_ohr_ncp_20250612T2229094979_d_img_d18_x11520_y30080.png,0.279,135.24,244.0,140.19,249.2
ch2_ohr_ncp_20250612T2229094979_d_img_d18_x11520_y30080.png,0.2535,125.06,230.53,132.28,236.78
ch2_ohr_ncp_20250612T2229094979_d_img_d18_x11520_y30080.png,0.2352,152.34,399.67,157.94,405.16
ch2_ohr_ncp_20250612T2229094979_d_img_d18_x11520_y30080.png,0.2276,138.68,262.92,146.45,268.58
ch2_ohr_ncp_20250612T2229094979_d_img_d18_x11520_y30080.png,0.2188,211.89,442.16,218.08,447.14
ch2_ohr_ncp_20250612T2229094979_d_img_d18_x11520_y30080.png,0.21,218.42,56.75,225.05,62.35
ch2_ohr_ncp_20250612T2229094979_d_img_d18_x11520_y30080.png,0.2057,101.69,380.0,108.06,386.45
ch2_ohr_ncp_20250612T2229094979_d_img_d18_x11520_y30080.png,0.2007,38.31,320.58,44.12,325.74
ch2_ohr_ncp_20250612T2229094979_d_img_d18_x11520_y30080.png,0.2007,81.27,443.01,87.66,446.78
ch2_ohr_ncp_20250612T2229094979_d_img_d18_x11520_y30720.png,0.5126,13.55,596.65,21.89,604.02
ch2_ohr_ncp_20250612T2229094979_d_img_d18_x11520_y30720.png,0.4854,32.42,599.52,38.88,605.27
ch2_ohr_ncp_20250612T2229094979_d_img_d18_x11520_y30720.png,0.485,149.34,63.34,159.08,73.17
ch2_ohr_ncp_20250612T2229094979_d_img_d18_x11520_y30720.png,0.4631,222.33,526.71,228.02,532.05
ch2_ohr_ncp_20250612T2229094979_d_img_d18_x11520_y30720.png,0.4301,0.0,129.67,5.06,134.28
ch2_ohr_ncp_20250612T2229094979_d_img_d18_x11520_y30720.png,0.4103,249.54,330.35,255.98,335.38
ch2_ohr_ncp_20250612T2229094979_d_img_d18_x11520_y30720.png,0.3821,227.89,355.02,233.54,360.81
ch2_ohr_ncp_20250612T2229094979_d_img_d18_x11520_y30720.png,0.3725,82.4,166.89,88.98,172.48
ch2_ohr_ncp_20250612T2229094979_d_img_d18_x11520_y30720.png,0.3639,33.22,633.65,38.56,638.95
ch2_ohr_ncp_20250612T2229094979_d_img_d18_x11520_y30720.png,0.338,222.15,75.86,231.48,82.72
ch2_ohr_ncp_20250612T2229094979_d_img_d18_x11520_y30720.png,0.3313,33.97,591.4,39.58,596.03
ch2_ohr_ncp_20250612T2229094979_d_img_d18_x11520_y30720.png,0.3086,129.04,599.16,135.74,605.27
ch2_ohr_ncp_20250612T2229094979_d_img_d18_x11520_y30720.png,0.2992,129.44,608.87,158.04,631.18
ch2_ohr_ncp_20250612T2229094979_d_img_d18_x11520_y30720.png,0.2886,86.81,442.11,92.2,447.54
ch2_ohr_ncp_20250612T2229094979_d_img_d18_x11520_y30720.png,0.2808,0.0,153.99,4.12,158.72
ch2_ohr_ncp_20250612T2229094979_d_img_d18_x11520_y30720.png,0.262,118.95,393.57,124.93,398.12
ch2_ohr_ncp_20250612T2229094979_d_img_d18_x11520_y30720.png,0.2593,43.89,371.99,49.16,377.46
ch2_ohr_ncp_20250612T2229094979_d_img_d18_x11520_y30720.png,0.2518,117.77,353.14,125.09,358.57
ch2_ohr_ncp_20250612T2229094979_d_img_d18_x11520_y30720.png,0.2505,0.06,424.96,6.32,431.82
ch2_ohr_ncp_20250612T2229094979_d_img_d18_x11520_y30720.png,0.2019,59.64,577.93,63.74,581.78
ch2_ohr_ncp_20250612T2229094979_d_img_d18_x11520_y31360.png,0.4158,55.8,304.19,61.93,310.49
ch2_ohr_ncp_20250612T2229094979_d_img_d18_x11520_y33280.png,0.325,239.25,363.61,244.81,368.48
ch2_ohr_ncp_20250612T2229094979_d_img_d18_x11520_y33280.png,0.2546,175.02,400.08,182.44,406.16
ch2_ohr_ncp_20250612T2229094979_d_img_d18_x11520_y33280.png,0.2136,160.33,560.69,182.81,578.74
ch2_ohr_ncp_20250612T2229094979_d_img_d18_x11520_y33920.png,0.5336,154.91,476.03,182.77,504.92
ch2_ohr_ncp_20250612T2229094979_d_img_d18_x11520_y33920.png,0.4995,25.53,411.05,34.48,419.86
ch2_ohr_ncp_20250612T2229094979_d_img_d18_x11520_y33920.png,0.4821,14.82,93.12,23.63,101.08
ch2_ohr_ncp_20250612T2229094979_d_img_d18_x11520_y33920.png,0.4744,129.18,98.3,134.41,103.55
ch2_ohr_ncp_20250612T2229094979_d_img_d18_x11520_y33920.png,0.4377,198.28,598.29,203.25,603.61
ch2_ohr_ncp_20250612T2229094979_d_img_d18_x11520_y33920.png,0.4315,134.81,149.22,141.72,156.2
ch2_ohr_ncp_20250612T2229094979_d_img_d18_x11520_y33920.png,0.4305,54.29,494.8,60.79,501.5
ch2_ohr_ncp_20250612T2229094979_d_img_d18_x11520_y33920.png,0.4296,225.11,350.08,231.38,356.02
ch2_ohr_ncp_20250612T2229094979_d_img_d18_x11520_y33920.png,0.4199,175.73,451.71,182.74,458.87
ch2_ohr_ncp_20250612T2229094979_d_img_d18_x11520_y33920.png,0.4048,93.12,483.3,102.23,492.53
ch2_ohr_ncp_20250612T2229094979_d_img_d18_x11520_y33920.png,0.399,213.94,457.21,221.7,464.7
ch2_ohr_ncp_20250612T2229094979_d_img_d18_x11520_y33920.png,0.3908,87.06,609.76,93.19,614.84
ch2_ohr_ncp_20250612T2229094979_d_img_d18_x11520_y33920.png,0.3812,133.33,517.27,143.11,524.46
ch2_ohr_ncp_20250612T2229094979_d_img_d18_x11520_y33920.png,0.3669,118.85,602.88,124.73,608.13
ch2_ohr_ncp_20250612T2229094979_d_img_d18_x11520_y33920.png,0.3586,240.41,371.96,245.33,377.13
ch2_ohr_ncp_20250612T2229094979_d_img_d18_x11520_y33920.png,0.3555,110.22,366.72,118.49,373.89
ch2_ohr_ncp_20250612T2229094979_d_img_d18_x11520_y33920.png,0.3507,41.09,618.07,45.53,622.15
ch2_ohr_ncp_20250612T2229094979_d_img_d18_x11520_y33920.png,0.3485,195.85,546.72,205.27,554.35
ch2_ohr_ncp_20250612T2229094979_d_img_d18_x11520_y33920.png,0.3292,246.6,273.12,253.22,278.87
ch2_ohr_ncp_20250612T2229094979_d_img_d18_x11520_y33920.png,0.3089,200.99,619.86,209.13,627.55
ch2_ohr_ncp_20250612T2229094979_d_img_d18_x11520_y33920.png,0.2887,18.7,575.07,24.68,580.68
ch2_ohr_ncp_20250612T2229094979_d_img_d18_x11520_y33920.png,0.2867,143.75,29.21,152.5,37.26
ch2_ohr_ncp_20250612T2229094979_d_img_d18_x11520_y33920.png,0.2803,167.99,421.82,174.29,426.39
ch2_ohr_ncp_20250612T2229094979_d_img_d18_x11520_y33920.png,0.2788,142.59,65.14,149.65,70.63
ch2_ohr_ncp_20250612T2229094979_d_img_d18_x11520_y33920.png,0.2746,134.73,147.98,141.26,155.27
ch2_ohr_ncp_20250612T2229094979_d_img_d18_x11520_y33920.png,0.2628,187.63,609.4,193.57,615.04
ch2_ohr_ncp_20250612T2229094979_d_img_d18_x11520_y33920.png,0.2428,144.46,27.9,152.38,36.33
ch2_ohr_ncp_20250612T2229094979_d_img_d18_x11520_y33920.png,0.2041,146.04,0.2,153.37,4.25
ch2_ohr_ncp_20250612T2229094979_d_img_d18_x11520_y35840.png,0.6055,119.82,601.07,126.43,607.14
ch2_ohr_ncp_20250612T2229094979_d_img_d18_x11520_y35840.png,0.574,170.28,568.94,175.41,574.48
ch2_ohr_ncp_20250612T2229094979_d_img_d18_x11520_y35840.png,0.5369,183.69,368.77,193.08,376.7
ch2_ohr_ncp_20250612T2229094979_d_img_d18_x11520_y35840.png,0.4786,161.13,443.98,166.58,449.66
ch2_ohr_ncp_20250612T2229094979_d_img_d18_x11520_y35840.png,0.468,0.18,368.0,12.51,382.66
ch2_ohr_ncp_20250612T2229094979_d_img_d18_x11520_y35840.png,0.4576,219.96,6.13,227.24,12.19
ch2_ohr_ncp_20250612T2229094979_d_img_d18_x11520_y35840.png,0.4574,173.74,608.03,185.3,617.21
ch2_ohr_ncp_20250612T2229094979_d_img_d18_x11520_y35840.png,0.434,235.38,289.68,241.91,297.86
ch2_ohr_ncp_20250612T2229094979_d_img_d18_x11520_y35840.png,0.4081,8.09,339.96,16.82,347.08
ch2_ohr_ncp_20250612T2229094979_d_img_d18_x11520_y35840.png,0.3935,164.24,481.77,172.1,488.12
ch2_ohr_ncp_20250612T2229094979_d_img_d18_x11520_y35840.png,0.3626,46.66,39.65,52.52,44.83
ch2_ohr_ncp_20250612T2229094979_d_img_d18_x11520_y35840.png,0.3461,167.87,19.75,173.79,25.12
ch2_ohr_ncp_20250612T2229094979_d_img_d18_x11520_y35840.png,0.3129,182.72,592.0,188.03,596.73
ch2_ohr_ncp_20250612T2229094979_d_img_d18_x11520_y35840.png,0.3082,204.0,74.35,210.69,79.24
ch2_ohr_ncp_20250612T2229094979_d_img_d18_x11520_y35840.png,0.3067,30.03,8.42,36.14,13.63
ch2_ohr_ncp_20250612T2229094979_d_img_d18_x11520_y35840.png,0.2953,127.93,78.56,135.74,84.35
ch2_ohr_ncp_20250612T2229094979_d_img_d18_x11520_y35840.png,0.2823,232.27,490.54,239.13,497.21
ch2_ohr_ncp_20250612T2229094979_d_img_d18_x11520_y35840.png,0.2689,155.68,101.37,162.72,108.01
ch2_ohr_ncp_20250612T2229094979_d_img_d18_x11520_y35840.png,0.2641,113.95,127.61,119.97,133.0
ch2_ohr_ncp_20250612T2229094979_d_img_d18_x11520_y35840.png,0.2556,43.48,10.44,49.52,16.32
ch2_ohr_ncp_20250612T2229094979_d_img_d18_x11520_y35840.png,0.2315,211.95,142.12,218.07,148.08
ch2_ohr_ncp_20250612T2229094979_d_img_d18_x11520_y35840.png,0.2253,24.71,400.86,31.69,406.87
ch2_ohr_ncp_20250612T2229094979_d_img_d18_x11520_y35840.png,0.2229,232.64,619.91,239.08,625.64
ch2_ohr_ncp_20250612T2229094979_d_img_d18_x11520_y35840.png,0.218,253.47,495.8,261.7,502.83
ch2_ohr_ncp_20250612T2229094979_d_img_d18_x11520_y35840.png,0.2127,247.77,389.3,254.62,395.22
ch2_ohr_ncp_20250612T2229094979_d_img_d18_x11520_y35840.png,0.2082,35.56,436.69,46.73,443.2
ch2_ohr_ncp_20250612T2229094979_d_img_d18_x11520_y36480.png,0.4844,79.16,78.99,85.83,85.04
ch2_ohr_ncp_20250612T2229094979_d_img_d18_x11520_y36480.png,0.409,77.79,184.81,84.84,191.3
ch2_ohr_ncp_20250612T2229094979_d_img_d18_x11520_y36480.png,0.3015,103.43,412.89,111.12,420.01
ch2_ohr_ncp_20250612T2229094979_d_img_d18_x11520_y36480.png,0.2569,1.22,339.57,12.09,348.48
ch2_ohr_ncp_20250612T2229094979_d_img_d18_x11520_y36480.png,0.2381,175.67,82.73,187.9,95.85
ch2_ohr_ncp_20250612T2229094979_d_img_d18_x11520_y36480.png,0.2362,18.6,3.99,24.78,9.96
ch2_ohr_ncp_20250612T2229094979_d_img_d18_x11520_y36480.png,0.2243,104.06,412.0,111.11,418.88
ch2_ohr_ncp_20250612T2229094979_d_img_d18_x11520_y37120.png,0.3145,184.44,323.08,190.0,329.05
ch2_ohr_ncp_20250612T2229094979_d_img_d18_x11520_y37120.png,0.2612,114.17,312.44,120.67,317.78
ch2_ohr_ncp_20250612T2229094979_d_img_d18_x11520_y37760.png,0.5312,16.51,147.84,22.71,154.74
ch2_ohr_ncp_20250612T2229094979_d_img_d18_x11520_y37760.png,0.4339,15.51,252.0,22.71,258.98
ch2_ohr_ncp_20250612T2229094979_d_img_d18_x11520_y37760.png,0.3306,18.81,297.64,26.4,305.19
ch2_ohr_ncp_20250612T2229094979_d_img_d18_x11520_y37760.png,0.3248,34.65,408.15,40.53,413.88
ch2_ohr_ncp_20250612T2229094979_d_img_d18_x11520_y37760.png,0.2598,235.73,132.69,243.93,140.29
ch2_ohr_ncp_20250612T2229094979_d_img_d18_x11520_y38400.png,0.4438,23.45,367.75,28.53,373.21
ch2_ohr_ncp_20250612T2229094979_d_img_d18_x11520_y38400.png,0.2567,187.87,409.57,196.12,416.24
ch2_ohr_ncp_20250612T2229094979_d_img_d18_x11520_y39040.png,0.4732,278.0,247.31,286.41,255.15
ch2_ohr_ncp_20250612T2229094979_d_img_d18_x11520_y39040.png,0.2903,111.74,290.89,121.13,298.87
ch2_ohr_ncp_20250612T2229094979_d_img_d18_x11520_y39040.png,0.2474,126.09,194.83,134.27,201.5
ch2_ohr_ncp_20250612T2229094979_d_img_d18_x11520_y39680.png,0.4723,198.44,580.89,205.23,587.29
ch2_ohr_ncp_20250612T2229094979_d_img_d18_x11520_y39680.png,0.2441,81.69,406.03,90.29,412.56
ch2_ohr_ncp_20250612T2229094979_d_img_d18_x11520_y40320.png,0.3138,31.54,417.89,36.25,423.09
ch2_ohr_ncp_20250612T2229094979_d_img_d18_x11520_y40960.png,0.3645,100.26,501.01,107.78,506.86
ch2_ohr_ncp_20250612T2229094979_d_img_d18_x11520_y40960.png,0.3409,57.24,474.55,67.22,483.51
ch2_ohr_ncp_20250612T2229094979_d_img_d18_x11520_y40960.png,0.27,8.18,115.36,16.19,121.78
ch2_ohr_ncp_20250612T2229094979_d_img_d18_x11520_y40960.png,0.2334,120.82,408.3,127.45,414.92
ch2_ohr_ncp_20250612T2229094979_d_img_d18_x11520_y41600.png,0.2754,31.23,585.01,38.1,591.48
ch2_ohr_ncp_20250612T2229094979_d_img_d18_x11520_y41600.png,0.2299,203.93,269.17,211.76,276.75
ch2_ohr_ncp_20250612T2229094979_d_img_d18_x11520_y42880.png,0.2579,160.7,54.82,167.22,60.55
ch2_ohr_ncp_20250612T2229094979_d_img_d18_x11520_y42880.png,0.2329,287.83,611.23,293.88,617.13
ch2_ohr_ncp_20250612T2229094979_d_img_d18_x11520_y43520.png,0.2619,127.96,368.06,135.12,375.13
ch2_ohr_ncp_20250612T2229094979_d_img_d18_x11520_y44800.png,0.4998,96.21,608.21,103.55,614.62
ch2_ohr_ncp_20250612T2229094979_d_img_d18_x11520_y44800.png,0.3686,90.73,123.22,102.94,130.78
ch2_ohr_ncp_20250612T2229094979_d_img_d18_x11520_y44800.png,0.3047,224.37,627.93,232.31,635.24
ch2_ohr_ncp_20250612T2229094979_d_img_d18_x11520_y44800.png,0.2895,85.54,527.78,94.33,535.86
ch2_ohr_ncp_20250612T2229094979_d_img_d18_x11520_y44800.png,0.2365,162.28,25.69,168.6,32.02
ch2_ohr_ncp_20250612T2229094979_d_img_d18_x11520_y45440.png,0.304,0.16,334.46,8.24,344.05
ch2_ohr_ncp_20250612T2229094979_d_img_d18_x11520_y45440.png,0.2622,181.23,151.11,186.82,156.25
ch2_ohr_ncp_20250612T2229094979_d_img_d18_x11520_y46080.png,0.2864,103.85,628.93,110.46,634.92
ch2_ohr_ncp_20250612T2229094979_d_img_d18_x11520_y46080.png,0.2158,39.18,201.28,44.74,206.61
ch2_ohr_ncp_20250612T2229094979_d_img_d18_x11520_y46080.png,0.2013,111.04,171.23,118.46,178.34
ch2_ohr_ncp_20250612T2229094979_d_img_d18_x11520_y46720.png,0.3613,161.15,15.88,167.24,21.95
ch2_ohr_ncp_20250612T2229094979_d_img_d18_x11520_y46720.png,0.3456,54.56,147.61,60.47,152.95
ch2_ohr_ncp_20250612T2229094979_d_img_d18_x11520_y46720.png,0.2177,166.52,611.71,175.37,620.2
ch2_ohr_ncp_20250612T2229094979_d_img_d18_x11520_y46720.png,0.2165,147.48,24.29,152.18,28.43
ch2_ohr_ncp_20250612T2229094979_d_img_d18_x11520_y46720.png,0.2085,95.83,574.42,106.35,582.18
ch2_ohr_ncp_20250612T2229094979_d_img_d18_x11520_y46720.png,0.2033,217.35,539.16,223.66,545.94
ch2_ohr_ncp_20250612T2229094979_d_img_d18_x11520_y47360.png,0.3368,7.26,420.21,12.5,425.19
ch2_ohr_ncp_20250612T2229094979_d_img_d18_x11520_y48000.png,0.5018,157.5,513.46,164.28,519.44
ch2_ohr_ncp_20250612T2229094979_d_img_d18_x11520_y48640.png,0.3905,50.64,324.01,58.07,330.37
ch2_ohr_ncp_20250612T2229094979_d_img_d18_x11520_y48640.png,0.3336,250.95,192.77,259.03,199.77
ch2_ohr_ncp_20250612T2229094979_d_img_d18_x11520_y48640.png,0.3036,33.35,294.57,39.5,300.03
ch2_ohr_ncp_20250612T2229094979_d_img_d18_x11520_y48640.png,0.2592,217.22,567.8,222.87,572.52
ch2_ohr_ncp_20250612T2229094979_d_img_d18_x11520_y48640.png,0.2372,43.66,628.55,55.64,638.48
ch2_ohr_ncp_20250612T2229094979_d_img_d18_x11520_y48640.png,0.2199,23.97,278.03,29.21,281.86
ch2_ohr_ncp_20250612T2229094979_d_img_d18_x11520_y49280.png,0.2073,162.53,604.26,170.52,612.02
ch2_ohr_ncp_20250612T2229094979_d_img_d18_x11520_y49920.png,0.2473,23.32,434.92,28.27,439.55
ch2_ohr_ncp_20250612T2229094979_d_img_d18_x11520_y50560.png,0.4654,136.59,616.54,142.7,622.2
ch2_ohr_ncp_20250612T2229094979_d_img_d18_x11520_y50560.png,0.2215,135.84,615.99,141.82,622.05
ch2_ohr_ncp_20250612T2229094979_d_img_d18_x11520_y50560.png,0.2147,139.98,167.27,145.02,172.09
ch2_ohr_ncp_20250612T2229094979_d_img_d18_x11520_y52480.png,0.254,28.0,587.98,34.39,593.37
ch2_ohr_ncp_20250612T2229094979_d_img_d18_x11520_y53120.png,0.3671,24.43,278.6,59.38,309.6
ch2_ohr_ncp_20250612T2229094979_d_img_d18_x11520_y53120.png,0.3479,231.28,624.33,237.13,629.13
ch2_ohr_ncp_20250612T2229094979_d_img_d18_x11520_y53120.png,0.2875,13.22,430.68,20.27,437.04
ch2_ohr_ncp_20250612T2229094979_d_img_d18_x11520_y56320.png,0.2224,6.94,98.7,14.55,104.72
ch2_ohr_ncp_20250612T2229094979_d_img_d18_x11520_y58880.png,0.5545,31.36,189.74,38.81,196.48
ch2_ohr_ncp_20250612T2229094979_d_img_d18_x11520_y58880.png,0.3401,0.18,465.45,9.33,474.47
ch2_ohr_ncp_20250612T2229094979_d_img_d18_x11520_y58880.png,0.3083,180.16,351.52,207.32,372.59
ch2_ohr_ncp_20250612T2229094979_d_img_d18_x11520_y58880.png,0.2455,19.76,524.0,26.32,530.53
ch2_ohr_ncp_20250612T2229094979_d_img_d18_x11520_y58880.png,0.2355,272.51,225.2,279.35,231.32
ch2_ohr_ncp_20250612T2229094979_d_img_d18_x11520_y58880.png,0.2147,227.15,71.44,233.36,77.79
ch2_ohr_ncp_20250612T2229094979_d_img_d18_x11520_y58880.png,0.2077,58.54,398.05,65.19,404.07
ch2_ohr_ncp_20250612T2229094979_d_img_d18_x11520_y58880.png,0.2001,16.45,458.15,24.49,464.53
ch2_ohr_ncp_20250612T2229094979_d_img_d18_x11520_y59520.png,0.4081,87.43,370.95,92.63,375.58
ch2_ohr_ncp_20250612T2229094979_d_img_d18_x11520_y59520.png,0.3104,62.18,339.99,68.01,345.07
ch2_ohr_ncp_20250612T2229094979_d_img_d18_x11520_y59520.png,0.3015,143.86,372.0,149.06,377.8
ch2_ohr_ncp_20250612T2229094979_d_img_d18_x11520_y60160.png,0.5396,206.42,296.18,212.94,302.64
ch2_ohr_ncp_20250612T2229094979_d_img_d18_x11520_y60160.png,0.3121,68.0,302.98,77.46,311.33
ch2_ohr_ncp_20250612T2229094979_d_img_d18_x11520_y60160.png,0.219,219.49,264.31,223.62,268.38
ch2_ohr_ncp_20250612T2229094979_d_img_d18_x11520_y61440.png,0.5206,47.21,542.75,54.67,549.51
ch2_ohr_ncp_20250612T2229094979_d_img_d18_x11520_y61440.png,0.398,243.49,485.03,251.55,492.36
ch2_ohr_ncp_20250612T2229094979_d_img_d18_x11520_y61440.png,0.3306,17.71,432.06,23.2,436.88
ch2_ohr_ncp_20250612T2229094979_d_img_d18_x11520_y61440.png,0.2545,0.35,250.29,9.38,258.17
ch2_ohr_ncp_20250612T2229094979_d_img_d18_x11520_y61440.png,0.2138,147.52,273.77,155.29,281.94
ch2_ohr_ncp_20250612T2229094979_d_img_d18_x11520_y62080.png,0.621,0.0,153.76,19.75,172.49
ch2_ohr_ncp_20250612T2229094979_d_img_d18_x11520_y62080.png,0.375,52.99,0.72,62.19,8.24
ch2_ohr_ncp_20250612T2229094979_d_img_d18_x11520_y62080.png,0.2928,174.17,299.59,184.89,308.79
ch2_ohr_ncp_20250612T2229094979_d_img_d18_x11520_y62080.png,0.2606,19.78,544.97,27.17,552.26
ch2_ohr_ncp_20250612T2229094979_d_img_d18_x11520_y62080.png,0.243,117.74,167.13,126.98,173.42
ch2_ohr_ncp_20250612T2229094979_d_img_d18_x11520_y62720.png,0.5519,163.61,241.91,170.17,247.82
ch2_ohr_ncp_20250612T2229094979_d_img_d18_x11520_y62720.png,0.4597,200.64,381.94,209.83,390.07
ch2_ohr_ncp_20250612T2229094979_d_img_d18_x11520_y62720.png,0.309,243.2,204.12,250.08,213.04
ch2_ohr_ncp_20250612T2229094979_d_img_d18_x11520_y62720.png,0.283,35.6,338.99,41.96,344.93
ch2_ohr_ncp_20250612T2229094979_d_img_d18_x11520_y62720.png,0.2159,30.7,360.5,36.61,365.99
ch2_ohr_ncp_20250612T2229094979_d_img_d18_x11520_y63360.png,0.3552,55.55,415.76,60.44,421.29
ch2_ohr_ncp_20250612T2229094979_d_img_d18_x11520_y64640.png,0.2029,0.03,309.61,5.42,318.33
ch2_ohr_ncp_20250612T2229094979_d_img_d18_x11520_y65920.png,0.3268,0.0,624.83,9.75,634.66
ch2_ohr_ncp_20250612T2229094979_d_img_d18_x11520_y65920.png,0.2581,391.33,164.77,497.52,269.5
ch2_ohr_ncp_20250612T2229094979_d_img_d18_x11520_y67840.png,0.3743,5.27,312.31,13.05,319.33
ch2_ohr_ncp_20250612T2229094979_d_img_d18_x11520_y70400.png,0.278,80.04,608.02,87.51,614.54
ch2_ohr_ncp_20250612T2229094979_d_img_d18_x11520_y72960.png,0.3373,17.1,284.0,23.48,290.87
ch2_ohr_ncp_20250612T2229094979_d_img_d18_x11520_y72960.png,0.2451,33.43,129.21,38.64,134.16
ch2_ohr_ncp_20250612T2229094979_d_img_d18_x11520_y72960.png,0.2112,113.41,38.48,119.31,44.01
ch2_ohr_ncp_20250612T2229094979_d_img_d18_x11520_y74880.png,0.2725,32.29,305.18,39.16,311.88
ch2_ohr_ncp_20250612T2229094979_d_img_d18_x11520_y74880.png,0.2669,251.35,91.2,258.89,97.79
ch2_ohr_ncp_20250612T2229094979_d_img_d18_x11520_y76160.png,0.2762,7.42,609.29,13.96,615.43
ch2_ohr_ncp_20250612T2229094979_d_img_d18_x11520_y77440.png,0.4966,39.88,151.71,46.76,158.24
ch2_ohr_ncp_20250612T2229094979_d_img_d18_x11520_y77440.png,0.3589,27.9,245.22,37.9,253.5
ch2_ohr_ncp_20250612T2229094979_d_img_d18_x11520_y78080.png,0.2702,39.1,237.39,46.07,244.0
ch2_ohr_ncp_20250612T2229094979_d_img_d18_x11520_y78080.png,0.2016,39.17,236.0,45.99,242.99
ch2_ohr_ncp_20250612T2229094979_d_img_d18_x11520_y78720.png,0.4121,11.33,516.64,25.21,529.33
ch2_ohr_ncp_20250612T2229094979_d_img_d18_x11520_y78720.png,0.2027,24.73,142.33,37.4,154.18
